price_in_rp,city,bedrooms,bathrooms,land_size_m2,building_size_m2,carports,garages,floors,rasio_tanah_bangunan,total_ruangan,city_encoded
2990000000.0, Bekasi,4.0,4.0,239.0,272.0,0.0,0.0,2.0,0.8786764705882353,8.0,0
1270000000.0, Bekasi,3.0,2.0,55.0,69.0,1.0,0.0,2.0,0.7971014492753623,5.0,0
1950000000.0, Bekasi,3.0,3.0,119.0,131.0,1.0,1.0,2.0,0.9083969465648855,6.0,0
3300000000.0, Bekasi,3.0,3.0,180.0,174.0,0.0,2.0,2.0,1.0344827586206897,6.0,0
4500000000.0, Bekasi,4.0,3.0,328.0,196.0,2.0,1.0,2.0,1.6734693877551021,7.0,0
2700000000.0, Bekasi,3.0,3.0,136.0,200.0,2.0,1.0,2.0,0.68,6.0,0
2350000000.0, Bekasi,2.0,2.0,144.0,144.0,1.0,1.0,2.0,1.0,4.0,0
4500000000.0, Bekasi,4.0,4.0,216.0,250.0,2.0,1.0,2.0,0.864,8.0,0
2900000000.0, Bekasi,3.0,3.0,200.0,152.0,2.0,0.0,2.0,1.3157894736842106,6.0,0
2700000000.0, Bekasi,3.0,3.0,136.0,200.0,1.0,1.0,2.0,0.68,6.0,0
2550000000.0, Bekasi,3.0,2.0,144.0,186.0,1.0,0.0,2.0,0.7741935483870968,5.0,0
952000000.0, Bekasi,2.0,2.0,55.0,50.0,1.0,0.0,2.0,1.1,4.0,0
1800000000.0, Bekasi,2.0,1.0,119.0,82.0,1.0,1.0,2.0,1.451219512195122,3.0,0
2350000000.0, Bekasi,3.0,3.0,144.0,149.0,1.0,1.0,2.0,0.9664429530201343,6.0,0
2500000000.0, Bekasi,3.0,3.0,144.0,200.0,1.0,1.0,2.0,0.72,6.0,0
2700000000.0, Bekasi,3.0,3.0,193.0,136.0,1.0,1.0,3.0,1.4191176470588236,6.0,0
5360000000.0, Bekasi,5.0,4.0,192.0,370.0,2.0,0.0,2.0,0.518918918918919,9.0,0
952000000.0, Bekasi,2.0,2.0,55.0,50.0,1.0,0.0,2.0,1.1,4.0,0
2250000000.0, Bekasi,4.0,3.0,119.0,150.0,0.0,0.0,2.0,0.7933333333333333,7.0,0
2250000000.0, Bekasi,3.0,2.0,119.0,150.0,1.0,1.0,1.0,0.7933333333333333,5.0,0
2450000000.0, Bekasi,3.0,3.0,144.0,150.0,1.0,0.0,1.0,0.96,6.0,0
125000000.0, Bekasi,3.0,1.0,110.0,110.0,0.0,0.0,2.0,1.0,4.0,0
1980000000.0, Bekasi,2.0,2.0,119.0,98.0,1.0,1.0,2.0,1.2142857142857142,4.0,0
764000000.0, Bekasi,3.0,3.0,78.0,83.0,2.0,0.0,2.0,0.9397590361445783,6.0,0
2000000000.0, Bekasi,3.0,2.0,164.0,155.0,0.0,0.0,1.0,1.0580645161290323,5.0,0
764000000.0, Bekasi,3.0,3.0,78.0,83.0,2.0,0.0,2.0,0.9397590361445783,6.0,0
2350000000.0, Bekasi,3.0,2.0,119.0,140.0,1.0,0.0,2.0,0.85,5.0,0
2550000000.0, Bekasi,3.0,2.0,144.0,186.0,1.0,1.0,2.0,0.7741935483870968,5.0,0
480000000.0, Bekasi,2.0,1.0,55.0,30.0,1.0,0.0,1.0,1.8333333333333333,3.0,0
1900000000.0, Bekasi,2.0,3.0,91.0,120.0,2.0,0.0,2.0,0.7583333333333333,5.0,0
300000000.0, Bekasi,2.0,1.0,60.0,36.0,1.0,0.0,1.0,1.6666666666666667,3.0,0
5270000000.0, Bekasi,4.0,3.0,192.0,307.0,2.0,0.0,3.0,0.6254071661237784,7.0,0
2800000000.0, Bekasi,4.0,3.0,150.0,200.0,2.0,2.0,2.0,0.75,7.0,0
2710000000.0, Bekasi,4.0,4.0,135.0,149.0,2.0,0.0,2.0,0.9060402684563759,8.0,0
500000000.0, Bekasi,3.0,1.0,72.0,42.0,0.0,0.0,1.0,1.7142857142857142,4.0,0
439000000.0, Bekasi,3.0,1.0,60.0,37.0,0.0,0.0,1.0,1.6216216216216217,4.0,0
800000000.0, Bekasi,3.0,2.0,92.0,82.0,0.0,2.0,2.0,1.1219512195121952,5.0,0
850000000.0, Bekasi,3.0,2.0,200.0,125.0,1.0,1.0,1.0,1.6,5.0,0
700000000.0, Bekasi,3.0,2.0,90.0,146.0,1.0,1.0,2.0,0.6164383561643836,5.0,0
4950000000.0, Bekasi,5.0,4.0,348.0,430.0,1.0,1.0,2.0,0.8093023255813954,9.0,0
1300000000.0, Bekasi,4.0,4.0,84.0,105.0,1.0,1.0,2.0,0.8,8.0,0
1200000000.0, Bekasi,3.0,2.0,120.0,90.0,2.0,0.0,2.0,1.3333333333333333,5.0,0
2650000000.0, Bekasi,5.0,4.0,160.0,296.0,0.0,0.0,2.0,0.5405405405405406,9.0,0
1300000000.0, Bekasi,4.0,4.0,84.0,105.0,1.0,1.0,2.0,0.8,8.0,0
1300000000.0, Bekasi,4.0,4.0,84.0,105.0,1.0,1.0,2.0,0.8,8.0,0
1300000000.0, Bekasi,4.0,3.0,84.0,105.0,0.0,0.0,2.0,0.8,7.0,0
425000000.0, Bekasi,2.0,1.0,90.0,65.0,0.0,0.0,1.0,1.3846153846153846,3.0,0
280000000.0, Bekasi,2.0,1.0,70.0,40.0,1.0,1.0,1.0,1.75,3.0,0
999000000.0, Bekasi,6.0,2.0,127.0,190.0,1.0,1.0,2.0,0.6684210526315789,8.0,0
5750000000.0, Bekasi,5.0,4.0,400.0,398.0,2.0,1.0,2.0,1.0050251256281406,9.0,0
1500000000.0, Bekasi,3.0,2.0,100.0,136.0,1.0,1.0,2.0,0.7352941176470589,5.0,0
6800000000.0, Bekasi,8.0,9.0,700.0,1400.0,2.0,2.0,4.0,0.5,17.0,0
3000000000.0, Bekasi,4.0,5.0,250.0,400.0,1.0,1.0,1.0,0.625,9.0,0
168000000.0, Bekasi,2.0,1.0,60.0,19.0,1.0,1.0,1.0,3.1578947368421053,3.0,0
870000000.0, Bekasi,3.0,1.0,90.0,80.0,1.0,0.0,2.0,1.125,4.0,0
495000000.0, Bekasi,2.0,1.0,86.0,45.0,1.0,1.0,1.0,1.9111111111111112,3.0,0
275000000.0, Bekasi,2.0,1.0,60.0,36.0,1.0,1.0,1.0,1.6666666666666667,3.0,0
300000000.0, Bekasi,2.0,2.0,70.0,70.0,1.0,1.0,1.0,1.0,4.0,0
1440000000.0, Bekasi,2.0,2.0,55.0,60.0,1.0,0.0,2.0,0.9166666666666666,4.0,0
764000000.0, Bekasi,3.0,3.0,78.0,83.0,1.0,0.0,2.0,0.9397590361445783,6.0,0
1200000000.0, Bekasi,3.0,2.0,120.0,90.0,2.0,0.0,2.0,1.3333333333333333,5.0,0
764000000.0, Bekasi,3.0,3.0,78.0,83.0,2.0,0.0,2.0,0.9397590361445783,6.0,0
495000000.0, Bekasi,2.0,1.0,86.0,45.0,1.0,1.0,1.0,1.9111111111111112,3.0,0
1500000000.0, Bekasi,4.0,3.0,100.0,136.0,2.0,2.0,2.0,0.7352941176470589,7.0,0
300000000.0, Bekasi,2.0,1.0,60.0,36.0,1.0,1.0,1.0,1.6666666666666667,3.0,0
365000000.0, Bekasi,2.0,1.0,60.0,36.0,1.0,0.0,1.0,1.6666666666666667,3.0,0
350000000.0, Bekasi,2.0,1.0,60.0,38.0,1.0,0.0,1.0,1.5789473684210527,3.0,0
351000000.0, Bekasi,2.0,1.0,60.0,38.0,1.0,0.0,1.0,1.5789473684210527,3.0,0
393000000.0, Bekasi,2.0,1.0,60.0,36.0,1.0,0.0,1.0,1.6666666666666667,3.0,0
392000000.0, Bekasi,2.0,1.0,72.0,36.0,1.0,0.0,1.0,2.0,3.0,0
440000000.0, Bekasi,2.0,1.0,66.0,36.0,1.0,1.0,1.0,1.8333333333333333,3.0,0
351000000.0, Bekasi,2.0,1.0,60.0,38.0,1.0,0.0,1.0,1.5789473684210527,3.0,0
401000000.0, Bekasi,2.0,1.0,66.0,38.0,1.0,0.0,1.0,1.736842105263158,3.0,0
1990000000.0, Bekasi,4.0,4.0,160.0,216.0,0.0,0.0,2.0,0.7407407407407407,8.0,0
1150000000.0, Bekasi,3.0,2.0,126.0,126.0,1.0,0.0,2.0,1.0,5.0,0
3200000000.0, Bekasi,5.0,4.0,376.0,700.0,2.0,2.0,2.0,0.5371428571428571,9.0,0
950000000.0, Bekasi,3.0,2.0,66.0,87.0,1.0,1.0,2.0,0.7586206896551724,5.0,0
1500000000.0, Bekasi,2.0,2.0,126.0,80.0,0.0,0.0,2.0,1.575,4.0,0
1250000000.0, Bekasi,2.0,2.0,84.0,56.0,1.0,1.0,2.0,1.5,4.0,0
1200000000.0, Bekasi,5.0,3.0,152.0,200.0,1.0,1.0,2.0,0.76,8.0,0
3200000000.0, Bekasi,5.0,5.0,376.0,700.0,3.0,2.0,2.0,0.5371428571428571,10.0,0
850000000.0, Bekasi,2.0,1.0,90.0,60.0,1.0,0.0,1.0,1.5,3.0,0
1280000000.0, Bekasi,3.0,2.0,139.0,120.0,1.0,1.0,1.0,1.1583333333333334,5.0,0
895000000.0, Bekasi,3.0,3.0,58.0,90.0,1.0,1.0,2.0,0.6444444444444445,6.0,0
1450000000.0, Bekasi,4.0,3.0,131.0,225.0,1.0,1.0,2.0,0.5822222222222222,7.0,0
1300000000.0, Bekasi,2.0,1.0,126.0,90.0,1.0,0.0,1.0,1.4,3.0,0
690000000.0, Bekasi,2.0,2.0,90.0,60.0,1.0,0.0,1.0,1.5,4.0,0
950000000.0, Bekasi,2.0,1.0,90.0,120.0,1.0,1.0,2.0,0.75,3.0,0
1350000000.0, Bekasi,4.0,3.0,90.0,160.0,1.0,1.0,2.0,0.5625,7.0,0
1000000000.0, Bekasi,3.0,2.0,138.0,120.0,1.0,1.0,1.0,1.15,5.0,0
2850000000.0, Bekasi,3.0,3.0,160.0,216.0,1.0,1.0,3.0,0.7407407407407407,6.0,0
1150000000.0, Bekasi,3.0,2.0,78.0,52.0,1.0,0.0,2.0,1.5,5.0,0
342000000.0, Bekasi,2.0,1.0,36.0,63.0,1.0,1.0,1.0,0.5714285714285714,3.0,0
327000000.0, Bekasi,2.0,1.0,36.0,60.0,1.0,1.0,1.0,0.6,3.0,0
975000000.0, Bekasi,2.0,1.0,90.0,70.0,1.0,0.0,1.0,1.2857142857142858,3.0,0
975000000.0, Bekasi,3.0,2.0,90.0,70.0,0.0,0.0,1.0,1.2857142857142858,5.0,0
1370000000.0, Bekasi,4.0,3.0,105.0,100.0,0.0,0.0,2.0,1.05,7.0,0
1370000000.0, Bekasi,4.0,3.0,105.0,100.0,1.0,0.0,2.0,1.05,7.0,0
2150000000.0, Bekasi,3.0,3.0,144.0,157.0,0.0,0.0,2.0,0.9171974522292994,6.0,0
2150000000.0, Bekasi,3.0,3.0,144.0,157.0,0.0,0.0,2.0,0.9171974522292994,6.0,0
2150000000.0, Bekasi,3.0,3.0,144.0,157.0,0.0,0.0,2.0,0.9171974522292994,6.0,0
1200000000.0, Bekasi,3.0,2.0,126.0,94.0,0.0,0.0,1.0,1.3404255319148937,5.0,0
1550000000.0, Bekasi,2.0,3.0,114.0,228.0,0.0,1.0,2.0,0.5,5.0,0
1250000000.0, Bekasi,2.0,2.0,108.0,69.0,0.0,0.0,1.0,1.565217391304348,4.0,0
168000000.0, Bekasi,2.0,1.0,60.0,29.0,1.0,1.0,1.0,2.0689655172413794,3.0,0
1400000000.0, Bekasi,3.0,1.0,144.0,77.0,0.0,0.0,1.0,1.87012987012987,4.0,0
799000000.0, Bekasi,3.0,2.0,77.0,140.0,0.0,0.0,2.0,0.55,5.0,0
779000000.0, Bekasi,3.0,2.0,54.0,63.0,1.0,0.0,2.0,0.8571428571428571,5.0,0
775000000.0, Bekasi,2.0,1.0,66.0,60.0,1.0,0.0,1.0,1.1,3.0,0
2150000000.0, Bekasi,3.0,3.0,144.0,157.0,2.0,2.0,2.0,0.9171974522292994,6.0,0
779000000.0, Bekasi,3.0,2.0,63.0,53.0,0.0,0.0,1.0,1.1886792452830188,5.0,0
1750000000.0, Bekasi,2.0,2.0,179.0,56.0,1.0,0.0,2.0,3.1964285714285716,4.0,0
750000000.0, Bekasi,2.0,1.0,94.0,75.0,1.0,0.0,1.0,1.2533333333333334,3.0,0
1250000000.0, Bekasi,5.0,4.0,125.0,136.0,1.0,1.0,2.0,0.9191176470588235,9.0,0
870000000.0, Bekasi,3.0,2.0,94.0,70.0,1.0,0.0,1.0,1.3428571428571427,5.0,0
1500000000.0, Bekasi,2.0,2.0,126.0,80.0,0.0,0.0,2.0,1.575,4.0,0
1500000000.0, Bekasi,3.0,2.0,105.0,105.0,0.0,0.0,2.0,1.0,5.0,0
4300000000.0, Bekasi,4.0,4.0,325.0,200.0,2.0,1.0,3.0,1.625,8.0,0
1300000000.0, Bekasi,2.0,2.0,90.0,90.0,0.0,0.0,2.0,1.0,4.0,0
1300000000.0, Bekasi,2.0,2.0,90.0,90.0,0.0,0.0,2.0,1.0,4.0,0
1800000000.0, Bekasi,2.0,2.0,133.0,80.0,1.0,1.0,2.0,1.6625,4.0,0
520000000.0, Bekasi,3.0,1.0,36.0,60.0,0.0,1.0,1.0,0.6,4.0,0
1300000000.0, Bekasi,2.0,2.0,84.0,56.0,2.0,0.0,2.0,1.5,4.0,0
685000000.0, Bekasi,2.0,1.0,94.0,110.0,1.0,1.0,1.0,0.8545454545454545,3.0,0
930000000.0, Bekasi,2.0,1.0,105.0,70.0,1.0,1.0,1.0,1.5,3.0,0
685000000.0, Bekasi,2.0,1.0,94.0,110.0,1.0,1.0,1.0,0.8545454545454545,3.0,0
2100000000.0, Bekasi,4.0,3.0,180.0,150.0,2.0,0.0,2.0,1.2,7.0,0
520000000.0, Bekasi,3.0,1.0,60.0,45.0,1.0,0.0,1.0,1.3333333333333333,4.0,0
520000000.0, Bekasi,3.0,1.0,60.0,45.0,1.0,0.0,1.0,1.3333333333333333,4.0,0
1200000000.0, Bekasi,2.0,1.0,119.0,63.0,1.0,1.0,1.0,1.8888888888888888,3.0,0
1200000000.0, Bekasi,2.0,1.0,119.0,63.0,0.0,0.0,1.0,1.8888888888888888,3.0,0
2170000000.0, Bekasi,3.0,2.0,144.0,121.0,0.0,0.0,1.0,1.1900826446280992,5.0,0
1450000000.0, Bekasi,4.0,3.0,131.0,225.0,2.0,0.0,2.0,0.5822222222222222,7.0,0
1200000000.0, Bekasi,2.0,2.0,90.0,53.0,1.0,1.0,2.0,1.6981132075471699,4.0,0
1450000000.0, Bekasi,4.0,3.0,131.0,225.0,2.0,0.0,2.0,0.5822222222222222,7.0,0
1400000000.0, Bekasi,2.0,2.0,108.0,69.0,2.0,0.0,2.0,1.565217391304348,4.0,0
620000000.0, Bekasi,2.0,1.0,96.0,70.0,1.0,0.0,1.0,1.3714285714285714,3.0,0
1450000000.0, Bekasi,2.0,2.0,144.0,110.0,1.0,0.0,1.0,1.309090909090909,4.0,0
1800000000.0, Bekasi,3.0,2.0,144.0,120.0,0.0,0.0,1.0,1.2,5.0,0
1600000000.0, Bekasi,3.0,2.0,160.0,260.0,0.0,0.0,2.0,0.6153846153846154,5.0,0
3000000000.0, Bekasi,4.0,5.0,160.0,280.0,0.0,0.0,2.0,0.5714285714285714,9.0,0
3000000000.0, Bekasi,4.0,5.0,160.0,280.0,0.0,0.0,2.0,0.5714285714285714,9.0,0
1600000000.0, Bekasi,3.0,2.0,120.0,260.0,0.0,0.0,2.0,0.46153846153846156,5.0,0
1800000000.0, Bekasi,3.0,2.0,144.0,120.0,0.0,0.0,1.0,1.2,5.0,0
2700000000.0, Bekasi,3.0,3.0,270.0,175.0,2.0,0.0,2.0,1.542857142857143,6.0,0
1400000000.0, Bekasi,2.0,2.0,108.0,69.0,1.0,0.0,2.0,1.565217391304348,4.0,0
970000000.0, Bekasi,3.0,2.0,53.0,63.0,1.0,0.0,2.0,0.8412698412698413,5.0,0
575000000.0, Bekasi,2.0,1.0,60.0,55.0,1.0,1.0,2.0,1.0909090909090908,3.0,0
900000000.0, Bekasi,3.0,2.0,72.0,69.0,1.0,1.0,2.0,1.0434782608695652,5.0,0
1250000000.0, Bekasi,3.0,3.0,60.0,110.0,2.0,0.0,3.0,0.5454545454545454,6.0,0
525000000.0, Bekasi,3.0,1.0,72.0,42.0,1.0,1.0,1.0,1.7142857142857142,4.0,0
510000000.0, Bekasi,2.0,1.0,70.0,38.0,1.0,1.0,1.0,1.8421052631578947,3.0,0
895000000.0, Bekasi,2.0,2.0,92.0,120.0,1.0,0.0,2.0,0.7666666666666667,4.0,0
2500000000.0, Bekasi,4.0,3.0,135.0,110.0,2.0,0.0,2.0,1.2272727272727273,7.0,0
1650000000.0, Bekasi,4.0,3.0,165.0,180.0,2.0,2.0,2.0,0.9166666666666666,7.0,0
690000000.0, Bekasi,1.0,1.0,94.0,75.0,1.0,1.0,1.0,1.2533333333333334,2.0,0
750000000.0, Bekasi,2.0,1.0,78.0,54.0,1.0,0.0,1.0,1.4444444444444444,3.0,0
764000000.0, Bekasi,3.0,3.0,78.0,83.0,2.0,0.0,2.0,0.9397590361445783,6.0,0
764000000.0, Bekasi,3.0,3.0,78.0,83.0,2.0,0.0,2.0,0.9397590361445783,6.0,0
42000000.0, Bekasi,2.0,2.0,60.0,40.0,1.0,0.0,1.0,1.5,4.0,0
1400000000.0, Bekasi,3.0,3.0,77.0,150.0,1.0,0.0,3.0,0.5133333333333333,6.0,0
500000000.0, Bekasi,2.0,2.0,60.0,48.0,1.0,1.0,2.0,1.25,4.0,0
342000000.0, Bekasi,2.0,1.0,66.0,63.0,1.0,2.0,1.0,1.0476190476190477,3.0,0
764000000.0, Bekasi,3.0,3.0,78.0,83.0,2.0,0.0,2.0,0.9397590361445783,6.0,0
764000000.0, Bekasi,3.0,3.0,78.0,83.0,2.0,0.0,2.0,0.9397590361445783,6.0,0
500000000.0, Bekasi,2.0,2.0,60.0,48.0,1.0,1.0,1.0,1.25,4.0,0
1150000000.0, Bekasi,2.0,1.0,90.0,70.0,1.0,0.0,1.0,1.2857142857142858,3.0,0
599000000.0, Bekasi,2.0,1.0,72.0,60.0,1.0,1.0,1.0,1.2,3.0,0
1680000000.0, Bekasi,3.0,2.0,200.0,90.0,1.0,1.0,1.0,2.2222222222222223,5.0,0
1560000000.0, Bekasi,3.0,3.0,121.0,105.0,2.0,2.0,2.0,1.1523809523809523,6.0,0
1180000000.0, Bekasi,3.0,3.0,84.0,77.0,2.0,0.0,2.0,1.0909090909090908,6.0,0
1180000000.0, Bekasi,3.0,2.0,84.0,77.0,2.0,0.0,2.0,1.0909090909090908,5.0,0
990000000.0, Bekasi,3.0,2.0,95.0,60.0,2.0,0.0,2.0,1.5833333333333333,5.0,0
800000000.0, Bekasi,3.0,2.0,84.0,91.0,1.0,0.0,2.0,0.9230769230769231,5.0,0
718000000.0, Bekasi,2.0,1.0,72.0,40.0,2.0,1.0,1.0,1.8,3.0,0
1390000000.0, Bekasi,3.0,2.0,60.0,64.0,1.0,0.0,2.0,0.9375,5.0,0
764000000.0, Bekasi,3.0,3.0,78.0,83.0,2.0,0.0,2.0,0.9397590361445783,6.0,0
1200000000.0, Bekasi,4.0,3.0,86.0,115.0,1.0,0.0,2.0,0.7478260869565218,7.0,0
1310000000.0, Bekasi,3.0,3.0,86.0,115.0,1.0,1.0,2.0,0.7478260869565218,6.0,0
680000000.0, Bekasi,2.0,1.0,72.0,36.0,1.0,0.0,1.0,2.0,3.0,0
680000000.0, Bekasi,2.0,1.0,72.0,36.0,0.0,1.0,1.0,2.0,3.0,0
1200000000.0, Bekasi,3.0,2.0,165.0,90.0,0.0,1.0,1.0,1.8333333333333333,5.0,0
680000000.0, Bekasi,2.0,1.0,72.0,36.0,0.0,1.0,1.0,2.0,3.0,0
680000000.0, Bekasi,2.0,1.0,72.0,36.0,0.0,1.0,1.0,2.0,3.0,0
1200000000.0, Bekasi,3.0,2.0,165.0,90.0,0.0,1.0,1.0,1.8333333333333333,5.0,0
680000000.0, Bekasi,2.0,1.0,72.0,36.0,1.0,1.0,1.0,2.0,3.0,0
1200000000.0, Bekasi,3.0,2.0,165.0,90.0,1.0,1.0,1.0,1.8333333333333333,5.0,0
390000000.0, Bekasi,2.0,1.0,60.0,36.0,1.0,1.0,1.0,1.6666666666666667,3.0,0
455000000.0, Bekasi,2.0,1.0,70.0,41.0,1.0,0.0,1.0,1.7073170731707317,3.0,0
1010000000.0, Bekasi,3.0,2.0,125.0,65.0,1.0,0.0,2.0,1.9230769230769231,5.0,0
690000000.0, Bekasi,2.0,1.0,96.0,48.0,1.0,0.0,1.0,2.0,3.0,0
988000000.0, Bekasi,3.0,2.0,72.0,60.0,1.0,1.0,2.0,1.2,5.0,0
465000000.0, Bekasi,2.0,1.0,60.0,55.0,1.0,1.0,1.0,1.0909090909090908,3.0,0
480000000.0, Bekasi,2.0,2.0,60.0,55.0,1.0,1.0,2.0,1.0909090909090908,4.0,0
625000000.0, Bekasi,2.0,1.0,72.0,48.0,1.0,0.0,1.0,1.5,3.0,0
3000000000.0, Bekasi,4.0,4.0,210.0,310.0,1.0,0.0,2.0,0.6774193548387096,8.0,0
1180000000.0, Bekasi,3.0,2.0,84.0,77.0,0.0,0.0,2.0,1.0909090909090908,5.0,0
1080000000.0, Bekasi,2.0,2.0,105.0,90.0,0.0,1.0,2.0,1.1666666666666667,4.0,0
1050000000.0, Bekasi,2.0,1.0,90.0,70.0,1.0,1.0,1.0,1.2857142857142858,3.0,0
1080000000.0, Bekasi,2.0,2.0,105.0,90.0,1.0,0.0,2.0,1.1666666666666667,4.0,0
1150000000.0, Bekasi,2.0,1.0,90.0,70.0,1.0,0.0,1.0,1.2857142857142858,3.0,0
1080000000.0, Bekasi,2.0,2.0,105.0,90.0,1.0,1.0,2.0,1.1666666666666667,4.0,0
1080000000.0, Bekasi,2.0,2.0,105.0,90.0,0.0,1.0,2.0,1.1666666666666667,4.0,0
1150000000.0, Bekasi,2.0,1.0,90.0,70.0,1.0,0.0,1.0,1.2857142857142858,3.0,0
1150000000.0, Bekasi,2.0,1.0,90.0,70.0,1.0,0.0,1.0,1.2857142857142858,3.0,0
1150000000.0, Bekasi,2.0,1.0,90.0,70.0,1.0,0.0,1.0,1.2857142857142858,3.0,0
1210000000.0, Bekasi,3.0,3.0,84.0,77.0,1.0,0.0,1.0,1.0909090909090908,6.0,0
1180000000.0, Bekasi,3.0,3.0,84.0,77.0,1.0,0.0,2.0,1.0909090909090908,6.0,0
1150000000.0, Bekasi,2.0,1.0,90.0,70.0,2.0,0.0,1.0,1.2857142857142858,3.0,0
1180000000.0, Bekasi,3.0,3.0,84.0,77.0,2.0,0.0,2.0,1.0909090909090908,6.0,0
968000000.0, Bekasi,2.0,1.0,89.0,52.0,1.0,0.0,1.0,1.7115384615384615,3.0,0
1650000000.0, Bekasi,4.0,3.0,165.0,180.0,2.0,2.0,2.0,0.9166666666666666,7.0,0
1180000000.0, Bekasi,3.0,3.0,84.0,77.0,2.0,0.0,2.0,1.0909090909090908,6.0,0
720000000.0, Bekasi,2.0,1.0,80.0,55.0,1.0,0.0,1.0,1.4545454545454546,3.0,0
1300000000.0, Bekasi,4.0,3.0,84.0,105.0,2.0,1.0,2.0,0.8,7.0,0
1190000000.0, Bekasi,3.0,2.0,101.0,84.0,1.0,0.0,2.0,1.2023809523809523,5.0,0
1180000000.0, Bekasi,3.0,2.0,84.0,77.0,1.0,1.0,2.0,1.0909090909090908,5.0,0
1300000000.0, Bekasi,3.0,3.0,87.0,77.0,1.0,0.0,2.0,1.12987012987013,6.0,0
600000000.0, Bekasi,2.0,1.0,80.0,55.0,1.0,1.0,1.0,1.4545454545454546,3.0,0
500000000.0, Bekasi,2.0,1.0,70.0,45.0,0.0,0.0,1.0,1.5555555555555556,3.0,0
1100000000.0, Bekasi,3.0,3.0,82.0,72.0,0.0,0.0,2.0,1.1388888888888888,6.0,0
1280000000.0, Bekasi,3.0,3.0,92.0,130.0,1.0,1.0,2.0,0.7076923076923077,6.0,0
3700000000.0, Bekasi,3.0,4.0,216.0,300.0,3.0,2.0,3.0,0.72,7.0,0
1070000000.0, Bekasi,4.0,2.0,95.0,88.0,1.0,1.0,1.0,1.0795454545454546,6.0,0
476000000.0, Bekasi,2.0,1.0,52.0,36.0,1.0,0.0,1.0,1.4444444444444444,3.0,0
968000000.0, Bekasi,3.0,3.0,70.0,120.0,2.0,2.0,2.0,0.5833333333333334,6.0,0
884000000.0, Bekasi,3.0,2.0,70.0,65.0,1.0,1.0,1.0,1.0769230769230769,5.0,0
1180000000.0, Bekasi,4.0,3.0,95.0,140.0,2.0,2.0,2.0,0.6785714285714286,7.0,0
4040000000.0, Bekasi,5.0,4.0,183.0,136.0,2.0,0.0,2.0,1.3455882352941178,9.0,0
1100000000.0, Bekasi,3.0,3.0,180.0,172.0,1.0,1.0,1.0,1.0465116279069768,6.0,0
2250000000.0, Bekasi,3.0,2.0,175.0,250.0,1.0,1.0,2.0,0.7,5.0,0
1800000000.0, Bekasi,3.0,2.0,115.0,113.0,1.0,1.0,1.0,1.0176991150442478,5.0,0
800000000.0, Bekasi,2.0,1.0,97.0,76.0,0.0,0.0,1.0,1.2763157894736843,3.0,0
920000000.0, Bekasi,3.0,2.0,70.0,85.0,2.0,0.0,2.0,0.8235294117647058,5.0,0
1970000000.0, Bekasi,4.0,4.0,91.0,165.0,2.0,0.0,3.0,0.5515151515151515,8.0,0
1990000000.0, Bekasi,3.0,3.0,178.0,110.0,0.0,0.0,1.0,1.6181818181818182,6.0,0
3950000000.0, Bekasi,4.0,2.0,760.0,350.0,0.0,0.0,1.0,2.1714285714285713,6.0,0
1250000000.0, Bekasi,4.0,3.0,154.0,150.0,1.0,0.0,1.0,1.0266666666666666,7.0,0
5300000000.0, Bekasi,6.0,4.0,707.0,338.0,2.0,1.0,2.0,2.091715976331361,10.0,0
1110000000.0, Bekasi,3.0,3.0,75.0,80.0,2.0,0.0,2.0,0.9375,6.0,0
1870000000.0, Bekasi,3.0,4.0,91.0,165.0,2.0,0.0,3.0,0.5515151515151515,7.0,0
1590000000.0, Bekasi,3.0,3.0,118.0,156.0,2.0,0.0,2.0,0.7564102564102564,6.0,0
1620000000.0, Bekasi,3.0,3.0,118.0,156.0,2.0,0.0,2.0,0.7564102564102564,6.0,0
500000000.0, Bekasi,2.0,1.0,64.0,47.0,1.0,0.0,1.0,1.3617021276595744,3.0,0
750000000.0, Bekasi,2.0,1.0,78.0,54.0,2.0,0.0,1.0,1.4444444444444444,3.0,0
600000000.0, Bekasi,2.0,2.0,65.0,53.0,1.0,0.0,2.0,1.2264150943396226,4.0,0
799000000.0, Bekasi,2.0,1.0,97.0,70.0,0.0,1.0,1.0,1.3857142857142857,3.0,0
799000000.0, Bekasi,2.0,1.0,97.0,70.0,0.0,1.0,1.0,1.3857142857142857,3.0,0
799000000.0, Bekasi,2.0,1.0,97.0,70.0,1.0,1.0,1.0,1.3857142857142857,3.0,0
959000000.0, Bekasi,3.0,2.0,96.0,80.0,1.0,0.0,2.0,1.2,5.0,0
774000000.0, Bekasi,3.0,2.0,70.0,70.0,1.0,0.0,2.0,1.0,5.0,0
995000000.0, Bekasi,3.0,2.0,80.0,90.0,0.0,1.0,2.0,0.8888888888888888,5.0,0
1400000000.0, Bekasi,2.0,2.0,112.0,71.0,1.0,0.0,2.0,1.5774647887323943,4.0,0
1050000000.0, Bekasi,3.0,2.0,72.0,90.0,1.0,2.0,2.0,0.8,5.0,0
975000000.0, Bekasi,3.0,2.0,100.0,70.0,1.0,0.0,2.0,1.4285714285714286,5.0,0
620000000.0, Bekasi,2.0,1.0,72.0,50.0,1.0,1.0,1.0,1.44,3.0,0
959000000.0, Bekasi,3.0,2.0,72.0,80.0,1.0,0.0,2.0,0.9,5.0,0
875000000.0, Bekasi,3.0,2.0,100.0,66.0,1.0,0.0,1.0,1.5151515151515151,5.0,0
600000000.0, Bekasi,2.0,1.0,72.0,50.0,0.0,1.0,1.0,1.44,3.0,0
807000000.0, Bekasi,3.0,2.0,42.0,63.0,1.0,1.0,2.0,0.6666666666666666,5.0,0
580000000.0, Bekasi,3.0,1.0,60.0,50.0,1.0,1.0,1.0,1.2,4.0,0
679000000.0, Bekasi,2.0,1.0,63.0,45.0,1.0,1.0,1.0,1.4,3.0,0
900000000.0, Bekasi,3.0,2.0,72.0,80.0,1.0,0.0,2.0,0.9,5.0,0
849000000.0, Bekasi,3.0,2.0,70.0,90.0,2.0,2.0,2.0,0.7777777777777778,5.0,0
880000000.0, Bekasi,3.0,2.0,75.0,66.0,1.0,0.0,2.0,1.1363636363636365,5.0,0
695000000.0, Bekasi,2.0,2.0,65.0,58.0,1.0,0.0,2.0,1.1206896551724137,4.0,0
465000000.0, Bekasi,2.0,1.0,60.0,36.0,1.0,0.0,1.0,1.6666666666666667,3.0,0
857000000.0, Bekasi,2.0,2.0,42.0,62.0,1.0,1.0,2.0,0.6774193548387096,4.0,0
650000000.0, Bekasi,2.0,1.0,72.0,45.0,1.0,1.0,1.0,1.6,3.0,0
145000000.0, Bekasi,4.0,3.0,175.0,140.0,1.0,0.0,1.0,1.25,7.0,0
1990000000.0, Bekasi,4.0,4.0,300.0,250.0,0.0,1.0,2.0,1.2,8.0,0
675000000.0, Bekasi,3.0,3.0,99.0,71.0,2.0,0.0,1.0,1.3943661971830985,6.0,0
350000000.0, Bekasi,2.0,1.0,66.0,57.0,1.0,1.0,1.0,1.1578947368421053,3.0,0
350000000.0, Bekasi,2.0,1.0,66.0,57.0,1.0,1.0,1.0,1.1578947368421053,3.0,0
2790000000.0, Bekasi,5.0,4.0,250.0,252.0,0.0,1.0,2.0,0.9920634920634921,9.0,0
2790000000.0, Bekasi,5.0,4.0,250.0,252.0,0.0,1.0,2.0,0.9920634920634921,9.0,0
2790000000.0, Bekasi,5.0,4.0,250.0,252.0,0.0,1.0,2.0,0.9920634920634921,9.0,0
750000000.0, Bekasi,2.0,1.0,78.0,54.0,1.0,0.0,1.0,1.4444444444444444,3.0,0
400000000.0, Bekasi,2.0,1.0,70.0,42.0,2.0,2.0,1.0,1.6666666666666667,3.0,0
1350000000.0, Bekasi,4.0,3.0,175.0,133.0,1.0,1.0,1.0,1.3157894736842106,7.0,0
1350000000.0, Bekasi,4.0,3.0,175.0,133.0,1.0,1.0,1.0,1.3157894736842106,7.0,0
750000000.0, Bekasi,2.0,1.0,78.0,54.0,1.0,0.0,1.0,1.4444444444444444,3.0,0
550000000.0, Bekasi,2.0,1.0,60.0,40.0,1.0,0.0,2.0,1.5,3.0,0
700000000.0, Bekasi,3.0,2.0,78.0,54.0,2.0,2.0,1.0,1.4444444444444444,5.0,0
682000000.0, Bekasi,2.0,1.0,63.0,45.0,1.0,0.0,1.0,1.4,3.0,0
2300000000.0, Bekasi,3.0,3.0,200.0,300.0,0.0,0.0,2.0,0.6666666666666666,6.0,0
1200000000.0, Bekasi,3.0,2.0,165.0,90.0,0.0,1.0,1.0,1.8333333333333333,5.0,0
4300000000.0, Bekasi,4.0,3.0,382.0,350.0,2.0,0.0,2.0,1.0914285714285714,7.0,0
4500000000.0, Bekasi,4.0,4.0,612.0,376.0,0.0,0.0,2.0,1.627659574468085,8.0,0
1250000000.0, Bekasi,3.0,2.0,112.0,65.0,1.0,1.0,1.0,1.7230769230769232,5.0,0
2300000000.0, Bekasi,3.0,2.0,160.0,127.0,0.0,0.0,2.0,1.2598425196850394,5.0,0
2200000000.0, Bekasi,3.0,2.0,160.0,127.0,0.0,0.0,1.0,1.2598425196850394,5.0,0
410000000.0, Bekasi,2.0,1.0,60.0,36.0,1.0,0.0,1.0,1.6666666666666667,3.0,0
1960000000.0, Bekasi,4.0,3.0,105.0,101.0,4.0,0.0,3.0,1.0396039603960396,7.0,0
875000000.0, Bekasi,2.0,2.0,66.0,42.0,0.0,0.0,1.0,1.5714285714285714,4.0,0
695000000.0, Bekasi,2.0,2.0,60.0,58.0,1.0,0.0,1.0,1.0344827586206897,4.0,0
1800000000.0, Bekasi,4.0,3.0,140.0,170.0,2.0,0.0,2.0,0.8235294117647058,7.0,0
1050000000.0, Bekasi,3.0,2.0,72.0,90.0,1.0,2.0,2.0,0.8,5.0,0
1050000000.0, Bekasi,3.0,2.0,72.0,90.0,1.0,2.0,2.0,0.8,5.0,0
1050000000.0, Bekasi,3.0,2.0,72.0,90.0,1.0,2.0,2.0,0.8,5.0,0
1050000000.0, Bekasi,3.0,2.0,72.0,90.0,1.0,2.0,2.0,0.8,5.0,0
1050000000.0, Bekasi,3.0,2.0,72.0,90.0,1.0,2.0,2.0,0.8,5.0,0
1250000000.0, Bekasi,3.0,2.0,105.0,100.0,2.0,0.0,2.0,1.05,5.0,0
1690000000.0, Bekasi,5.0,5.0,182.0,300.0,1.0,0.0,2.0,0.6066666666666667,10.0,0
1620000000.0, Bekasi,3.0,3.0,92.0,170.0,2.0,1.0,2.0,0.5411764705882353,6.0,0
735000000.0, Bekasi,2.0,1.0,84.0,47.0,1.0,0.0,1.0,1.7872340425531914,3.0,0
1620000000.0, Bekasi,3.0,3.0,92.0,160.0,2.0,0.0,2.0,0.575,6.0,0
2100000000.0, Bekasi,4.0,2.0,120.0,200.0,1.0,0.0,3.0,0.6,6.0,0
799000000.0, Bekasi,2.0,1.0,92.0,48.0,1.0,0.0,1.0,1.9166666666666667,3.0,0
3400000000.0, Bekasi,4.0,2.0,160.0,285.0,2.0,0.0,2.0,0.5614035087719298,6.0,0
1250000000.0, Bekasi,3.0,3.0,123.0,165.0,2.0,0.0,2.0,0.7454545454545455,6.0,0
1200000000.0, Bekasi,3.0,2.0,77.0,109.0,1.0,0.0,2.0,0.7064220183486238,5.0,0
1050000000.0, Bekasi,3.0,2.0,72.0,90.0,2.0,0.0,2.0,0.8,5.0,0
1350000000.0, Bekasi,3.0,2.0,160.0,205.0,1.0,0.0,2.0,0.7804878048780488,5.0,0
700000000.0, Bekasi,3.0,2.0,78.0,46.0,2.0,2.0,1.0,1.6956521739130435,5.0,0
2200000000.0, Bekasi,3.0,2.0,154.0,154.0,1.0,1.0,1.0,1.0,5.0,0
703000000.0, Bekasi,2.0,1.0,75.0,55.0,1.0,1.0,2.0,1.3636363636363635,3.0,0
1050000000.0, Bekasi,3.0,2.0,72.0,108.0,2.0,0.0,2.0,0.6666666666666666,5.0,0
1050000000.0, Bekasi,3.0,2.0,72.0,108.0,1.0,1.0,2.0,0.6666666666666666,5.0,0
950000000.0, Bekasi,3.0,2.0,66.0,87.0,1.0,0.0,2.0,0.7586206896551724,5.0,0
2190000000.0, Bekasi,3.0,3.0,136.0,150.0,0.0,0.0,2.0,0.9066666666666666,6.0,0
950000000.0, Bekasi,3.0,2.0,66.0,87.0,1.0,1.0,2.0,0.7586206896551724,5.0,0
999000000.0, Bekasi,3.0,2.0,75.0,99.0,1.0,1.0,1.0,0.7575757575757576,5.0,0
2100000000.0, Bekasi,3.0,3.0,104.0,120.0,0.0,0.0,1.0,0.8666666666666667,6.0,0
545000000.0, Bekasi,2.0,1.0,72.0,42.0,1.0,0.0,1.0,1.7142857142857142,3.0,0
725000000.0, Bekasi,3.0,2.0,80.0,121.0,0.0,1.0,1.0,0.6611570247933884,5.0,0
463000000.0, Bekasi,2.0,1.0,60.0,29.0,1.0,0.0,1.0,2.0689655172413794,3.0,0
575000000.0, Bekasi,4.0,2.0,98.0,165.0,1.0,0.0,2.0,0.593939393939394,6.0,0
320000000.0, Bekasi,2.0,1.0,108.0,135.0,0.0,1.0,1.0,0.8,3.0,0
468000000.0, Bekasi,2.0,1.0,72.0,45.0,1.0,1.0,1.0,1.6,3.0,0
168000000.0, Bekasi,2.0,1.0,60.0,29.0,1.0,1.0,1.0,2.0689655172413794,3.0,0
875000000.0, Bekasi,3.0,1.0,90.0,75.0,0.0,0.0,1.0,1.2,4.0,0
496000000.0, Bekasi,2.0,1.0,72.0,36.0,1.0,0.0,1.0,2.0,3.0,0
779000000.0, Bekasi,3.0,2.0,53.0,63.0,1.0,0.0,2.0,0.8412698412698413,5.0,0
800000000.0, Bekasi,3.0,1.0,90.0,69.0,1.0,1.0,1.0,1.3043478260869565,4.0,0
800000000.0, Bekasi,3.0,1.0,90.0,69.0,1.0,1.0,1.0,1.3043478260869565,4.0,0
764000000.0, Bekasi,3.0,3.0,78.0,83.0,2.0,0.0,2.0,0.9397590361445783,6.0,0
1600000000.0, Bekasi,4.0,3.0,186.0,200.0,1.0,1.0,2.0,0.93,7.0,0
1150000000.0, Bekasi,4.0,3.0,105.0,140.0,1.0,0.0,1.0,0.75,7.0,0
764000000.0, Bekasi,3.0,3.0,78.0,83.0,2.0,0.0,2.0,0.9397590361445783,6.0,0
42000000.0, Bekasi,2.0,2.0,60.0,40.0,1.0,0.0,1.0,1.5,4.0,0
1350000000.0, Bekasi,2.0,2.0,180.0,150.0,1.0,1.0,1.0,1.2,4.0,0
2200000000.0, Bekasi,4.0,2.0,210.0,230.0,0.0,0.0,2.0,0.9130434782608695,6.0,0
2000000000.0, Bekasi,3.0,3.0,118.0,71.0,0.0,0.0,2.0,1.6619718309859155,6.0,0
625000000.0, Bekasi,2.0,1.0,75.0,48.0,1.0,0.0,1.0,1.5625,3.0,0
1000000000.0, Bekasi,4.0,2.0,150.0,196.0,2.0,1.0,2.0,0.7653061224489796,6.0,0
1600000000.0, Bekasi,2.0,2.0,119.0,100.0,1.0,1.0,2.0,1.19,4.0,0
680000000.0, Bekasi,2.0,1.0,72.0,36.0,1.0,1.0,1.0,2.0,3.0,0
490000000.0, Bekasi,2.0,1.0,72.0,45.0,1.0,0.0,1.0,1.6,3.0,0
665000000.0, Bekasi,3.0,1.0,97.0,54.0,1.0,0.0,1.0,1.7962962962962963,4.0,0
445000000.0, Bekasi,2.0,1.0,97.0,54.0,1.0,0.0,1.0,1.7962962962962963,3.0,0
570000000.0, Bekasi,2.0,1.0,97.0,54.0,1.0,1.0,1.0,1.7962962962962963,3.0,0
1050000000.0, Bekasi,2.0,1.0,119.0,84.0,0.0,0.0,1.0,1.4166666666666667,3.0,0
1500000000.0, Bekasi,2.0,1.0,250.0,180.0,1.0,1.0,1.0,1.3888888888888888,3.0,0
665000000.0, Bekasi,3.0,1.0,97.0,54.0,1.0,0.0,1.0,1.7962962962962963,4.0,0
665000000.0, Bekasi,3.0,1.0,97.0,54.0,1.0,0.0,1.0,1.7962962962962963,4.0,0
950000000.0, Bekasi,3.0,2.0,66.0,87.0,1.0,0.0,2.0,0.7586206896551724,5.0,0
650000000.0, Bekasi,2.0,1.0,72.0,60.0,1.0,1.0,1.0,1.2,3.0,0
975000000.0, Bekasi,3.0,1.0,120.0,60.0,1.0,0.0,1.0,2.0,4.0,0
799000000.0, Bekasi,2.0,1.0,97.0,70.0,1.0,1.0,1.0,1.3857142857142857,3.0,0
3700000000.0, Bekasi,3.0,4.0,216.0,300.0,3.0,2.0,3.0,0.72,7.0,0
950000000.0, Bekasi,3.0,2.0,66.0,87.0,1.0,0.0,2.0,0.7586206896551724,5.0,0
350000000.0, Bekasi,2.0,1.0,60.0,36.0,1.0,0.0,1.0,1.6666666666666667,3.0,0
524000000.0, Bekasi,2.0,1.0,40.0,66.0,1.0,0.0,1.0,0.6060606060606061,3.0,0
325000000.0, Bekasi,2.0,1.0,60.0,45.0,1.0,1.0,1.0,1.3333333333333333,3.0,0
325000000.0, Bekasi,2.0,1.0,60.0,45.0,1.0,1.0,1.0,1.3333333333333333,3.0,0
335000000.0, Bekasi,3.0,1.0,60.0,45.0,1.0,1.0,1.0,1.3333333333333333,4.0,0
310000000.0, Bekasi,2.0,1.0,60.0,45.0,1.0,1.0,1.0,1.3333333333333333,3.0,0
1500000000.0, Bekasi,3.0,2.0,120.0,88.0,1.0,0.0,1.0,1.3636363636363635,5.0,0
1500000000.0, Bekasi,3.0,2.0,120.0,88.0,1.0,0.0,1.0,1.3636363636363635,5.0,0
6640000000.0, Bekasi,2.0,1.0,72.0,39.0,1.0,0.0,1.0,1.8461538461538463,3.0,0
327000000.0, Bekasi,2.0,1.0,36.0,61.0,1.0,0.0,1.0,0.5901639344262295,3.0,0
332000000.0, Bekasi,2.0,1.0,36.0,61.0,1.0,2.0,1.0,0.5901639344262295,3.0,0
395000000.0, Bekasi,2.0,1.0,60.0,40.0,1.0,0.0,1.0,1.5,3.0,0
168000000.0, Bekasi,2.0,1.0,60.0,29.0,0.0,0.0,1.0,2.0689655172413794,3.0,0
480000000.0, Bekasi,2.0,1.0,72.0,72.0,1.0,0.0,1.0,1.0,3.0,0
395000000.0, Bekasi,2.0,1.0,60.0,40.0,1.0,0.0,1.0,1.5,3.0,0
360000000.0, Bekasi,2.0,1.0,62.0,62.0,0.0,1.0,1.0,1.0,3.0,0
350000000.0, Bekasi,2.0,1.0,72.0,45.0,0.0,1.0,1.0,1.6,3.0,0
370000000.0, Bekasi,3.0,2.0,60.0,75.0,1.0,0.0,1.0,0.8,5.0,0
320000000.0, Bekasi,2.0,1.0,60.0,45.0,1.0,0.0,1.0,1.3333333333333333,3.0,0
853000000.0, Bekasi,2.0,1.0,55.0,60.0,1.0,0.0,2.0,0.9166666666666666,3.0,0
550000000.0, Bekasi,2.0,1.0,60.0,36.0,1.0,0.0,1.0,1.6666666666666667,3.0,0
2200000000.0, Bekasi,4.0,4.0,162.0,230.0,1.0,0.0,2.0,0.7043478260869566,8.0,0
1950000000.0, Bekasi,4.0,2.0,220.0,200.0,2.0,1.0,2.0,1.1,6.0,0
1960000000.0, Bekasi,3.0,2.0,90.0,85.0,0.0,0.0,2.0,1.0588235294117647,5.0,0
1150000000.0, Bekasi,4.0,2.0,90.0,150.0,1.0,0.0,2.0,0.6,6.0,0
1800000000.0, Bekasi,2.0,3.0,120.0,84.0,1.0,0.0,1.0,1.4285714285714286,5.0,0
1400000000.0, Bekasi,3.0,2.0,130.0,150.0,1.0,1.0,1.0,0.8666666666666667,5.0,0
1400000000.0, Bekasi,3.0,2.0,130.0,150.0,1.0,1.0,1.0,0.8666666666666667,5.0,0
1250000000.0, Bekasi,3.0,2.0,90.0,81.0,1.0,0.0,1.0,1.1111111111111112,5.0,0
3250000000.0, Bekasi,5.0,3.0,255.0,280.0,2.0,0.0,2.0,0.9107142857142857,8.0,0
6750000000.0, Bekasi,5.0,4.0,337.0,550.0,2.0,0.0,2.0,0.6127272727272727,9.0,0
5000000000.0, Bekasi,5.0,5.0,343.0,400.0,3.0,0.0,2.0,0.8575,10.0,0
850000000.0, Bekasi,2.0,1.0,90.0,110.0,0.0,0.0,2.0,0.8181818181818182,3.0,0
1850000000.0, Bekasi,3.0,2.0,215.0,135.0,1.0,0.0,1.0,1.5925925925925926,5.0,0
1080000000.0, Bekasi,2.0,2.0,105.0,90.0,1.0,1.0,2.0,1.1666666666666667,4.0,0
1200000000.0, Bekasi,3.0,2.0,165.0,90.0,1.0,1.0,1.0,1.8333333333333333,5.0,0
390000000.0, Bekasi,2.0,1.0,73.0,36.0,1.0,1.0,1.0,2.0277777777777777,3.0,0
2750000000.0, Bekasi,6.0,4.0,225.0,211.0,1.0,1.0,2.0,1.066350710900474,10.0,0
2750000000.0, Bekasi,4.0,4.0,160.0,128.0,2.0,0.0,2.0,1.25,8.0,0
590000000.0, Bekasi,3.0,2.0,153.0,150.0,1.0,1.0,1.0,1.02,5.0,0
990000000.0, Bekasi,3.0,2.0,220.0,123.0,1.0,0.0,1.0,1.7886178861788617,5.0,0
2000000000.0, Bekasi,2.0,1.0,216.0,96.0,1.0,1.0,1.0,2.25,3.0,0
635000000.0, Bekasi,2.0,1.0,55.0,86.0,0.0,0.0,1.0,0.6395348837209303,3.0,0
475000000.0, Bekasi,2.0,1.0,78.0,41.0,1.0,1.0,1.0,1.9024390243902438,3.0,0
525000000.0, Bekasi,3.0,2.0,60.0,80.0,1.0,0.0,1.0,0.75,5.0,0
525000000.0, Bekasi,3.0,2.0,60.0,80.0,1.0,0.0,1.0,0.75,5.0,0
375000000.0, Bekasi,3.0,2.0,60.0,60.0,0.0,0.0,1.0,1.0,5.0,0
1100000000.0, Bekasi,3.0,2.0,65.0,90.0,1.0,0.0,2.0,0.7222222222222222,5.0,0
2000000000.0, Bekasi,2.0,1.0,216.0,100.0,1.0,1.0,1.0,2.16,3.0,0
764000000.0, Bekasi,3.0,3.0,78.0,83.0,2.0,0.0,2.0,0.9397590361445783,6.0,0
764000000.0, Bekasi,3.0,3.0,78.0,83.0,2.0,0.0,2.0,0.9397590361445783,6.0,0
920000000.0, Bekasi,4.0,3.0,113.0,85.0,2.0,0.0,2.0,1.3294117647058823,7.0,0
774000000.0, Bekasi,3.0,2.0,70.0,70.0,1.0,0.0,2.0,1.0,5.0,0
1700000000.0, Bekasi,3.0,2.0,125.0,160.0,2.0,0.0,2.0,0.78125,5.0,0
2800000000.0, Bekasi,4.0,4.0,209.0,300.0,2.0,1.0,2.0,0.6966666666666667,8.0,0
2800000000.0, Bekasi,6.0,5.0,209.0,300.0,2.0,1.0,2.0,0.6966666666666667,11.0,0
6000000000.0, Bekasi,6.0,4.0,500.0,450.0,0.0,0.0,3.0,1.1111111111111112,10.0,0
1700000000.0, Bekasi,3.0,2.0,102.0,150.0,1.0,1.0,2.0,0.68,5.0,0
2800000000.0, Bekasi,6.0,5.0,209.0,300.0,1.0,2.0,2.0,0.6966666666666667,11.0,0
1250000000.0, Bekasi,2.0,2.0,98.0,80.0,1.0,1.0,1.0,1.225,4.0,0
2850000000.0, Bekasi,3.0,3.0,181.0,180.0,2.0,0.0,2.0,1.0055555555555555,6.0,0
4150000000.000001, Bekasi,11.0,4.0,487.0,650.0,3.0,1.0,2.0,0.7492307692307693,15.0,0
1800000000.0, Bekasi,3.0,3.0,90.0,135.0,1.0,0.0,2.0,0.6666666666666666,6.0,0
1000000000.0, Bekasi,2.0,2.0,90.0,70.0,2.0,0.0,2.0,1.2857142857142858,4.0,0
800000000.0, Bekasi,2.0,1.0,90.0,54.0,1.0,1.0,1.0,1.6666666666666667,3.0,0
895000000.0, Bekasi,3.0,1.0,120.0,120.0,2.0,0.0,1.0,1.0,4.0,0
450000000.0, Bekasi,1.0,1.0,60.0,60.0,1.0,0.0,1.0,1.0,2.0,0
1500000000.0, Bekasi,3.0,2.0,120.0,88.0,1.0,0.0,1.0,1.3636363636363635,5.0,0
590000000.0, Bekasi,2.0,1.0,90.0,54.0,1.0,0.0,1.0,1.6666666666666667,3.0,0
590000000.0, Bekasi,2.0,1.0,90.0,54.0,1.0,0.0,1.0,1.6666666666666667,3.0,0
1500000000.0, Bekasi,2.0,1.0,120.0,88.0,1.0,0.0,1.0,1.3636363636363635,3.0,0
1250000000.0, Bekasi,3.0,2.0,105.0,130.0,1.0,1.0,1.0,0.8076923076923077,5.0,0
1250000000.0, Bekasi,3.0,2.0,105.0,130.0,1.0,1.0,2.0,0.8076923076923077,5.0,0
970000000.0, Bekasi,3.0,2.0,56.0,63.0,1.0,0.0,2.0,0.8888888888888888,5.0,0
779000000.0, Bekasi,3.0,2.0,53.0,63.0,1.0,0.0,2.0,0.8412698412698413,5.0,0
550000000.0, Bekasi,2.0,1.0,90.0,54.0,1.0,0.0,1.0,1.6666666666666667,3.0,0
550000000.0, Bekasi,2.0,1.0,90.0,54.0,1.0,0.0,1.0,1.6666666666666667,3.0,0
375000000.0, Bekasi,2.0,1.0,72.0,60.0,0.0,2.0,1.0,1.2,3.0,0
550000000.0, Bekasi,3.0,2.0,120.0,100.0,1.0,0.0,1.0,1.2,5.0,0
550000000.0, Bekasi,2.0,1.0,75.0,35.0,1.0,0.0,1.0,2.142857142857143,3.0,0
455000000.0, Bekasi,2.0,1.0,72.0,45.0,1.0,0.0,1.0,1.6,3.0,0
900000000.0, Bekasi,2.0,1.0,120.0,90.0,1.0,0.0,1.0,1.3333333333333333,3.0,0
390000000.0, Bekasi,3.0,2.0,60.0,36.0,0.0,0.0,1.0,1.6666666666666667,5.0,0
967000000.0, Bekasi,3.0,3.0,82.0,68.0,1.0,1.0,2.0,1.2058823529411764,6.0,0
1500000000.0, Bekasi,5.0,2.0,240.0,150.0,0.0,1.0,1.0,1.6,7.0,0
2300000000.0, Bekasi,5.0,4.0,200.0,180.0,2.0,3.0,2.0,1.1111111111111112,9.0,0
390000000.0, Bekasi,2.0,1.0,60.0,30.0,1.0,0.0,1.0,2.0,3.0,0
409000000.0, Bekasi,2.0,1.0,60.0,40.0,0.0,0.0,1.0,1.5,3.0,0
168000000.0, Bekasi,2.0,1.0,60.0,30.0,1.0,1.0,1.0,2.0,3.0,0
300000000.0, Bekasi,2.0,1.0,60.0,36.0,1.0,0.0,1.0,1.6666666666666667,3.0,0
1650000000.0, Bekasi,4.0,1.0,123.0,100.0,1.0,0.0,1.0,1.23,5.0,0
450000000.0, Bekasi,3.0,2.0,120.0,100.0,1.0,1.0,1.0,1.2,5.0,0
900000000.0, Bekasi,3.0,2.0,150.0,100.0,0.0,0.0,1.0,1.5,5.0,0
750000000.0, Bekasi,3.0,2.0,50.0,100.0,1.0,1.0,2.0,0.5,5.0,0
1050000000.0, Bekasi,3.0,2.0,72.0,90.0,1.0,2.0,2.0,0.8,5.0,0
2500000000.0, Bekasi,3.0,2.0,194.0,200.0,0.0,0.0,1.0,0.97,5.0,0
300000000.0, Bekasi,2.0,1.0,52.0,45.0,0.0,0.0,1.0,1.1555555555555554,3.0,0
795000000.0, Bekasi,4.0,2.0,90.0,150.0,1.0,0.0,2.0,0.6,6.0,0
1000000000.0, Bekasi,3.0,2.0,72.0,108.0,1.0,0.0,2.0,0.6666666666666666,5.0,0
1900000000.0, Bekasi,3.0,2.0,136.0,66.0,1.0,0.0,1.0,2.0606060606060606,5.0,0
1180000000.0, Bekasi,3.0,3.0,84.0,77.0,1.0,0.0,2.0,1.0909090909090908,6.0,0
1430000000.0, Bekasi,4.0,3.0,105.0,95.0,2.0,0.0,2.0,1.105263157894737,7.0,0
1180000000.0, Bekasi,3.0,2.0,84.0,77.0,1.0,1.0,2.0,1.0909090909090908,5.0,0
400000000.0, Bekasi,2.0,1.0,60.0,38.0,1.0,0.0,1.0,1.5789473684210527,3.0,0
1470000000.0, Bekasi,2.0,2.0,84.0,62.0,1.0,0.0,2.0,1.3548387096774193,4.0,0
440000000.0, Bekasi,2.0,2.0,78.0,54.0,1.0,0.0,1.0,1.4444444444444444,4.0,0
324000000.0, Bekasi,2.0,1.0,72.0,36.0,0.0,0.0,1.0,2.0,3.0,0
764000000.0, Bekasi,3.0,3.0,78.0,83.0,2.0,0.0,2.0,0.9397590361445783,6.0,0
764000000.0, Bekasi,3.0,3.0,78.0,83.0,2.0,0.0,2.0,0.9397590361445783,6.0,0
764000000.0, Bekasi,3.0,3.0,78.0,83.0,2.0,0.0,2.0,0.9397590361445783,6.0,0
1900000000.0, Bekasi,3.0,3.0,150.0,195.0,2.0,0.0,2.0,0.7692307692307693,6.0,0
650000000.0, Bekasi,2.0,2.0,50.0,68.0,1.0,0.0,2.0,0.7352941176470589,4.0,0
1450000000.0, Bekasi,4.0,3.0,158.0,272.0,1.0,2.0,2.0,0.5808823529411765,7.0,0
650000000.0, Bekasi,2.0,2.0,50.0,68.0,2.0,0.0,2.0,0.7352941176470589,4.0,0
925000000.0, Bekasi,3.0,2.0,108.0,80.0,1.0,0.0,1.0,1.35,5.0,0
950000000.0, Bekasi,3.0,2.0,66.0,87.0,1.0,0.0,2.0,0.7586206896551724,5.0,0
1300000000.0, Bekasi,4.0,2.0,95.0,150.0,1.0,0.0,2.0,0.6333333333333333,6.0,0
1350000000.0, Bekasi,4.0,2.0,95.0,150.0,1.0,1.0,2.0,0.6333333333333333,6.0,0
490000000.0, Bekasi,2.0,1.0,66.0,30.0,1.0,0.0,1.0,2.2,3.0,0
650000000.0, Bekasi,3.0,2.0,120.0,100.0,1.0,1.0,1.0,1.2,5.0,0
770000000.0, Bekasi,2.0,1.0,91.0,60.0,1.0,0.0,1.0,1.5166666666666666,3.0,0
720000000.0, Bekasi,2.0,1.0,100.0,85.0,1.0,1.0,1.0,1.1764705882352942,3.0,0
875000000.0, Bekasi,3.0,2.0,66.0,100.0,1.0,1.0,2.0,0.66,5.0,0
875000000.0, Bekasi,3.0,2.0,66.0,100.0,1.0,1.0,2.0,0.66,5.0,0
875000000.0, Bekasi,3.0,2.0,66.0,100.0,1.0,1.0,2.0,0.66,5.0,0
1490000000.0, Bekasi,3.0,2.0,72.0,135.0,1.0,0.0,2.0,0.5333333333333333,5.0,0
2750000000.0, Bekasi,4.0,3.0,168.0,250.0,2.0,0.0,1.0,0.672,7.0,0
1900000000.0, Bekasi,3.0,2.0,72.0,110.0,1.0,0.0,1.0,0.6545454545454545,5.0,0
850000000.0, Bekasi,3.0,2.0,113.0,90.0,2.0,0.0,2.0,1.2555555555555555,5.0,0
1900000000.0, Bekasi,3.0,2.0,72.0,110.0,1.0,0.0,2.0,0.6545454545454545,5.0,0
2500000000.0, Bekasi,3.0,4.0,200.0,400.0,2.0,0.0,3.0,0.5,7.0,0
1590000000.0, Bekasi,5.0,3.0,150.0,165.0,2.0,0.0,2.0,0.9090909090909091,8.0,0
3100000000.0, Bekasi,5.0,3.0,179.0,250.0,2.0,0.0,2.0,0.716,8.0,0
700000000.0, Bekasi,4.0,2.0,78.0,55.0,2.0,2.0,1.0,1.4181818181818182,6.0,0
930000000.0, Bekasi,2.0,2.0,60.0,48.0,1.0,0.0,1.0,1.25,4.0,0
2000000000.0, Bekasi,3.0,3.0,90.0,105.0,1.0,1.0,2.0,0.8571428571428571,6.0,0
2700000000.0, Bekasi,6.0,4.0,126.0,165.0,1.0,0.0,2.0,0.7636363636363637,10.0,0
420000000.0, Bekasi,2.0,1.0,60.0,36.0,1.0,0.0,1.0,1.6666666666666667,3.0,0
1200000000.0, Bekasi,3.0,1.0,107.0,90.0,1.0,1.0,1.0,1.1888888888888889,4.0,0
2300000000.0, Bekasi,3.0,2.0,200.0,143.0,2.0,0.0,2.0,1.3986013986013985,5.0,0
1950000000.0, Bekasi,7.0,2.0,164.0,156.0,1.0,0.0,1.0,1.0512820512820513,9.0,0
2000000000.0, Bekasi,2.0,2.0,105.0,110.0,0.0,1.0,2.0,0.9545454545454546,4.0,0
764000000.0, Bekasi,3.0,3.0,78.0,83.0,2.0,0.0,2.0,0.9397590361445783,6.0,0
764000000.0, Bekasi,3.0,3.0,78.0,83.0,2.0,0.0,2.0,0.9397590361445783,6.0,0
1400000000.0, Bekasi,3.0,2.0,194.0,90.0,1.0,1.0,1.0,2.1555555555555554,5.0,0
385000000.0, Bekasi,2.0,2.0,72.0,45.0,1.0,1.0,1.0,1.6,4.0,0
950000000.0, Bekasi,3.0,2.0,90.0,100.0,1.0,0.0,2.0,0.9,5.0,0
345000000.0, Bekasi,3.0,1.0,60.0,38.0,1.0,0.0,1.0,1.5789473684210527,4.0,0
180000000.0, Bekasi,3.0,2.0,75.0,30.0,0.0,0.0,1.0,2.5,5.0,0
250000000.0, Bekasi,2.0,1.0,60.0,50.0,1.0,1.0,1.0,1.2,3.0,0
481000000.0, Bekasi,2.0,1.0,72.0,36.0,1.0,0.0,1.0,2.0,3.0,0
555000000.0, Bekasi,2.0,1.0,27.0,72.0,1.0,0.0,1.0,0.375,3.0,0
375000000.0, Bekasi,2.0,1.0,70.0,40.0,1.0,1.0,1.0,1.75,3.0,0
723000000.0, Bekasi,3.0,2.0,80.0,121.0,1.0,1.0,2.0,0.6611570247933884,5.0,0
495000000.0, Bekasi,2.0,1.0,120.0,80.0,1.0,0.0,1.0,1.5,3.0,0
850000000.0, Bekasi,3.0,2.0,60.0,53.0,1.0,1.0,2.0,1.1320754716981132,5.0,0
400000000.0, Bekasi,2.0,1.0,77.0,42.0,2.0,2.0,1.0,1.8333333333333333,3.0,0
777000000.0, Bekasi,2.0,1.0,84.0,58.0,0.0,0.0,1.0,1.4482758620689655,3.0,0
625000000.0, Bekasi,2.0,1.0,72.0,48.0,1.0,0.0,1.0,1.5,3.0,0
6000000000.0, Bekasi,5.0,4.0,1070.0,720.0,12.0,0.0,2.0,1.4861111111111112,9.0,0
1000000000.0, Bekasi,3.0,2.0,72.0,90.0,2.0,0.0,2.0,0.8,5.0,0
1400000000.0, Bekasi,4.0,4.0,144.0,133.0,1.0,0.0,2.0,1.0827067669172932,8.0,0
650000000.0, Bekasi,2.0,2.0,84.0,70.0,1.0,0.0,1.0,1.2,4.0,0
4850000000.0, Bekasi,5.0,4.0,348.0,430.0,1.0,1.0,2.0,0.8093023255813954,9.0,0
700000000.0, Bekasi,3.0,2.0,82.0,60.0,2.0,2.0,1.0,1.3666666666666667,5.0,0
418000000.0, Bekasi,3.0,1.0,72.0,36.0,1.0,0.0,2.0,2.0,4.0,0
320000000.0, Bekasi,2.0,1.0,60.0,50.0,1.0,1.0,1.0,1.2,3.0,0
370000000.0, Bekasi,2.0,1.0,60.0,50.0,1.0,1.0,1.0,1.2,3.0,0
325000000.0, Bekasi,2.0,1.0,60.0,45.0,1.0,1.0,1.0,1.3333333333333333,3.0,0
750000000.0, Bekasi,2.0,1.0,119.0,80.0,2.0,2.0,1.0,1.4875,3.0,0
450000000.0, Bekasi,2.0,1.0,60.0,45.0,1.0,1.0,1.0,1.3333333333333333,3.0,0
600000000.0, Bekasi,2.0,1.0,110.0,70.0,1.0,1.0,1.0,1.5714285714285714,3.0,0
600000000.0, Bekasi,2.0,2.0,110.0,70.0,1.0,1.0,1.0,1.5714285714285714,4.0,0
325000000.0, Bekasi,2.0,1.0,60.0,45.0,1.0,1.0,1.0,1.3333333333333333,3.0,0
435000000.0, Bekasi,2.0,1.0,60.0,45.0,1.0,1.0,1.0,1.3333333333333333,3.0,0
750000000.0, Bekasi,2.0,1.0,119.0,80.0,2.0,2.0,1.0,1.4875,3.0,0
800000000.0, Bekasi,4.0,2.0,78.0,150.0,1.0,1.0,2.0,0.52,6.0,0
480000000.0, Bekasi,2.0,1.0,60.0,45.0,1.0,1.0,1.0,1.3333333333333333,3.0,0
250000000.0, Bekasi,2.0,1.0,60.0,42.0,0.0,0.0,1.0,1.4285714285714286,3.0,0
550000000.0, Bekasi,2.0,2.0,74.0,70.0,0.0,1.0,1.0,1.0571428571428572,4.0,0
2900000000.0, Bekasi,5.0,3.0,241.0,140.0,0.0,0.0,2.0,1.7214285714285715,8.0,0
4800000000.0, Bekasi,3.0,2.0,220.0,300.0,0.0,0.0,2.0,0.7333333333333333,5.0,0
975000000.0, Bekasi,2.0,2.0,93.0,80.0,1.0,1.0,1.0,1.1625,4.0,0
1400000000.0, Bekasi,3.0,1.0,180.0,180.0,1.0,0.0,1.0,1.0,4.0,0
550000000.0, Bekasi,2.0,1.0,72.0,50.0,1.0,0.0,1.0,1.44,3.0,0
1350000000.0, Bekasi,2.0,2.0,180.0,150.0,0.0,0.0,1.0,1.2,4.0,0
850000000.0, Bekasi,3.0,1.0,90.0,69.0,1.0,0.0,1.0,1.3043478260869565,4.0,0
1100000000.0, Bekasi,4.0,2.0,135.0,117.0,2.0,0.0,2.0,1.1538461538461537,6.0,0
950000000.0, Bekasi,3.0,2.0,93.0,80.0,1.0,1.0,1.0,1.1625,5.0,0
950000000.0, Bekasi,3.0,2.0,65.0,80.0,1.0,1.0,2.0,0.8125,5.0,0
2300000000.0, Bekasi,4.0,2.0,375.0,385.0,2.0,0.0,2.0,0.974025974025974,6.0,0
695000000.0, Bekasi,3.0,2.0,79.0,90.0,1.0,0.0,2.0,0.8777777777777778,5.0,0
695000000.0, Bekasi,3.0,2.0,70.0,90.0,1.0,0.0,2.0,0.7777777777777778,5.0,0
980000000.0, Bekasi,2.0,1.0,135.0,78.0,1.0,0.0,1.0,1.7307692307692308,3.0,0
470000000.0, Bekasi,2.0,1.0,70.0,50.0,1.0,1.0,1.0,1.4,3.0,0
496000000.0, Bekasi,2.0,1.0,72.0,36.0,1.0,0.0,1.0,2.0,3.0,0
600000000.0, Bekasi,2.0,2.0,80.0,120.0,2.0,0.0,2.0,0.6666666666666666,4.0,0
399000000.0, Bekasi,2.0,1.0,72.0,54.0,1.0,0.0,1.0,1.3333333333333333,3.0,0
450000000.0, Bekasi,2.0,1.0,72.0,50.0,1.0,0.0,1.0,1.44,3.0,0
2300000000.0, Bekasi,3.0,2.0,200.0,143.0,2.0,0.0,2.0,1.3986013986013985,5.0,0
475000000.0, Bekasi,3.0,2.0,112.0,112.0,0.0,0.0,1.0,1.0,5.0,0
1300000000.0, Bekasi,6.0,3.0,126.0,140.0,1.0,2.0,1.0,0.9,9.0,0
265000000.0, Bekasi,2.0,1.0,60.0,36.0,1.0,0.0,1.0,1.6666666666666667,3.0,0
380000000.0, Bekasi,2.0,1.0,100.0,45.0,1.0,0.0,1.0,2.2222222222222223,3.0,0
160000000.0, Bekasi,3.0,1.0,60.0,50.0,1.0,0.0,1.0,1.2,4.0,0
525000000.0, Bekasi,3.0,2.0,60.0,80.0,1.0,0.0,1.0,0.75,5.0,0
770000000.0, Bekasi,2.0,1.0,105.0,75.0,1.0,0.0,1.0,1.4,3.0,0
750000000.0, Bekasi,2.0,1.0,78.0,54.0,1.0,0.0,1.0,1.4444444444444444,3.0,0
690000000.0, Bekasi,2.0,2.0,90.0,55.0,2.0,2.0,2.0,1.6363636363636365,4.0,0
700000000.0, Bekasi,3.0,2.0,78.0,45.0,2.0,2.0,1.0,1.7333333333333334,5.0,0
995000000.0, Bekasi,3.0,2.0,78.0,70.0,1.0,1.0,2.0,1.1142857142857143,5.0,0
570000000.0, Bekasi,2.0,1.0,72.0,60.0,0.0,0.0,1.0,1.2,3.0,0
570000000.0, Bekasi,2.0,1.0,84.0,45.0,0.0,0.0,1.0,1.8666666666666667,3.0,0
600000000.0, Bekasi,3.0,2.0,90.0,50.0,0.0,0.0,1.0,1.8,5.0,0
450000000.0, Bekasi,2.0,1.0,72.0,48.0,0.0,0.0,1.0,1.5,3.0,0
3500000000.0, Bekasi,6.0,2.0,542.0,300.0,5.0,0.0,1.0,1.8066666666666666,8.0,0
1150000000.0, Bekasi,3.0,2.0,90.0,170.0,0.0,2.0,2.0,0.5294117647058824,5.0,0
1150000000.0, Bekasi,3.0,2.0,90.0,170.0,0.0,2.0,2.0,0.5294117647058824,5.0,0
1100000000.0, Bekasi,4.0,2.0,182.0,220.0,1.0,0.0,1.0,0.8272727272727273,6.0,0
500000000.0, Bekasi,3.0,2.0,114.0,70.0,1.0,0.0,1.0,1.6285714285714286,5.0,0
2400000000.0, Bekasi,3.0,2.0,225.0,300.0,0.0,0.0,2.0,0.75,5.0,0
2400000000.0, Bekasi,3.0,2.0,225.0,300.0,0.0,0.0,2.0,0.75,5.0,0
1290000000.0, Bekasi,3.0,2.0,94.0,160.0,1.0,0.0,2.0,0.5875,5.0,0
690000000.0, Bogor,4.0,3.0,140.0,100.0,0.0,0.0,2.0,1.4,7.0,1
995000000.0, Bogor,3.0,2.0,129.0,100.0,0.0,0.0,1.0,1.29,5.0,1
4500000000.0, Bogor,8.0,3.0,264.0,400.0,3.0,0.0,2.0,0.66,11.0,1
945000000.0, Bogor,3.0,1.0,90.0,70.0,1.0,0.0,1.0,1.2857142857142858,4.0,1
1440000000.0, Bogor,3.0,2.0,90.0,110.0,0.0,1.0,2.0,0.8181818181818182,5.0,1
550000000.0, Bogor,2.0,1.0,90.0,80.0,0.0,0.0,1.0,1.125,3.0,1
5500000000.0, Bogor,5.0,5.0,420.0,400.0,0.0,6.0,2.0,1.05,10.0,1
1000000000.0, Bogor,3.0,2.0,90.0,150.0,0.0,0.0,1.0,0.6,5.0,1
1440000000.0, Bogor,3.0,2.0,90.0,110.0,1.0,1.0,2.0,0.8181818181818182,5.0,1
3000000000.0, Bogor,4.0,2.0,162.0,196.0,1.0,0.0,2.0,0.826530612244898,6.0,1
1380000000.0, Bogor,3.0,2.0,105.0,150.0,0.0,1.0,2.0,0.7,5.0,1
945000000.0, Bogor,3.0,1.0,70.0,90.0,1.0,1.0,1.0,0.7777777777777778,4.0,1
1440000000.0, Bogor,3.0,2.0,90.0,110.0,0.0,1.0,2.0,0.8181818181818182,5.0,1
1380000000.0, Bogor,3.0,2.0,105.0,150.0,1.0,1.0,2.0,0.7,5.0,1
2000000000.0, Bogor,5.0,6.0,144.0,200.0,1.0,1.0,1.0,0.72,11.0,1
5500000000.0, Bogor,4.0,4.0,300.0,520.0,1.0,2.0,2.0,0.5769230769230769,8.0,1
5750000000.0, Bogor,4.0,3.0,517.0,305.0,2.0,1.0,2.0,1.6950819672131148,7.0,1
5900000000.0, Bogor,4.0,3.0,312.0,250.0,2.0,0.0,2.0,1.248,7.0,1
6200000000.0, Bogor,3.0,3.0,514.0,340.0,2.0,2.0,2.0,1.511764705882353,6.0,1
1800000000.0, Bogor,2.0,1.0,224.0,90.0,1.0,0.0,1.0,2.488888888888889,3.0,1
650000000.0, Bogor,2.0,2.0,90.0,100.0,0.0,1.0,1.0,0.9,4.0,1
1900000000.0, Bogor,2.0,3.0,216.0,120.0,0.0,1.0,1.0,1.8,5.0,1
5100000000.0, Bogor,4.0,3.0,481.0,242.0,2.0,2.0,2.0,1.987603305785124,7.0,1
900000000.0, Bogor,2.0,1.0,90.0,90.0,1.0,1.0,2.0,1.0,3.0,1
850000000.0, Bogor,3.0,2.0,139.0,130.0,1.0,0.0,1.0,1.0692307692307692,5.0,1
650000000.0, Bogor,2.0,2.0,90.0,100.0,0.0,1.0,1.0,0.9,4.0,1
1300000000.0, Bogor,2.0,1.0,150.0,62.0,2.0,0.0,1.0,2.4193548387096775,3.0,1
2150000000.0, Bogor,2.0,4.0,216.0,110.0,0.0,1.0,1.0,1.9636363636363636,6.0,1
3500000000.0, Bogor,4.0,4.0,323.0,500.0,0.0,0.0,2.0,0.646,8.0,1
1300000000.0, Bogor,5.0,3.0,117.0,160.0,0.0,0.0,2.0,0.73125,8.0,1
1250000000.0, Bogor,3.0,2.0,144.0,105.0,2.0,0.0,2.0,1.3714285714285714,5.0,1
700000000.0, Bogor,2.0,1.0,137.0,40.0,1.0,1.0,1.0,3.425,3.0,1
4500000000.0, Bogor,3.0,2.0,358.0,250.0,1.0,0.0,2.0,1.432,5.0,1
1900000000.0, Bogor,3.0,2.0,126.0,102.0,0.0,0.0,2.0,1.2352941176470589,5.0,1
3900000000.0, Bogor,3.0,4.0,329.0,275.0,1.0,0.0,1.0,1.1963636363636363,7.0,1
4500000000.0, Bogor,4.0,3.0,663.0,300.0,4.0,0.0,2.0,2.21,7.0,1
1350000000.0, Bogor,3.0,2.0,94.0,96.0,1.0,0.0,1.0,0.9791666666666666,5.0,1
2500000000.0, Bogor,4.0,4.0,180.0,300.0,2.0,0.0,2.0,0.6,8.0,1
4500000000.0, Bogor,3.0,2.0,575.0,200.0,2.0,2.0,1.0,2.875,5.0,1
7000000000.0, Bogor,4.0,4.0,360.0,400.0,2.0,2.0,2.0,0.9,8.0,1
1300000000.0, Bogor,2.0,1.0,150.0,62.0,1.0,0.0,1.0,2.4193548387096775,3.0,1
945000000.0, Bogor,3.0,1.0,90.0,70.0,0.0,0.0,1.0,1.2857142857142858,4.0,1
1000000000.0, Bogor,2.0,1.0,150.0,63.0,1.0,0.0,1.0,2.380952380952381,3.0,1
1250000000.0, Bogor,3.0,2.0,84.0,89.0,1.0,0.0,2.0,0.9438202247191011,5.0,1
1650000000.0, Bogor,3.0,2.0,84.0,89.0,1.0,0.0,2.0,0.9438202247191011,5.0,1
1150000000.0, Bogor,3.0,2.0,90.0,150.0,1.0,0.0,2.0,0.6,5.0,1
6500000000.0, Bogor,4.0,5.0,313.0,360.0,2.0,2.0,2.0,0.8694444444444445,9.0,1
2300000000.0, Bogor,3.0,2.0,299.0,125.0,1.0,1.0,2.0,2.392,5.0,1
2300000000.0, Bogor,3.0,2.0,299.0,125.0,1.0,1.0,2.0,2.392,5.0,1
2750000000.0, Bogor,4.0,3.0,220.0,221.0,2.0,2.0,3.0,0.995475113122172,7.0,1
2400000000.0, Bogor,3.0,3.0,183.0,145.0,2.0,1.0,2.0,1.2620689655172415,6.0,1
1200000000.0, Bogor,4.0,4.0,120.0,240.0,0.0,0.0,2.0,0.5,8.0,1
945000000.0, Bogor,3.0,1.0,90.0,70.0,1.0,0.0,1.0,1.2857142857142858,4.0,1
1650000000.0, Bogor,3.0,2.0,84.0,89.0,1.0,0.0,2.0,0.9438202247191011,5.0,1
1250000000.0, Bogor,3.0,2.0,84.0,89.0,1.0,0.0,2.0,0.9438202247191011,5.0,1
1150000000.0, Bogor,3.0,2.0,90.0,150.0,1.0,0.0,2.0,0.6,5.0,1
1300000000.0, Bogor,2.0,1.0,150.0,62.0,1.0,0.0,1.0,2.4193548387096775,3.0,1
1250000000.0, Bogor,3.0,2.0,144.0,88.0,1.0,0.0,1.0,1.6363636363636365,5.0,1
5000000000.0, Bogor,4.0,3.0,396.0,299.0,2.0,2.0,2.0,1.3244147157190636,7.0,1
5000000000.0, Bogor,4.0,3.0,396.0,299.0,2.0,2.0,2.0,1.3244147157190636,7.0,1
3500000000.0, Bogor,4.0,4.0,321.0,500.0,2.0,1.0,2.0,0.642,8.0,1
6500000000.0, Bogor,4.0,5.0,313.0,360.0,2.0,2.0,2.0,0.8694444444444445,9.0,1
4500000000.0, Bogor,3.0,2.0,575.0,200.0,2.0,2.0,1.0,2.875,5.0,1
7000000000.0, Bogor,4.0,4.0,340.0,400.0,2.0,2.0,2.0,0.85,8.0,1
1000000000.0, Bogor,2.0,1.0,150.0,63.0,1.0,0.0,1.0,2.380952380952381,3.0,1
2500000000.0, Bogor,4.0,4.0,180.0,300.0,2.0,0.0,2.0,0.6,8.0,1
750000000.0, Bogor,2.0,2.0,105.0,60.0,1.0,0.0,1.0,1.75,4.0,1
5000000000.0, Bogor,4.0,3.0,396.0,299.0,2.0,0.0,2.0,1.3244147157190636,7.0,1
1250000000.0, Bogor,3.0,2.0,84.0,89.0,1.0,0.0,2.0,0.9438202247191011,5.0,1
3500000000.0, Bogor,4.0,4.0,321.0,500.0,2.0,1.0,2.0,0.642,8.0,1
1650000000.0, Bogor,3.0,2.0,84.0,89.0,1.0,0.0,1.0,0.9438202247191011,5.0,1
1150000000.0, Bogor,3.0,2.0,90.0,150.0,1.0,0.0,2.0,0.6,5.0,1
945000000.0, Bogor,3.0,1.0,90.0,70.0,1.0,0.0,1.0,1.2857142857142858,4.0,1
945000000.0, Bogor,3.0,1.0,90.0,70.0,1.0,0.0,1.0,1.2857142857142858,4.0,1
1650000000.0, Bogor,3.0,2.0,84.0,89.0,1.0,0.0,2.0,0.9438202247191011,5.0,1
6500000000.0, Bogor,4.0,5.0,313.0,360.0,1.0,1.0,2.0,0.8694444444444445,9.0,1
7000000000.0, Bogor,4.0,4.0,340.0,400.0,1.0,1.0,2.0,0.85,8.0,1
4500000000.0, Bogor,3.0,2.0,575.0,200.0,2.0,0.0,1.0,2.875,5.0,1
1150000000.0, Bogor,3.0,2.0,90.0,150.0,1.0,0.0,2.0,0.6,5.0,1
1250000000.0, Bogor,3.0,2.0,84.0,89.0,1.0,0.0,2.0,0.9438202247191011,5.0,1
3500000000.0, Bogor,4.0,4.0,321.0,500.0,1.0,1.0,2.0,0.642,8.0,1
1000000000.0, Bogor,2.0,1.0,150.0,63.0,1.0,0.0,1.0,2.380952380952381,3.0,1
3500000000.0, Bogor,4.0,4.0,321.0,500.0,1.0,1.0,2.0,0.642,8.0,1
5000000000.0, Bogor,4.0,3.0,396.0,299.0,2.0,0.0,2.0,1.3244147157190636,7.0,1
6000000000.0, Bogor,4.0,4.0,526.0,400.0,1.0,1.0,2.0,1.315,8.0,1
2300000000.0, Bogor,3.0,2.0,299.0,125.0,1.0,0.0,2.0,2.392,5.0,1
6000000000.0, Bogor,4.0,4.0,526.0,400.0,1.0,1.0,2.0,1.315,8.0,1
5000000000.0, Bogor,4.0,3.0,396.0,299.0,2.0,0.0,2.0,1.3244147157190636,7.0,1
1250000000.0, Bogor,3.0,3.0,144.0,88.0,1.0,0.0,1.0,1.6363636363636365,6.0,1
2300000000.0, Bogor,3.0,2.0,299.0,125.0,1.0,0.0,2.0,2.392,5.0,1
550000000.0, Bogor,2.0,2.0,84.0,60.0,1.0,0.0,2.0,1.4,4.0,1
3900000000.0, Bogor,3.0,4.0,329.0,299.0,2.0,0.0,2.0,1.100334448160535,7.0,1
5500000000.0, Bogor,4.0,4.0,498.0,400.0,2.0,1.0,2.0,1.245,8.0,1
5000000000.0, Bogor,3.0,3.0,330.0,362.0,1.0,1.0,2.0,0.9116022099447514,6.0,1
1500000000.0, Bogor,5.0,3.0,141.0,141.0,1.0,0.0,2.0,1.0,8.0,1
7000000000.0, Bogor,4.0,3.0,375.0,450.0,2.0,2.0,2.0,0.8333333333333334,7.0,1
4500000000.0, Bogor,4.0,2.0,334.0,350.0,1.0,1.0,2.0,0.9542857142857143,6.0,1
575000000.0, Bogor,3.0,2.0,81.0,65.0,1.0,0.0,1.0,1.2461538461538462,5.0,1
825000000.0, Bogor,2.0,2.0,90.0,65.0,1.0,0.0,1.0,1.3846153846153846,4.0,1
3700000000.0, Bogor,3.0,3.0,127.0,200.0,1.0,0.0,2.0,0.635,6.0,1
900000000.0, Bogor,2.0,1.0,90.0,90.0,1.0,0.0,1.0,1.0,3.0,1
2500000000.0, Bogor,4.0,4.0,180.0,300.0,1.0,0.0,2.0,0.6,8.0,1
945000000.0, Bogor,3.0,1.0,90.0,70.0,1.0,0.0,1.0,1.2857142857142858,4.0,1
3700000000.0, Bogor,3.0,3.0,127.0,200.0,1.0,0.0,2.0,0.635,6.0,1
1500000000.0, Bogor,5.0,3.0,141.0,141.0,1.0,0.0,2.0,1.0,8.0,1
7000000000.0, Bogor,4.0,3.0,375.0,450.0,2.0,2.0,2.0,0.8333333333333334,7.0,1
4500000000.0, Bogor,4.0,2.0,334.0,350.0,1.0,1.0,2.0,0.9542857142857143,6.0,1
575000000.0, Bogor,3.0,2.0,81.0,65.0,1.0,0.0,1.0,1.2461538461538462,5.0,1
825000000.0, Bogor,2.0,2.0,90.0,65.0,1.0,0.0,1.0,1.3846153846153846,4.0,1
945000000.0, Bogor,3.0,1.0,90.0,70.0,1.0,0.0,1.0,1.2857142857142858,4.0,1
900000000.0, Bogor,2.0,1.0,90.0,90.0,1.0,0.0,1.0,1.0,3.0,1
2500000000.0, Bogor,4.0,4.0,180.0,300.0,1.0,0.0,2.0,0.6,8.0,1
1150000000.0, Bogor,3.0,2.0,90.0,150.0,1.0,0.0,2.0,0.6,5.0,1
945000000.0, Bogor,3.0,1.0,90.0,70.0,1.0,0.0,1.0,1.2857142857142858,4.0,1
1650000000.0, Bogor,3.0,2.0,84.0,89.0,1.0,0.0,2.0,0.9438202247191011,5.0,1
1250000000.0, Bogor,3.0,2.0,84.0,89.0,1.0,0.0,2.0,0.9438202247191011,5.0,1
3500000000.0, Bogor,4.0,4.0,321.0,500.0,1.0,1.0,2.0,0.642,8.0,1
3170000000.0, Bogor,3.0,3.0,404.0,200.0,1.0,0.0,2.0,2.02,6.0,1
3160000000.0, Bogor,3.0,3.0,404.0,200.0,1.0,0.0,2.0,2.02,6.0,1
3150000000.0, Bogor,3.0,3.0,404.0,200.0,1.0,0.0,2.0,2.02,6.0,1
945000000.0, Bogor,3.0,1.0,90.0,70.0,1.0,0.0,1.0,1.2857142857142858,4.0,1
3500000000.0, Bogor,4.0,4.0,323.0,500.0,1.0,1.0,2.0,0.646,8.0,1
775000000.0, Bogor,2.0,1.0,105.0,44.0,1.0,0.0,1.0,2.3863636363636362,3.0,1
7000000000.0, Bogor,4.0,3.0,375.0,450.0,2.0,3.0,3.0,0.8333333333333334,7.0,1
5000000000.0, Bogor,3.0,3.0,330.0,362.0,2.0,1.0,2.0,0.9116022099447514,6.0,1
5000000000.0, Bogor,4.0,4.0,498.0,400.0,2.0,2.0,2.0,1.245,8.0,1
1100000000.0, Bogor,1.0,1.0,90.0,60.0,1.0,0.0,1.0,1.5,2.0,1
6000000000.0, Bogor,4.0,4.0,526.0,400.0,2.0,2.0,3.0,1.315,8.0,1
2300000000.0, Bogor,3.0,2.0,299.0,125.0,1.0,1.0,2.0,2.392,5.0,1
1250000000.0, Bogor,3.0,2.0,144.0,88.0,1.0,0.0,1.0,1.6363636363636365,5.0,1
4500000000.0, Bogor,4.0,2.0,334.0,350.0,1.0,2.0,2.0,0.9542857142857143,6.0,1
950000000.0, Bogor,2.0,1.0,108.0,50.0,1.0,0.0,1.0,2.16,3.0,1
5000000000.0, Bogor,4.0,3.0,396.0,299.0,2.0,0.0,2.0,1.3244147157190636,7.0,1
1000000000.0, Bogor,2.0,1.0,150.0,63.0,1.0,0.0,1.0,2.380952380952381,3.0,1
3500000000.0, Bogor,4.0,4.0,323.0,500.0,1.0,1.0,2.0,0.646,8.0,1
1650000000.0, Bogor,3.0,2.0,84.0,89.0,1.0,0.0,3.0,0.9438202247191011,5.0,1
945000000.0, Bogor,3.0,1.0,90.0,70.0,1.0,0.0,1.0,1.2857142857142858,4.0,1
1150000000.0, Bogor,3.0,2.0,90.0,150.0,1.0,0.0,2.0,0.6,5.0,1
4500000000.0, Bogor,3.0,2.0,575.0,200.0,2.0,0.0,1.0,2.875,5.0,1
7500000000.0, Bogor,4.0,3.0,340.0,400.0,2.0,2.0,2.0,0.85,7.0,1
7000000000.0, Bogor,4.0,5.0,313.0,360.0,2.0,2.0,2.0,0.8694444444444445,9.0,1
7000000000.0, Bogor,4.0,5.0,313.0,360.0,2.0,2.0,2.0,0.8694444444444445,9.0,1
7500000000.0, Bogor,4.0,4.0,340.0,400.0,2.0,2.0,2.0,0.85,8.0,1
2900000000.0, Bogor,4.0,3.0,266.0,400.0,2.0,0.0,2.0,0.665,7.0,1
2900000000.0, Bogor,3.0,3.0,315.0,150.0,1.0,1.0,2.0,2.1,6.0,1
3500000000.0, Bogor,4.0,4.0,323.0,500.0,2.0,2.0,2.0,0.646,8.0,1
4500000000.0, Bogor,4.0,2.0,334.0,350.0,1.0,2.0,2.0,0.9542857142857143,6.0,1
775000000.0, Bogor,2.0,1.0,105.0,44.0,1.0,0.0,1.0,2.3863636363636362,3.0,1
5000000000.0, Bogor,3.0,2.0,498.0,300.0,2.0,3.0,2.0,1.66,5.0,1
4500000000.0, Bogor,3.0,3.0,345.0,200.0,1.0,0.0,2.0,1.725,6.0,1
1650000000.0, Bogor,3.0,2.0,84.0,89.0,1.0,0.0,3.0,0.9438202247191011,5.0,1
1250000000.0, Bogor,3.0,2.0,140.0,88.0,1.0,0.0,1.0,1.5909090909090908,5.0,1
1800000000.0, Bogor,2.0,1.0,224.0,90.0,1.0,1.0,1.0,2.488888888888889,3.0,1
1150000000.0, Bogor,3.0,2.0,90.0,150.0,1.0,0.0,2.0,0.6,5.0,1
570000000.0, Bogor,2.0,1.0,72.0,45.0,1.0,1.0,1.0,1.6,3.0,1
2300000000.0, Bogor,3.0,2.0,133.0,185.0,2.0,0.0,2.0,0.7189189189189189,5.0,1
600000000.0, Bogor,3.0,2.0,72.0,54.0,2.0,2.0,2.0,1.3333333333333333,5.0,1
3500000000.0, Bogor,2.0,2.0,242.0,188.0,0.0,0.0,3.0,1.2872340425531914,4.0,1
1900000000.0, Bogor,2.0,2.0,224.0,100.0,1.0,2.0,1.0,2.24,4.0,1
3250000000.0, Bogor,5.0,4.0,301.0,250.0,0.0,0.0,3.0,1.204,9.0,1
3500000000.0, Bogor,2.0,3.0,323.0,200.0,2.0,0.0,2.0,1.615,5.0,1
2300000000.0, Bogor,3.0,3.0,133.0,185.0,2.0,0.0,2.0,0.7189189189189189,6.0,1
2500000000.0, Bogor,3.0,2.0,202.0,370.0,0.0,0.0,2.0,0.5459459459459459,5.0,1
5300000000.0, Bogor,4.0,2.0,300.0,500.0,2.0,1.0,2.0,0.6,6.0,1
2750000000.0, Bogor,4.0,3.0,220.0,221.0,2.0,2.0,3.0,0.995475113122172,7.0,1
5500000000.0, Bogor,4.0,4.0,312.0,300.0,2.0,0.0,2.0,1.04,8.0,1
2100000000.0, Bogor,3.0,3.0,120.0,105.0,1.0,1.0,2.0,1.1428571428571428,6.0,1
1600000000.0, Bogor,2.0,1.0,180.0,120.0,1.0,1.0,1.0,1.5,3.0,1
1700000000.0, Bogor,3.0,3.0,108.0,160.0,1.0,0.0,2.0,0.675,6.0,1
800000000.0, Bogor,3.0,3.0,120.0,120.0,1.0,0.0,1.0,1.0,6.0,1
5500000000.0, Bogor,4.0,4.0,313.0,250.0,2.0,1.0,2.0,1.252,8.0,1
2750000000.0, Bogor,4.0,3.0,220.0,221.0,1.0,1.0,3.0,0.995475113122172,7.0,1
5500000000.0, Bogor,4.0,4.0,313.0,250.0,2.0,1.0,2.0,1.252,8.0,1
2750000000.0, Bogor,4.0,3.0,220.0,221.0,1.0,1.0,3.0,0.995475113122172,7.0,1
3800000000.0, Bogor,3.0,3.0,287.0,250.0,2.0,1.0,2.0,1.148,6.0,1
1800000000.0, Bogor,3.0,2.0,12.0,130.0,1.0,1.0,2.0,0.09230769230769231,5.0,1
1100000000.0, Bogor,4.0,3.0,90.0,120.0,0.0,0.0,2.0,0.75,7.0,1
1150000000.0, Bogor,3.0,2.0,90.0,150.0,1.0,0.0,2.0,0.6,5.0,1
725000000.0, Bogor,5.0,4.0,120.0,150.0,0.0,0.0,2.0,0.8,9.0,1
3800000000.0, Bogor,4.0,3.0,287.0,250.0,1.0,1.0,2.0,1.148,7.0,1
1650000000.0, Bogor,3.0,1.0,232.0,120.0,1.0,1.0,1.0,1.9333333333333333,4.0,1
2500000000.0, Bogor,3.0,2.0,315.0,200.0,1.0,1.0,2.0,1.575,5.0,1
1100000000.0, Bogor,2.0,2.0,90.0,60.0,1.0,0.0,1.0,1.5,4.0,1
1600000000.0, Bogor,2.0,1.0,248.0,100.0,1.0,0.0,1.0,2.48,3.0,1
1350000000.0, Bogor,3.0,2.0,108.0,100.0,1.0,0.0,2.0,1.08,5.0,1
3000000000.0, Bogor,3.0,2.0,328.0,160.0,1.0,1.0,2.0,2.05,5.0,1
850000000.0, Bogor,2.0,2.0,90.0,65.0,1.0,0.0,1.0,1.3846153846153846,4.0,1
1350000000.0, Bogor,2.0,1.0,211.0,53.0,1.0,0.0,1.0,3.981132075471698,3.0,1
1150000000.0, Bogor,3.0,3.0,78.0,100.0,1.0,0.0,1.0,0.78,6.0,1
3950000000.0, Bogor,4.0,3.0,328.0,250.0,2.0,1.0,2.0,1.312,7.0,1
5300000000.0, Bogor,4.0,4.0,481.0,250.0,4.0,2.0,2.0,1.924,8.0,1
3850000000.0, Bogor,4.0,3.0,224.0,220.0,2.0,2.0,2.0,1.018181818181818,7.0,1
4100000000.0, Bogor,4.0,3.0,488.0,250.0,2.0,2.0,2.0,1.952,7.0,1
3500000000.0, Bogor,2.0,3.0,323.0,220.0,4.0,0.0,2.0,1.4681818181818183,5.0,1
3200000000.0, Bogor,3.0,3.0,406.0,250.0,1.0,1.0,2.0,1.624,6.0,1
800000000.0, Bogor,3.0,3.0,120.0,120.0,1.0,0.0,2.0,1.0,6.0,1
3800000000.0, Bogor,4.0,4.0,315.0,250.0,2.0,1.0,2.0,1.26,8.0,1
1700000000.0, Bogor,3.0,3.0,171.0,120.0,1.0,1.0,2.0,1.425,6.0,1
4500000000.0, Bogor,4.0,3.0,234.0,240.0,2.0,0.0,2.0,0.975,7.0,1
1300000000.0, Bogor,3.0,2.0,176.0,120.0,1.0,1.0,1.0,1.4666666666666666,5.0,1
2750000000.0, Bogor,4.0,3.0,220.0,221.0,2.0,2.0,3.0,0.995475113122172,7.0,1
2750000000.0, Bogor,4.0,3.0,220.0,221.0,2.0,2.0,3.0,0.995475113122172,7.0,1
2750000000.0, Bogor,4.0,3.0,220.0,221.0,2.0,2.0,3.0,0.995475113122172,7.0,1
2750000000.0, Bogor,4.0,3.0,220.0,221.0,2.0,2.0,3.0,0.995475113122172,7.0,1
2750000000.0, Bogor,4.0,3.0,220.0,221.0,2.0,2.0,3.0,0.995475113122172,7.0,1
2750000000.0, Bogor,4.0,3.0,220.0,221.0,2.0,2.0,3.0,0.995475113122172,7.0,1
585000000.0, Bogor,2.0,2.0,90.0,60.0,1.0,0.0,1.0,1.5,4.0,1
2300000000.0, Bogor,3.0,3.0,228.0,200.0,0.0,1.0,2.0,1.14,6.0,1
2500000000.0, Bogor,3.0,3.0,230.0,200.0,1.0,1.0,2.0,1.15,6.0,1
4400000000.0, Bogor,4.0,4.0,234.0,200.0,1.0,1.0,2.0,1.17,8.0,1
1800000000.0, Bogor,3.0,3.0,120.0,100.0,1.0,0.0,2.0,1.2,6.0,1
675000000.0, Bogor,2.0,1.0,108.0,53.0,1.0,0.0,1.0,2.0377358490566038,3.0,1
2300000000.0, Bogor,4.0,3.0,216.0,180.0,1.0,1.0,2.0,1.2,7.0,1
4700000000.0, Bogor,4.0,4.0,300.0,250.0,2.0,1.0,3.0,1.2,8.0,1
1600000000.0, Bogor,2.0,1.0,180.0,100.0,2.0,1.0,1.0,1.8,3.0,1
5500000000.0, Bogor,4.0,4.0,313.0,250.0,2.0,1.0,2.0,1.252,8.0,1
5500000000.0, Bogor,4.0,4.0,313.0,250.0,2.0,1.0,2.0,1.252,8.0,1
1700000000.0, Bogor,3.0,3.0,120.0,120.0,2.0,0.0,2.0,1.0,6.0,1
4350000000.0, Bogor,4.0,3.0,600.0,250.0,4.0,2.0,3.0,2.4,7.0,1
2900000000.0, Bogor,4.0,3.0,315.0,250.0,2.0,2.0,1.0,1.26,7.0,1
3500000000.0, Bogor,2.0,3.0,323.0,250.0,2.0,1.0,2.0,1.292,5.0,1
4700000000.0, Bogor,4.0,4.0,300.0,250.0,1.0,1.0,2.0,1.2,8.0,1
1700000000.0, Bogor,3.0,3.0,108.0,160.0,1.0,1.0,2.0,0.675,6.0,1
800000000.0, Bogor,3.0,3.0,120.0,100.0,1.0,1.0,2.0,1.2,6.0,1
1150000000.0, Bogor,3.0,2.0,90.0,120.0,1.0,1.0,2.0,0.75,5.0,1
3200000000.0, Bogor,3.0,2.0,403.0,145.0,1.0,0.0,2.0,2.779310344827586,5.0,1
3800000000.0, Bogor,4.0,3.0,287.0,250.0,1.0,2.0,2.0,1.148,7.0,1
3800000000.0, Bogor,4.0,3.0,287.0,250.0,1.0,2.0,2.0,1.148,7.0,1
4900000000.0, Bogor,4.0,3.0,664.0,300.0,2.0,0.0,2.0,2.2133333333333334,7.0,1
2850000000.0, Bogor,3.0,2.0,323.0,200.0,1.0,0.0,2.0,1.615,5.0,1
2500000000.0, Bogor,5.0,5.0,120.0,235.0,0.0,0.0,2.0,0.5106382978723404,10.0,1
3500000000.0, Bogor,3.0,4.0,323.0,300.0,0.0,0.0,2.0,1.0766666666666667,7.0,1
585000000.0, Bogor,2.0,2.0,60.0,120.0,1.0,0.0,2.0,0.5,4.0,1
1900000000.0, Bogor,4.0,3.0,379.0,250.0,2.0,0.0,2.0,1.516,7.0,1
6300000000.0, Bogor,5.0,4.0,710.0,612.0,4.0,4.0,2.0,1.1601307189542485,9.0,1
3500000000.0, Bogor,2.0,3.0,300.0,250.0,2.0,0.0,2.0,1.2,5.0,1
495000000.0, Bogor,2.0,1.0,81.0,50.0,0.0,0.0,1.0,1.62,3.0,1
4500000000.0, Bogor,4.0,3.0,663.0,250.0,2.0,0.0,2.0,2.652,7.0,1
4700000000.0, Bogor,4.0,4.0,181.0,179.0,2.0,0.0,2.0,1.011173184357542,8.0,1
5750000000.0, Bogor,5.0,4.0,710.0,612.0,2.0,2.0,3.0,1.1601307189542485,9.0,1
300000000.0, Bogor,2.0,1.0,60.0,36.0,0.0,0.0,1.0,1.6666666666666667,3.0,1
630000000.0, Bogor,2.0,1.0,84.0,70.0,1.0,0.0,1.0,1.2,3.0,1
1680000000.0, Bogor,3.0,2.0,200.0,90.0,0.0,1.0,1.0,2.2222222222222223,5.0,1
630000000.0, Bogor,2.0,1.0,84.0,70.0,0.0,1.0,1.0,1.2,3.0,1
599000000.0, Bogor,2.0,1.0,72.0,60.0,1.0,0.0,1.0,1.2,3.0,1
890000000.0, Bogor,2.0,2.0,60.0,55.0,1.0,0.0,2.0,1.0909090909090908,4.0,1
810000000.0, Bogor,2.0,1.0,90.0,45.0,1.0,0.0,1.0,2.0,3.0,1
630000000.0, Bogor,2.0,1.0,84.0,70.0,1.0,0.0,1.0,1.2,3.0,1
599000000.0, Bogor,2.0,1.0,72.0,60.0,1.0,0.0,1.0,1.2,3.0,1
600000000.0, Bogor,2.0,1.0,72.0,60.0,1.0,0.0,1.0,1.2,3.0,1
1200000000.0, Bogor,2.0,3.0,98.0,78.0,0.0,1.0,2.0,1.2564102564102564,5.0,1
499000000.0, Bogor,2.0,1.0,60.0,30.0,1.0,0.0,1.0,2.0,3.0,1
810000000.0, Bogor,2.0,1.0,90.0,45.0,1.0,0.0,1.0,2.0,3.0,1
810000000.0, Bogor,2.0,1.0,90.0,45.0,1.0,0.0,1.0,2.0,3.0,1
630000000.0, Bogor,2.0,1.0,84.0,70.0,0.0,1.0,1.0,1.2,3.0,1
599000000.0, Bogor,2.0,1.0,72.0,60.0,1.0,0.0,1.0,1.2,3.0,1
810000000.0, Bogor,2.0,1.0,90.0,45.0,1.0,0.0,1.0,2.0,3.0,1
630000000.0, Bogor,2.0,1.0,84.0,70.0,1.0,1.0,1.0,1.2,3.0,1
599000000.0, Bogor,2.0,1.0,72.0,60.0,1.0,1.0,1.0,1.2,3.0,1
351000000.0, Bogor,2.0,1.0,60.0,32.0,1.0,0.0,1.0,1.875,3.0,1
325000000.0, Bogor,2.0,1.0,90.0,38.0,1.0,0.0,1.0,2.3684210526315788,3.0,1
245000000.0, Bogor,2.0,1.0,36.0,72.0,1.0,0.0,1.0,0.5,3.0,1
1350000000.0, Bogor,3.0,2.0,94.0,96.0,1.0,0.0,1.0,0.9791666666666666,5.0,1
250000000.0, Bogor,1.0,1.0,72.0,22.0,1.0,1.0,1.0,3.272727272727273,2.0,1
375000000.0, Bogor,3.0,2.0,112.0,68.0,1.0,1.0,1.0,1.6470588235294117,5.0,1
975000000.0, Bogor,3.0,2.0,200.0,100.0,2.0,2.0,1.0,2.0,5.0,1
325000000.0, Bogor,2.0,1.0,72.0,60.0,1.0,1.0,1.0,1.2,3.0,1
1450000000.0, Bogor,3.0,2.0,105.0,100.0,1.0,0.0,2.0,1.05,5.0,1
1450000000.0, Bogor,3.0,2.0,105.0,100.0,1.0,0.0,2.0,1.05,5.0,1
500000000.0, Bogor,3.0,2.0,60.0,51.0,2.0,2.0,2.0,1.1764705882352942,5.0,1
1500000000.0, Bogor,2.0,1.0,120.0,79.0,0.0,1.0,2.0,1.518987341772152,3.0,1
359000000.0, Bogor,3.0,2.0,90.0,75.0,1.0,0.0,1.0,1.2,5.0,1
350000000.0, Bogor,2.0,1.0,60.0,38.0,1.0,0.0,1.0,1.5789473684210527,3.0,1
168000000.0, Bogor,2.0,1.0,60.0,29.0,1.0,0.0,1.0,2.0689655172413794,3.0,1
195000000.0, Bogor,2.0,1.0,72.0,21.0,1.0,1.0,1.0,3.4285714285714284,3.0,1
280000000.0, Bogor,2.0,1.0,90.0,36.0,1.0,1.0,1.0,2.5,3.0,1
530000000.0, Bogor,2.0,1.0,60.0,30.0,1.0,0.0,1.0,2.0,3.0,1
493000000.0, Bogor,1.0,1.0,60.0,23.0,1.0,0.0,1.0,2.608695652173913,2.0,1
130000000.0, Bogor,2.0,1.0,150.0,45.0,2.0,2.0,1.0,3.3333333333333335,3.0,1
475000000.0, Bogor,2.0,1.0,105.0,36.0,1.0,1.0,1.0,2.9166666666666665,3.0,1
500000000.0, Bogor,2.0,1.0,72.0,50.0,1.0,0.0,1.0,1.44,3.0,1
525000000.0, Bogor,2.0,1.0,72.0,50.0,2.0,0.0,1.0,1.44,3.0,1
1350000000.0, Bogor,3.0,2.0,94.0,96.0,1.0,0.0,1.0,0.9791666666666666,5.0,1
660000000.0, Bogor,2.0,1.0,84.0,45.0,1.0,0.0,1.0,1.8666666666666667,3.0,1
700000000.0, Bogor,2.0,2.0,84.0,45.0,1.0,0.0,1.0,1.8666666666666667,4.0,1
333000000.0, Bogor,2.0,1.0,62.0,36.0,0.0,0.0,1.0,1.7222222222222223,3.0,1
525000000.0, Bogor,2.0,1.0,72.0,50.0,0.0,0.0,1.0,1.44,3.0,1
1440000000.0, Bogor,4.0,3.0,126.0,180.0,1.0,1.0,2.0,0.7,7.0,1
780000000.0, Bogor,3.0,2.0,116.0,85.0,0.0,1.0,1.0,1.3647058823529412,5.0,1
600000000.0, Bogor,3.0,2.0,66.0,56.0,2.0,2.0,2.0,1.1785714285714286,5.0,1
600000000.0, Bogor,3.0,2.0,66.0,56.0,2.0,0.0,2.0,1.1785714285714286,5.0,1
1440000000.0, Bogor,4.0,3.0,126.0,180.0,1.0,1.0,2.0,0.7,7.0,1
780000000.0, Bogor,3.0,2.0,116.0,85.0,0.0,1.0,1.0,1.3647058823529412,5.0,1
780000000.0, Bogor,3.0,2.0,116.0,85.0,0.0,1.0,1.0,1.3647058823529412,5.0,1
780000000.0, Bogor,3.0,2.0,116.0,85.0,1.0,1.0,1.0,1.3647058823529412,5.0,1
555000000.0, Bogor,2.0,2.0,96.0,80.0,0.0,1.0,1.0,1.2,4.0,1
1350000000.0, Bogor,3.0,2.0,94.0,96.0,1.0,0.0,1.0,0.9791666666666666,5.0,1
530000000.0, Bogor,2.0,1.0,70.0,36.0,1.0,0.0,1.0,1.9444444444444444,3.0,1
930000000.0, Bogor,2.0,1.0,84.0,39.0,1.0,0.0,1.0,2.1538461538461537,3.0,1
900000000.0, Bogor,2.0,1.0,81.0,45.0,1.0,0.0,1.0,1.8,3.0,1
1080000000.0, Bogor,2.0,2.0,104.0,60.0,0.0,1.0,2.0,1.7333333333333334,4.0,1
500000000.0, Bogor,2.0,1.0,68.0,36.0,1.0,0.0,1.0,1.8888888888888888,3.0,1
1080000000.0, Bogor,2.0,2.0,60.0,65.0,0.0,1.0,2.0,0.9230769230769231,4.0,1
930000000.0, Bogor,2.0,1.0,84.0,39.0,1.0,0.0,1.0,2.1538461538461537,3.0,1
1080000000.0, Bogor,2.0,2.0,104.0,60.0,0.0,1.0,2.0,1.7333333333333334,4.0,1
960000000.0, Bogor,3.0,2.0,81.0,51.0,1.0,0.0,2.0,1.588235294117647,5.0,1
1400000000.0, Bogor,4.0,4.0,120.0,98.0,1.0,0.0,2.0,1.2244897959183674,8.0,1
500000000.0, Bogor,2.0,1.0,68.0,36.0,1.0,0.0,1.0,1.8888888888888888,3.0,1
900000000.0, Bogor,2.0,1.0,81.0,45.0,0.0,1.0,1.0,1.8,3.0,1
1150000000.0, Bogor,3.0,2.0,94.0,70.0,1.0,0.0,2.0,1.3428571428571427,5.0,1
1400000000.0, Bogor,4.0,4.0,120.0,98.0,1.0,0.0,2.0,1.2244897959183674,8.0,1
1080000000.0, Bogor,2.0,2.0,60.0,65.0,0.0,1.0,2.0,0.9230769230769231,4.0,1
930000000.0, Bogor,2.0,1.0,84.0,39.0,0.0,1.0,1.0,2.1538461538461537,3.0,1
900000000.0, Bogor,2.0,1.0,81.0,45.0,0.0,1.0,1.0,1.8,3.0,1
1150000000.0, Bogor,3.0,2.0,94.0,70.0,1.0,0.0,2.0,1.3428571428571427,5.0,1
530000000.0, Bogor,2.0,1.0,70.0,36.0,1.0,0.0,1.0,1.9444444444444444,3.0,1
599000000.0, Bogor,2.0,2.0,90.0,36.0,0.0,1.0,1.0,2.5,4.0,1
1400000000.0, Bogor,4.0,4.0,120.0,98.0,1.0,0.0,2.0,1.2244897959183674,8.0,1
500000000.0, Bogor,2.0,1.0,68.0,36.0,1.0,1.0,1.0,1.8888888888888888,3.0,1
1080000000.0, Bogor,2.0,2.0,60.0,65.0,1.0,1.0,2.0,0.9230769230769231,4.0,1
930000000.0, Bogor,2.0,1.0,39.0,84.0,1.0,1.0,1.0,0.4642857142857143,3.0,1
900000000.0, Bogor,2.0,1.0,81.0,45.0,1.0,1.0,1.0,1.8,3.0,1
530000000.0, Bogor,2.0,1.0,70.0,36.0,1.0,0.0,1.0,1.9444444444444444,3.0,1
530000000.0, Bogor,2.0,1.0,70.0,36.0,1.0,0.0,1.0,1.9444444444444444,3.0,1
530000000.0, Bogor,2.0,1.0,70.0,36.0,1.0,0.0,1.0,1.9444444444444444,3.0,1
500000000.0, Bogor,2.0,1.0,68.0,36.0,1.0,0.0,1.0,1.8888888888888888,3.0,1
1080000000.0, Bogor,2.0,2.0,60.0,65.0,0.0,1.0,2.0,0.9230769230769231,4.0,1
930000000.0, Bogor,2.0,1.0,84.0,39.0,1.0,0.0,1.0,2.1538461538461537,3.0,1
900000000.0, Bogor,2.0,1.0,81.0,45.0,0.0,1.0,1.0,1.8,3.0,1
960000000.0, Bogor,3.0,2.0,81.0,51.0,1.0,0.0,2.0,1.588235294117647,5.0,1
1400000000.0, Bogor,4.0,4.0,120.0,98.0,1.0,0.0,2.0,1.2244897959183674,8.0,1
530000000.0, Bogor,2.0,1.0,70.0,36.0,1.0,0.0,1.0,1.9444444444444444,3.0,1
1080000000.0, Bogor,2.0,2.0,104.0,60.0,1.0,1.0,2.0,1.7333333333333334,4.0,1
1150000000.0, Bogor,3.0,2.0,94.0,70.0,1.0,0.0,2.0,1.3428571428571427,5.0,1
800000000.0, Bogor,2.0,1.0,72.0,39.0,1.0,1.0,1.0,1.8461538461538463,3.0,1
637000000.0, Bogor,3.0,2.0,65.0,60.0,1.0,0.0,2.0,1.0833333333333333,5.0,1
755000000.0, Bogor,3.0,2.0,78.0,60.0,1.0,0.0,2.0,1.3,5.0,1
685000000.0, Bogor,3.0,2.0,64.0,60.0,1.0,0.0,2.0,1.0666666666666667,5.0,1
438000000.0, Bogor,2.0,1.0,60.0,35.0,1.0,0.0,1.0,1.7142857142857142,3.0,1
438000000.0, Bogor,2.0,1.0,63.0,36.0,0.0,1.0,1.0,1.75,3.0,1
1090000000.0, Bogor,3.0,2.0,65.0,87.0,0.0,0.0,2.0,0.7471264367816092,5.0,1
570000000.0, Bogor,3.0,2.0,90.0,80.0,0.0,0.0,1.0,1.125,5.0,1
600000000.0, Bogor,3.0,2.0,112.0,100.0,0.0,0.0,1.0,1.12,5.0,1
435000000.0, Bogor,2.0,1.0,60.0,36.0,1.0,1.0,1.0,1.6666666666666667,3.0,1
960000000.0, Bogor,2.0,2.0,60.0,94.0,2.0,0.0,2.0,0.6382978723404256,4.0,1
466000000.0, Bogor,2.0,1.0,60.0,40.0,1.0,0.0,1.0,1.5,3.0,1
400000000.0, Bogor,2.0,1.0,60.0,40.0,1.0,0.0,1.0,1.5,3.0,1
400000000.0, Bogor,2.0,1.0,60.0,40.0,1.0,0.0,1.0,1.5,3.0,1
400000000.0, Bogor,2.0,1.0,60.0,40.0,1.0,0.0,1.0,1.5,3.0,1
500000000.0, Bogor,2.0,1.0,83.0,45.0,1.0,1.0,1.0,1.8444444444444446,3.0,1
1620000000.0, Bogor,5.0,2.0,104.0,180.0,1.0,0.0,3.0,0.5777777777777777,7.0,1
375000000.0, Bogor,2.0,1.0,60.0,45.0,1.0,0.0,1.0,1.3333333333333333,3.0,1
1620000000.0, Bogor,5.0,2.0,104.0,180.0,1.0,0.0,3.0,0.5777777777777777,7.0,1
810000000.0, Bogor,2.0,1.0,105.0,45.0,1.0,1.0,1.0,2.3333333333333335,3.0,1
1140000000.0, Bogor,3.0,2.0,84.0,76.0,1.0,1.0,2.0,1.105263157894737,5.0,1
1080000000.0, Bogor,3.0,2.0,84.0,84.0,1.0,1.0,2.0,1.0,5.0,1
195000000.0, Bogor,2.0,1.0,40.0,36.0,1.0,1.0,1.0,1.1111111111111112,3.0,1
500000000.0, Bogor,2.0,1.0,75.0,38.0,1.0,1.0,1.0,1.9736842105263157,3.0,1
100000000.0, Bogor,2.0,1.0,55.0,36.0,1.0,1.0,1.0,1.5277777777777777,3.0,1
200000000.0, Bogor,3.0,1.0,45.0,36.0,1.0,1.0,1.0,1.25,4.0,1
275000000.0, Bogor,2.0,1.0,60.0,40.0,1.0,1.0,1.0,1.5,3.0,1
400000000.0, Bogor,2.0,1.0,84.0,45.0,1.0,2.0,1.0,1.8666666666666667,3.0,1
400000000.0, Bogor,2.0,1.0,84.0,45.0,1.0,2.0,1.0,1.8666666666666667,3.0,1
456000000.0, Bogor,2.0,1.0,72.0,39.0,0.0,0.0,1.0,1.8461538461538463,3.0,1
473000000.0, Bogor,2.0,1.0,72.0,36.0,0.0,0.0,1.0,2.0,3.0,1
275000000.0, Bogor,2.0,1.0,60.0,40.0,1.0,1.0,1.0,1.5,3.0,1
275000000.0, Bogor,2.0,1.0,60.0,40.0,1.0,1.0,1.0,1.5,3.0,1
160000000.0, Bogor,2.0,1.0,42.0,42.0,1.0,1.0,1.0,1.0,3.0,1
399000000.0, Bogor,2.0,1.0,60.0,40.0,0.0,0.0,1.0,1.5,3.0,1
225000000.0, Bogor,2.0,1.0,60.0,36.0,1.0,0.0,1.0,1.6666666666666667,3.0,1
790000000.0, Bogor,4.0,4.0,150.0,147.0,1.0,0.0,2.0,1.0204081632653061,8.0,1
150000000.0, Bogor,2.0,1.0,55.0,36.0,1.0,1.0,1.0,1.5277777777777777,3.0,1
135000000.0, Bogor,3.0,1.0,38.0,38.0,0.0,0.0,1.0,1.0,4.0,1
437000000.0, Bogor,2.0,1.0,113.0,36.0,1.0,0.0,1.0,3.138888888888889,3.0,1
250000000.0, Bogor,2.0,1.0,60.0,55.0,0.0,0.0,1.0,1.0909090909090908,3.0,1
125000000.0, Bogor,2.0,1.0,30.0,30.0,0.0,0.0,1.0,1.0,3.0,1
135000000.0, Bogor,2.0,1.0,38.0,38.0,0.0,0.0,1.0,1.0,3.0,1
100000000.0, Bogor,2.0,1.0,55.0,36.0,1.0,1.0,1.0,1.5277777777777777,3.0,1
150000000.0, Bogor,2.0,1.0,40.0,40.0,0.0,0.0,1.0,1.0,3.0,1
100000000.0, Bogor,2.0,1.0,55.0,36.0,0.0,1.0,1.0,1.5277777777777777,3.0,1
172000000.0, Bogor,2.0,1.0,45.0,45.0,0.0,0.0,1.0,1.0,3.0,1
2400000000.0, Bogor,4.0,3.0,153.0,200.0,1.0,0.0,2.0,0.765,7.0,1
650000000.0, Bogor,2.0,1.0,66.0,33.0,1.0,1.0,1.0,2.0,3.0,1
1700000000.0, Bogor,2.0,2.0,84.0,96.0,1.0,0.0,2.0,0.875,4.0,1
650000000.0, Bogor,2.0,1.0,66.0,33.0,1.0,1.0,1.0,2.0,3.0,1
800000000.0, Bogor,3.0,2.0,101.0,45.0,0.0,1.0,1.0,2.2444444444444445,5.0,1
840000000.0, Bogor,2.0,1.0,84.0,48.0,1.0,0.0,1.0,1.75,3.0,1
945000000.0, Bogor,2.0,1.0,105.0,60.0,0.0,1.0,1.0,1.75,3.0,1
1020000000.0, Bogor,2.0,1.0,86.0,50.0,0.0,1.0,1.0,1.72,3.0,1
1080000000.0, Bogor,3.0,2.0,84.0,84.0,0.0,1.0,2.0,1.0,5.0,1
699000000.0, Bogor,2.0,1.0,88.0,40.0,1.0,0.0,1.0,2.2,3.0,1
810000000.0, Bogor,2.0,1.0,105.0,45.0,0.0,1.0,1.0,2.3333333333333335,3.0,1
1380000000.0, Bogor,3.0,2.0,105.0,150.0,1.0,1.0,2.0,0.7,5.0,1
699000000.0, Bogor,2.0,1.0,88.0,40.0,1.0,0.0,1.0,2.2,3.0,1
1500000000.0, Bogor,3.0,3.0,164.0,104.0,1.0,1.0,2.0,1.5769230769230769,6.0,1
1080000000.0, Bogor,3.0,2.0,84.0,84.0,0.0,1.0,2.0,1.0,5.0,1
810000000.0, Bogor,2.0,1.0,105.0,45.0,0.0,1.0,1.0,2.3333333333333335,3.0,1
1080000000.0, Bogor,3.0,2.0,84.0,84.0,0.0,1.0,2.0,1.0,5.0,1
780000000.0, Bogor,3.0,1.0,98.0,68.0,1.0,1.0,1.0,1.4411764705882353,4.0,1
800000000.0, Bogor,2.0,1.0,96.0,71.0,1.0,0.0,1.0,1.352112676056338,3.0,1
840000000.0, Bogor,3.0,4.0,90.0,180.0,1.0,0.0,2.0,0.5,7.0,1
699000000.0, Bogor,2.0,1.0,88.0,40.0,1.0,0.0,1.0,2.2,3.0,1
650000000.0, Bogor,2.0,1.0,88.0,53.0,1.0,0.0,1.0,1.6603773584905661,3.0,1
1140000000.0, Bogor,3.0,2.0,84.0,76.0,0.0,1.0,2.0,1.105263157894737,5.0,1
1140000000.0, Bogor,3.0,2.0,84.0,76.0,0.0,1.0,2.0,1.105263157894737,5.0,1
1380000000.0, Bogor,3.0,2.0,105.0,150.0,0.0,1.0,2.0,0.7,5.0,1
1080000000.0, Bogor,3.0,2.0,84.0,84.0,1.0,1.0,2.0,1.0,5.0,1
1140000000.0, Bogor,3.0,2.0,84.0,76.0,1.0,1.0,2.0,1.105263157894737,5.0,1
1140000000.0, Bogor,3.0,2.0,84.0,76.0,0.0,1.0,2.0,1.105263157894737,5.0,1
1380000000.0, Bogor,3.0,2.0,105.0,150.0,0.0,1.0,2.0,0.7,5.0,1
1620000000.0, Bogor,5.0,2.0,104.0,180.0,1.0,1.0,3.0,0.5777777777777777,7.0,1
810000000.0, Bogor,2.0,1.0,105.0,45.0,1.0,1.0,1.0,2.3333333333333335,3.0,1
695000000.0, Bogor,2.0,1.0,82.0,45.0,1.0,0.0,1.0,1.8222222222222222,3.0,1
450000000.0, Bogor,2.0,1.0,72.0,72.0,1.0,0.0,1.0,1.0,3.0,1
850000000.0, Bogor,3.0,1.0,131.0,177.0,0.0,1.0,2.0,0.7401129943502824,4.0,1
655000000.0, Bogor,2.0,1.0,78.0,36.0,1.0,0.0,1.0,2.1666666666666665,3.0,1
545000000.0, Bogor,2.0,1.0,68.0,36.0,0.0,0.0,1.0,1.8888888888888888,3.0,1
2000000000.0, Bogor,4.0,4.0,144.0,300.0,2.0,2.0,2.0,0.48,8.0,1
649000000.0, Bogor,2.0,1.0,68.0,36.0,1.0,0.0,1.0,1.8888888888888888,3.0,1
2900000000.0, Bogor,3.0,4.0,530.0,270.0,0.0,4.0,1.0,1.962962962962963,7.0,1
688000000.0, Bogor,2.0,1.0,74.0,36.0,1.0,0.0,1.0,2.0555555555555554,3.0,1
1350000000.0, Bogor,3.0,2.0,94.0,96.0,1.0,0.0,1.0,0.9791666666666666,5.0,1
400000000.0, Bogor,2.0,1.0,80.0,48.0,1.0,1.0,1.0,1.6666666666666667,3.0,1
200000000.0, Bogor,2.0,1.0,72.0,36.0,1.0,1.0,1.0,2.0,3.0,1
575000000.0, Bogor,3.0,2.0,88.0,55.0,1.0,0.0,1.0,1.6,5.0,1
1500000000.0, Bogor,4.0,3.0,200.0,400.0,2.0,0.0,2.0,0.5,7.0,1
644000000.0, Bogor,2.0,1.0,76.0,36.0,0.0,0.0,1.0,2.111111111111111,3.0,1
500000000.0, Bogor,3.0,2.0,60.0,54.0,2.0,2.0,2.0,1.1111111111111112,5.0,1
600000000.0, Bogor,3.0,2.0,70.0,54.0,2.0,2.0,2.0,1.2962962962962963,5.0,1
400000000.0, Bogor,2.0,1.0,61.0,40.0,1.0,0.0,1.0,1.525,3.0,1
400000000.0, Bogor,2.0,1.0,61.0,40.0,1.0,0.0,1.0,1.525,3.0,1
560000000.0, Bogor,2.0,1.0,64.0,40.0,1.0,0.0,1.0,1.6,3.0,1
600000000.0, Bogor,3.0,2.0,70.0,54.0,2.0,2.0,2.0,1.2962962962962963,5.0,1
655000000.0, Bogor,2.0,1.0,78.0,36.0,1.0,0.0,1.0,2.1666666666666665,3.0,1
500000000.0, Bogor,3.0,2.0,60.0,54.0,2.0,2.0,2.0,1.1111111111111112,5.0,1
600000000.0, Bogor,3.0,2.0,70.0,54.0,2.0,2.0,2.0,1.2962962962962963,5.0,1
999000000.0, Bogor,3.0,2.0,72.0,90.0,1.0,0.0,2.0,0.8,5.0,1
750000000.0, Bogor,3.0,2.0,105.0,90.0,1.0,0.0,1.0,1.1666666666666667,5.0,1
185000000.0, Bogor,2.0,1.0,50.0,36.0,1.0,0.0,1.0,1.3888888888888888,3.0,1
500000000.0, Bogor,3.0,2.0,60.0,54.0,2.0,2.0,2.0,1.1111111111111112,5.0,1
590000000.0, Bogor,2.0,1.0,72.0,45.0,1.0,1.0,1.0,1.6,3.0,1
599000000.0, Bogor,2.0,1.0,72.0,45.0,1.0,1.0,1.0,1.6,3.0,1
514000000.0, Bogor,2.0,1.0,72.0,42.0,1.0,0.0,1.0,1.7142857142857142,3.0,1
624000000.0, Bogor,2.0,1.0,84.0,48.0,1.0,1.0,1.0,1.75,3.0,1
624000000.0, Bogor,2.0,1.0,84.0,48.0,1.0,1.0,1.0,1.75,3.0,1
494000000.0, Bogor,2.0,1.0,69.0,41.0,1.0,1.0,1.0,1.6829268292682926,3.0,1
594000000.0, Bogor,2.0,1.0,72.0,45.0,1.0,1.0,1.0,1.6,3.0,1
499000000.0, Bogor,2.0,1.0,63.0,41.0,1.0,1.0,1.0,1.5365853658536586,3.0,1
499000000.0, Bogor,2.0,1.0,63.0,41.0,1.0,1.0,1.0,1.5365853658536586,3.0,1
599000000.0, Bogor,2.0,1.0,72.0,45.0,1.0,1.0,1.0,1.6,3.0,1
599000000.0, Bogor,2.0,1.0,72.0,45.0,1.0,1.0,1.0,1.6,3.0,1
1100000000.0, Bogor,3.0,2.0,84.0,84.0,0.0,1.0,2.0,1.0,5.0,1
600000000.0, Bogor,2.0,1.0,77.0,36.0,1.0,0.0,1.0,2.138888888888889,3.0,1
470000000.0, Bogor,2.0,1.0,147.0,40.0,1.0,1.0,1.0,3.675,3.0,1
470000000.0, Bogor,2.0,1.0,147.0,40.0,1.0,1.0,1.0,3.675,3.0,1
780000000.0, Bogor,2.0,1.0,105.0,55.0,1.0,0.0,1.0,1.9090909090909092,3.0,1
752000000.0, Bogor,3.0,2.0,82.0,80.0,0.0,0.0,1.0,1.025,5.0,1
700000000.0, Bogor,3.0,3.0,90.0,80.0,2.0,1.0,2.0,1.125,6.0,1
650000000.0, Bogor,2.0,1.0,66.0,33.0,1.0,1.0,1.0,2.0,3.0,1
1350000000.0, Bogor,4.0,3.0,135.0,90.0,2.0,0.0,2.0,1.5,7.0,1
1350000000.0, Bogor,3.0,2.0,94.0,96.0,1.0,0.0,1.0,0.9791666666666666,5.0,1
4000000000.0, Bogor,3.0,2.0,377.0,277.0,0.0,0.0,1.0,1.3610108303249098,5.0,1
5000000000.0, Bogor,4.0,4.0,746.0,369.0,7.0,0.0,2.0,2.021680216802168,8.0,1
7500000000.0, Bogor,4.0,3.0,1720.0,700.0,2.0,0.0,2.0,2.4571428571428573,7.0,1
770000000.0, Bogor,3.0,2.0,77.0,60.0,1.0,1.0,2.0,1.2833333333333334,5.0,1
5200000000.0, Bogor,5.0,4.0,983.0,1200.0,6.0,0.0,2.0,0.8191666666666667,9.0,1
1500000000.0, Bogor,3.0,3.0,144.0,150.0,1.0,0.0,2.0,0.96,6.0,1
2400000000.0, Bogor,4.0,3.0,153.0,200.0,0.0,1.0,2.0,0.765,7.0,1
650000000.0, Bogor,2.0,1.0,66.0,33.0,1.0,1.0,1.0,2.0,3.0,1
650000000.0, Bogor,2.0,1.0,66.0,33.0,1.0,1.0,1.0,2.0,3.0,1
650000000.0, Bogor,2.0,1.0,66.0,33.0,1.0,1.0,1.0,2.0,3.0,1
1440000000.0, Bogor,3.0,2.0,90.0,110.0,1.0,1.0,2.0,0.8181818181818182,5.0,1
1890000000.0, Bogor,2.0,3.0,112.0,110.0,0.0,1.0,2.0,1.018181818181818,5.0,1
2380000000.0, Bogor,2.0,3.0,144.0,136.0,2.0,0.0,2.0,1.0588235294117647,5.0,1
1980000000.0, Bogor,6.0,3.0,120.0,155.0,0.0,1.0,2.0,0.7741935483870968,9.0,1
7000000000.0, Bogor,7.0,5.0,940.0,450.0,3.0,2.0,2.0,2.088888888888889,12.0,1
2040000000.0, Bogor,4.0,3.0,180.0,120.0,2.0,2.0,2.0,1.5,7.0,1
1980000000.0, Bogor,6.0,3.0,120.0,155.0,0.0,1.0,2.0,0.7741935483870968,9.0,1
1440000000.0, Bogor,4.0,2.0,198.0,150.0,1.0,1.0,2.0,1.32,6.0,1
1980000000.0, Bogor,6.0,3.0,120.0,155.0,0.0,1.0,2.0,0.7741935483870968,9.0,1
1440000000.0, Bogor,4.0,2.0,198.0,150.0,1.0,1.0,2.0,1.32,6.0,1
1440000000.0, Bogor,4.0,2.0,198.0,150.0,1.0,1.0,2.0,1.32,6.0,1
1980000000.0, Bogor,6.0,3.0,120.0,155.0,1.0,1.0,2.0,0.7741935483870968,9.0,1
1440000000.0, Bogor,4.0,2.0,198.0,150.0,1.0,1.0,2.0,1.32,6.0,1
2000000000.0, Bogor,5.0,2.0,198.0,230.0,1.0,0.0,2.0,0.8608695652173913,7.0,1
587000000.0, Bogor,3.0,1.0,60.0,60.0,1.0,0.0,2.0,1.0,4.0,1
500000000.0, Bogor,2.0,1.0,78.0,50.0,0.0,0.0,1.0,1.56,3.0,1
1350000000.0, Bogor,3.0,2.0,94.0,96.0,1.0,0.0,1.0,0.9791666666666666,5.0,1
630000000.0, Bogor,2.0,1.0,36.0,90.0,2.0,0.0,1.0,0.4,3.0,1
5000000000.0, Bogor,4.0,2.0,808.0,350.0,0.0,0.0,1.0,2.3085714285714287,6.0,1
633000000.0, Bogor,2.0,1.0,72.0,36.0,0.0,1.0,1.0,2.0,3.0,1
4320000000.0, Bogor,4.0,4.0,216.0,307.0,2.0,0.0,2.0,0.7035830618892508,8.0,1
3550000000.0, Bogor,4.0,3.0,180.0,249.0,2.0,0.0,2.0,0.7228915662650602,7.0,1
569000000.0, Bogor,4.0,2.0,82.0,70.0,1.0,0.0,2.0,1.1714285714285715,6.0,1
467000000.0, Bogor,2.0,2.0,60.0,49.0,0.0,1.0,2.0,1.2244897959183674,4.0,1
570000000.0, Bogor,4.0,2.0,82.0,70.0,1.0,1.0,2.0,1.1714285714285715,6.0,1
2400000000.0, Bogor,4.0,3.0,153.0,200.0,0.0,1.0,2.0,0.765,7.0,1
2400000000.0, Bogor,4.0,3.0,153.0,200.0,0.0,1.0,2.0,0.765,7.0,1
2400000000.0, Bogor,4.0,3.0,153.0,200.0,1.0,1.0,2.0,0.765,7.0,1
2400000000.0, Bogor,4.0,3.0,153.0,200.0,1.0,1.0,2.0,0.765,7.0,1
2500000000.0, Bogor,5.0,4.0,270.0,250.0,0.0,3.0,2.0,1.08,9.0,1
2040000000.0, Bogor,4.0,3.0,180.0,120.0,0.0,2.0,2.0,1.5,7.0,1
2040000000.0, Bogor,3.0,3.0,128.0,200.0,1.0,0.0,2.0,0.64,6.0,1
2040000000.0, Bogor,3.0,3.0,128.0,200.0,1.0,0.0,2.0,0.64,6.0,1
2040000000.0, Bogor,3.0,3.0,128.0,200.0,1.0,0.0,2.0,0.64,6.0,1
2040000000.0, Bogor,3.0,3.0,128.0,200.0,1.0,0.0,2.0,0.64,6.0,1
1100000000.0, Bogor,3.0,2.0,84.0,155.0,1.0,0.0,2.0,0.5419354838709678,5.0,1
1440000000.0, Bogor,4.0,3.0,126.0,180.0,1.0,0.0,2.0,0.7,7.0,1
1440000000.0, Bogor,4.0,3.0,126.0,180.0,1.0,0.0,2.0,0.7,7.0,1
1440000000.0, Bogor,4.0,2.0,198.0,150.0,1.0,0.0,2.0,1.32,6.0,1
780000000.0, Bogor,3.0,2.0,116.0,85.0,1.0,1.0,1.0,1.3647058823529412,5.0,1
1980000000.0, Bogor,6.0,3.0,120.0,155.0,1.0,1.0,2.0,0.7741935483870968,9.0,1
1440000000.0, Bogor,4.0,3.0,126.0,180.0,1.0,1.0,2.0,0.7,7.0,1
1000000000.0, Bogor,7.0,6.0,309.0,300.0,3.0,0.0,2.0,1.03,13.0,1
1350000000.0, Bogor,3.0,2.0,94.0,96.0,1.0,0.0,1.0,0.9791666666666666,5.0,1
530000000.0, Bogor,3.0,2.0,64.0,54.0,2.0,2.0,2.0,1.1851851851851851,5.0,1
784000000.0, Bogor,3.0,3.0,90.0,80.0,1.0,0.0,2.0,1.125,6.0,1
4500000000.0, Bogor,4.0,4.0,366.0,450.0,1.0,2.0,1.0,0.8133333333333334,8.0,1
3600000000.0, Bogor,4.0,4.0,625.0,350.0,2.0,1.0,2.0,1.7857142857142858,8.0,1
890000000.0, Bogor,2.0,2.0,60.0,55.0,1.0,0.0,2.0,1.0909090909090908,4.0,1
810000000.0, Bogor,2.0,1.0,90.0,45.0,1.0,0.0,1.0,2.0,3.0,1
630000000.0, Bogor,2.0,1.0,84.0,70.0,1.0,1.0,1.0,1.2,3.0,1
2550000000.0, Bogor,3.0,3.0,165.0,160.0,1.0,1.0,2.0,1.03125,6.0,1
468000000.0, Bogor,3.0,2.0,109.0,90.0,1.0,0.0,1.0,1.211111111111111,5.0,1
1350000000.0, Bogor,3.0,2.0,94.0,96.0,1.0,0.0,1.0,0.9791666666666666,5.0,1
570000000.0, Bogor,2.0,1.0,69.0,72.0,1.0,1.0,1.0,0.9583333333333334,3.0,1
3800000000.0, Bogor,4.0,2.0,230.0,300.0,0.0,0.0,2.0,0.7666666666666667,6.0,1
3800000000.0, Bogor,4.0,2.0,230.0,300.0,0.0,0.0,2.0,0.7666666666666667,6.0,1
3000000000.0, Bogor,3.0,2.0,215.0,200.0,2.0,0.0,2.0,1.075,5.0,1
2000000000.0, Bogor,3.0,3.0,120.0,160.0,1.0,0.0,2.0,0.75,6.0,1
2400000000.0, Bogor,2.0,2.0,200.0,150.0,0.0,2.0,2.0,1.3333333333333333,4.0,1
388000000.0, Bogor,2.0,1.0,120.0,50.0,1.0,0.0,1.0,2.4,3.0,1
4600000000.0, Bogor,4.0,3.0,180.0,237.0,2.0,0.0,3.0,0.759493670886076,7.0,1
546000000.0, Bogor,2.0,1.0,60.0,30.0,1.0,0.0,1.0,2.0,3.0,1
1000000000.0, Bogor,5.0,2.0,168.0,155.0,1.0,0.0,1.0,1.0838709677419356,7.0,1
1680000000.0, Bogor,3.0,2.0,186.0,110.0,2.0,0.0,2.0,1.690909090909091,5.0,1
2550000000.0, Bogor,3.0,3.0,165.0,160.0,0.0,1.0,2.0,1.03125,6.0,1
2550000000.0, Bogor,3.0,3.0,165.0,160.0,1.0,1.0,2.0,1.03125,6.0,1
1680000000.0, Bogor,3.0,2.0,200.0,90.0,1.0,1.0,1.0,2.2222222222222223,5.0,1
1680000000.0, Bogor,3.0,2.0,186.0,110.0,1.0,0.0,2.0,1.690909090909091,5.0,1
2550000000.0, Bogor,3.0,3.0,165.0,160.0,0.0,1.0,2.0,1.03125,6.0,1
1680000000.0, Bogor,3.0,2.0,186.0,110.0,1.0,0.0,2.0,1.690909090909091,5.0,1
2550000000.0, Bogor,3.0,3.0,165.0,160.0,0.0,1.0,2.0,1.03125,6.0,1
1680000000.0, Bogor,3.0,2.0,200.0,90.0,0.0,1.0,1.0,2.2222222222222223,5.0,1
1680000000.0, Bogor,3.0,2.0,186.0,110.0,2.0,0.0,2.0,1.690909090909091,5.0,1
1680000000.0, Bogor,3.0,2.0,186.0,110.0,2.0,0.0,2.0,1.690909090909091,5.0,1
1680000000.0, Bogor,3.0,2.0,200.0,90.0,2.0,0.0,1.0,2.2222222222222223,5.0,1
1350000000.0, Bogor,3.0,2.0,94.0,96.0,0.0,0.0,1.0,0.9791666666666666,5.0,1
1400000000.0, Bogor,4.0,3.0,120.0,100.0,1.0,0.0,2.0,1.2,7.0,1
2040000000.0, Bogor,4.0,3.0,180.0,120.0,0.0,2.0,2.0,1.5,7.0,1
275000000.0, Bogor,2.0,1.0,60.0,36.0,1.0,0.0,1.0,1.6666666666666667,3.0,1
275000000.0, Bogor,2.0,1.0,60.0,36.0,1.0,1.0,1.0,1.6666666666666667,3.0,1
1680000000.0, Bogor,3.0,2.0,200.0,90.0,0.0,1.0,1.0,2.2222222222222223,5.0,1
5000000000.0, Bogor,4.0,4.0,330.0,525.0,3.0,1.0,2.0,0.6285714285714286,8.0,1
1500000000.0, Bogor,3.0,2.0,128.0,99.0,2.0,0.0,2.0,1.292929292929293,5.0,1
1450000000.0, Bogor,3.0,2.0,120.0,90.0,0.0,0.0,2.0,1.3333333333333333,5.0,1
2650000000.0, Bogor,3.0,2.0,200.0,240.0,1.0,0.0,2.0,0.8333333333333334,5.0,1
1350000000.0, Bogor,3.0,2.0,94.0,96.0,1.0,0.0,1.0,0.9791666666666666,5.0,1
3500000000.0, Bogor,4.0,3.0,300.0,350.0,0.0,0.0,2.0,0.8571428571428571,7.0,1
1250000000.0, Bogor,3.0,2.0,105.0,110.0,0.0,0.0,2.0,0.9545454545454546,5.0,1
1600000000.0, Bogor,4.0,3.0,144.0,170.0,2.0,0.0,2.0,0.8470588235294118,7.0,1
1450000000.0, Bogor,3.0,2.0,105.0,140.0,0.0,0.0,2.0,0.75,5.0,1
3800000000.0, Bogor,5.0,3.0,220.0,300.0,0.0,0.0,2.0,0.7333333333333333,8.0,1
3800000000.0, Bogor,5.0,3.0,220.0,300.0,0.0,0.0,2.0,0.7333333333333333,8.0,1
3500000000.0, Bogor,4.0,3.0,375.0,400.0,4.0,2.0,2.0,0.9375,7.0,1
1450000000.0, Bogor,3.0,2.0,105.0,140.0,2.0,0.0,2.0,0.75,5.0,1
1030000000.0, Bogor,2.0,1.0,105.0,70.0,1.0,0.0,1.0,1.5,3.0,1
1200000000.0, Bogor,3.0,2.0,105.0,120.0,1.0,0.0,2.0,0.875,5.0,1
2950000000.0, Bogor,4.0,4.0,200.0,200.0,1.0,0.0,1.0,1.0,8.0,1
2650000000.0, Bogor,4.0,3.0,160.0,232.0,2.0,1.0,2.0,0.6896551724137931,7.0,1
1700000000.0, Bogor,4.0,2.0,144.0,220.0,2.0,0.0,2.0,0.6545454545454545,6.0,1
1700000000.0, Bogor,4.0,2.0,144.0,220.0,2.0,0.0,2.0,0.6545454545454545,6.0,1
1200000000.0, Bogor,3.0,3.0,105.0,120.0,1.0,0.0,2.0,0.875,6.0,1
700000000.0, Bogor,2.0,1.0,90.0,45.0,1.0,0.0,1.0,2.0,3.0,1
699000000.0, Bogor,2.0,1.0,90.0,45.0,1.0,0.0,1.0,2.0,3.0,1
4100000000.0, Bogor,4.0,4.0,180.0,237.0,2.0,0.0,3.0,0.759493670886076,8.0,1
7600000000.0, Bogor,4.0,4.0,300.0,381.0,2.0,2.0,3.0,0.7874015748031497,8.0,1
6300000000.0, Bogor,4.0,4.0,240.0,333.0,2.0,1.0,3.0,0.7207207207207207,8.0,1
1150000000.0, Bogor,2.0,1.0,105.0,45.0,1.0,0.0,1.0,2.3333333333333335,3.0,1
4600000000.0, Bogor,4.0,3.0,180.0,237.0,2.0,0.0,3.0,0.759493670886076,7.0,1
900000000.0, Bogor,3.0,1.0,81.0,81.0,0.0,1.0,1.0,1.0,4.0,1
1350000000.0, Bogor,3.0,2.0,94.0,96.0,1.0,0.0,1.0,0.9791666666666666,5.0,1
900000000.0, Bogor,3.0,2.0,70.0,90.0,1.0,0.0,2.0,0.7777777777777778,5.0,1
1440000000.0, Bogor,4.0,3.0,126.0,180.0,1.0,0.0,2.0,0.7,7.0,1
1440000000.0, Bogor,4.0,3.0,126.0,180.0,1.0,0.0,2.0,0.7,7.0,1
755000000.0, Bogor,3.0,2.0,78.0,60.0,1.0,0.0,2.0,1.3,5.0,1
785000000.0, Bogor,3.0,2.0,85.0,60.0,1.0,0.0,2.0,1.4166666666666667,5.0,1
685000000.0, Bogor,3.0,2.0,64.0,60.0,1.0,0.0,2.0,1.0666666666666667,5.0,1
830000000.0, Bogor,3.0,2.0,112.0,75.0,1.0,0.0,1.0,1.4933333333333334,5.0,1
830000000.0, Bogor,3.0,2.0,112.0,75.0,1.0,0.0,1.0,1.4933333333333334,5.0,1
725000000.0, Bogor,2.0,1.0,84.0,36.0,1.0,0.0,1.0,2.3333333333333335,3.0,1
1620000000.0, Bogor,5.0,2.0,104.0,180.0,1.0,0.0,3.0,0.5777777777777777,7.0,1
400000000.0, Bogor,2.0,1.0,72.0,36.0,1.0,1.0,1.0,2.0,3.0,1
280000000.0, Bogor,2.0,1.0,50.0,40.0,1.0,0.0,1.0,1.25,3.0,1
495000000.0, Bogor,2.0,1.0,96.0,50.0,0.0,0.0,1.0,1.92,3.0,1
780000000.0, Bogor,2.0,1.0,105.0,55.0,1.0,0.0,1.0,1.9090909090909092,3.0,1
780000000.0, Bogor,2.0,1.0,105.0,55.0,1.0,0.0,1.0,1.9090909090909092,3.0,1
2600000000.0, Bogor,4.0,4.0,350.0,370.0,4.0,4.0,2.0,0.9459459459459459,8.0,1
1650000000.0, Bogor,3.0,1.0,154.0,100.0,1.0,0.0,1.0,1.54,4.0,1
1350000000.0, Bogor,3.0,2.0,94.0,96.0,1.0,0.0,1.0,0.9791666666666666,5.0,1
975000000.0, Bogor,3.0,2.0,148.0,140.0,1.0,1.0,2.0,1.0571428571428572,5.0,1
975000000.0, Bogor,3.0,2.0,148.0,140.0,2.0,0.0,2.0,1.0571428571428572,5.0,1
992000000.0, Bogor,2.0,2.0,75.0,84.0,0.0,0.0,2.0,0.8928571428571429,4.0,1
2040000000.0, Bogor,4.0,3.0,180.0,120.0,0.0,2.0,2.0,1.5,7.0,1
2040000000.0, Bogor,4.0,3.0,180.0,120.0,2.0,2.0,2.0,1.5,7.0,1
1000000000.0, Bogor,2.0,2.0,210.0,67.0,1.0,0.0,1.0,3.1343283582089554,4.0,1
2650000000.0, Bogor,3.0,3.0,347.0,303.0,1.0,2.0,2.0,1.1452145214521452,6.0,1
3900000000.0, Bogor,4.0,4.0,508.0,278.0,2.0,0.0,2.0,1.8273381294964028,8.0,1
2040000000.0, Bogor,3.0,3.0,128.0,200.0,1.0,0.0,2.0,0.64,6.0,1
798000000.0, Bogor,2.0,2.0,60.0,61.0,2.0,0.0,2.0,0.9836065573770492,4.0,1
590000000.0, Bogor,2.0,2.0,60.0,40.0,2.0,0.0,2.0,1.5,4.0,1
749000000.0, Bogor,3.0,1.0,72.0,48.0,1.0,0.0,1.0,1.5,4.0,1
674000000.0, Bogor,2.0,1.0,72.0,39.0,1.0,0.0,1.0,1.8461538461538463,3.0,1
516000000.0, Bogor,2.0,1.0,60.0,27.0,1.0,0.0,1.0,2.2222222222222223,3.0,1
516000000.0, Bogor,2.0,1.0,60.0,27.0,1.0,0.0,1.0,2.2222222222222223,3.0,1
655000000.0, Bogor,3.0,2.0,64.0,60.0,1.0,2.0,2.0,1.0666666666666667,5.0,1
782000000.0, Bogor,2.0,2.0,60.0,61.0,2.0,0.0,2.0,0.9836065573770492,4.0,1
460000000.0, Bogor,2.0,1.0,27.0,60.0,0.0,0.0,1.0,0.45,3.0,1
800000000.0, Bogor,2.0,2.0,60.0,61.0,2.0,2.0,1.0,0.9836065573770492,4.0,1
475000000.0, Bogor,2.0,1.0,72.0,36.0,0.0,0.0,1.0,2.0,3.0,1
450000000.0, Bogor,2.0,1.0,72.0,36.0,1.0,0.0,1.0,2.0,3.0,1
400000000.0, Bogor,2.0,2.0,120.0,90.0,1.0,0.0,1.0,1.3333333333333333,4.0,1
470000000.0, Bogor,2.0,1.0,147.0,40.0,1.0,1.0,1.0,3.675,3.0,1
470000000.0, Bogor,2.0,1.0,147.0,40.0,1.0,1.0,1.0,3.675,3.0,1
168000000.0, Bogor,1.0,1.0,66.0,24.0,0.0,0.0,1.0,2.75,2.0,1
400000000.0, Bogor,2.0,1.0,60.0,40.0,1.0,0.0,1.0,1.5,3.0,1
400000000.0, Bogor,2.0,1.0,60.0,40.0,1.0,0.0,1.0,1.5,3.0,1
500000000.0, Bogor,2.0,2.0,60.0,48.0,1.0,1.0,1.0,1.25,4.0,1
1350000000.0, Bogor,3.0,2.0,94.0,96.0,1.0,0.0,2.0,0.9791666666666666,5.0,1
619000000.0, Bogor,2.0,1.0,90.0,36.0,1.0,1.0,1.0,2.5,3.0,1
551000000.0, Bogor,2.0,1.0,70.0,36.0,1.0,1.0,1.0,1.9444444444444444,3.0,1
551000000.0, Bogor,2.0,1.0,70.0,36.0,1.0,1.0,1.0,1.9444444444444444,3.0,1
551000000.0, Bogor,2.0,1.0,70.0,36.0,1.0,1.0,1.0,1.9444444444444444,3.0,1
875000000.0, Bogor,2.0,2.0,105.0,56.0,0.0,0.0,1.0,1.875,4.0,1
908000000.0, Bogor,2.0,1.0,125.0,48.0,1.0,1.0,1.0,2.6041666666666665,3.0,1
651000000.0, Bogor,2.0,1.0,84.0,45.0,1.0,0.0,1.0,1.8666666666666667,3.0,1
651000000.0, Bogor,2.0,1.0,84.0,45.0,1.0,0.0,1.0,1.8666666666666667,3.0,1
651000000.0, Bogor,2.0,1.0,84.0,45.0,1.0,0.0,1.0,1.8666666666666667,3.0,1
651000000.0, Bogor,2.0,1.0,84.0,45.0,1.0,0.0,1.0,1.8666666666666667,3.0,1
651000000.0, Bogor,2.0,1.0,84.0,45.0,1.0,0.0,1.0,1.8666666666666667,3.0,1
1070000000.0, Bogor,3.0,3.0,84.0,95.0,1.0,1.0,1.0,0.8842105263157894,6.0,1
535000000.0, Bogor,2.0,1.0,70.0,36.0,1.0,0.0,1.0,1.9444444444444444,3.0,1
535000000.0, Bogor,2.0,1.0,70.0,36.0,1.0,0.0,1.0,1.9444444444444444,3.0,1
535000000.0, Bogor,2.0,1.0,70.0,36.0,1.0,0.0,1.0,1.9444444444444444,3.0,1
551000000.0, Bogor,2.0,1.0,70.0,36.0,1.0,0.0,1.0,1.9444444444444444,3.0,1
551000000.0, Bogor,2.0,1.0,70.0,36.0,1.0,0.0,1.0,1.9444444444444444,3.0,1
551000000.0, Bogor,2.0,1.0,70.0,36.0,1.0,0.0,1.0,1.9444444444444444,3.0,1
661000000.0, Bogor,2.0,1.0,84.0,40.0,1.0,0.0,1.0,2.1,3.0,1
1160000000.0, Bogor,3.0,3.0,84.0,95.0,1.0,0.0,1.0,0.8842105263157894,6.0,1
921000000.0, Bogor,2.0,1.0,125.0,48.0,1.0,2.0,1.0,2.6041666666666665,3.0,1
500000000.0, Bogor,2.0,1.0,72.0,36.0,1.0,1.0,1.0,2.0,3.0,1
650000000.0, Bogor,2.0,1.0,90.0,51.0,2.0,0.0,1.0,1.7647058823529411,3.0,1
551000000.0, Bogor,2.0,1.0,70.0,36.0,1.0,0.0,1.0,1.9444444444444444,3.0,1
980000000.0, Bogor,2.0,1.0,125.0,48.0,1.0,0.0,1.0,2.6041666666666665,3.0,1
655000000.0, Bogor,3.0,2.0,64.0,60.0,1.0,2.0,2.0,1.0666666666666667,5.0,1
800000000.0, Bogor,2.0,1.0,60.0,42.0,1.0,1.0,1.0,1.4285714285714286,3.0,1
1200000000.0, Bogor,3.0,2.0,165.0,74.0,1.0,1.0,2.0,2.22972972972973,5.0,1
700000000.0, Bogor,3.0,2.0,68.0,62.0,1.0,1.0,2.0,1.096774193548387,5.0,1
1350000000.0, Bogor,3.0,2.0,94.0,96.0,1.0,0.0,1.0,0.9791666666666666,5.0,1
685000000.0, Bogor,3.0,2.0,64.0,60.0,1.0,0.0,2.0,1.0666666666666667,5.0,1
514000000.0, Bogor,2.0,1.0,60.0,22.0,0.0,0.0,1.0,2.727272727272727,3.0,1
798000000.0, Bogor,3.0,2.0,72.0,70.0,2.0,0.0,2.0,1.0285714285714285,5.0,1
75000000.0, Bogor,2.0,1.0,60.0,30.0,1.0,1.0,1.0,2.0,3.0,1
455000000.0, Bogor,2.0,1.0,65.0,36.0,0.0,0.0,1.0,1.8055555555555556,3.0,1
931000000.0, Bogor,2.0,2.0,60.0,72.0,2.0,0.0,2.0,0.8333333333333334,4.0,1
410000000.0, Bogor,2.0,1.0,60.0,36.0,1.0,0.0,1.0,1.6666666666666667,3.0,1
900000000.0, Bogor,3.0,2.0,70.0,90.0,1.0,0.0,2.0,0.7777777777777778,5.0,1
440000000.0, Bogor,2.0,1.0,61.0,40.0,0.0,0.0,1.0,1.525,3.0,1
470000000.0, Bogor,2.0,1.0,147.0,40.0,1.0,1.0,1.0,3.675,3.0,1
470000000.0, Bogor,2.0,1.0,147.0,40.0,1.0,1.0,1.0,3.675,3.0,1
466000000.0, Bogor,2.0,1.0,60.0,40.0,1.0,0.0,1.0,1.5,3.0,1
400000000.0, Bogor,2.0,1.0,60.0,40.0,1.0,0.0,1.0,1.5,3.0,1
400000000.0, Bogor,2.0,1.0,60.0,40.0,1.0,0.0,1.0,1.5,3.0,1
800000000.0, Bogor,3.0,2.0,70.0,60.0,1.0,0.0,2.0,1.1666666666666667,5.0,1
750000000.0, Bogor,3.0,2.0,70.0,60.0,1.0,0.0,2.0,1.1666666666666667,5.0,1
450000000.0, Bogor,2.0,1.0,72.0,36.0,1.0,0.0,1.0,2.0,3.0,1
390000000.0, Bogor,2.0,1.0,72.0,45.0,0.0,1.0,1.0,1.6,3.0,1
400000000.0, Bogor,2.0,1.0,72.0,36.0,1.0,1.0,1.0,2.0,3.0,1
330000000.0, Bogor,2.0,1.0,72.0,60.0,1.0,0.0,1.0,1.2,3.0,1
300000000.0, Bogor,2.0,1.0,72.0,60.0,1.0,1.0,1.0,1.2,3.0,1
265000000.0, Bogor,2.0,1.0,67.0,36.0,0.0,1.0,1.0,1.8611111111111112,3.0,1
499000000.0, Bogor,3.0,2.0,66.0,41.0,1.0,1.0,2.0,1.6097560975609757,5.0,1
225000000.0, Bogor,2.0,1.0,60.0,36.0,1.0,0.0,1.0,1.6666666666666667,3.0,1
2700000000.0, Bogor,5.0,5.0,180.0,450.0,0.0,2.0,3.0,0.4,10.0,1
300000000.0, Bogor,3.0,1.0,72.0,45.0,1.0,0.0,1.0,1.6,4.0,1
470000000.0, Bogor,2.0,1.0,147.0,40.0,1.0,1.0,1.0,3.675,3.0,1
470000000.0, Bogor,2.0,1.0,147.0,40.0,1.0,1.0,1.0,3.675,3.0,1
2500000000.0, Bogor,3.0,3.0,238.0,154.0,0.0,0.0,2.0,1.5454545454545454,6.0,1
7400000000.0, Bogor,3.0,3.0,924.0,220.0,2.0,2.0,2.0,4.2,6.0,1
5400000000.0, Bogor,3.0,2.0,600.0,220.0,4.0,2.0,2.0,2.727272727272727,5.0,1
5400000000.0, Bogor,3.0,3.0,600.0,220.0,2.0,1.0,2.0,2.727272727272727,6.0,1
2000000000.0, Bogor,6.0,2.0,250.0,200.0,6.0,0.0,1.0,1.25,8.0,1
395000000.0, Bogor,2.0,1.0,72.0,36.0,1.0,0.0,1.0,2.0,3.0,1
2250000000.0, Bogor,4.0,2.0,928.0,100.0,1.0,0.0,1.0,9.28,6.0,1
260000000.0, Bogor,4.0,2.0,100.0,70.0,0.0,0.0,1.0,1.4285714285714286,6.0,1
1350000000.0, Bogor,3.0,2.0,94.0,96.0,1.0,0.0,1.0,0.9791666666666666,5.0,1
2700000000.0, Bogor,37.0,15.0,500.0,350.0,0.0,0.0,1.0,1.4285714285714286,52.0,1
4400000000.0, Bogor,3.0,2.0,394.0,176.0,1.0,1.0,2.0,2.2386363636363638,5.0,1
1550000000.0, Bogor,3.0,2.0,170.0,90.0,1.0,0.0,2.0,1.8888888888888888,5.0,1
875000000.0, Bogor,2.0,1.0,105.0,80.0,1.0,0.0,1.0,1.3125,3.0,1
4800000000.0, Bogor,6.0,3.0,563.0,171.0,2.0,2.0,1.0,3.2923976608187133,9.0,1
1370000000.0, Bogor,3.0,2.0,195.0,149.0,0.0,0.0,1.0,1.308724832214765,5.0,1
1370000000.0, Bogor,3.0,3.0,195.0,149.0,0.0,1.0,2.0,1.308724832214765,6.0,1
1500000000.0, Bogor,3.0,2.0,136.0,168.0,1.0,0.0,2.0,0.8095238095238095,5.0,1
2200000000.0, Bogor,4.0,3.0,198.0,170.0,2.0,0.0,2.0,1.1647058823529413,7.0,1
2300000000.0, Bogor,4.0,3.0,240.0,250.0,3.0,1.0,1.0,0.96,7.0,1
1350000000.0, Bogor,3.0,2.0,94.0,96.0,1.0,0.0,1.0,0.9791666666666666,5.0,1
2900000000.0, Bogor,4.0,4.0,180.0,180.0,2.0,0.0,2.0,1.0,8.0,1
2500000000.0, Bogor,4.0,4.0,240.0,228.0,1.0,0.0,1.0,1.0526315789473684,8.0,1
1330000000.0, Bogor,3.0,2.0,160.0,88.0,2.0,0.0,1.0,1.8181818181818181,5.0,1
1250000000.0, Bogor,3.0,2.0,214.0,275.0,2.0,0.0,2.0,0.7781818181818182,5.0,1
575000000.0, Bogor,2.0,1.0,90.0,80.0,0.0,0.0,1.0,1.125,3.0,1
476000000.0, Bogor,2.0,1.0,86.0,40.0,1.0,0.0,1.0,2.15,3.0,1
1350000000.0, Bogor,3.0,2.0,94.0,96.0,1.0,0.0,1.0,0.9791666666666666,5.0,1
540000000.0, Bogor,2.0,1.0,85.0,45.0,1.0,0.0,1.0,1.8888888888888888,3.0,1
360000000.0, Bogor,2.0,1.0,72.0,36.0,1.0,0.0,1.0,2.0,3.0,1
451000000.0, Bogor,2.0,1.0,60.0,32.0,1.0,1.0,1.0,1.875,3.0,1
443000000.0, Bogor,2.0,1.0,60.0,36.0,1.0,1.0,1.0,1.6666666666666667,3.0,1
439000000.0, Bogor,2.0,1.0,60.0,36.0,1.0,1.0,1.0,1.6666666666666667,3.0,1
425000000.0, Bogor,2.0,1.0,60.0,36.0,1.0,1.0,1.0,1.6666666666666667,3.0,1
415000000.0, Bogor,2.0,1.0,60.0,36.0,1.0,1.0,1.0,1.6666666666666667,3.0,1
409000000.0, Bogor,2.0,1.0,60.0,36.0,0.0,1.0,1.0,1.6666666666666667,3.0,1
300000000.0, Bogor,2.0,1.0,84.0,42.0,1.0,0.0,1.0,2.0,3.0,1
470000000.0, Bogor,2.0,1.0,147.0,40.0,1.0,1.0,1.0,3.675,3.0,1
470000000.0, Bogor,2.0,1.0,147.0,40.0,1.0,1.0,1.0,3.675,3.0,1
599000000.0, Bogor,2.0,1.0,42.0,84.0,0.0,0.0,1.0,0.5,3.0,1
200000000.0, Bogor,2.0,1.0,50.0,36.0,1.0,1.0,1.0,1.3888888888888888,3.0,1
3800000000.0, Bogor,4.0,3.0,1337.0,144.0,1.0,1.0,1.0,9.284722222222221,7.0,1
650000000.0, Bogor,3.0,2.0,60.0,90.0,1.0,0.0,3.0,0.6666666666666666,5.0,1
1800000000.0, Bogor,4.0,2.0,487.0,250.0,0.0,0.0,2.0,1.948,6.0,1
6000000000.0, Bogor,4.0,4.0,4640.0,500.0,0.0,0.0,1.0,9.28,8.0,1
5000000000.0, Bogor,16.0,16.0,2500.0,500.0,0.0,0.0,1.0,5.0,32.0,1
7000000000.0, Bogor,4.0,3.0,4600.0,500.0,0.0,0.0,3.0,9.2,7.0,1
2500000000.0, Bogor,3.0,3.0,1500.0,1000.0,0.0,0.0,1.0,1.5,6.0,1
900000000.0, Bogor,4.0,2.0,150.0,100.0,0.0,0.0,1.0,1.5,6.0,1
1500000000.0, Bogor,3.0,2.0,1000.0,150.0,0.0,0.0,2.0,6.666666666666667,5.0,1
1350000000.0, Bogor,3.0,2.0,94.0,96.0,1.0,0.0,1.0,0.9791666666666666,5.0,1
5000000000.0, Bogor,16.0,8.0,3033.0,500.0,0.0,10.0,1.0,6.066,24.0,1
4200000000.0, Bogor,3.0,3.0,363.0,170.0,0.0,2.0,1.0,2.135294117647059,6.0,1
4850000000.0, Bogor,3.0,3.0,531.0,222.0,1.0,2.0,1.0,2.391891891891892,6.0,1
1350000000.0, Bogor,3.0,2.0,94.0,96.0,1.0,0.0,2.0,0.9791666666666666,5.0,1
1350000000.0, Bogor,3.0,2.0,94.0,96.0,1.0,0.0,1.0,0.9791666666666666,5.0,1
1350000000.0, Bogor,3.0,2.0,94.0,96.0,1.0,0.0,1.0,0.9791666666666666,5.0,1
1350000000.0, Bogor,3.0,2.0,94.0,96.0,1.0,0.0,1.0,0.9791666666666666,5.0,1
285000000.0, Bogor,2.0,1.0,60.0,36.0,0.0,1.0,1.0,1.6666666666666667,3.0,1
285000000.0, Bogor,2.0,1.0,60.0,36.0,1.0,1.0,1.0,1.6666666666666667,3.0,1
1350000000.0, Bogor,3.0,2.0,94.0,96.0,1.0,0.0,1.0,0.9791666666666666,5.0,1
459000000.0, Bogor,2.0,1.0,60.0,32.0,1.0,0.0,1.0,1.875,3.0,1
1350000000.0, Bogor,3.0,2.0,94.0,96.0,1.0,0.0,1.0,0.9791666666666666,5.0,1
1350000000.0, Bogor,3.0,2.0,94.0,96.0,1.0,0.0,1.0,0.9791666666666666,5.0,1
600000000.0, Bogor,2.0,1.0,102.0,102.0,1.0,0.0,1.0,1.0,3.0,1
2600000000.0, Bogor,3.0,3.0,202.0,186.0,2.0,2.0,2.0,1.086021505376344,6.0,1
1350000000.0, Bogor,3.0,2.0,94.0,96.0,1.0,0.0,1.0,0.9791666666666666,5.0,1
1350000000.0, Bogor,3.0,2.0,94.0,96.0,1.0,0.0,1.0,0.9791666666666666,5.0,1
835000000.0, Bogor,2.0,1.0,90.0,60.0,1.0,0.0,1.0,1.5,3.0,1
1350000000.0, Bogor,3.0,2.0,94.0,96.0,1.0,0.0,1.0,0.9791666666666666,5.0,1
879000000.0, Bogor,3.0,2.0,92.0,71.0,1.0,0.0,2.0,1.295774647887324,5.0,1
1350000000.0, Bogor,3.0,2.0,94.0,96.0,1.0,0.0,1.0,0.9791666666666666,5.0,1
1350000000.0, Bogor,3.0,2.0,94.0,96.0,1.0,0.0,1.0,0.9791666666666666,5.0,1
1350000000.0, Bogor,3.0,2.0,94.0,96.0,1.0,0.0,1.0,0.9791666666666666,5.0,1
1350000000.0, Bogor,3.0,2.0,94.0,96.0,1.0,0.0,1.0,0.9791666666666666,5.0,1
1350000000.0, Bogor,3.0,2.0,94.0,96.0,1.0,0.0,1.0,0.9791666666666666,5.0,1
900000000.0, Bogor,3.0,2.0,109.0,90.0,1.0,1.0,1.0,1.211111111111111,5.0,1
1350000000.0, Bogor,3.0,2.0,94.0,96.0,1.0,0.0,1.0,0.9791666666666666,5.0,1
1350000000.0, Bogor,3.0,2.0,94.0,96.0,1.0,0.0,1.0,0.9791666666666666,5.0,1
1350000000.0, Bogor,3.0,2.0,94.0,96.0,1.0,0.0,1.0,0.9791666666666666,5.0,1
1350000000.0, Bogor,3.0,2.0,94.0,96.0,1.0,0.0,1.0,0.9791666666666666,5.0,1
1350000000.0, Bogor,3.0,2.0,94.0,96.0,1.0,0.0,1.0,0.9791666666666666,5.0,1
1350000000.0, Bogor,3.0,2.0,94.0,96.0,1.0,0.0,1.0,0.9791666666666666,5.0,1
1350000000.0, Bogor,3.0,2.0,94.0,96.0,1.0,0.0,1.0,0.9791666666666666,5.0,1
1500000000.0, Bogor,4.0,2.0,150.0,100.0,2.0,0.0,2.0,1.5,6.0,1
628000000.0, Bogor,3.0,2.0,60.0,63.0,2.0,0.0,2.0,0.9523809523809523,5.0,1
595000000.0, Bogor,2.0,1.0,90.0,45.0,1.0,0.0,1.0,2.0,3.0,1
1900000000.0, Bogor,3.0,2.0,266.0,255.0,1.0,0.0,1.0,1.0431372549019609,5.0,1
685000000.0, Bogor,3.0,2.0,64.0,60.0,1.0,0.0,2.0,1.0666666666666667,5.0,1
285000000.0, Bogor,2.0,1.0,66.0,45.0,1.0,1.0,1.0,1.4666666666666666,3.0,1
400000000.0, Bogor,2.0,1.0,60.0,40.0,1.0,0.0,1.0,1.5,3.0,1
800000000.0, Bogor,3.0,2.0,70.0,60.0,1.0,0.0,2.0,1.1666666666666667,5.0,1
300000000.0, Bogor,2.0,1.0,72.0,50.0,1.0,1.0,1.0,1.44,3.0,1
850000000.0, Bogor,3.0,2.0,170.0,110.0,1.0,1.0,1.0,1.5454545454545454,5.0,1
1200000000.0, Bogor,2.0,1.0,170.0,100.0,1.0,1.0,1.0,1.7,3.0,1
550000000.0, Bogor,3.0,2.0,132.0,100.0,0.0,0.0,1.0,1.32,5.0,1
355000000.0, Bogor,3.0,2.0,72.0,65.0,1.0,1.0,1.0,1.1076923076923078,5.0,1
430000000.0, Bogor,3.0,2.0,72.0,100.0,1.0,1.0,1.0,0.72,5.0,1
245000000.0, Bogor,2.0,1.0,84.0,56.0,0.0,0.0,1.0,1.5,3.0,1
245000000.0, Bogor,2.0,1.0,72.0,60.0,0.0,0.0,1.0,1.2,3.0,1
950000000.0, Bogor,2.0,1.0,160.0,45.0,0.0,0.0,1.0,3.5555555555555554,3.0,1
250000000.0, Bogor,2.0,1.0,72.0,60.0,0.0,0.0,1.0,1.2,3.0,1
250000000.0, Bogor,2.0,1.0,72.0,60.0,0.0,0.0,1.0,1.2,3.0,1
295000000.0, Bogor,2.0,1.0,120.0,30.0,0.0,0.0,1.0,4.0,3.0,1
235000000.0, Bogor,2.0,1.0,72.0,36.0,0.0,0.0,1.0,2.0,3.0,1
350000000.0, Bogor,2.0,1.0,90.0,55.0,1.0,0.0,1.0,1.6363636363636365,3.0,1
350000000.0, Bogor,2.0,1.0,90.0,55.0,1.0,1.0,1.0,1.6363636363636365,3.0,1
350000000.0, Bogor,2.0,1.0,90.0,55.0,1.0,1.0,1.0,1.6363636363636365,3.0,1
225000000.0, Bogor,2.0,1.0,90.0,36.0,0.0,0.0,1.0,2.5,3.0,1
280000000.0, Bogor,2.0,1.0,90.0,36.0,0.0,0.0,1.0,2.5,3.0,1
650000000.0, Bogor,2.0,2.0,144.0,70.0,1.0,1.0,1.0,2.057142857142857,4.0,1
549000000.0, Bogor,2.0,1.0,120.0,38.0,1.0,1.0,1.0,3.1578947368421053,3.0,1
434000000.0, Bogor,2.0,1.0,90.0,36.0,1.0,1.0,1.0,2.5,3.0,1
750000000.0, Bogor,2.0,2.0,84.0,70.0,1.0,0.0,1.0,1.2,4.0,1
450000000.0, Bogor,2.0,1.0,72.0,36.0,1.0,1.0,1.0,2.0,3.0,1
1100000000.0, Bogor,3.0,3.0,155.0,103.0,1.0,0.0,2.0,1.5048543689320388,6.0,1
3000000000.0, Bogor,4.0,4.0,162.0,300.0,1.0,0.0,2.0,0.54,8.0,1
1800000000.0, Bogor,3.0,3.0,162.0,170.0,1.0,0.0,2.0,0.9529411764705882,6.0,1
3300000000.0, Bogor,4.0,3.0,351.0,150.0,1.0,0.0,2.0,2.34,7.0,1
1050000000.0, Bogor,2.0,1.0,115.0,95.0,0.0,0.0,1.0,1.2105263157894737,3.0,1
775000000.0, Bogor,3.0,2.0,72.0,69.0,2.0,1.0,2.0,1.0434782608695652,5.0,1
919000000.0, Bogor,3.0,2.0,110.0,69.0,1.0,0.0,2.0,1.5942028985507246,5.0,1
908000000.0, Bogor,3.0,2.0,108.0,69.0,1.0,0.0,1.0,1.565217391304348,5.0,1
775000000.0, Bogor,3.0,2.0,72.0,69.0,1.0,0.0,2.0,1.0434782608695652,5.0,1
440000000.0, Bogor,2.0,1.0,78.0,42.0,0.0,1.0,1.0,1.8571428571428572,3.0,1
1020000000.0, Bogor,4.0,3.0,112.0,133.0,0.0,1.0,2.0,0.8421052631578947,7.0,1
805000000.0, Bogor,4.0,2.0,91.0,112.0,0.0,1.0,2.0,0.8125,6.0,1
1000000000.0, Bogor,4.0,4.0,4000.0,2000.0,0.0,0.0,1.0,2.0,8.0,1
2600000000.0, Bogor,3.0,3.0,1750.0,500.0,0.0,0.0,1.0,3.5,6.0,1
500000000.0, Bogor,3.0,3.0,200.0,350.0,0.0,2.0,2.0,0.5714285714285714,6.0,1
7500000000.0, Bogor,4.0,3.0,4704.0,1000.0,5.0,0.0,1.0,4.704,7.0,1
2500000000.0, Bogor,4.0,3.0,198.0,350.0,2.0,0.0,2.0,0.5657142857142857,7.0,1
820000000.0, Bogor,4.0,2.0,178.0,100.0,1.0,0.0,1.0,1.78,6.0,1
389000000.0, Bogor,3.0,3.0,110.0,161.0,2.0,0.0,2.0,0.6832298136645962,6.0,1
4000000000.0, Bogor,4.0,4.0,636.0,350.0,1.0,1.0,2.0,1.8171428571428572,8.0,1
85000000.0, Bogor,2.0,1.0,72.0,72.0,1.0,0.0,1.0,1.0,3.0,1
338000000.0, Bogor,2.0,1.0,72.0,36.0,1.0,0.0,1.0,2.0,3.0,1
3500000000.0, Bogor,5.0,4.0,4445.0,350.0,6.0,2.0,2.0,12.7,9.0,1
550000000.0, Bogor,2.0,1.0,72.0,32.0,1.0,1.0,1.0,2.25,3.0,1
799000000.0, Depok,3.0,2.0,74.0,70.0,1.0,0.0,2.0,1.0571428571428572,5.0,2
811000000.0, Depok,3.0,2.0,72.0,70.0,0.0,2.0,2.0,1.0285714285714285,5.0,2
660000000.0, Depok,2.0,1.0,80.0,45.0,0.0,1.0,1.0,1.7777777777777777,3.0,2
1200000000.0, Depok,3.0,3.0,120.0,100.0,1.0,1.0,2.0,1.2,6.0,2
330000000.0, Depok,2.0,1.0,60.0,40.0,1.0,1.0,1.0,1.5,3.0,2
1200000000.0, Depok,3.0,3.0,120.0,100.0,1.0,0.0,2.0,1.2,6.0,2
660000000.0, Depok,2.0,1.0,80.0,45.0,0.0,1.0,1.0,1.7777777777777777,3.0,2
2280000000.0, Depok,3.0,4.0,180.0,200.0,1.0,1.0,2.0,0.9,7.0,2
790000000.0, Depok,3.0,2.0,72.0,85.0,1.0,1.0,2.0,0.8470588235294118,5.0,2
690000000.0, Depok,2.0,1.0,75.0,50.0,1.0,1.0,2.0,1.5,3.0,2
1030000000.0, Depok,3.0,2.0,83.0,90.0,0.0,0.0,2.0,0.9222222222222223,5.0,2
660000000.0, Depok,2.0,1.0,80.0,45.0,1.0,1.0,1.0,1.7777777777777777,3.0,2
495000000.0, Depok,2.0,1.0,73.0,50.0,1.0,0.0,1.0,1.46,3.0,2
885000000.0, Depok,3.0,3.0,54.0,85.0,1.0,1.0,2.0,0.6352941176470588,6.0,2
775000000.0, Depok,3.0,2.0,91.0,75.0,1.0,1.0,1.0,1.2133333333333334,5.0,2
900000000.0, Depok,2.0,1.0,60.0,72.0,1.0,1.0,1.0,0.8333333333333334,3.0,2
650000000.0, Depok,2.0,1.0,75.0,45.0,1.0,0.0,1.0,1.6666666666666667,3.0,2
799000000.0, Depok,3.0,2.0,70.0,74.0,1.0,1.0,2.0,0.9459459459459459,5.0,2
930000000.0, Depok,3.0,2.0,72.0,80.0,1.0,1.0,2.0,0.9,5.0,2
895000000.0, Depok,3.0,3.0,68.0,90.0,2.0,2.0,2.0,0.7555555555555555,6.0,2
775000000.0, Depok,3.0,2.0,91.0,70.0,1.0,1.0,1.0,1.3,5.0,2
725000000.0, Depok,2.0,1.0,68.0,42.0,1.0,0.0,1.0,1.619047619047619,3.0,2
800000000.0, Depok,3.0,2.0,70.0,72.0,2.0,2.0,2.0,0.9722222222222222,5.0,2
1150000000.0, Depok,3.0,3.0,70.0,110.0,1.0,1.0,2.0,0.6363636363636364,6.0,2
494000000.0, Depok,2.0,1.0,66.0,40.0,1.0,1.0,1.0,1.65,3.0,2
940000000.0, Depok,3.0,3.0,88.0,100.0,2.0,2.0,2.0,0.88,6.0,2
1200000000.0, Depok,4.0,3.0,180.0,356.0,2.0,0.0,2.0,0.5056179775280899,7.0,2
560000000.0, Depok,3.0,2.0,55.0,47.0,1.0,1.0,2.0,1.1702127659574468,5.0,2
350000000.0, Depok,2.0,1.0,60.0,40.0,1.0,0.0,1.0,1.5,3.0,2
625000000.0, Depok,2.0,1.0,75.0,55.0,1.0,1.0,1.0,1.3636363636363635,3.0,2
750000000.0, Depok,3.0,2.0,103.0,60.0,1.0,1.0,1.0,1.7166666666666666,5.0,2
675000000.0, Depok,2.0,1.0,70.0,50.0,1.0,1.0,1.0,1.4,3.0,2
400000000.0, Depok,2.0,1.0,68.0,45.0,1.0,0.0,1.0,1.511111111111111,3.0,2
895000000.0, Depok,3.0,2.0,89.0,75.0,1.0,1.0,1.0,1.1866666666666668,5.0,2
930000000.0, Depok,4.0,3.0,85.0,120.0,1.0,1.0,2.0,0.7083333333333334,7.0,2
865000000.0, Depok,3.0,3.0,50.0,80.0,2.0,0.0,2.0,0.625,6.0,2
1120000000.0, Depok,3.0,3.0,72.0,100.0,1.0,2.0,2.0,0.72,6.0,2
1150000000.0, Depok,3.0,2.0,70.0,100.0,0.0,1.0,2.0,0.7,5.0,2
1270000000.0, Depok,3.0,3.0,65.0,92.0,0.0,1.0,2.0,0.7065217391304348,6.0,2
1000000000.0, Depok,3.0,2.0,100.0,84.0,0.0,2.0,2.0,1.1904761904761905,5.0,2
220000000.0, Depok,2.0,1.0,60.0,36.0,1.0,0.0,1.0,1.6666666666666667,3.0,2
390000000.0, Depok,2.0,2.0,150.0,54.0,2.0,1.0,1.0,2.7777777777777777,4.0,2
1580000000.0, Depok,3.0,3.0,84.0,90.0,1.0,0.0,2.0,0.9333333333333333,6.0,2
1300000000.0, Depok,3.0,3.0,75.0,103.0,1.0,2.0,3.0,0.7281553398058253,6.0,2
945000000.0, Depok,3.0,2.0,60.0,74.0,1.0,1.0,2.0,0.8108108108108109,5.0,2
1200000000.0, Depok,4.0,3.0,117.0,165.0,1.0,0.0,2.0,0.7090909090909091,7.0,2
1580000000.0, Depok,3.0,3.0,84.0,85.0,2.0,0.0,2.0,0.9882352941176471,6.0,2
550000000.0, Depok,2.0,1.0,63.0,37.0,1.0,1.0,1.0,1.7027027027027026,3.0,2
2990000000.0, Depok,4.0,4.0,232.0,150.0,1.0,0.0,2.0,1.5466666666666666,8.0,2
1050000000.0, Depok,5.0,2.0,83.0,154.0,1.0,0.0,2.0,0.538961038961039,7.0,2
875000000.0, Depok,3.0,2.0,61.0,78.0,2.0,2.0,2.0,0.782051282051282,5.0,2
1200000000.0, Depok,2.0,3.0,98.0,78.0,0.0,1.0,2.0,1.2564102564102564,5.0,2
800000000.0, Depok,3.0,2.0,67.0,54.0,2.0,2.0,2.0,1.2407407407407407,5.0,2
750000000.0, Depok,3.0,2.0,62.0,63.0,2.0,2.0,2.0,0.9841269841269841,5.0,2
1980000000.0, Depok,4.0,3.0,143.0,180.0,1.0,0.0,2.0,0.7944444444444444,7.0,2
1050000000.0, Depok,5.0,2.0,83.0,154.0,1.0,0.0,2.0,0.538961038961039,7.0,2
2990000000.0, Depok,4.0,4.0,232.0,150.0,1.0,0.0,2.0,1.5466666666666666,8.0,2
595000000.0, Depok,2.0,1.0,88.0,40.0,2.0,0.0,1.0,2.2,3.0,2
1050000000.0, Depok,5.0,2.0,83.0,154.0,1.0,0.0,2.0,0.538961038961039,7.0,2
535000000.0, Depok,2.0,1.0,73.0,40.0,0.0,0.0,1.0,1.825,3.0,2
897000000.0, Depok,3.0,2.0,90.0,70.0,1.0,1.0,2.0,1.2857142857142858,5.0,2
678000000.0, Depok,3.0,2.0,60.0,54.0,2.0,2.0,2.0,1.1111111111111112,5.0,2
617000000.0, Depok,2.0,2.0,60.0,46.0,1.0,1.0,2.0,1.3043478260869565,4.0,2
2990000000.0, Depok,4.0,4.0,232.0,150.0,1.0,0.0,2.0,1.5466666666666666,8.0,2
1020000000.0, Depok,2.0,1.0,86.0,50.0,1.0,1.0,1.0,1.72,3.0,2
945000000.0, Depok,2.0,1.0,105.0,60.0,1.0,1.0,1.0,1.75,3.0,2
945000000.0, Depok,2.0,1.0,105.0,60.0,1.0,1.0,1.0,1.75,3.0,2
1050000000.0, Depok,3.0,2.0,83.0,154.0,1.0,0.0,2.0,0.538961038961039,5.0,2
840000000.0, Depok,2.0,1.0,84.0,48.0,1.0,0.0,1.0,1.75,3.0,2
1050000000.0, Depok,3.0,2.0,67.0,70.0,0.0,0.0,1.0,0.9571428571428572,5.0,2
1020000000.0, Depok,3.0,2.0,67.0,70.0,0.0,0.0,2.0,0.9571428571428572,5.0,2
1300000000.0, Depok,4.0,2.0,115.0,135.0,1.0,1.0,1.0,0.8518518518518519,6.0,2
800000000.0, Depok,3.0,2.0,68.0,56.0,2.0,2.0,2.0,1.2142857142857142,5.0,2
795000000.0, Depok,3.0,2.0,60.0,77.0,0.0,1.0,2.0,0.7792207792207793,5.0,2
897000000.0, Depok,3.0,2.0,70.0,70.0,2.0,2.0,2.0,1.0,5.0,2
607000000.0, Depok,2.0,2.0,60.0,46.0,1.0,1.0,2.0,1.3043478260869565,4.0,2
1950000000.0, Depok,2.0,2.0,158.0,90.0,0.0,0.0,1.0,1.7555555555555555,4.0,2
2500000000.0, Depok,2.0,1.0,218.0,45.0,4.0,0.0,1.0,4.844444444444444,3.0,2
710000000.0, Depok,3.0,2.0,62.0,70.0,1.0,0.0,2.0,0.8857142857142857,5.0,2
800000000.0, Depok,3.0,3.0,101.0,78.0,1.0,1.0,2.0,1.294871794871795,6.0,2
2300000000.0, Depok,2.0,1.0,218.0,45.0,4.0,0.0,1.0,4.844444444444444,3.0,2
850000000.0, Depok,3.0,2.0,56.0,60.0,1.0,0.0,2.0,0.9333333333333333,5.0,2
900000000.0, Depok,4.0,2.0,178.0,135.0,1.0,0.0,2.0,1.3185185185185184,6.0,2
839000000.0, Depok,3.0,2.0,70.0,69.0,0.0,2.0,2.0,1.0144927536231885,5.0,2
3300000000.0, Depok,5.0,4.0,280.0,400.0,2.0,2.0,4.0,0.7,9.0,2
662000000.0, Depok,2.0,2.0,40.0,52.0,1.0,1.0,2.0,0.7692307692307693,4.0,2
679000000.0, Depok,3.0,2.0,57.0,54.0,0.0,0.0,2.0,1.0555555555555556,5.0,2
1960000000.0, Depok,3.0,3.0,163.0,130.0,0.0,1.0,2.0,1.2538461538461538,6.0,2
1510000000.0, Depok,3.0,2.0,74.0,88.0,0.0,2.0,2.0,0.8409090909090909,5.0,2
1470000000.0, Depok,3.0,2.0,90.0,90.0,0.0,1.0,2.0,1.0,5.0,2
1610000000.0, Depok,3.0,2.0,151.0,88.0,0.0,1.0,2.0,1.7159090909090908,5.0,2
1340000000.0, Depok,3.0,3.0,78.0,110.0,0.0,2.0,2.0,0.7090909090909091,6.0,2
865000000.0, Depok,3.0,2.0,58.0,76.0,0.0,1.0,2.0,0.7631578947368421,5.0,2
563000000.0, Depok,2.0,1.0,61.0,37.0,0.0,0.0,1.0,1.6486486486486487,3.0,2
563000000.0, Depok,2.0,1.0,61.0,37.0,0.0,0.0,1.0,1.6486486486486487,3.0,2
563000000.0, Depok,2.0,1.0,61.0,37.0,0.0,0.0,1.0,1.6486486486486487,3.0,2
670000000.0, Depok,2.0,1.0,92.0,45.0,2.0,0.0,1.0,2.0444444444444443,3.0,2
260000000.0, Depok,2.0,1.0,60.0,36.0,1.0,0.0,1.0,1.6666666666666667,3.0,2
365000000.0, Depok,2.0,1.0,62.0,36.0,1.0,1.0,1.0,1.7222222222222223,3.0,2
660000000.0, Depok,2.0,1.0,82.0,50.0,1.0,0.0,1.0,1.64,3.0,2
195000000.0, Depok,2.0,1.0,40.0,36.0,1.0,0.0,1.0,1.1111111111111112,3.0,2
440000000.0, Depok,2.0,1.0,60.0,36.0,1.0,1.0,1.0,1.6666666666666667,3.0,2
400000000.0, Depok,3.0,2.0,203.0,130.0,2.0,2.0,1.0,1.5615384615384615,5.0,2
85000000.0, Depok,2.0,1.0,60.0,30.0,0.0,0.0,1.0,2.0,3.0,2
370000000.0, Depok,3.0,1.0,65.0,36.0,1.0,1.0,1.0,1.8055555555555556,4.0,2
410000000.0, Depok,2.0,1.0,74.0,36.0,0.0,0.0,1.0,2.0555555555555554,3.0,2
473000000.0, Depok,2.0,1.0,72.0,36.0,1.0,0.0,1.0,2.0,3.0,2
501000000.0, Depok,2.0,1.0,85.0,36.0,2.0,0.0,1.0,2.361111111111111,3.0,2
200000000.0, Depok,2.0,1.0,50.0,36.0,1.0,1.0,1.0,1.3888888888888888,3.0,2
215000000.0, Depok,2.0,1.0,50.0,36.0,1.0,0.0,1.0,1.3888888888888888,3.0,2
559000000.0, Depok,2.0,1.0,74.0,36.0,0.0,0.0,1.0,2.0555555555555554,3.0,2
410000000.0, Depok,2.0,1.0,65.0,36.0,1.0,0.0,1.0,1.8055555555555556,3.0,2
372000000.0, Depok,2.0,1.0,75.0,27.0,1.0,0.0,1.0,2.7777777777777777,3.0,2
375000000.0, Depok,2.0,1.0,75.0,27.0,1.0,1.0,1.0,2.7777777777777777,3.0,2
325000000.0, Depok,2.0,1.0,60.0,40.0,1.0,1.0,1.0,1.5,3.0,2
325000000.0, Depok,2.0,1.0,60.0,40.0,1.0,1.0,1.0,1.5,3.0,2
325000000.0, Depok,2.0,1.0,60.0,40.0,1.0,1.0,1.0,1.5,3.0,2
200000000.0, Depok,3.0,1.0,45.0,36.0,0.0,1.0,1.0,1.25,4.0,2
150000000.0, Depok,2.0,1.0,55.0,36.0,0.0,1.0,1.0,1.5277777777777777,3.0,2
1560000000.0, Depok,3.0,2.0,109.0,90.0,2.0,0.0,2.0,1.211111111111111,5.0,2
849000000.0, Depok,3.0,3.0,50.0,85.0,2.0,2.0,2.0,0.5882352941176471,6.0,2
960000000.0, Depok,3.0,2.0,70.0,115.0,1.0,0.0,2.0,0.6086956521739131,5.0,2
615000000.0, Depok,2.0,1.0,70.0,48.0,1.0,0.0,1.0,1.4583333333333333,3.0,2
940000000.0, Depok,3.0,3.0,88.0,120.0,1.0,1.0,2.0,0.7333333333333333,6.0,2
775000000.0, Depok,3.0,2.0,91.0,70.0,1.0,1.0,1.0,1.3,5.0,2
625000000.0, Depok,2.0,1.0,75.0,50.0,1.0,1.0,1.0,1.5,3.0,2
680000000.0, Depok,2.0,2.0,64.0,60.0,1.0,1.0,2.0,1.0666666666666667,4.0,2
700000000.0, Depok,2.0,1.0,105.0,55.0,2.0,2.0,1.0,1.9090909090909092,3.0,2
600000000.0, Depok,2.0,1.0,85.0,50.0,1.0,1.0,1.0,1.7,3.0,2
995000000.0, Depok,4.0,3.0,80.0,95.0,2.0,2.0,2.0,0.8421052631578947,7.0,2
774000000.0, Depok,3.0,2.0,92.0,70.0,1.0,1.0,1.0,1.3142857142857143,5.0,2
590000000.0, Depok,2.0,1.0,70.0,48.0,1.0,0.0,1.0,1.4583333333333333,3.0,2
754000000.0, Depok,3.0,2.0,50.0,70.0,0.0,1.0,2.0,0.7142857142857143,5.0,2
774000000.0, Depok,3.0,2.0,68.0,56.0,1.0,1.0,2.0,1.2142857142857142,5.0,2
799000000.0, Depok,3.0,2.0,70.0,60.0,1.0,1.0,2.0,1.1666666666666667,5.0,2
600000000.0, Depok,2.0,1.0,85.0,50.0,1.0,1.0,1.0,1.7,3.0,2
725000000.0, Depok,2.0,1.0,70.0,55.0,1.0,1.0,1.0,1.2727272727272727,3.0,2
790000000.0, Depok,3.0,2.0,70.0,89.0,1.0,0.0,2.0,0.7865168539325843,5.0,2
900000000.0, Depok,3.0,2.0,60.0,80.0,1.0,1.0,2.0,0.75,5.0,2
680000000.0, Depok,2.0,2.0,60.0,60.0,1.0,1.0,2.0,1.0,4.0,2
1490000000.0, Depok,3.0,3.0,98.0,130.0,1.0,0.0,2.0,0.7538461538461538,6.0,2
1490000000.0, Depok,3.0,3.0,95.0,130.0,2.0,2.0,2.0,0.7307692307692307,6.0,2
484000000.0, Depok,2.0,1.0,72.0,45.0,0.0,0.0,1.0,1.6,3.0,2
1550000000.0, Depok,3.0,3.0,84.0,104.0,2.0,0.0,2.0,0.8076923076923077,6.0,2
730000000.0, Depok,2.0,1.0,101.0,48.0,1.0,0.0,1.0,2.1041666666666665,3.0,2
590000000.0, Depok,2.0,1.0,70.0,48.0,1.0,0.0,1.0,1.4583333333333333,3.0,2
595000000.0, Depok,2.0,1.0,72.0,48.0,1.0,0.0,1.0,1.5,3.0,2
592000000.0, Depok,2.0,1.0,70.0,48.0,1.0,0.0,1.0,1.4583333333333333,3.0,2
550000000.0, Depok,2.0,1.0,72.0,50.0,1.0,1.0,1.0,1.44,3.0,2
680000000.0, Depok,2.0,1.0,70.0,45.0,1.0,1.0,1.0,1.5555555555555556,3.0,2
965000000.0, Depok,3.0,2.0,70.0,115.0,1.0,0.0,2.0,0.6086956521739131,5.0,2
870000000.0, Depok,3.0,1.0,131.0,140.0,0.0,1.0,1.0,0.9357142857142857,4.0,2
1260000000.0, Depok,3.0,2.0,164.0,95.0,1.0,0.0,1.0,1.7263157894736842,5.0,2
780000000.0, Depok,2.0,1.0,72.0,42.0,1.0,0.0,1.0,1.7142857142857142,3.0,2
900000000.0, Depok,3.0,1.0,81.0,81.0,0.0,1.0,1.0,1.0,4.0,2
780000000.0, Depok,2.0,1.0,72.0,42.0,1.0,1.0,1.0,1.7142857142857142,3.0,2
1020000000.0, Depok,2.0,2.0,84.0,40.0,1.0,1.0,1.0,2.1,4.0,2
900000000.0, Depok,3.0,1.0,81.0,81.0,1.0,1.0,1.0,1.0,4.0,2
1260000000.0, Depok,3.0,2.0,164.0,95.0,1.0,0.0,1.0,1.7263157894736842,5.0,2
780000000.0, Depok,2.0,1.0,72.0,42.0,1.0,0.0,1.0,1.7142857142857142,3.0,2
1020000000.0, Depok,2.0,2.0,84.0,40.0,1.0,0.0,1.0,2.1,4.0,2
1260000000.0, Depok,3.0,2.0,164.0,95.0,1.0,0.0,1.0,1.7263157894736842,5.0,2
1150000000.0, Depok,3.0,2.0,94.0,70.0,1.0,0.0,2.0,1.3428571428571427,5.0,2
500000000.0, Depok,2.0,1.0,75.0,50.0,1.0,1.0,1.0,1.5,3.0,2
870000000.0, Depok,3.0,1.0,131.0,140.0,0.0,1.0,1.0,0.9357142857142857,4.0,2
870000000.0, Depok,3.0,1.0,131.0,140.0,0.0,1.0,1.0,0.9357142857142857,4.0,2
960000000.0, Depok,2.0,1.0,108.0,90.0,1.0,0.0,1.0,1.2,3.0,2
870000000.0, Depok,3.0,1.0,131.0,140.0,1.0,1.0,1.0,0.9357142857142857,4.0,2
960000000.0, Depok,2.0,1.0,108.0,90.0,1.0,1.0,1.0,1.2,3.0,2
870000000.0, Depok,3.0,1.0,131.0,140.0,0.0,1.0,1.0,0.9357142857142857,4.0,2
960000000.0, Depok,2.0,1.0,108.0,90.0,1.0,0.0,1.0,1.2,3.0,2
1260000000.0, Depok,3.0,2.0,164.0,95.0,1.0,1.0,1.0,1.7263157894736842,5.0,2
630000000.0, Depok,3.0,1.0,72.0,52.0,1.0,1.0,2.0,1.3846153846153846,4.0,2
470000000.0, Depok,2.0,1.0,70.0,48.0,1.0,0.0,1.0,1.4583333333333333,3.0,2
484000000.0, Depok,2.0,1.0,72.0,45.0,1.0,0.0,1.0,1.6,3.0,2
785000000.0, Depok,3.0,2.0,84.0,70.0,1.0,0.0,2.0,1.2,5.0,2
1370000000.0, Depok,3.0,3.0,124.0,75.0,1.0,1.0,2.0,1.6533333333333333,6.0,2
3500000000.0, Depok,3.0,3.0,234.0,150.0,2.0,2.0,1.0,1.56,6.0,2
3500000000.0, Depok,3.0,3.0,234.0,150.0,2.0,2.0,1.0,1.56,6.0,2
1140000000.0, Depok,3.0,2.0,84.0,76.0,0.0,1.0,2.0,1.105263157894737,5.0,2
780000000.0, Depok,3.0,1.0,98.0,68.0,1.0,0.0,1.0,1.4411764705882353,4.0,2
1560000000.0, Depok,3.0,2.0,72.0,90.0,1.0,0.0,2.0,0.8,5.0,2
660000000.0, Depok,2.0,1.0,72.0,72.0,1.0,0.0,1.0,1.0,3.0,2
750000000.0, Depok,3.0,2.0,60.0,60.0,2.0,2.0,2.0,1.0,5.0,2
1560000000.0, Depok,3.0,2.0,72.0,90.0,1.0,0.0,2.0,0.8,5.0,2
780000000.0, Depok,3.0,1.0,98.0,68.0,1.0,0.0,1.0,1.4411764705882353,4.0,2
660000000.0, Depok,2.0,1.0,72.0,72.0,1.0,0.0,1.0,1.0,3.0,2
660000000.0, Depok,2.0,1.0,72.0,72.0,1.0,0.0,1.0,1.0,3.0,2
660000000.0, Depok,2.0,1.0,72.0,72.0,1.0,0.0,1.0,1.0,3.0,2
1020000000.0, Depok,2.0,1.0,86.0,50.0,0.0,1.0,1.0,1.72,3.0,2
1560000000.0, Depok,3.0,2.0,72.0,90.0,1.0,0.0,2.0,0.8,5.0,2
800000000.0, Depok,2.0,1.0,96.0,71.0,1.0,0.0,1.0,1.352112676056338,3.0,2
465000000.0, Depok,2.0,1.0,60.0,38.0,0.0,0.0,1.0,1.5789473684210527,3.0,2
800000000.0, Depok,2.0,1.0,96.0,71.0,1.0,0.0,1.0,1.352112676056338,3.0,2
660000000.0, Depok,2.0,1.0,72.0,72.0,1.0,0.0,1.0,1.0,3.0,2
1560000000.0, Depok,3.0,2.0,72.0,90.0,1.0,0.0,2.0,0.8,5.0,2
780000000.0, Depok,3.0,1.0,98.0,68.0,1.0,1.0,1.0,1.4411764705882353,4.0,2
800000000.0, Depok,2.0,1.0,96.0,71.0,1.0,0.0,1.0,1.352112676056338,3.0,2
464000000.0, Depok,2.0,1.0,60.0,38.0,1.0,1.0,1.0,1.5789473684210527,3.0,2
800000000.0, Depok,3.0,2.0,84.0,71.0,2.0,2.0,2.0,1.1830985915492958,5.0,2
999000000.0, Depok,3.0,2.0,89.0,80.0,2.0,2.0,2.0,1.1125,5.0,2
970000000.0, Depok,3.0,2.0,81.0,70.0,2.0,2.0,2.0,1.1571428571428573,5.0,2
580000000.0, Depok,3.0,2.0,60.0,54.0,2.0,2.0,2.0,1.1111111111111112,5.0,2
775000000.0, Depok,3.0,2.0,67.0,65.0,2.0,0.0,2.0,1.0307692307692307,5.0,2
70000000.0, Depok,2.0,2.0,78.0,45.0,1.0,1.0,1.0,1.7333333333333334,4.0,2
660000000.0, Depok,2.0,1.0,78.0,36.0,0.0,1.0,1.0,2.1666666666666665,3.0,2
725000000.0, Depok,3.0,2.0,66.0,56.0,2.0,2.0,2.0,1.1785714285714286,5.0,2
559000000.0, Depok,2.0,1.0,74.0,36.0,0.0,0.0,1.0,2.0555555555555554,3.0,2
995000000.0, Depok,3.0,3.0,95.0,100.0,2.0,2.0,2.0,0.95,6.0,2
725000000.0, Depok,3.0,2.0,66.0,56.0,2.0,0.0,2.0,1.1785714285714286,5.0,2
699000000.0, Depok,3.0,2.0,66.0,56.0,2.0,0.0,2.0,1.1785714285714286,5.0,2
1350000000.0, Depok,4.0,3.0,120.0,150.0,1.0,0.0,2.0,0.8,7.0,2
615000000.0, Depok,3.0,2.0,60.0,60.0,0.0,1.0,2.0,1.0,5.0,2
220000000.0, Depok,2.0,1.0,60.0,36.0,1.0,0.0,1.0,1.6666666666666667,3.0,2
500000000.0, Depok,2.0,1.0,60.0,38.0,0.0,0.0,1.0,1.5789473684210527,3.0,2
1100000000.0, Depok,3.0,3.0,96.0,75.0,1.0,0.0,2.0,1.28,6.0,2
1920000000.0, Depok,2.0,3.0,167.0,160.0,1.0,0.0,1.0,1.04375,5.0,2
2040000000.0, Depok,2.0,2.0,113.0,150.0,0.0,1.0,2.0,0.7533333333333333,4.0,2
1560000000.0, Depok,3.0,3.0,72.0,140.0,1.0,0.0,2.0,0.5142857142857142,6.0,2
1920000000.0, Depok,2.0,3.0,167.0,160.0,1.0,0.0,1.0,1.04375,5.0,2
1100000000.0, Depok,3.0,3.0,96.0,75.0,1.0,0.0,2.0,1.28,6.0,2
1100000000.0, Depok,3.0,3.0,96.0,75.0,1.0,0.0,2.0,1.28,6.0,2
1560000000.0, Depok,3.0,3.0,72.0,140.0,1.0,0.0,2.0,0.5142857142857142,6.0,2
1500000000.0, Depok,4.0,3.0,151.0,150.0,2.0,0.0,2.0,1.0066666666666666,7.0,2
1980000000.0, Depok,3.0,2.0,95.0,105.0,0.0,1.0,2.0,0.9047619047619048,5.0,2
699000000.0, Depok,3.0,2.0,42.0,66.0,0.0,1.0,2.0,0.6363636363636364,5.0,2
960000000.0, Depok,2.0,1.0,108.0,90.0,1.0,0.0,1.0,1.2,3.0,2
1100000000.0, Depok,3.0,3.0,96.0,75.0,1.0,0.0,2.0,1.28,6.0,2
1920000000.0, Depok,2.0,3.0,167.0,160.0,1.0,0.0,1.0,1.04375,5.0,2
2040000000.0, Depok,2.0,2.0,113.0,150.0,0.0,1.0,2.0,0.7533333333333333,4.0,2
1560000000.0, Depok,3.0,3.0,72.0,140.0,1.0,0.0,2.0,0.5142857142857142,6.0,2
1500000000.0, Depok,4.0,3.0,151.0,150.0,2.0,0.0,2.0,1.0066666666666666,7.0,2
2040000000.0, Depok,2.0,2.0,113.0,150.0,1.0,1.0,2.0,0.7533333333333333,4.0,2
1650000000.0, Depok,3.0,3.0,78.0,110.0,1.0,1.0,2.0,0.7090909090909091,6.0,2
1500000000.0, Depok,4.0,3.0,151.0,150.0,2.0,0.0,2.0,1.0066666666666666,7.0,2
1410000000.0, Depok,3.0,3.0,180.0,112.0,0.0,1.0,2.0,1.6071428571428572,6.0,2
1500000000.0, Depok,4.0,3.0,151.0,150.0,2.0,0.0,2.0,1.0066666666666666,7.0,2
1100000000.0, Depok,3.0,3.0,96.0,75.0,1.0,0.0,2.0,1.28,6.0,2
1410000000.0, Depok,3.0,3.0,112.0,180.0,1.0,1.0,2.0,0.6222222222222222,6.0,2
1410000000.0, Depok,3.0,3.0,112.0,180.0,0.0,1.0,2.0,0.6222222222222222,6.0,2
1920000000.0, Depok,2.0,3.0,167.0,160.0,1.0,0.0,1.0,1.04375,5.0,2
1560000000.0, Depok,3.0,3.0,72.0,140.0,1.0,0.0,2.0,0.5142857142857142,6.0,2
295000000.0, Depok,2.0,1.0,70.0,45.0,1.0,0.0,1.0,1.5555555555555556,3.0,2
1720000000.0, Depok,3.0,3.0,84.0,155.0,0.0,4.0,3.0,0.5419354838709678,6.0,2
1430000000.0, Depok,4.0,3.0,67.0,90.0,0.0,1.0,2.0,0.7444444444444445,7.0,2
2900000000.0, Depok,3.0,3.0,305.0,200.0,0.0,1.0,1.0,1.525,6.0,2
1500000000.0, Depok,3.0,3.0,164.0,104.0,0.0,1.0,2.0,1.5769230769230769,6.0,2
1020000000.0, Depok,2.0,1.0,86.0,50.0,0.0,1.0,1.0,1.72,3.0,2
1500000000.0, Depok,3.0,3.0,164.0,104.0,0.0,1.0,2.0,1.5769230769230769,6.0,2
900000000.0, Depok,3.0,2.0,119.0,90.0,0.0,1.0,1.0,1.3222222222222222,5.0,2
840000000.0, Depok,2.0,1.0,84.0,48.0,1.0,0.0,1.0,1.75,3.0,2
840000000.0, Depok,2.0,1.0,84.0,48.0,1.0,0.0,1.0,1.75,3.0,2
800000000.0, Depok,2.0,1.0,96.0,71.0,1.0,0.0,1.0,1.352112676056338,3.0,2
1020000000.0, Depok,2.0,1.0,86.0,50.0,1.0,1.0,1.0,1.72,3.0,2
945000000.0, Depok,2.0,1.0,105.0,60.0,0.0,1.0,1.0,1.75,3.0,2
1020000000.0, Depok,3.0,2.0,120.0,140.0,1.0,1.0,1.0,0.8571428571428571,5.0,2
945000000.0, Depok,2.0,1.0,105.0,60.0,0.0,1.0,1.0,1.75,3.0,2
1500000000.0, Depok,3.0,3.0,164.0,104.0,0.0,1.0,2.0,1.5769230769230769,6.0,2
897000000.0, Depok,3.0,2.0,90.0,70.0,1.0,1.0,2.0,1.2857142857142858,5.0,2
900000000.0, Depok,3.0,2.0,119.0,90.0,1.0,1.0,1.0,1.3222222222222222,5.0,2
1200000000.0, Depok,2.0,2.0,90.0,135.0,1.0,0.0,2.0,0.6666666666666666,4.0,2
840000000.0, Depok,2.0,1.0,84.0,48.0,1.0,0.0,1.0,1.75,3.0,2
1200000000.0, Depok,2.0,3.0,98.0,78.0,0.0,1.0,2.0,1.2564102564102564,5.0,2
1020000000.0, Depok,3.0,2.0,120.0,140.0,1.0,1.0,1.0,0.8571428571428571,5.0,2
1500000000.0, Depok,3.0,3.0,164.0,104.0,1.0,1.0,2.0,1.5769230769230769,6.0,2
1300000000.0, Depok,3.0,3.0,220.0,180.0,2.0,0.0,1.0,1.2222222222222223,6.0,2
1000000000.0, Depok,3.0,2.0,140.0,140.0,0.0,2.0,2.0,1.0,5.0,2
1850000000.0, Depok,4.0,3.0,160.0,230.0,1.0,1.0,2.0,0.6956521739130435,7.0,2
1080000000.0, Depok,2.0,1.0,90.0,70.0,1.0,0.0,2.0,1.2857142857142858,3.0,2
2280000000.0, Depok,3.0,4.0,180.0,200.0,1.0,1.0,2.0,0.9,7.0,2
900000000.0, Depok,3.0,2.0,119.0,90.0,0.0,1.0,1.0,1.3222222222222222,5.0,2
900000000.0, Depok,3.0,2.0,119.0,90.0,1.0,1.0,1.0,1.3222222222222222,5.0,2
870000000.0, Depok,3.0,2.0,71.0,61.0,2.0,2.0,2.0,1.1639344262295082,5.0,2
1080000000.0, Depok,2.0,1.0,90.0,70.0,1.0,1.0,2.0,1.2857142857142858,3.0,2
1080000000.0, Depok,2.0,1.0,90.0,70.0,1.0,1.0,2.0,1.2857142857142858,3.0,2
2280000000.0, Depok,3.0,4.0,180.0,200.0,1.0,1.0,2.0,0.9,7.0,2
1560000000.0, Depok,3.0,3.0,115.0,145.0,1.0,0.0,2.0,0.7931034482758621,6.0,2
900000000.0, Depok,2.0,2.0,90.0,45.0,1.0,0.0,1.0,2.0,4.0,2
1800000000.0, Depok,3.0,3.0,106.0,150.0,1.0,0.0,2.0,0.7066666666666667,6.0,2
1800000000.0, Depok,3.0,3.0,106.0,150.0,0.0,1.0,2.0,0.7066666666666667,6.0,2
1800000000.0, Depok,3.0,3.0,106.0,150.0,1.0,0.0,2.0,0.7066666666666667,6.0,2
1800000000.0, Depok,3.0,3.0,106.0,150.0,0.0,1.0,2.0,0.7066666666666667,6.0,2
2040000000.0, Depok,3.0,3.0,150.0,115.0,1.0,0.0,1.0,1.3043478260869565,6.0,2
4200000000.0, Depok,3.0,4.0,194.0,120.0,1.0,0.0,2.0,1.6166666666666667,7.0,2
658000000.0, Depok,2.0,2.0,55.0,55.0,1.0,0.0,2.0,1.0,4.0,2
2280000000.0, Depok,3.0,4.0,180.0,200.0,1.0,1.0,2.0,0.9,7.0,2
780000000.0, Depok,3.0,1.0,98.0,68.0,1.0,0.0,1.0,1.4411764705882353,4.0,2
1560000000.0, Depok,3.0,3.0,115.0,145.0,1.0,0.0,2.0,0.7931034482758621,6.0,2
900000000.0, Depok,2.0,2.0,90.0,45.0,1.0,0.0,1.0,2.0,4.0,2
1560000000.0, Depok,3.0,3.0,115.0,145.0,1.0,0.0,2.0,0.7931034482758621,6.0,2
900000000.0, Depok,2.0,2.0,90.0,45.0,1.0,0.0,1.0,2.0,4.0,2
2040000000.0, Depok,3.0,3.0,150.0,115.0,1.0,0.0,1.0,1.3043478260869565,6.0,2
900000000.0, Depok,2.0,2.0,90.0,45.0,1.0,0.0,1.0,2.0,4.0,2
2280000000.0, Depok,3.0,4.0,180.0,200.0,1.0,1.0,2.0,0.9,7.0,2
1560000000.0, Depok,3.0,3.0,115.0,145.0,1.0,0.0,2.0,0.7931034482758621,6.0,2
4200000000.0, Depok,3.0,4.0,194.0,120.0,1.0,1.0,2.0,1.6166666666666667,7.0,2
800000000.0, Depok,3.0,2.0,70.0,68.0,2.0,2.0,2.0,1.0294117647058822,5.0,2
556000000.0, Depok,2.0,2.0,55.0,55.0,0.0,0.0,1.0,1.0,4.0,2
651000000.0, Depok,2.0,2.0,54.0,55.0,2.0,0.0,2.0,0.9818181818181818,4.0,2
995000000.0, Depok,3.0,2.0,72.0,70.0,1.0,1.0,2.0,1.0285714285714285,5.0,2
1200000000.0, Depok,3.0,3.0,120.0,100.0,0.0,1.0,2.0,1.2,6.0,2
1200000000.0, Depok,3.0,3.0,120.0,100.0,0.0,1.0,2.0,1.2,6.0,2
1100000000.0, Depok,3.0,4.0,72.0,105.0,1.0,1.0,2.0,0.6857142857142857,7.0,2
485000000.0, Depok,2.0,1.0,84.0,55.0,1.0,0.0,1.0,1.5272727272727273,3.0,2
1400000000.0, Depok,3.0,2.0,78.0,120.0,0.0,1.0,2.0,0.65,5.0,2
1980000000.0, Depok,3.0,2.0,95.0,105.0,0.0,1.0,2.0,0.9047619047619048,5.0,2
1650000000.0, Depok,3.0,3.0,78.0,110.0,1.0,0.0,2.0,0.7090909090909091,6.0,2
1680000000.0, Depok,3.0,2.0,152.0,88.0,1.0,0.0,1.0,1.7272727272727273,5.0,2
750000000.0, Depok,1.0,1.0,72.0,43.0,1.0,0.0,1.0,1.6744186046511629,2.0,2
950000000.0, Depok,2.0,2.0,85.0,100.0,1.0,0.0,2.0,0.85,4.0,2
6500000000.0, Depok,5.0,5.0,468.0,400.0,2.0,2.0,2.0,1.17,10.0,2
1400000000.0, Depok,3.0,2.0,78.0,120.0,0.0,1.0,2.0,0.65,5.0,2
1150000000.0, Depok,3.0,3.0,72.0,110.0,1.0,1.0,1.0,0.6545454545454545,6.0,2
960000000.0, Depok,2.0,1.0,90.0,60.0,1.0,0.0,1.0,1.5,3.0,2
1400000000.0, Depok,3.0,2.0,78.0,120.0,0.0,1.0,2.0,0.65,5.0,2
1980000000.0, Depok,3.0,2.0,95.0,105.0,0.0,1.0,2.0,0.9047619047619048,5.0,2
2520000000.0, Depok,4.0,3.0,150.0,200.0,0.0,1.0,2.0,0.75,7.0,2
1560000000.0, Depok,3.0,2.0,109.0,90.0,0.0,2.0,2.0,1.211111111111111,5.0,2
1500000000.0, Depok,4.0,3.0,151.0,150.0,2.0,0.0,2.0,1.0066666666666666,7.0,2
1920000000.0, Depok,2.0,3.0,167.0,160.0,1.0,0.0,1.0,1.04375,5.0,2
1560000000.0, Depok,3.0,3.0,72.0,140.0,1.0,0.0,2.0,0.5142857142857142,6.0,2
1400000000.0, Depok,3.0,2.0,78.0,120.0,1.0,1.0,2.0,0.65,5.0,2
2520000000.0, Depok,4.0,3.0,150.0,200.0,1.0,1.0,2.0,0.75,7.0,2
2520000000.0, Depok,4.0,3.0,132.0,125.0,1.0,1.0,2.0,1.056,7.0,2
1980000000.0, Depok,3.0,2.0,95.0,105.0,1.0,1.0,2.0,0.9047619047619048,5.0,2
2640000000.0, Depok,4.0,4.0,110.0,140.0,1.0,1.0,2.0,0.7857142857142857,8.0,2
2040000000.0, Depok,2.0,2.0,113.0,150.0,1.0,1.0,2.0,0.7533333333333333,4.0,2
1650000000.0, Depok,3.0,3.0,78.0,110.0,1.0,1.0,2.0,0.7090909090909091,6.0,2
1410000000.0, Depok,3.0,3.0,180.0,112.0,1.0,1.0,2.0,1.6071428571428572,6.0,2
1200000000.0, Depok,2.0,2.0,120.0,77.0,1.0,0.0,2.0,1.5584415584415585,4.0,2
1650000000.0, Depok,4.0,3.0,140.0,200.0,0.0,2.0,2.0,0.7,7.0,2
1900000000.0, Depok,3.0,3.0,120.0,180.0,1.0,0.0,2.0,0.6666666666666666,6.0,2
2200000000.0, Depok,3.0,3.0,118.0,160.0,2.0,0.0,2.0,0.7375,6.0,2
2700000000.0, Depok,3.0,2.0,108.0,112.0,0.0,0.0,2.0,0.9642857142857143,5.0,2
2550000000.0, Depok,3.0,3.0,120.0,158.0,1.0,0.0,2.0,0.759493670886076,6.0,2
1480000000.0, Depok,3.0,2.0,60.0,73.0,2.0,2.0,2.0,0.821917808219178,5.0,2
5700000000.0, Depok,4.0,4.0,246.0,320.0,2.0,1.0,2.0,0.76875,8.0,2
3500000000.0, Depok,4.0,4.0,200.0,365.0,1.0,1.0,2.0,0.547945205479452,8.0,2
1570000000.0, Depok,3.0,1.0,112.0,56.0,1.0,0.0,1.0,2.0,4.0,2
970000000.0, Depok,3.0,2.0,70.0,115.0,1.0,0.0,2.0,0.6086956521739131,5.0,2
1950000000.0, Depok,4.0,2.0,120.0,180.0,1.0,0.0,2.0,0.6666666666666666,6.0,2
3000000000.0, Depok,3.0,3.0,250.0,225.0,1.0,1.0,2.0,1.1111111111111112,6.0,2
4000000000.0, Depok,5.0,4.0,425.0,237.0,3.0,1.0,2.0,1.7932489451476794,9.0,2
750000000.0, Depok,4.0,2.0,170.0,200.0,1.0,2.0,2.0,0.85,6.0,2
800000000.0, Depok,3.0,3.0,65.0,78.0,1.0,0.0,2.0,0.8333333333333334,6.0,2
2500000000.0, Depok,3.0,3.0,120.0,178.0,2.0,0.0,2.0,0.6741573033707865,6.0,2
890000000.0, Depok,3.0,3.0,101.0,78.0,1.0,1.0,2.0,1.294871794871795,6.0,2
2200000000.0, Depok,4.0,3.0,118.0,160.0,2.0,0.0,2.0,0.7375,7.0,2
4200000000.0, Depok,3.0,3.0,234.0,400.0,1.0,1.0,2.0,0.585,6.0,2
4000000000.0, Depok,2.0,2.0,158.0,145.0,2.0,0.0,2.0,1.089655172413793,4.0,2
3500000000.0, Depok,6.0,4.0,321.0,500.0,1.0,1.0,2.0,0.642,10.0,2
6850000000.0, Depok,3.0,3.0,500.0,460.0,4.0,0.0,2.0,1.0869565217391304,6.0,2
3950000000.0, Depok,3.0,3.0,300.0,250.0,1.0,0.0,2.0,1.2,6.0,2
1900000000.0, Depok,3.0,3.0,150.0,220.0,2.0,0.0,2.0,0.6818181818181818,6.0,2
6200000000.0, Depok,4.0,3.0,710.0,388.0,2.0,2.0,2.0,1.8298969072164948,7.0,2
5800000000.0, Depok,4.0,3.0,540.0,350.0,2.0,2.0,1.0,1.542857142857143,7.0,2
4500000000.0, Depok,4.0,3.0,387.0,175.0,0.0,2.0,1.0,2.2114285714285713,7.0,2
1090000000.0, Depok,3.0,4.0,72.0,110.0,1.0,1.0,2.0,0.6545454545454545,7.0,2
680000000.0, Depok,2.0,2.0,60.0,70.0,1.0,1.0,2.0,0.8571428571428571,4.0,2
2750000000.0, Depok,3.0,3.0,187.0,200.0,2.0,0.0,2.0,0.935,6.0,2
1650000000.0, Depok,3.0,3.0,78.0,110.0,0.0,0.0,2.0,0.7090909090909091,6.0,2
2280000000.0, Depok,2.0,2.0,120.0,83.0,0.0,1.0,2.0,1.4457831325301205,4.0,2
1500000000.0, Depok,3.0,3.0,120.0,140.0,1.0,1.0,2.0,0.8571428571428571,6.0,2
1650000000.0, Depok,2.0,2.0,108.0,150.0,2.0,0.0,2.0,0.72,4.0,2
1200000000.0, Depok,2.0,2.0,132.0,90.0,1.0,1.0,1.0,1.4666666666666666,4.0,2
1350000000.0, Depok,3.0,3.0,80.0,138.0,2.0,0.0,2.0,0.5797101449275363,6.0,2
525000000.0, Depok,2.0,1.0,75.0,36.0,1.0,1.0,1.0,2.0833333333333335,3.0,2
2130000000.0, Depok,3.0,2.0,120.0,91.0,0.0,2.0,2.0,1.3186813186813187,5.0,2
1450000000.0, Depok,2.0,2.0,56.0,93.0,0.0,1.0,2.0,0.6021505376344086,4.0,2
1480000000.0, Depok,3.0,2.0,62.0,73.0,0.0,1.0,2.0,0.8493150684931506,5.0,2
1590000000.0, Depok,3.0,3.0,71.0,84.0,0.0,1.0,2.0,0.8452380952380952,6.0,2
1170000000.0, Depok,3.0,2.0,93.0,88.0,2.0,0.0,2.0,1.0568181818181819,5.0,2
2520000000.0, Depok,4.0,3.0,150.0,200.0,0.0,1.0,2.0,0.75,7.0,2
4300000000.0, Depok,4.0,4.0,390.0,300.0,2.0,2.0,2.0,1.3,8.0,2
1170000000.0, Depok,3.0,2.0,93.0,88.0,2.0,0.0,2.0,1.0568181818181819,5.0,2
400000000.0, Depok,2.0,1.0,68.0,40.0,1.0,0.0,1.0,1.7,3.0,2
1560000000.0, Depok,3.0,2.0,109.0,90.0,0.0,2.0,2.0,1.211111111111111,5.0,2
750000000.0, Depok,1.0,1.0,72.0,43.0,1.0,0.0,1.0,1.6744186046511629,2.0,2
660000000.0, Depok,2.0,1.0,82.0,50.0,1.0,0.0,1.0,1.64,3.0,2
960000000.0, Depok,2.0,1.0,108.0,90.0,1.0,1.0,1.0,1.2,3.0,2
660000000.0, Depok,2.0,1.0,82.0,50.0,1.0,0.0,1.0,1.64,3.0,2
1200000000.0, Depok,2.0,1.0,120.0,45.0,1.0,0.0,1.0,2.6666666666666665,3.0,2
1560000000.0, Depok,3.0,2.0,109.0,90.0,0.0,2.0,2.0,1.211111111111111,5.0,2
793000000.0, Depok,3.0,2.0,72.0,90.0,1.0,1.0,2.0,0.8,5.0,2
1560000000.0, Depok,3.0,2.0,109.0,90.0,2.0,0.0,2.0,1.211111111111111,5.0,2
484000000.0, Depok,2.0,1.0,66.0,42.0,1.0,1.0,1.0,1.5714285714285714,3.0,2
300000000.0, Depok,2.0,1.0,60.0,40.0,1.0,1.0,1.0,1.5,3.0,2
750000000.0, Depok,1.0,1.0,72.0,43.0,1.0,0.0,1.0,1.6744186046511629,2.0,2
235000000.0, Depok,2.0,1.0,50.0,36.0,0.0,1.0,1.0,1.3888888888888888,3.0,2
1320000000.0, Depok,3.0,2.0,90.0,160.0,1.0,0.0,2.0,0.5625,5.0,2
660000000.0, Depok,2.0,1.0,82.0,50.0,1.0,0.0,1.0,1.64,3.0,2
900000000.0, Depok,3.0,1.0,81.0,81.0,0.0,1.0,1.0,1.0,4.0,2
1260000000.0, Depok,3.0,2.0,164.0,95.0,1.0,1.0,1.0,1.7263157894736842,5.0,2
1320000000.0, Depok,3.0,2.0,90.0,160.0,1.0,0.0,2.0,0.5625,5.0,2
750000000.0, Depok,1.0,1.0,72.0,43.0,1.0,0.0,1.0,1.6744186046511629,2.0,2
780000000.0, Depok,2.0,1.0,72.0,42.0,1.0,1.0,1.0,1.7142857142857142,3.0,2
1200000000.0, Depok,3.0,3.0,120.0,100.0,1.0,1.0,2.0,1.2,6.0,2
750000000.0, Depok,1.0,1.0,72.0,43.0,1.0,0.0,1.0,1.6744186046511629,2.0,2
660000000.0, Depok,2.0,1.0,82.0,50.0,1.0,0.0,1.0,1.64,3.0,2
1200000000.0, Depok,3.0,3.0,120.0,100.0,1.0,1.0,2.0,1.2,6.0,2
1020000000.0, Depok,2.0,2.0,84.0,40.0,1.0,1.0,1.0,2.1,4.0,2
1560000000.0, Depok,3.0,2.0,109.0,90.0,2.0,2.0,2.0,1.211111111111111,5.0,2
901000000.0, Depok,3.0,3.0,101.0,78.0,1.0,1.0,2.0,1.294871794871795,6.0,2
901000000.0, Depok,3.0,3.0,101.0,91.0,1.0,1.0,2.0,1.10989010989011,6.0,2
1110000000.0, Depok,4.0,3.0,91.0,101.0,2.0,2.0,2.0,0.900990099009901,7.0,2
485000000.0, Depok,2.0,1.0,60.0,45.0,1.0,0.0,1.0,1.3333333333333333,3.0,2
4000000000.0, Depok,4.0,3.0,600.0,300.0,2.0,2.0,2.0,2.0,7.0,2
1200000000.0, Depok,2.0,2.0,84.0,75.0,0.0,2.0,2.0,1.12,4.0,2
800000000.0, Depok,3.0,2.0,68.0,56.0,2.0,2.0,2.0,1.2142857142857142,5.0,2
750000000.0, Depok,3.0,2.0,70.0,69.0,2.0,2.0,2.0,1.0144927536231885,5.0,2
600000000.0, Depok,2.0,1.0,68.0,38.0,1.0,1.0,1.0,1.7894736842105263,3.0,2
650000000.0, Depok,3.0,1.0,72.0,52.0,1.0,1.0,2.0,1.3846153846153846,4.0,2
917000000.0, Depok,2.0,1.0,84.0,45.0,1.0,0.0,1.0,1.8666666666666667,3.0,2
950000000.0, Depok,4.0,2.0,70.0,118.0,1.0,0.0,2.0,0.5932203389830508,6.0,2
955000000.0, Depok,3.0,2.0,70.0,115.0,1.0,0.0,2.0,0.6086956521739131,5.0,2
1870000000.0, Depok,4.0,4.0,124.0,135.0,2.0,0.0,2.0,0.9185185185185185,8.0,2
285000000.0, Depok,2.0,1.0,63.0,40.0,1.0,1.0,1.0,1.575,3.0,2
1330000000.0, Depok,3.0,2.0,84.0,75.0,0.0,0.0,1.0,1.12,5.0,2
2490000000.0, Depok,4.0,4.0,158.0,133.0,2.0,2.0,2.0,1.1879699248120301,8.0,2
2280000000.0, Depok,3.0,3.0,142.0,126.0,2.0,2.0,2.0,1.126984126984127,6.0,2
230000000.0, Depok,2.0,1.0,50.0,36.0,1.0,1.0,1.0,1.3888888888888888,3.0,2
3500000000.0, Depok,3.0,4.0,200.0,120.0,2.0,0.0,2.0,1.6666666666666667,7.0,2
800000000.0, Depok,3.0,3.0,101.0,78.0,1.0,1.0,2.0,1.294871794871795,6.0,2
387000000.0, Depok,2.0,1.0,55.0,42.0,1.0,1.0,1.0,1.3095238095238095,3.0,2
485000000.0, Depok,2.0,1.0,72.0,42.0,1.0,0.0,1.0,1.7142857142857142,3.0,2
525000000.0, Depok,2.0,1.0,73.0,45.0,1.0,0.0,1.0,1.6222222222222222,3.0,2
1600000000.0, Depok,3.0,2.0,120.0,79.0,2.0,3.0,2.0,1.518987341772152,5.0,2
445000000.0, Depok,4.0,2.0,60.0,80.0,1.0,1.0,1.0,0.75,6.0,2
1450000000.0, Depok,2.0,2.0,144.0,68.0,2.0,0.0,1.0,2.1176470588235294,4.0,2
200000000.0, Depok,2.0,1.0,50.0,36.0,1.0,1.0,1.0,1.3888888888888888,3.0,2
1800000000.0, Depok,5.0,4.0,112.0,120.0,0.0,4.0,2.0,0.9333333333333333,9.0,2
750000000.0, Depok,2.0,1.0,66.0,50.0,1.0,0.0,1.0,1.32,3.0,2
650000000.0, Depok,3.0,1.0,119.0,80.0,1.0,1.0,1.0,1.4875,4.0,2
2280000000.0, Depok,3.0,3.0,110.0,103.0,2.0,0.0,2.0,1.0679611650485437,6.0,2
1670000000.0, Depok,3.0,2.0,96.0,103.0,2.0,0.0,2.0,0.9320388349514563,5.0,2
1410000000.0, Depok,3.0,2.0,84.0,85.0,2.0,0.0,2.0,0.9882352941176471,5.0,2
1330000000.0, Depok,2.0,2.0,84.0,75.0,2.0,0.0,2.0,1.12,4.0,2
1940000000.0, Depok,2.0,2.0,106.0,75.0,1.0,0.0,2.0,1.4133333333333333,4.0,2
2790000000.0, Depok,4.0,4.0,129.0,120.0,2.0,0.0,2.0,1.075,8.0,2
1330000000.0, Depok,3.0,3.0,84.0,75.0,2.0,0.0,2.0,1.12,6.0,2
508000000.0, Depok,2.0,1.0,72.0,45.0,1.0,1.0,1.0,1.6,3.0,2
1500000000.0, Depok,4.0,4.0,96.0,103.0,2.0,2.0,2.0,0.9320388349514563,8.0,2
583000000.0, Depok,2.0,1.0,70.0,34.0,1.0,1.0,1.0,2.0588235294117645,3.0,2
622000000.0, Depok,2.0,2.0,52.0,63.0,1.0,1.0,2.0,0.8253968253968254,4.0,2
1600000000.0, Depok,3.0,3.0,230.0,150.0,2.0,0.0,2.0,1.5333333333333334,6.0,2
1100000000.0, Depok,3.0,2.0,92.0,74.0,2.0,2.0,2.0,1.2432432432432432,5.0,2
799000000.0, Depok,3.0,2.0,76.0,66.0,2.0,2.0,2.0,1.1515151515151516,5.0,2
590000000.0, Depok,3.0,2.0,72.0,72.0,1.0,0.0,2.0,1.0,5.0,2
755000000.0, Depok,3.0,2.0,75.0,60.0,2.0,2.0,2.0,1.25,5.0,2
1230000000.0, Depok,2.0,2.0,121.0,71.0,2.0,2.0,2.0,1.704225352112676,4.0,2
1200000000.0, Depok,2.0,3.0,98.0,78.0,1.0,1.0,2.0,1.2564102564102564,5.0,2
1200000000.0, Depok,2.0,3.0,98.0,78.0,0.0,1.0,2.0,1.2564102564102564,5.0,2
500000000.0, Depok,2.0,1.0,50.0,30.0,1.0,1.0,1.0,1.6666666666666667,3.0,2
699000000.0, Depok,3.0,2.0,62.0,70.0,1.0,0.0,2.0,0.8857142857142857,5.0,2
1800000000.0, Depok,3.0,3.0,120.0,158.0,1.0,0.0,2.0,0.759493670886076,6.0,2
2600000000.0, Depok,3.0,2.0,235.0,225.0,0.0,1.0,1.0,1.0444444444444445,5.0,2
1200000000.0, Depok,2.0,2.0,98.0,78.0,2.0,0.0,2.0,1.2564102564102564,4.0,2
875000000.0, Depok,3.0,2.0,70.0,69.0,2.0,0.0,2.0,1.0144927536231885,5.0,2
945000000.0, Depok,2.0,1.0,105.0,60.0,1.0,1.0,1.0,1.75,3.0,2
660000000.0, Depok,2.0,1.0,80.0,45.0,0.0,1.0,1.0,1.7777777777777777,3.0,2
660000000.0, Depok,2.0,1.0,80.0,45.0,1.0,1.0,1.0,1.7777777777777777,3.0,2
690000000.0, Depok,2.0,1.0,87.0,45.0,1.0,1.0,1.0,1.9333333333333333,3.0,2
350000000.0, Depok,3.0,1.0,60.0,36.0,0.0,0.0,2.0,1.6666666666666667,4.0,2
800000000.0, Depok,3.0,3.0,109.0,144.0,2.0,2.0,2.0,0.7569444444444444,6.0,2
1250000000.0, Depok,3.0,1.0,128.0,110.0,1.0,0.0,1.0,1.1636363636363636,4.0,2
690000000.0, Depok,2.0,1.0,87.0,45.0,0.0,0.0,1.0,1.9333333333333333,3.0,2
950000000.0, Depok,2.0,1.0,120.0,57.0,1.0,0.0,1.0,2.1052631578947367,3.0,2
1800000000.0, Depok,3.0,3.0,106.0,150.0,0.0,1.0,2.0,0.7066666666666667,6.0,2
2520000000.0, Depok,4.0,3.0,150.0,200.0,1.0,1.0,2.0,0.75,7.0,2
1100000000.0, Depok,3.0,3.0,96.0,75.0,1.0,0.0,2.0,1.28,6.0,2
1150000000.0, Depok,3.0,3.0,72.0,80.0,2.0,2.0,2.0,0.9,6.0,2
1150000000.0, Depok,3.0,3.0,72.0,80.0,2.0,2.0,2.0,0.9,6.0,2
995000000.0, Depok,3.0,2.0,72.0,75.0,2.0,2.0,2.0,0.96,5.0,2
756000000.0, Depok,2.0,2.0,60.0,51.0,2.0,0.0,2.0,1.1764705882352942,4.0,2
1440000000.0, Depok,3.0,3.0,97.0,130.0,2.0,2.0,2.0,0.7461538461538462,6.0,2
725000000.0, Depok,2.0,2.0,50.0,50.0,1.0,1.0,2.0,1.0,4.0,2
1350000000.0, Depok,3.0,3.0,102.0,120.0,2.0,2.0,2.0,0.85,6.0,2
950000000.0, Depok,3.0,2.0,57.0,72.0,1.0,0.0,2.0,0.7916666666666666,5.0,2
1600000000.0, Depok,4.0,3.0,100.0,120.0,1.0,0.0,2.0,0.8333333333333334,7.0,2
995000000.0, Depok,3.0,2.0,72.0,75.0,2.0,0.0,2.0,0.96,5.0,2
2300000000.0, Depok,5.0,5.0,127.0,168.0,2.0,0.0,2.0,0.7559523809523809,10.0,2
1400000000.0, Depok,3.0,3.0,72.0,120.0,0.0,2.0,2.0,0.6,6.0,2
1700000000.0, Depok,3.0,3.0,100.0,120.0,0.0,1.0,2.0,0.8333333333333334,6.0,2
1400000000.0, Depok,3.0,3.0,100.0,130.0,0.0,1.0,2.0,0.7692307692307693,6.0,2
1700000000.0, Depok,3.0,3.0,77.0,140.0,0.0,2.0,2.0,0.55,6.0,2
995000000.0, Depok,3.0,2.0,72.0,75.0,0.0,1.0,2.0,0.96,5.0,2
1420000000.0, Depok,3.0,3.0,86.0,110.0,0.0,1.0,2.0,0.7818181818181819,6.0,2
2300000000.0, Depok,4.0,3.0,127.0,170.0,0.0,2.0,2.0,0.7470588235294118,7.0,2
1950000000.0, Depok,3.0,3.0,125.0,136.0,2.0,0.0,2.0,0.9191176470588235,6.0,2
770000000.0, Depok,2.0,1.0,72.0,42.0,2.0,0.0,1.0,1.7142857142857142,3.0,2
1350000000.0, Depok,4.0,4.0,300.0,317.0,2.0,0.0,2.0,0.9463722397476341,8.0,2
900000000.0, Depok,2.0,2.0,90.0,45.0,1.0,0.0,1.0,2.0,4.0,2
4200000000.0, Depok,3.0,4.0,194.0,120.0,1.0,1.0,2.0,1.6166666666666667,7.0,2
1560000000.0, Depok,3.0,2.0,72.0,90.0,1.0,0.0,2.0,0.8,5.0,2
1050000000.0, Depok,5.0,2.0,83.0,154.0,1.0,0.0,2.0,0.538961038961039,7.0,2
1560000000.0, Depok,3.0,3.0,115.0,145.0,1.0,0.0,2.0,0.7931034482758621,6.0,2
4900000000.0, Depok,6.0,2.0,450.0,250.0,0.0,2.0,1.0,1.8,8.0,2
1730000000.0, Depok,3.0,3.0,80.0,100.0,2.0,0.0,2.0,0.8,6.0,2
1200000000.0, Depok,4.0,3.0,80.0,60.0,2.0,2.0,2.0,1.3333333333333333,7.0,2
1220000000.0, Depok,3.0,3.0,81.0,80.0,1.0,0.0,2.0,1.0125,6.0,2
4900000000.0, Depok,6.0,2.0,400.0,250.0,1.0,2.0,2.0,1.6,8.0,2
1000000000.0, Depok,4.0,4.0,100.0,66.0,1.0,1.0,2.0,1.5151515151515151,8.0,2
350000000.0, Depok,2.0,1.0,50.0,36.0,1.0,0.0,1.0,1.3888888888888888,3.0,2
660000000.0, Depok,2.0,1.0,72.0,72.0,1.0,0.0,1.0,1.0,3.0,2
1300000000.0, Depok,3.0,3.0,98.0,100.0,0.0,1.0,1.0,0.98,6.0,2
870000000.0, Depok,3.0,3.0,60.0,85.0,1.0,1.0,2.0,0.7058823529411765,6.0,2
890000000.0, Depok,3.0,3.0,68.0,90.0,1.0,1.0,2.0,0.7555555555555555,6.0,2
800000000.0, Depok,3.0,2.0,80.0,70.0,1.0,0.0,2.0,1.1428571428571428,5.0,2
1170000000.0, Depok,3.0,2.0,93.0,88.0,2.0,0.0,2.0,1.0568181818181819,5.0,2
1250000000.0, Depok,3.0,3.0,72.0,110.0,2.0,2.0,2.0,0.6545454545454545,6.0,2
1100000000.0, Depok,3.0,2.0,92.0,100.0,1.0,0.0,2.0,0.92,5.0,2
1450000000.0, Depok,3.0,3.0,98.0,130.0,2.0,2.0,2.0,0.7538461538461538,6.0,2
900000000.0, Depok,3.0,2.0,60.0,75.0,1.0,1.0,1.0,0.8,5.0,2
1300000000.0, Depok,3.0,3.0,98.0,130.0,2.0,0.0,2.0,0.7538461538461538,6.0,2
2310000000.0, Depok,5.0,5.0,127.0,180.0,2.0,0.0,2.0,0.7055555555555556,10.0,2
1430000000.0, Depok,4.0,2.0,100.0,90.0,1.0,0.0,2.0,1.1111111111111112,6.0,2
575000000.0, Depok,2.0,1.0,46.0,36.0,1.0,0.0,1.0,1.2777777777777777,3.0,2
3200000000.0, Depok,4.0,3.0,268.0,140.0,1.0,2.0,2.0,1.9142857142857144,7.0,2
485000000.0, Depok,2.0,1.0,72.0,50.0,0.0,1.0,1.0,1.44,3.0,2
506000000.0, Depok,2.0,2.0,40.0,46.0,1.0,1.0,2.0,0.8695652173913043,4.0,2
980000000.0, Depok,3.0,2.0,80.0,70.0,1.0,0.0,2.0,1.1428571428571428,5.0,2
980000000.0, Depok,3.0,2.0,80.0,70.0,1.0,0.0,2.0,1.1428571428571428,5.0,2
980000000.0, Depok,3.0,2.0,80.0,70.0,1.0,0.0,2.0,1.1428571428571428,5.0,2
846000000.0, Depok,3.0,2.0,63.0,70.0,1.0,0.0,2.0,0.9,5.0,2
1170000000.0, Depok,2.0,1.0,93.0,88.0,2.0,0.0,1.0,1.0568181818181819,3.0,2
1170000000.0, Depok,2.0,1.0,93.0,88.0,2.0,0.0,1.0,1.0568181818181819,3.0,2
1850000000.0, Jakarta Barat,3.0,3.0,84.0,189.0,0.0,0.0,3.0,0.4444444444444444,6.0,3
6800000000.0, Jakarta Barat,4.0,3.0,260.0,387.0,0.0,0.0,2.0,0.6718346253229974,7.0,3
1650000000.0, Jakarta Barat,3.0,3.0,60.0,132.0,0.0,0.0,3.0,0.45454545454545453,6.0,3
2400000000.0, Jakarta Barat,5.0,4.0,89.0,227.0,0.0,0.0,3.0,0.3920704845814978,9.0,3
3550000000.0, Jakarta Barat,4.0,2.0,112.0,160.0,0.0,0.0,2.0,0.7,6.0,3
2400000000.0, Jakarta Barat,5.0,2.0,84.0,144.0,0.0,0.0,3.0,0.5833333333333334,7.0,3
3550000000.0, Jakarta Barat,3.0,2.0,120.0,200.0,0.0,0.0,2.0,0.6,5.0,3
2600000000.0, Jakarta Barat,4.0,3.0,75.0,150.0,0.0,0.0,1.0,0.5,7.0,3
3700000000.0, Jakarta Barat,4.0,4.0,105.0,196.0,0.0,0.0,3.0,0.5357142857142857,8.0,3
2200000000.0, Jakarta Barat,4.0,3.0,64.0,168.0,0.0,0.0,3.0,0.38095238095238093,7.0,3
2100000000.0, Jakarta Barat,3.0,3.0,50.0,128.0,0.0,0.0,3.0,0.390625,6.0,3
1800000000.0, Jakarta Barat,3.0,3.0,61.0,144.0,0.0,0.0,4.0,0.4236111111111111,6.0,3
4700000000.0, Jakarta Barat,1.0,1.0,225.0,255.0,0.0,0.0,1.0,0.8823529411764706,2.0,3
3000000000.0, Jakarta Barat,3.0,3.0,135.0,250.0,0.0,0.0,3.0,0.54,6.0,3
5500000000.0, Jakarta Barat,10.0,11.0,136.0,336.0,0.0,0.0,4.0,0.40476190476190477,21.0,3
4000000000.0, Jakarta Barat,6.0,2.0,198.0,500.0,0.0,2.0,3.0,0.396,8.0,3
6300000000.0, Jakarta Barat,5.0,6.0,233.0,315.0,0.0,0.0,2.0,0.7396825396825397,11.0,3
3000000000.0, Jakarta Barat,3.0,3.0,140.0,140.0,0.0,0.0,1.0,1.0,6.0,3
2200000000.0, Jakarta Barat,4.0,3.0,64.0,168.0,0.0,0.0,3.0,0.38095238095238093,7.0,3
2700000000.0, Jakarta Barat,6.0,4.0,88.0,200.0,0.0,0.0,4.0,0.44,10.0,3
2600000000.0, Jakarta Barat,3.0,3.0,75.0,150.0,0.0,0.0,3.0,0.5,6.0,3
4700000000.0, Jakarta Barat,1.0,1.0,225.0,255.0,0.0,0.0,1.0,0.8823529411764706,2.0,3
3950000000.0, Jakarta Barat,1.0,1.0,141.0,282.0,0.0,0.0,3.0,0.5,2.0,3
5500000000.0, Jakarta Barat,3.0,3.0,282.0,300.0,0.0,0.0,2.0,0.94,6.0,3
3000000000.0, Jakarta Barat,3.0,2.0,156.0,123.0,0.0,0.0,1.0,1.2682926829268293,5.0,3
3350000000.0, Jakarta Barat,1.0,1.0,192.0,192.0,0.0,0.0,1.0,1.0,2.0,3
6500000000.0, Jakarta Barat,6.0,5.0,258.0,400.0,0.0,0.0,2.0,0.645,11.0,3
1850000000.0, Jakarta Barat,3.0,3.0,84.0,189.0,0.0,0.0,3.0,0.4444444444444444,6.0,3
2300000000.0, Jakarta Barat,4.0,3.0,55.0,131.0,0.0,0.0,3.0,0.4198473282442748,7.0,3
1350000000.0, Jakarta Barat,3.0,3.0,36.0,73.0,0.0,0.0,4.0,0.4931506849315068,6.0,3
2500000000.0, Jakarta Barat,3.0,2.0,117.0,150.0,0.0,0.0,2.0,0.78,5.0,3
2700000000.0, Jakarta Barat,3.0,3.0,80.0,170.0,1.0,0.0,3.0,0.47058823529411764,6.0,3
2600000000.0, Jakarta Barat,3.0,3.0,75.0,150.0,1.0,0.0,3.0,0.5,6.0,3
2500000000.0, Jakarta Barat,3.0,3.0,84.0,180.0,1.0,0.0,3.0,0.4666666666666667,6.0,3
5500000000.0, Jakarta Barat,10.0,11.0,136.0,336.0,0.0,0.0,4.0,0.40476190476190477,21.0,3
1590000000.0, Jakarta Barat,3.0,3.0,39.0,110.0,1.0,0.0,3.0,0.35454545454545455,6.0,3
2400000000.0, Jakarta Barat,3.0,2.0,84.0,185.0,0.0,0.0,3.0,0.4540540540540541,5.0,3
4300000000.0, Jakarta Barat,4.0,5.0,102.0,294.0,0.0,0.0,3.0,0.3469387755102041,9.0,3
3750000000.0, Jakarta Barat,4.0,4.0,140.0,210.0,0.0,0.0,2.0,0.6666666666666666,8.0,3
2750000000.0, Jakarta Barat,3.0,2.0,140.0,126.0,0.0,0.0,1.0,1.1111111111111112,5.0,3
3100000000.0, Jakarta Barat,3.0,3.0,168.0,236.0,1.0,2.0,2.0,0.711864406779661,6.0,3
3500000000.0, Jakarta Barat,3.0,3.0,180.0,168.0,0.0,0.0,1.0,1.0714285714285714,6.0,3
1710000000.0, Jakarta Selatan,3.0,3.0,80.0,130.0,1.0,1.0,2.0,0.6153846153846154,6.0,5
1950000000.0, Jakarta Selatan,4.0,4.0,95.0,150.0,2.0,0.0,2.0,0.6333333333333333,8.0,5
2300000000.0, Jakarta Selatan,4.0,4.0,121.0,180.0,0.0,2.0,2.0,0.6722222222222223,8.0,5
2400000000.0, Jakarta Selatan,4.0,4.0,113.0,160.0,2.0,2.0,2.0,0.70625,8.0,5
1550000000.0, Jakarta Selatan,3.0,3.0,70.0,120.0,0.0,1.0,2.0,0.5833333333333334,6.0,5
695000000.0, Jakarta Selatan,2.0,2.0,40.0,80.0,1.0,0.0,2.0,0.5,4.0,5
2640000000.0, Jakarta Selatan,4.0,4.0,110.0,140.0,1.0,0.0,2.0,0.7857142857142857,8.0,5
4500000000.0, Jakarta Selatan,4.0,4.0,168.0,230.0,1.0,2.0,3.0,0.7304347826086957,8.0,5
2640000000.0, Jakarta Selatan,4.0,4.0,110.0,140.0,0.0,1.0,2.0,0.7857142857142857,8.0,5
1950000000.0, Jakarta Selatan,3.0,3.0,95.0,150.0,2.0,0.0,2.0,0.6333333333333333,6.0,5
1450000000.0, Jakarta Selatan,3.0,3.0,97.0,130.0,2.0,2.0,2.0,0.7461538461538462,6.0,5
3700000000.0, Jakarta Selatan,4.0,4.0,112.0,240.0,2.0,2.0,3.0,0.4666666666666667,8.0,5
2000000000.0, Jakarta Selatan,5.0,5.0,125.0,160.0,2.0,2.0,2.0,0.78125,10.0,5
3200000000.0, Jakarta Selatan,4.0,4.0,210.0,280.0,2.0,3.0,3.0,0.75,8.0,5
1950000000.0, Jakarta Selatan,3.0,3.0,96.0,150.0,2.0,1.0,3.0,0.64,6.0,5
1950000000.0, Jakarta Selatan,3.0,3.0,96.0,150.0,2.0,1.0,3.0,0.64,6.0,5
1650000000.0, Jakarta Selatan,3.0,3.0,78.0,110.0,1.0,0.0,2.0,0.7090909090909091,6.0,5
2640000000.0, Jakarta Selatan,4.0,4.0,110.0,140.0,1.0,1.0,2.0,0.7857142857142857,8.0,5
1250000000.0, Jakarta Selatan,3.0,3.0,77.0,120.0,1.0,1.0,2.0,0.6416666666666667,6.0,5
5500000000.0, Jakarta Selatan,5.0,4.0,165.0,300.0,2.0,3.0,3.0,0.55,9.0,5
2500000000.0, Jakarta Selatan,5.0,4.0,126.0,240.0,2.0,0.0,2.0,0.525,9.0,5
3700000000.0, Jakarta Selatan,5.0,5.0,139.0,240.0,2.0,0.0,2.0,0.5791666666666667,10.0,5
3720000000.0, Jakarta Selatan,4.0,4.0,112.0,240.0,2.0,2.0,3.0,0.4666666666666667,8.0,5
4000000000.0, Jakarta Selatan,3.0,3.0,279.0,210.0,2.0,1.0,2.0,1.3285714285714285,6.0,5
2400000000.0, Jakarta Selatan,4.0,4.0,150.0,250.0,2.0,2.0,3.0,0.6,8.0,5
4500000000.0, Jakarta Selatan,3.0,4.0,277.0,310.0,2.0,2.0,2.0,0.8935483870967742,7.0,5
4500000000.0, Jakarta Selatan,3.0,4.0,277.0,310.0,2.0,2.0,2.0,0.8935483870967742,7.0,5
2900000000.0, Jakarta Selatan,4.0,4.0,92.0,230.0,2.0,0.0,2.0,0.4,8.0,5
2500000000.0, Jakarta Selatan,4.0,3.0,120.0,220.0,1.0,2.0,2.0,0.5454545454545454,7.0,5
1520000000.0, Jakarta Selatan,4.0,4.0,77.0,130.0,1.0,0.0,2.0,0.5923076923076923,8.0,5
3500000000.0, Jakarta Selatan,4.0,3.0,135.0,200.0,1.0,2.0,2.0,0.675,7.0,5
1400000000.0, Jakarta Selatan,3.0,2.0,78.0,120.0,1.0,1.0,2.0,0.65,5.0,5
3600000000.0, Jakarta Selatan,4.0,4.0,101.0,260.0,2.0,1.0,3.0,0.38846153846153847,8.0,5
4950000000.0, Jakarta Selatan,4.0,4.0,202.0,300.0,2.0,2.0,3.0,0.6733333333333333,8.0,5
1900000000.0, Jakarta Selatan,4.0,4.0,90.0,150.0,2.0,0.0,2.0,0.6,8.0,5
1550000000.0, Jakarta Selatan,4.0,4.0,126.0,160.0,2.0,0.0,2.0,0.7875,8.0,5
5500000000.0, Jakarta Selatan,4.0,4.0,163.0,380.0,2.0,2.0,3.0,0.42894736842105263,8.0,5
2750000000.0, Jakarta Selatan,4.0,4.0,170.0,169.0,2.0,0.0,2.0,1.0059171597633136,8.0,5
2300000000.0, Jakarta Selatan,3.0,3.0,120.0,165.0,2.0,0.0,2.0,0.7272727272727273,6.0,5
1450000000.0, Jakarta Selatan,3.0,3.0,63.0,100.0,2.0,0.0,2.0,0.63,6.0,5
4950000000.0, Jakarta Selatan,6.0,6.0,223.0,320.0,3.0,1.0,3.0,0.696875,12.0,5
1300000000.0, Jakarta Selatan,3.0,2.0,60.0,62.0,2.0,0.0,2.0,0.967741935483871,5.0,5
1680000000.0, Jakarta Selatan,3.0,3.0,60.0,132.0,1.0,0.0,3.0,0.45454545454545453,6.0,5
1290000000.0, Jakarta Selatan,3.0,2.0,60.0,70.0,1.0,0.0,2.0,0.8571428571428571,5.0,5
3500000000.0, Jakarta Selatan,3.0,2.0,216.0,250.0,1.0,0.0,2.0,0.864,5.0,5
6000000000.0, Jakarta Selatan,5.0,3.0,373.0,132.0,0.0,2.0,1.0,2.8257575757575757,8.0,5
5750000000.0, Jakarta Selatan,4.0,4.0,264.0,360.0,2.0,1.0,2.0,0.7333333333333333,8.0,5
4000000000.0, Jakarta Selatan,4.0,3.0,433.0,300.0,2.0,2.0,1.0,1.4433333333333334,7.0,5
4800000000.0, Jakarta Selatan,5.0,3.0,300.0,400.0,2.0,2.0,2.0,0.75,8.0,5
4000000000.0, Jakarta Selatan,6.0,6.0,128.0,270.0,2.0,3.0,3.0,0.4740740740740741,12.0,5
2700000000.0, Jakarta Selatan,3.0,3.0,118.0,180.0,2.0,0.0,2.0,0.6555555555555556,6.0,5
949000000.0, Jakarta Selatan,3.0,2.0,60.0,74.0,1.0,1.0,2.0,0.8108108108108109,5.0,5
7700000000.0, Jakarta Utara,4.0,3.0,200.0,400.0,0.0,0.0,3.0,0.5,7.0,7
2350000000.0, Jakarta Utara,3.0,3.0,75.0,98.0,2.0,0.0,2.0,0.7653061224489796,6.0,7
3150000000.0, Jakarta Utara,3.0,3.0,100.0,150.0,1.0,1.0,2.0,0.6666666666666666,6.0,7
5500000000.0, Jakarta Utara,3.0,3.0,150.0,160.0,2.0,0.0,1.0,0.9375,6.0,7
7500000000.0, Jakarta Utara,4.0,4.0,216.0,200.0,0.0,0.0,2.0,1.08,8.0,7
2300000000.0, Jakarta Utara,3.0,3.0,75.0,100.0,1.0,1.0,2.0,0.75,6.0,7
3000000000.0, Jakarta Utara,3.0,3.0,90.0,100.0,1.0,2.0,2.0,0.9,6.0,7
4000000000.0, Jakarta Utara,3.0,3.0,120.0,146.0,2.0,0.0,2.0,0.821917808219178,6.0,7
5000000000.0, Jakarta Utara,4.0,3.0,130.0,182.0,2.0,0.0,2.0,0.7142857142857143,7.0,7
3150000000.0, Jakarta Utara,3.0,3.0,100.0,120.0,2.0,0.0,2.0,0.8333333333333334,6.0,7
7700000000.0, Jakarta Utara,4.0,3.0,180.0,250.0,2.0,2.0,3.0,0.72,7.0,7
3150000000.0, Jakarta Utara,3.0,3.0,100.0,120.0,2.0,0.0,2.0,0.8333333333333334,6.0,7
4700000000.0, Jakarta Utara,3.0,3.0,120.0,150.0,2.0,0.0,2.0,0.8,6.0,7
4100000000.0, Jakarta Utara,3.0,3.0,102.0,160.0,2.0,0.0,1.0,0.6375,6.0,7
1950000000.0, Jakarta Utara,3.0,2.0,45.0,55.0,0.0,0.0,2.0,0.8181818181818182,5.0,7
6750000000.0, Jakarta Utara,4.0,4.0,180.0,224.0,2.0,0.0,2.0,0.8035714285714286,8.0,7
3000000000.0, Jakarta Utara,3.0,3.0,90.0,120.0,0.0,2.0,2.0,0.75,6.0,7
3100000000.0, Jakarta Utara,3.0,2.0,100.0,115.0,1.0,0.0,2.0,0.8695652173913043,5.0,7
1350000000.0, Jakarta Utara,2.0,2.0,45.0,54.0,1.0,0.0,2.0,0.8333333333333334,4.0,7
2900000000.0, Jakarta Utara,3.0,3.0,90.0,119.0,1.0,0.0,2.0,0.7563025210084033,6.0,7
2900000000.0, Jakarta Utara,3.0,3.0,90.0,136.0,2.0,0.0,1.0,0.6617647058823529,6.0,7
4900000000.0, Jakarta Utara,4.0,4.0,150.0,209.0,0.0,0.0,2.0,0.7177033492822966,8.0,7
2350000000.0, Jakarta Utara,3.0,3.0,80.0,98.0,2.0,0.0,2.0,0.8163265306122449,6.0,7
6800000000.0, Jakarta Utara,5.0,5.0,136.0,300.0,3.0,0.0,3.0,0.4533333333333333,10.0,7
3000000000.0, Jakarta Utara,3.0,3.0,90.0,120.0,2.0,0.0,2.0,0.75,6.0,7
6750000000.0, Jakarta Utara,4.0,4.0,180.0,224.0,2.0,0.0,2.0,0.8035714285714286,8.0,7
5990000000.0, Jakarta Utara,4.0,4.0,160.0,200.0,1.0,2.0,3.0,0.8,8.0,7
5700000000.0, Jakarta Utara,3.0,3.0,160.0,200.0,1.0,2.0,2.0,0.8,6.0,7
4300000000.0, Jakarta Utara,3.0,2.0,120.0,150.0,2.0,0.0,2.0,0.8,5.0,7
4000000000.0, Jakarta Utara,3.0,3.0,120.0,130.0,1.0,2.0,2.0,0.9230769230769231,6.0,7
5700000000.0, Jakarta Utara,3.0,3.0,160.0,200.0,1.0,2.0,2.0,0.8,6.0,7
7000000000.0, Jakarta Utara,3.0,3.0,160.0,220.0,1.0,1.0,2.0,0.7272727272727273,6.0,7
5200000000.0, Jakarta Utara,3.0,2.0,144.0,144.0,0.0,0.0,2.0,1.0,5.0,7
2400000000.0, Jakarta Utara,3.0,3.0,60.0,150.0,0.0,2.0,3.0,0.4,6.0,7
7000000000.0, Jakarta Utara,4.0,3.0,200.0,200.0,2.0,1.0,3.0,1.0,7.0,7
4200000000.0, Jakarta Utara,3.0,3.0,102.0,120.0,2.0,0.0,2.0,0.85,6.0,7
4750000000.0, Jakarta Utara,3.0,2.0,120.0,200.0,1.0,1.0,2.0,0.6,5.0,7
5350000000.0, Jakarta Utara,4.0,3.0,144.0,208.0,0.0,0.0,2.0,0.6923076923076923,7.0,7
6000000000.0, Jakarta Utara,4.0,3.0,160.0,300.0,0.0,0.0,3.0,0.5333333333333333,7.0,7
6900000000.0, Jakarta Barat,3.0,4.0,260.0,500.0,2.0,2.0,3.0,0.52,7.0,3
5500000000.0, Jakarta Barat,4.0,2.0,204.0,200.0,4.0,0.0,2.0,1.02,6.0,3
1750000000.0, Jakarta Barat,3.0,4.0,64.0,140.0,0.0,0.0,3.0,0.45714285714285713,7.0,3
3600000000.0, Jakarta Barat,4.0,3.0,120.0,200.0,2.0,0.0,3.0,0.6,7.0,3
6000000000.0, Jakarta Barat,3.0,3.0,200.0,325.0,1.0,1.0,2.0,0.6153846153846154,6.0,3
4500000000.0, Jakarta Barat,4.0,3.0,140.0,250.0,1.0,0.0,2.0,0.56,7.0,3
1300000000.0, Jakarta Barat,3.0,3.0,56.0,150.0,0.0,0.0,3.0,0.37333333333333335,6.0,3
4600000000.0, Jakarta Barat,4.0,3.0,144.0,200.0,0.0,2.0,2.0,0.72,7.0,3
3200000000.0, Jakarta Barat,6.0,5.0,150.0,200.0,3.0,0.0,2.0,0.75,11.0,3
2600000000.0, Jakarta Barat,4.0,3.0,117.0,177.0,1.0,0.0,2.0,0.6610169491525424,7.0,3
2340000000.0, Jakarta Barat,3.0,2.0,97.0,120.0,0.0,1.0,2.0,0.8083333333333333,5.0,3
2340000000.0, Jakarta Barat,3.0,2.0,97.0,120.0,2.0,0.0,2.0,0.8083333333333333,5.0,3
4200000000.0, Jakarta Barat,4.0,3.0,160.0,250.0,1.0,1.0,3.0,0.64,7.0,3
2340000000.0, Jakarta Barat,3.0,2.0,97.0,120.0,0.0,1.0,2.0,0.8083333333333333,5.0,3
6250000000.0, Jakarta Selatan,2.0,2.0,175.0,185.0,2.0,0.0,2.0,0.9459459459459459,4.0,5
5900000000.0, Jakarta Selatan,3.0,3.0,195.0,350.0,1.0,4.0,3.0,0.5571428571428572,6.0,5
1750000000.0, Jakarta Barat,3.0,4.0,64.0,140.0,2.0,0.0,3.0,0.45714285714285713,7.0,3
1880000000.0, Jakarta Barat,3.0,3.0,80.0,110.0,2.0,2.0,2.0,0.7272727272727273,6.0,3
2200000000.0, Jakarta Barat,3.0,3.0,125.0,140.0,2.0,2.0,2.0,0.8928571428571429,6.0,3
2850000000.0, Jakarta Barat,4.0,2.0,150.0,165.0,2.0,0.0,2.0,0.9090909090909091,6.0,3
1880000000.0, Jakarta Barat,3.0,3.0,80.0,110.0,2.0,2.0,2.0,0.7272727272727273,6.0,3
2200000000.0, Jakarta Barat,3.0,3.0,125.0,140.0,2.0,2.0,2.0,0.8928571428571429,6.0,3
2500000000.0, Jakarta Barat,3.0,3.0,125.0,186.0,3.0,0.0,3.0,0.6720430107526881,6.0,3
2550000000.0, Jakarta Barat,3.0,4.0,250.0,340.0,3.0,2.0,2.0,0.7352941176470589,7.0,3
2300000000.0, Jakarta Barat,3.0,3.0,125.0,150.0,3.0,0.0,2.0,0.8333333333333334,6.0,3
2300000000.0, Jakarta Barat,3.0,3.0,125.0,150.0,3.0,0.0,2.0,0.8333333333333334,6.0,3
1550000000.0, Jakarta Barat,3.0,3.0,60.0,85.0,3.0,0.0,2.0,0.7058823529411765,6.0,3
1850000000.0, Jakarta Barat,3.0,3.0,80.0,120.0,3.0,0.0,2.0,0.6666666666666666,6.0,3
2150000000.0, Jakarta Barat,3.0,3.0,125.0,150.0,3.0,0.0,2.0,0.8333333333333334,6.0,3
1850000000.0, Jakarta Barat,3.0,3.0,80.0,120.0,3.0,0.0,2.0,0.6666666666666666,6.0,3
2150000000.0, Jakarta Barat,3.0,3.0,125.0,150.0,3.0,0.0,2.0,0.8333333333333334,6.0,3
2300000000.0, Jakarta Barat,3.0,3.0,125.0,150.0,0.0,0.0,2.0,0.8333333333333334,6.0,3
2300000000.0, Jakarta Barat,3.0,3.0,125.0,150.0,2.0,0.0,2.0,0.8333333333333334,6.0,3
3200000000.0, Jakarta Barat,4.0,3.0,250.0,239.0,2.0,1.0,2.0,1.0460251046025104,7.0,3
1950000000.0, Jakarta Barat,3.0,3.0,125.0,149.0,2.0,2.0,2.0,0.8389261744966443,6.0,3
408000000.0, Jakarta Timur,2.0,1.0,18.0,35.0,0.0,0.0,2.0,0.5142857142857142,3.0,6
495000000.0, Jakarta Timur,2.0,1.0,17.0,33.0,0.0,0.0,2.0,0.5151515151515151,3.0,6
418000000.0, Jakarta Timur,2.0,1.0,18.0,35.0,0.0,0.0,2.0,0.5142857142857142,3.0,6
495000000.0, Jakarta Timur,2.0,1.0,17.0,33.0,0.0,0.0,2.0,0.5151515151515151,3.0,6
330000000.0, Jakarta Timur,1.0,1.0,15.0,28.0,0.0,0.0,2.0,0.5357142857142857,2.0,6
418000000.0, Jakarta Timur,2.0,1.0,18.0,35.0,0.0,0.0,2.0,0.5142857142857142,3.0,6
418000000.0, Jakarta Timur,2.0,2.0,18.0,33.0,0.0,0.0,2.0,0.5454545454545454,4.0,6
1400000000.0, Jakarta Barat,2.0,2.0,60.0,87.0,0.0,0.0,2.0,0.6896551724137931,4.0,3
2900000000.0, Jakarta Barat,3.0,3.0,120.0,120.0,2.0,0.0,2.0,1.0,6.0,3
5400000000.0, Jakarta Barat,4.0,3.0,180.0,250.0,0.0,0.0,2.0,0.72,7.0,3
2900000000.0, Jakarta Barat,3.0,3.0,120.0,120.0,2.0,0.0,2.0,1.0,6.0,3
5400000000.0, Jakarta Barat,4.0,3.0,180.0,250.0,0.0,0.0,2.0,0.72,7.0,3
3200000000.0, Jakarta Barat,3.0,4.0,128.0,156.0,0.0,0.0,2.0,0.8205128205128205,7.0,3
2200000000.0, Jakarta Barat,3.0,2.0,90.0,100.0,0.0,0.0,2.0,0.9,5.0,3
5000000000.0, Jakarta Barat,4.0,3.0,200.0,400.0,2.0,0.0,2.0,0.5,7.0,3
2400000000.0, Jakarta Barat,3.0,3.0,90.0,120.0,2.0,0.0,2.0,0.75,6.0,3
3000000000.0, Jakarta Barat,3.0,3.0,108.0,156.0,2.0,0.0,2.0,0.6923076923076923,6.0,3
4300000000.0, Jakarta Barat,3.0,3.0,144.0,200.0,2.0,0.0,2.0,0.72,6.0,3
2700000000.0, Jakarta Barat,2.0,3.0,90.0,120.0,2.0,0.0,2.0,0.75,5.0,3
2400000000.0, Jakarta Barat,3.0,3.0,90.0,110.0,1.0,0.0,2.0,0.8181818181818182,6.0,3
3950000000.0, Jakarta Barat,3.0,3.0,162.0,200.0,2.0,0.0,2.0,0.81,6.0,3
3300000000.0, Jakarta Barat,4.0,3.0,144.0,147.0,2.0,0.0,2.0,0.9795918367346939,7.0,3
3300000000.0, Jakarta Barat,3.0,4.0,144.0,147.0,0.0,0.0,2.0,0.9795918367346939,7.0,3
3100000000.0, Jakarta Barat,3.0,2.0,200.0,211.0,1.0,0.0,2.0,0.9478672985781991,5.0,3
1180000000.0, Jakarta Barat,2.0,2.0,48.0,76.0,1.0,0.0,2.0,0.631578947368421,4.0,3
2350000000.0, Jakarta Barat,3.0,2.0,114.0,110.0,1.0,0.0,2.0,1.0363636363636364,5.0,3
4900000000.0, Jakarta Selatan,5.0,3.0,210.0,150.0,3.0,0.0,1.0,1.4,8.0,5
3200000000.0, Jakarta Selatan,4.0,3.0,216.0,241.0,1.0,1.0,2.0,0.8962655601659751,7.0,5
1600000000.0, Jakarta Timur,2.0,2.0,75.0,67.0,0.0,1.0,2.0,1.1194029850746268,4.0,6
2450000000.0, Jakarta Timur,3.0,2.0,180.0,100.0,2.0,0.0,2.0,1.8,5.0,6
2520000000.0, Jakarta Timur,3.0,3.0,180.0,115.0,2.0,0.0,1.0,1.565217391304348,6.0,6
1400000000.0, Jakarta Timur,3.0,2.0,77.0,88.0,1.0,0.0,3.0,0.875,5.0,6
2520000000.0, Jakarta Timur,3.0,3.0,180.0,115.0,2.0,0.0,1.0,1.565217391304348,6.0,6
1400000000.0, Jakarta Timur,3.0,2.0,77.0,88.0,1.0,0.0,3.0,0.875,5.0,6
2520000000.0, Jakarta Timur,3.0,3.0,180.0,115.0,2.0,2.0,1.0,1.565217391304348,6.0,6
2000000000.0, Jakarta Timur,3.0,2.0,105.0,85.0,2.0,0.0,2.0,1.2352941176470589,5.0,6
1550000000.0, Jakarta Timur,3.0,3.0,69.0,74.0,1.0,0.0,2.0,0.9324324324324325,6.0,6
2600000000.0, Jakarta Timur,3.0,3.0,112.0,112.0,2.0,0.0,1.0,1.0,6.0,6
1700000000.0, Jakarta Timur,2.0,2.0,85.0,60.0,1.0,1.0,2.0,1.4166666666666667,4.0,6
1050000000.0, Jakarta Timur,3.0,2.0,75.0,90.0,1.0,2.0,2.0,0.8333333333333334,5.0,6
2350000000.0, Jakarta Timur,2.0,2.0,90.0,93.0,0.0,1.0,2.0,0.967741935483871,4.0,6
2540000000.0, Jakarta Timur,3.0,4.0,98.0,115.0,0.0,0.0,2.0,0.8521739130434782,7.0,6
2000000000.0, Jakarta Timur,3.0,2.0,105.0,105.0,1.0,0.0,2.0,1.0,5.0,6
7390000000.0, Jakarta Selatan,4.0,3.0,336.0,250.0,2.0,2.0,2.0,1.344,7.0,5
4100000000.0, Jakarta Selatan,3.0,3.0,110.0,220.0,1.0,1.0,3.0,0.5,6.0,5
5900000000.0, Jakarta Selatan,4.0,3.0,144.0,373.0,1.0,2.0,3.0,0.38605898123324395,7.0,5
2600000000.0, Jakarta Selatan,4.0,2.0,150.0,200.0,3.0,0.0,2.0,0.75,6.0,5
6250000000.0, Jakarta Selatan,3.0,2.0,212.0,175.0,2.0,0.0,1.0,1.2114285714285715,5.0,5
2800000000.0, Jakarta Selatan,4.0,3.0,270.0,282.0,1.0,0.0,2.0,0.9574468085106383,7.0,5
6600000000.0, Jakarta Selatan,4.0,2.0,204.0,320.0,2.0,1.0,2.0,0.6375,6.0,5
5200000000.0, Jakarta Selatan,5.0,5.0,163.0,255.0,1.0,1.0,2.0,0.6392156862745098,10.0,5
6800000000.0, Jakarta Selatan,4.0,3.0,200.0,250.0,2.0,0.0,2.0,0.8,7.0,5
3200000000.0, Jakarta Selatan,3.0,3.0,240.0,280.0,1.0,0.0,2.0,0.8571428571428571,6.0,5
2520000000.0, Jakarta Selatan,4.0,3.0,150.0,200.0,0.0,1.0,2.0,0.75,7.0,5
506000000.0, Jakarta Pusat,2.0,2.0,23.0,43.0,0.0,0.0,2.0,0.5348837209302325,4.0,4
1470000000.0, Jakarta Pusat,3.0,2.0,36.0,68.0,1.0,0.0,3.0,0.5294117647058824,5.0,4
3800000000.0, Jakarta Pusat,3.0,3.0,163.0,250.0,2.0,1.0,3.0,0.652,6.0,4
1300000000.0, Jakarta Pusat,3.0,2.0,36.0,64.0,1.0,1.0,2.0,0.5625,5.0,4
506000000.0, Jakarta Pusat,2.0,2.0,23.0,43.0,0.0,0.0,2.0,0.5348837209302325,4.0,4
1470000000.0, Jakarta Pusat,3.0,2.0,36.0,68.0,1.0,0.0,3.0,0.5294117647058824,5.0,4
1480000000.0, Jakarta Pusat,2.0,2.0,36.0,69.0,1.0,1.0,2.0,0.5217391304347826,4.0,4
7000000000.0, Jakarta Pusat,5.0,5.0,300.0,425.0,0.0,2.0,2.0,0.7058823529411765,10.0,4
4800000000.0, Jakarta Barat,3.0,3.0,144.0,200.0,1.0,1.0,2.0,0.72,6.0,3
7100000000.0, Jakarta Barat,7.0,4.0,265.0,645.0,1.0,1.0,3.0,0.4108527131782946,11.0,3
6200000000.0, Jakarta Barat,4.0,3.0,144.0,300.0,1.0,2.0,3.0,0.48,7.0,3
4900000000.0, Jakarta Barat,3.0,3.0,144.0,220.0,0.0,0.0,2.0,0.6545454545454545,6.0,3
7190000000.0, Jakarta Barat,5.0,3.0,180.0,250.0,1.0,2.0,3.0,0.72,8.0,3
6500000000.0, Jakarta Barat,4.0,3.0,144.0,400.0,2.0,2.0,3.0,0.36,7.0,3
3990000000.0, Jakarta Barat,4.0,3.0,136.0,200.0,1.0,1.0,2.0,0.68,7.0,3
5100000000.0, Jakarta Barat,4.0,3.0,160.0,240.0,0.0,2.0,2.0,0.6666666666666666,7.0,3
6500000000.0, Jakarta Barat,4.0,3.0,144.0,400.0,2.0,2.0,3.0,0.36,7.0,3
5200000000.0, Jakarta Barat,3.0,3.0,150.0,200.0,0.0,2.0,2.0,0.75,6.0,3
4900000000.0, Jakarta Barat,3.0,2.0,144.0,250.0,0.0,2.0,2.0,0.576,5.0,3
7200000000.0, Jakarta Barat,4.0,3.0,180.0,350.0,1.0,1.0,3.0,0.5142857142857142,7.0,3
4600000000.0, Jakarta Barat,4.0,2.0,200.0,200.0,3.0,0.0,2.0,1.0,6.0,3
4850000000.0, Jakarta Barat,5.0,4.0,144.0,300.0,0.0,0.0,3.0,0.48,9.0,3
5200000000.0, Jakarta Barat,4.0,4.0,200.0,300.0,1.0,1.0,2.0,0.6666666666666666,8.0,3
3990000000.0, Jakarta Barat,3.0,3.0,136.0,200.0,1.0,1.0,1.0,0.68,6.0,3
6000000000.0, Jakarta Barat,4.0,3.0,120.0,350.0,2.0,2.0,4.0,0.34285714285714286,7.0,3
5000000000.0, Jakarta Barat,4.0,3.0,144.0,250.0,0.0,2.0,2.0,0.576,7.0,3
6500000000.0, Jakarta Barat,4.0,4.0,144.0,500.0,0.0,0.0,4.0,0.288,8.0,3
4850000000.0, Jakarta Barat,4.0,4.0,144.0,300.0,2.0,0.0,3.0,0.48,8.0,3
3990000000.0, Jakarta Barat,4.0,3.0,136.0,180.0,1.0,1.0,2.0,0.7555555555555555,7.0,3
4500000000.0, Jakarta Barat,5.0,3.0,144.0,250.0,2.0,0.0,2.0,0.576,8.0,3
800000000.0, Jakarta Barat,3.0,3.0,52.0,71.0,1.0,1.0,1.0,0.7323943661971831,6.0,3
1150000000.0, Jakarta Barat,2.0,2.0,33.0,62.0,1.0,1.0,2.0,0.532258064516129,4.0,3
1150000000.0, Jakarta Barat,2.0,3.0,33.0,62.0,1.0,1.0,2.0,0.532258064516129,5.0,3
1500000000.0, Jakarta Barat,2.0,2.0,40.0,71.0,1.0,0.0,2.0,0.5633802816901409,4.0,3
2400000000.0, Jakarta Barat,3.0,2.0,90.0,108.0,1.0,0.0,2.0,0.8333333333333334,5.0,3
2400000000.0, Jakarta Barat,3.0,2.0,90.0,108.0,1.0,0.0,2.0,0.8333333333333334,5.0,3
4700000000.0, Jakarta Barat,4.0,4.0,150.0,250.0,2.0,2.0,3.0,0.6,8.0,3
3390000000.0, Jakarta Barat,4.0,4.0,120.0,200.0,2.0,0.0,2.0,0.6,8.0,3
4700000000.0, Jakarta Barat,4.0,3.0,150.0,280.0,1.0,2.0,2.0,0.5357142857142857,7.0,3
3500000000.0, Jakarta Barat,3.0,2.0,120.0,160.0,0.0,2.0,2.0,0.75,5.0,3
3350000000.0, Jakarta Barat,4.0,3.0,120.0,200.0,0.0,0.0,2.0,0.6,7.0,3
3800000000.0, Jakarta Barat,4.0,3.0,144.0,208.0,2.0,1.0,2.0,0.6923076923076923,7.0,3
1270000000.0, Jakarta Barat,3.0,3.0,33.0,100.0,1.0,0.0,3.0,0.33,6.0,3
1450000000.0, Jakarta Barat,3.0,2.0,55.0,120.0,0.0,0.0,2.0,0.4583333333333333,5.0,3
1800000000.0, Jakarta Barat,2.0,2.0,56.0,105.0,1.0,0.0,2.0,0.5333333333333333,4.0,3
4500000000.0, Jakarta Utara,4.0,4.0,120.0,240.0,2.0,0.0,2.0,0.5,8.0,7
5500000000.0, Jakarta Barat,4.0,3.0,144.0,250.0,2.0,0.0,2.0,0.576,7.0,3
2600000000.0, Jakarta Timur,3.0,3.0,100.0,135.0,2.0,0.0,2.0,0.7407407407407407,6.0,6
3300000000.0, Jakarta Timur,3.0,2.0,135.0,200.0,2.0,0.0,3.0,0.675,5.0,6
2500000000.0, Jakarta Timur,4.0,4.0,90.0,135.0,0.0,0.0,2.0,0.6666666666666666,8.0,6
709000000.0, Jakarta Timur,3.0,3.0,37.0,57.0,1.0,1.0,2.0,0.6491228070175439,6.0,6
2600000000.0, Jakarta Timur,3.0,3.0,100.0,135.0,2.0,0.0,2.0,0.7407407407407407,6.0,6
709000000.0, Jakarta Timur,3.0,3.0,37.0,57.0,1.0,1.0,2.0,0.6491228070175439,6.0,6
2100000000.0, Jakarta Timur,3.0,2.0,132.0,88.0,2.0,0.0,2.0,1.5,5.0,6
2600000000.0, Jakarta Timur,3.0,3.0,100.0,130.0,2.0,0.0,2.0,0.7692307692307693,6.0,6
2000000000.0, Jakarta Timur,3.0,3.0,56.0,87.0,1.0,0.0,2.0,0.6436781609195402,6.0,6
1080000000.0, Jakarta Timur,2.0,2.0,35.0,69.0,1.0,0.0,2.0,0.5072463768115942,4.0,6
3000000000.0, Jakarta Timur,4.0,3.0,179.0,230.0,2.0,0.0,2.0,0.7782608695652173,7.0,6
1270000000.0, Jakarta Timur,3.0,3.0,36.0,66.0,0.0,1.0,3.0,0.5454545454545454,6.0,6
3100000000.0, Jakarta Timur,3.0,3.0,210.0,180.0,2.0,0.0,1.0,1.1666666666666667,6.0,6
5900000000.0, Jakarta Utara,4.0,3.0,180.0,240.0,1.0,0.0,2.0,0.75,7.0,7
7500000000.0, Jakarta Utara,3.0,2.0,405.0,717.0,0.0,0.0,4.0,0.5648535564853556,5.0,7
7000000000.0, Jakarta Utara,3.0,3.0,120.0,168.0,0.0,0.0,2.0,0.7142857142857143,6.0,7
440000000.0, Jakarta Utara,2.0,2.0,21.0,42.0,0.0,0.0,2.0,0.5,4.0,7
5600000000.0, Jakarta Utara,3.0,2.0,220.0,225.0,1.0,0.0,2.0,0.9777777777777777,5.0,7
640000000.0, Jakarta Timur,2.0,2.0,36.0,60.0,1.0,0.0,2.0,0.6,4.0,6
2090000000.0, Jakarta Timur,2.0,3.0,58.0,90.0,1.0,2.0,2.0,0.6444444444444445,5.0,6
1140000000.0, Jakarta Timur,3.0,3.0,36.0,71.0,1.0,0.0,2.0,0.5070422535211268,6.0,6
2090000000.0, Jakarta Timur,3.0,3.0,76.0,90.0,1.0,0.0,2.0,0.8444444444444444,6.0,6
935000000.0, Jakarta Timur,2.0,2.0,44.0,90.0,0.0,1.0,2.0,0.4888888888888889,4.0,6
1140000000.0, Jakarta Timur,2.0,2.0,36.0,71.0,1.0,1.0,2.0,0.5070422535211268,4.0,6
4550000000.0, Jakarta Timur,5.0,4.0,153.0,180.0,2.0,2.0,2.0,0.85,9.0,6
1880000000.0, Jakarta Barat,5.0,3.0,160.0,300.0,1.0,1.0,2.0,0.5333333333333333,8.0,3
5000000000.0, Jakarta Selatan,4.0,3.0,140.0,355.0,2.0,0.0,3.0,0.39436619718309857,7.0,5
5200000000.0, Jakarta Selatan,4.0,3.0,173.0,337.0,1.0,1.0,1.0,0.5133531157270029,7.0,5
5200000000.0, Jakarta Selatan,4.0,3.0,173.0,337.0,1.0,1.0,1.0,0.5133531157270029,7.0,5
5000000000.0, Jakarta Selatan,4.0,3.0,171.0,337.0,0.0,2.0,3.0,0.5074183976261127,7.0,5
780000000.0, Jakarta Timur,3.0,3.0,37.0,68.0,1.0,0.0,2.0,0.5441176470588235,6.0,6
780000000.0, Jakarta Timur,3.0,3.0,37.0,68.0,1.0,0.0,2.0,0.5441176470588235,6.0,6
858000000.0, Jakarta Timur,3.0,3.0,39.0,63.0,1.0,0.0,2.0,0.6190476190476191,6.0,6
780000000.0, Jakarta Timur,3.0,3.0,37.0,68.0,1.0,0.0,2.0,0.5441176470588235,6.0,6
1900000000.0, Jakarta Timur,3.0,3.0,56.0,87.0,1.0,1.0,2.0,0.6436781609195402,6.0,6
1100000000.0, Jakarta Timur,2.0,2.0,39.0,56.0,0.0,0.0,1.0,0.6964285714285714,4.0,6
858000000.0, Jakarta Timur,3.0,3.0,39.0,63.0,1.0,0.0,2.0,0.6190476190476191,6.0,6
783000000.0, Jakarta Timur,2.0,2.0,32.0,63.0,1.0,0.0,2.0,0.5079365079365079,4.0,6
859000000.0, Jakarta Timur,2.0,2.0,39.0,63.0,1.0,0.0,2.0,0.6190476190476191,4.0,6
443000000.0, Jakarta Timur,2.0,2.0,19.0,37.0,0.0,0.0,2.0,0.5135135135135135,4.0,6
780000000.0, Jakarta Timur,2.0,2.0,33.0,60.0,1.0,1.0,2.0,0.55,4.0,6
4650000000.0, Jakarta Selatan,3.0,2.0,120.0,288.0,2.0,0.0,3.0,0.4166666666666667,5.0,5
562000000.0, Jakarta Barat,2.0,2.0,22.0,42.0,0.0,0.0,2.0,0.5238095238095238,4.0,3
528000000.0, Jakarta Barat,2.0,2.0,22.0,42.0,0.0,0.0,2.0,0.5238095238095238,4.0,3
562000000.0, Jakarta Barat,2.0,2.0,22.0,42.0,0.0,0.0,2.0,0.5238095238095238,4.0,3
528000000.0, Jakarta Barat,2.0,2.0,22.0,42.0,0.0,0.0,2.0,0.5238095238095238,4.0,3
562000000.0, Jakarta Barat,2.0,2.0,22.0,42.0,0.0,0.0,2.0,0.5238095238095238,4.0,3
921000000.0, Jakarta Barat,3.0,3.0,34.0,67.0,1.0,1.0,2.0,0.5074626865671642,6.0,3
869000000.0, Jakarta Barat,2.0,2.0,32.0,62.0,0.0,0.0,2.0,0.5161290322580645,4.0,3
998000000.0, Jakarta Barat,3.0,2.0,34.0,67.0,1.0,0.0,2.0,0.5074626865671642,5.0,3
920000000.0, Jakarta Barat,2.0,2.0,34.0,67.0,1.0,0.0,2.0,0.5074626865671642,4.0,3
2340000000.0, Jakarta Barat,3.0,2.0,97.0,120.0,1.0,1.0,2.0,0.8083333333333333,5.0,3
895000000.0, Jakarta Barat,2.0,2.0,34.0,66.0,1.0,1.0,2.0,0.5151515151515151,4.0,3
5700000000.0, Jakarta Utara,3.0,3.0,190.0,225.0,3.0,0.0,3.0,0.8444444444444444,6.0,7
782000000.0, Jakarta Timur,2.0,2.0,33.0,68.0,1.0,0.0,2.0,0.4852941176470588,4.0,6
782000000.0, Jakarta Timur,2.0,2.0,33.0,68.0,1.0,0.0,2.0,0.4852941176470588,4.0,6
1000000000.0, Jakarta Timur,2.0,2.0,44.0,90.0,1.0,0.0,2.0,0.4888888888888889,4.0,6
2200000000.0, Jakarta Timur,4.0,2.0,108.0,160.0,1.0,0.0,2.0,0.675,6.0,6
2520000000.0, Jakarta Timur,3.0,3.0,180.0,115.0,0.0,2.0,1.0,1.565217391304348,6.0,6
2000000000.0, Jakarta Timur,3.0,3.0,98.0,92.0,1.0,0.0,2.0,1.065217391304348,6.0,6
2000000000.0, Jakarta Timur,3.0,3.0,98.0,92.0,1.0,0.0,2.0,1.065217391304348,6.0,6
764000000.0, Jakarta Timur,2.0,1.0,32.0,56.0,1.0,0.0,2.0,0.5714285714285714,3.0,6
485000000.0, Jakarta Timur,2.0,2.0,25.0,37.0,0.0,0.0,2.0,0.6756756756756757,4.0,6
764000000.0, Jakarta Timur,2.0,1.0,32.0,56.0,1.0,0.0,2.0,0.5714285714285714,3.0,6
485000000.0, Jakarta Timur,2.0,2.0,25.0,37.0,0.0,0.0,2.0,0.6756756756756757,4.0,6
762000000.0, Jakarta Timur,2.0,2.0,30.0,56.0,0.0,1.0,2.0,0.5357142857142857,4.0,6
762000000.0, Jakarta Timur,2.0,2.0,30.0,56.0,1.0,1.0,2.0,0.5357142857142857,4.0,6
389000000.0, Jakarta Timur,2.0,1.0,16.0,38.0,0.0,0.0,2.0,0.42105263157894735,3.0,6
625000000.0, Jakarta Timur,2.0,2.0,30.0,60.0,1.0,1.0,2.0,0.5,4.0,6
477000000.0, Jakarta Pusat,2.0,2.0,22.0,40.0,0.0,0.0,2.0,0.55,4.0,4
477000000.0, Jakarta Pusat,2.0,2.0,22.0,40.0,0.0,0.0,2.0,0.55,4.0,4
477000000.0, Jakarta Pusat,2.0,2.0,22.0,40.0,0.0,0.0,2.0,0.55,4.0,4
477000000.0, Jakarta Pusat,2.0,2.0,22.0,40.0,0.0,0.0,2.0,0.55,4.0,4
599000000.0, Jakarta Pusat,2.0,2.0,31.0,44.0,0.0,0.0,2.0,0.7045454545454546,4.0,4
534000000.0, Jakarta Pusat,2.0,2.0,27.0,42.0,0.0,0.0,2.0,0.6428571428571429,4.0,4
500000000.0, Jakarta Pusat,2.0,2.0,23.0,43.0,0.0,0.0,2.0,0.5348837209302325,4.0,4
444000000.0, Jakarta Pusat,2.0,2.0,27.0,42.0,0.0,0.0,2.0,0.6428571428571429,4.0,4
3000000000.0, Jakarta Selatan,4.0,4.0,122.0,172.0,0.0,2.0,2.0,0.7093023255813954,8.0,5
4800000000.0, Jakarta Selatan,4.0,2.0,300.0,325.0,2.0,0.0,2.0,0.9230769230769231,6.0,5
1900000000.0, Jakarta Selatan,3.0,3.0,67.0,150.0,0.0,2.0,3.0,0.44666666666666666,6.0,5
4190000000.000001, Jakarta Selatan,4.0,3.0,152.0,186.0,2.0,0.0,2.0,0.8172043010752689,7.0,5
4190000000.000001, Jakarta Selatan,4.0,3.0,152.0,186.0,2.0,0.0,2.0,0.8172043010752689,7.0,5
4400000000.0, Jakarta Selatan,4.0,3.0,162.0,186.0,2.0,1.0,2.0,0.8709677419354839,7.0,5
2400000000.0, Jakarta Selatan,4.0,2.0,169.0,220.0,0.0,2.0,2.0,0.7681818181818182,6.0,5
1900000000.0, Jakarta Selatan,3.0,3.0,90.0,150.0,2.0,0.0,2.0,0.6,6.0,5
2640000000.0, Jakarta Selatan,4.0,4.0,110.0,140.0,0.0,1.0,2.0,0.7857142857142857,8.0,5
1950000000.0, Jakarta Selatan,3.0,3.0,92.0,150.0,2.0,0.0,2.0,0.6133333333333333,6.0,5
1050000000.0, Jakarta Selatan,3.0,3.0,53.0,100.0,1.0,0.0,2.0,0.53,6.0,5
4800000000.0, Jakarta Selatan,4.0,3.0,180.0,300.0,2.0,0.0,3.0,0.6,7.0,5
2700000000.0, Jakarta Selatan,4.0,4.0,126.0,150.0,2.0,0.0,2.0,0.84,8.0,5
6700000000.0, Jakarta Selatan,5.0,4.0,167.0,404.0,2.0,2.0,3.0,0.41336633663366334,9.0,5
2900000000.0, Jakarta Selatan,4.0,4.0,116.0,170.0,2.0,0.0,2.0,0.6823529411764706,8.0,5
2850000000.0, Jakarta Selatan,3.0,3.0,114.0,150.0,2.0,0.0,1.0,0.76,6.0,5
2550000000.0, Jakarta Selatan,4.0,4.0,101.0,150.0,2.0,2.0,2.0,0.6733333333333333,8.0,5
7000000000.0, Jakarta Selatan,6.0,4.0,286.0,400.0,1.0,2.0,2.0,0.715,10.0,5
7500000000.0, Jakarta Selatan,4.0,4.0,329.0,560.0,2.0,2.0,2.0,0.5875,8.0,5
595000000.0, Jakarta Selatan,3.0,1.0,72.0,52.0,1.0,1.0,2.0,1.3846153846153846,4.0,5
1400000000.0, Jakarta Selatan,3.0,3.0,80.0,84.0,2.0,2.0,2.0,0.9523809523809523,6.0,5
7000000000.0, Jakarta Selatan,5.0,5.0,300.0,700.0,2.0,2.0,3.0,0.42857142857142855,10.0,5
5750000000.0, Jakarta Selatan,3.0,2.0,350.0,250.0,1.0,1.0,2.0,1.4,5.0,5
5250000000.0, Jakarta Selatan,4.0,2.0,350.0,190.0,3.0,1.0,2.0,1.8421052631578947,6.0,5
1550000000.0, Jakarta Timur,3.0,3.0,94.0,130.0,2.0,0.0,2.0,0.7230769230769231,6.0,6
920000000.0, Jakarta Timur,3.0,3.0,69.0,65.0,0.0,1.0,2.0,1.0615384615384615,6.0,6
3650000000.0, Jakarta Selatan,4.0,3.0,109.0,200.0,2.0,0.0,3.0,0.545,7.0,5
3650000000.0, Jakarta Selatan,3.0,2.0,104.0,126.0,1.0,1.0,2.0,0.8253968253968254,5.0,5
3450000000.0, Jakarta Selatan,4.0,4.0,94.0,200.0,2.0,0.0,3.0,0.47,8.0,5
3450000000.0, Jakarta Selatan,4.0,3.0,94.0,200.0,2.0,0.0,3.0,0.47,7.0,5
4500000000.0, Jakarta Selatan,4.0,3.0,348.0,260.0,1.0,1.0,2.0,1.3384615384615384,7.0,5
3650000000.0, Jakarta Selatan,4.0,3.0,109.0,200.0,2.0,0.0,3.0,0.545,7.0,5
3650000000.0, Jakarta Selatan,3.0,3.0,127.0,142.0,2.0,0.0,2.0,0.8943661971830986,6.0,5
1970000000.0, Jakarta Selatan,3.0,3.0,79.0,120.0,1.0,0.0,2.0,0.6583333333333333,6.0,5
5000000000.0, Jakarta Selatan,6.0,5.0,154.0,350.0,2.0,2.0,3.0,0.44,11.0,5
6100000000.0, Jakarta Selatan,4.0,2.0,275.0,250.0,1.0,1.0,2.0,1.1,6.0,5
7500000000.0, Jakarta Barat,3.0,2.0,325.0,186.0,2.0,1.0,1.0,1.7473118279569892,5.0,3
5000000000.0, Jakarta Utara,4.0,2.0,160.0,300.0,1.0,1.0,3.0,0.5333333333333333,6.0,7
4700000000.0, Jakarta Utara,3.0,3.0,200.0,150.0,2.0,0.0,1.0,1.3333333333333333,6.0,7
451000000.0, Jakarta Pusat,2.0,1.0,20.0,37.0,0.0,0.0,2.0,0.5405405405405406,3.0,4
568000000.0, Jakarta Pusat,2.0,1.0,21.0,40.0,0.0,0.0,2.0,0.525,3.0,4
700000000.0, Jakarta Timur,3.0,2.0,62.0,70.0,1.0,1.0,2.0,0.8857142857142857,5.0,6
1280000000.0, Jakarta Timur,3.0,2.0,85.0,80.0,2.0,2.0,2.0,1.0625,5.0,6
900000000.0, Jakarta Timur,3.0,2.0,74.0,69.0,2.0,2.0,2.0,1.0724637681159421,5.0,6
4200000000.0, Jakarta Timur,4.0,4.0,475.0,420.0,2.0,2.0,2.0,1.130952380952381,8.0,6
3600000000.0, Jakarta Barat,3.0,3.0,120.0,150.0,1.0,1.0,2.0,0.8,6.0,3
4500000000.0, Jakarta Barat,3.0,3.0,200.0,450.0,2.0,2.0,3.0,0.4444444444444444,6.0,3
3750000000.0, Jakarta Barat,4.0,4.0,220.0,270.0,4.0,0.0,2.0,0.8148148148148148,8.0,3
3700000000.0, Jakarta Barat,3.0,3.0,120.0,131.0,2.0,0.0,2.0,0.916030534351145,6.0,3
3000000000.0, Jakarta Timur,5.0,2.0,206.0,120.0,2.0,2.0,2.0,1.7166666666666666,7.0,6
3200000000.0, Jakarta Timur,4.0,4.0,216.0,231.0,1.0,1.0,2.0,0.935064935064935,8.0,6
2700000000.0, Jakarta Timur,3.0,3.0,171.0,250.0,0.0,1.0,2.0,0.684,6.0,6
2400000000.0, Jakarta Timur,3.0,3.0,106.0,150.0,2.0,0.0,2.0,0.7066666666666667,6.0,6
2520000000.0, Jakarta Timur,3.0,3.0,180.0,115.0,2.0,2.0,1.0,1.565217391304348,6.0,6
1500000000.0, Jakarta Timur,3.0,2.0,66.0,110.0,0.0,0.0,1.0,0.6,5.0,6
2340000000.0, Jakarta Barat,3.0,2.0,97.0,120.0,0.0,1.0,2.0,0.8083333333333333,5.0,3
1100000000.0, Jakarta Barat,2.0,1.0,78.0,100.0,2.0,0.0,1.0,0.78,3.0,3
1900000000.0, Jakarta Barat,3.0,3.0,65.0,135.0,2.0,0.0,3.0,0.48148148148148145,6.0,3
1100000000.0, Jakarta Barat,3.0,1.0,68.0,50.0,1.0,0.0,1.0,1.36,4.0,3
1500000000.0, Jakarta Barat,4.0,3.0,42.0,120.0,1.0,0.0,3.0,0.35,7.0,3
1450000000.0, Jakarta Barat,3.0,2.0,90.0,120.0,1.0,0.0,2.0,0.75,5.0,3
4500000000.0, Jakarta Barat,4.0,3.0,128.0,275.0,0.0,0.0,3.0,0.46545454545454545,7.0,3
4600000000.0, Jakarta Barat,3.0,3.0,150.0,200.0,0.0,2.0,2.0,0.75,6.0,3
5000000000.0, Jakarta Barat,4.0,3.0,240.0,250.0,1.0,0.0,2.0,0.96,7.0,3
1500000000.0, Jakarta Barat,3.0,2.0,72.0,100.0,1.0,0.0,2.0,0.72,5.0,3
5700000000.0, Jakarta Barat,4.0,3.0,255.0,270.0,1.0,1.0,3.0,0.9444444444444444,7.0,3
5500000000.0, Jakarta Barat,3.0,3.0,264.0,359.0,0.0,0.0,3.0,0.7353760445682451,6.0,3
4200000000.0, Jakarta Barat,2.0,3.0,160.0,240.0,2.0,0.0,2.0,0.6666666666666666,5.0,3
1600000000.0, Jakarta Barat,3.0,2.0,90.0,70.0,0.0,0.0,1.0,1.2857142857142858,5.0,3
525000000.0, Jakarta Utara,2.0,1.0,24.0,44.0,0.0,0.0,2.0,0.5454545454545454,3.0,7
475000000.0, Jakarta Utara,2.0,1.0,21.0,33.0,0.0,0.0,2.0,0.6363636363636364,3.0,7
477000000.0, Jakarta Pusat,2.0,2.0,22.0,40.0,0.0,0.0,2.0,0.55,4.0,4
477000000.0, Jakarta Pusat,2.0,2.0,22.0,40.0,0.0,0.0,2.0,0.55,4.0,4
2750000000.0, Jakarta Barat,5.0,3.0,144.0,220.0,0.0,0.0,2.0,0.6545454545454545,8.0,3
2750000000.0, Jakarta Barat,5.0,3.0,144.0,220.0,0.0,0.0,2.0,0.6545454545454545,8.0,3
2500000000.0, Jakarta Timur,3.0,3.0,74.0,150.0,1.0,0.0,3.0,0.49333333333333335,6.0,6
3800000000.0, Jakarta Timur,4.0,4.0,193.0,370.0,0.0,0.0,2.0,0.5216216216216216,8.0,6
1300000000.0, Jakarta Timur,3.0,2.0,71.0,60.0,0.0,0.0,2.0,1.1833333333333333,5.0,6
1100000000.0, Jakarta Barat,2.0,2.0,55.0,65.0,1.0,0.0,2.0,0.8461538461538461,4.0,3
1500000000.0, Jakarta Selatan,4.0,2.0,133.0,180.0,0.0,0.0,2.0,0.7388888888888889,6.0,5
2550000000.0, Jakarta Timur,4.0,3.0,145.0,125.0,2.0,2.0,2.0,1.16,7.0,6
2050000000.0, Jakarta Barat,3.0,2.0,90.0,100.0,0.0,0.0,2.0,0.9,5.0,3
725000000.0, Jakarta Utara,2.0,2.0,34.0,64.0,1.0,0.0,3.0,0.53125,4.0,7
1050000000.0, Jakarta Timur,3.0,2.0,56.0,70.0,1.0,0.0,1.0,0.8,5.0,6
1050000000.0, Jakarta Timur,3.0,2.0,56.0,70.0,1.0,0.0,1.0,0.8,5.0,6
919000000.0, Jakarta Timur,3.0,2.0,69.0,60.0,1.0,0.0,1.0,1.15,5.0,6
1500000000.0, Jakarta Barat,2.0,3.0,45.0,90.0,0.0,0.0,3.0,0.5,5.0,3
2300000000.0, Jakarta Barat,2.0,3.0,110.0,220.0,3.0,0.0,3.0,0.5,5.0,3
3200000000.0, Jakarta Barat,5.0,4.0,96.0,215.0,3.0,0.0,3.0,0.44651162790697674,9.0,3
2500000000.0, Jakarta Barat,3.0,2.0,150.0,146.0,1.0,1.0,2.0,1.0273972602739727,5.0,3
3800000000.0, Jakarta Barat,3.0,2.0,196.0,156.0,4.0,0.0,1.0,1.2564102564102564,5.0,3
7500000000.0, Jakarta Barat,5.0,4.0,370.0,400.0,2.0,1.0,2.0,0.925,9.0,3
3480000000.0, Jakarta Barat,4.0,3.0,144.0,200.0,1.0,1.0,2.0,0.72,7.0,3
3950000000.0, Jakarta Selatan,4.0,3.0,208.0,250.0,0.0,0.0,2.0,0.832,7.0,5
4500000000.0, Jakarta Barat,4.0,3.0,162.0,200.0,1.0,1.0,2.0,0.81,7.0,3
3800000000.0, Jakarta Barat,3.0,3.0,248.0,188.0,1.0,1.0,1.0,1.3191489361702127,6.0,3
2500000000.0, Jakarta Barat,3.0,3.0,105.0,150.0,1.0,2.0,2.0,0.7,6.0,3
3770000000.0, Jakarta Selatan,3.0,1.0,121.0,120.0,1.0,0.0,2.0,1.0083333333333333,4.0,5
885000000.0, Jakarta Barat,4.0,1.0,48.0,96.0,0.0,0.0,2.0,0.5,5.0,3
6900000000.0, Jakarta Selatan,5.0,3.0,333.0,350.0,4.0,2.0,2.0,0.9514285714285714,8.0,5
4000000000.0, Jakarta Timur,5.0,3.0,296.0,296.0,0.0,0.0,1.0,1.0,8.0,6
3800000000.0, Jakarta Barat,13.0,15.0,119.0,170.0,2.0,0.0,2.0,0.7,28.0,3
2600000000.0, Jakarta Utara,4.0,3.0,77.0,220.0,2.0,0.0,3.0,0.35,7.0,7
2250000000.0, Jakarta Utara,6.0,3.0,115.0,200.0,2.0,0.0,3.0,0.575,9.0,7
6300000000.0, Jakarta Utara,3.0,2.0,130.0,400.0,0.0,0.0,1.0,0.325,5.0,7
3250000000.0, Jakarta Utara,1.0,1.0,178.0,100.0,0.0,1.0,1.0,1.78,2.0,7
3300000000.0, Jakarta Barat,3.0,2.0,90.0,150.0,1.0,0.0,2.0,0.6,5.0,3
4500000000.0, Jakarta Barat,4.0,4.0,270.0,500.0,2.0,2.0,2.0,0.54,8.0,3
5800000000.0, Jakarta Pusat,8.0,7.0,215.0,400.0,1.0,1.0,2.0,0.5375,15.0,4
1600000000.0, Jakarta Timur,4.0,3.0,68.0,100.0,0.0,2.0,3.0,0.68,7.0,6
2110000000.0, Jakarta Selatan,3.0,2.0,83.0,105.0,1.0,0.0,2.0,0.7904761904761904,5.0,5
4500000000.0, Jakarta Barat,3.0,3.0,144.0,350.0,2.0,0.0,3.0,0.4114285714285714,6.0,3
6500000000.0, Jakarta Timur,3.0,3.0,260.0,400.0,2.0,0.0,2.0,0.65,6.0,6
1370000000.0, Jakarta Barat,4.0,2.0,120.0,160.0,2.0,0.0,2.0,0.75,6.0,3
4100000000.0, Jakarta Selatan,4.0,4.0,108.0,220.0,1.0,1.0,3.0,0.4909090909090909,8.0,5
3900000000.0, Jakarta Selatan,4.0,4.0,195.0,165.0,2.0,0.0,2.0,1.1818181818181819,8.0,5
1550000000.0, Jakarta Timur,2.0,2.0,108.0,133.0,2.0,0.0,2.0,0.8120300751879699,4.0,6
3800000000.0, Jakarta Selatan,5.0,3.0,260.0,350.0,2.0,0.0,2.0,0.7428571428571429,8.0,5
3800000000.0, Jakarta Barat,4.0,3.0,220.0,250.0,1.0,1.0,2.0,0.88,7.0,3
565000000.0, Jakarta Timur,2.0,1.0,32.0,38.0,1.0,1.0,2.0,0.8421052631578947,3.0,6
3200000000.0, Jakarta Barat,6.0,4.0,150.0,200.0,3.0,0.0,2.0,0.75,10.0,3
3830000000.0, Tangerang,3.0,3.0,105.0,135.0,1.0,2.0,2.0,0.7777777777777778,6.0,8
5860000000.0, Tangerang,4.0,3.0,160.0,209.0,1.0,2.0,2.0,0.7655502392344498,7.0,8
3190000000.0, Tangerang,5.0,4.0,124.0,138.0,2.0,3.0,2.0,0.8985507246376812,9.0,8
3750000000.0, Tangerang,5.0,3.0,200.0,150.0,0.0,0.0,1.0,1.3333333333333333,8.0,8
5050000000.0, Tangerang,4.0,3.0,140.0,176.0,1.0,0.0,2.0,0.7954545454545454,7.0,8
6940000000.0, Tangerang,4.0,4.0,205.0,241.0,3.0,0.0,3.0,0.8506224066390041,8.0,8
4270000000.0, Tangerang,3.0,2.0,200.0,155.0,2.0,0.0,2.0,1.2903225806451613,5.0,8
4270000000.0, Tangerang,3.0,2.0,200.0,155.0,2.0,0.0,2.0,1.2903225806451613,5.0,8
3830000000.0, Tangerang,3.0,2.0,105.0,134.0,2.0,0.0,2.0,0.7835820895522388,5.0,8
3190000000.0, Tangerang,3.0,2.0,124.0,138.0,2.0,1.0,2.0,0.8985507246376812,5.0,8
7500000000.0, Tangerang,4.0,4.0,240.0,450.0,1.0,0.0,2.0,0.5333333333333333,8.0,8
7500000000.0, Tangerang,4.0,4.0,240.0,450.0,2.0,2.0,2.0,0.5333333333333333,8.0,8
3190000000.0, Tangerang,4.0,4.0,124.0,138.0,2.0,4.0,2.0,0.8985507246376812,8.0,8
3830000000.0, Tangerang,3.0,3.0,105.0,134.0,2.0,0.0,2.0,0.7835820895522388,6.0,8
3830000000.0, Tangerang,3.0,3.0,104.0,135.0,1.0,2.0,2.0,0.7703703703703704,6.0,8
3830000000.0, Tangerang,3.0,3.0,105.0,134.0,1.0,0.0,2.0,0.7835820895522388,6.0,8
5300000000.0, Tangerang,4.0,3.0,240.0,208.0,2.0,0.0,2.0,1.1538461538461537,7.0,8
4270000000.0, Tangerang,5.0,4.0,200.0,155.0,0.0,4.0,2.0,1.2903225806451613,9.0,8
5050000000.0, Tangerang,4.0,4.0,140.0,176.0,1.0,0.0,2.0,0.7954545454545454,8.0,8
3830000000.0, Tangerang,4.0,4.0,105.0,134.0,0.0,0.0,2.0,0.7835820895522388,8.0,8
6660000000.0, Tangerang,5.0,4.0,144.0,277.0,2.0,2.0,3.0,0.51985559566787,9.0,8
3830000000.0, Tangerang,3.0,3.0,105.0,134.0,1.0,2.0,2.0,0.7835820895522388,6.0,8
5860000000.0, Tangerang,4.0,3.0,160.0,209.0,1.0,0.0,2.0,0.7655502392344498,7.0,8
5050000000.0, Tangerang,4.0,3.0,140.0,176.0,1.0,2.0,2.0,0.7954545454545454,7.0,8
5860000000.0, Tangerang,4.0,3.0,160.0,209.0,1.0,2.0,2.0,0.7655502392344498,7.0,8
5050000000.0, Tangerang,4.0,3.0,140.0,176.0,1.0,2.0,2.0,0.7954545454545454,7.0,8
5860000000.0, Tangerang,5.0,4.0,160.0,209.0,3.0,4.0,2.0,0.7655502392344498,9.0,8
3830000000.0, Tangerang,4.0,3.0,105.0,134.0,2.0,0.0,2.0,0.7835820895522388,7.0,8
5050000000.0, Tangerang,5.0,4.0,140.0,176.0,2.0,3.0,2.0,0.7954545454545454,9.0,8
3830000000.0, Tangerang,4.0,4.0,105.0,134.0,0.0,0.0,1.0,0.7835820895522388,8.0,8
4440000000.0, Tangerang,5.0,6.0,108.0,195.0,2.0,2.0,3.0,0.5538461538461539,11.0,8
4270000000.0, Tangerang,4.0,3.0,200.0,155.0,2.0,2.0,2.0,1.2903225806451613,7.0,8
3830000000.0, Tangerang,3.0,3.0,105.0,135.0,1.0,2.0,2.0,0.7777777777777778,6.0,8
1320000000.0, Tangerang,6.0,2.0,91.0,170.0,1.0,1.0,2.0,0.5352941176470588,8.0,8
5860000000.0, Tangerang,4.0,4.0,160.0,209.0,1.0,2.0,2.0,0.7655502392344498,8.0,8
3830000000.0, Tangerang,3.0,3.0,105.0,135.0,1.0,2.0,2.0,0.7777777777777778,6.0,8
5050000000.0, Tangerang,4.0,3.0,140.0,176.0,1.0,2.0,2.0,0.7954545454545454,7.0,8
3830000000.0, Tangerang,3.0,2.0,105.0,134.0,2.0,0.0,2.0,0.7835820895522388,5.0,8
5050000000.0, Tangerang,4.0,3.0,140.0,176.0,2.0,0.0,1.0,0.7954545454545454,7.0,8
5860000000.0, Tangerang,4.0,3.0,160.0,209.0,0.0,0.0,1.0,0.7655502392344498,7.0,8
1200000000.0, Tangerang,2.0,1.0,50.0,63.0,1.0,0.0,2.0,0.7936507936507936,3.0,8
6630000000.0, Tangerang,4.0,4.0,205.0,241.0,3.0,0.0,3.0,0.8506224066390041,8.0,8
4980000000.0, Tangerang,5.0,4.0,200.0,193.0,2.0,4.0,2.0,1.0362694300518134,9.0,8
3190000000.0, Tangerang,3.0,2.0,128.0,138.0,2.0,2.0,2.0,0.927536231884058,5.0,8
4270000000.0, Tangerang,6.0,7.0,200.0,155.0,2.0,2.0,2.0,1.2903225806451613,13.0,8
5860000000.0, Tangerang,4.0,3.0,160.0,209.0,1.0,2.0,1.0,0.7655502392344498,7.0,8
3830000000.0, Tangerang,2.0,2.0,105.0,134.0,2.0,0.0,2.0,0.7835820895522388,4.0,8
3830000000.0, Tangerang,3.0,3.0,105.0,135.0,1.0,0.0,2.0,0.7777777777777778,6.0,8
1200000000.0, Tangerang,3.0,2.0,80.0,80.0,1.0,0.0,2.0,1.0,5.0,8
1320000000.0, Tangerang,6.0,2.0,91.0,170.0,0.0,1.0,2.0,0.5352941176470588,8.0,8
1800000000.0, Tangerang,3.0,2.0,144.0,180.0,0.0,1.0,1.0,0.8,5.0,8
1530000000.0, Tangerang,2.0,2.0,90.0,95.0,1.0,0.0,2.0,0.9473684210526315,4.0,8
6660000000.0, Tangerang,5.0,4.0,144.0,277.0,1.0,0.0,3.0,0.51985559566787,9.0,8
2690000000.0, Tangerang,3.0,2.0,170.0,110.0,1.0,1.0,2.0,1.5454545454545454,5.0,8
3190000000.0, Tangerang,3.0,2.0,124.0,138.0,1.0,2.0,2.0,0.8985507246376812,5.0,8
3500000000.0, Tangerang,3.0,3.0,144.0,200.0,2.0,0.0,2.0,0.72,6.0,8
2600000000.0, Tangerang,4.0,3.0,117.0,177.0,1.0,0.0,2.0,0.6610169491525424,7.0,8
3830000000.0, Tangerang,3.0,3.0,105.0,134.0,1.0,0.0,2.0,0.7835820895522388,6.0,8
4980000000.0, Tangerang,4.0,3.0,200.0,193.0,2.0,0.0,2.0,1.0362694300518134,7.0,8
4270000000.0, Tangerang,4.0,3.0,200.0,155.0,2.0,0.0,2.0,1.2903225806451613,7.0,8
5350000000.0, Tangerang,6.0,6.0,126.0,231.0,0.0,2.0,3.0,0.5454545454545454,12.0,8
6660000000.0, Tangerang,5.0,4.0,144.0,277.0,1.0,2.0,3.0,0.51985559566787,9.0,8
2800000000.0, Tangerang,4.0,4.0,157.0,270.0,0.0,1.0,2.0,0.5814814814814815,8.0,8
4440000000.0, Tangerang,4.0,3.0,108.0,195.0,1.0,2.0,3.0,0.5538461538461539,7.0,8
4440000000.0, Tangerang,5.0,4.0,108.0,195.0,2.0,4.0,2.0,0.5538461538461539,9.0,8
6660000000.0, Tangerang,5.0,4.0,144.0,277.0,1.0,2.0,3.0,0.51985559566787,9.0,8
3830000000.0, Tangerang,5.0,4.0,105.0,135.0,2.0,4.0,2.0,0.7777777777777778,9.0,8
7670000000.0, Tangerang,4.0,4.0,230.0,540.0,2.0,2.0,2.0,0.42592592592592593,8.0,8
1860000000.0, Tangerang,3.0,3.0,144.0,100.0,1.0,1.0,1.0,1.44,6.0,8
1680000000.0, Tangerang,3.0,2.0,76.0,67.0,1.0,1.0,2.0,1.1343283582089552,5.0,8
3190000000.0, Tangerang,3.0,2.0,124.0,138.0,1.0,0.0,2.0,0.8985507246376812,5.0,8
4270000000.0, Tangerang,4.0,3.0,200.0,155.0,1.0,1.0,2.0,1.2903225806451613,7.0,8
3760000000.0, Tangerang,3.0,3.0,105.0,134.0,2.0,0.0,2.0,0.7835820895522388,6.0,8
960000000.0, Tangerang,3.0,1.0,103.0,90.0,1.0,1.0,1.0,1.1444444444444444,4.0,8
5050000000.0, Tangerang,4.0,3.0,140.0,176.0,1.0,2.0,2.0,0.7954545454545454,7.0,8
6660000000.0, Tangerang,5.0,4.0,144.0,277.0,1.0,2.0,3.0,0.51985559566787,9.0,8
3710000000.0, Tangerang,5.0,4.0,105.0,134.0,0.0,2.0,2.0,0.7835820895522388,9.0,8
3190000000.0, Tangerang,4.0,4.0,124.0,138.0,2.0,3.0,2.0,0.8985507246376812,8.0,8
5100000000.0, Tangerang,4.0,5.0,205.0,183.0,2.0,5.0,2.0,1.1202185792349726,9.0,8
3250000000.0, Tangerang,3.0,2.0,200.0,160.0,0.0,0.0,1.0,1.25,5.0,8
6650000000.0, Tangerang,4.0,4.0,200.0,250.0,2.0,0.0,2.0,0.8,8.0,8
5350000000.0, Tangerang,4.0,3.0,126.0,231.0,1.0,2.0,3.0,0.5454545454545454,7.0,8
6660000000.0, Tangerang,5.0,4.0,144.0,277.0,1.0,2.0,3.0,0.51985559566787,9.0,8
7500000000.0, Tangerang,4.0,4.0,240.0,450.0,0.0,0.0,1.0,0.5333333333333333,8.0,8
3830000000.0, Tangerang,3.0,3.0,105.0,134.0,2.0,0.0,2.0,0.7835820895522388,6.0,8
4440000000.0, Tangerang,5.0,4.0,108.0,195.0,0.0,2.0,3.0,0.5538461538461539,9.0,8
4500000000.0, Tangerang,4.0,3.0,200.0,240.0,2.0,0.0,2.0,0.8333333333333334,7.0,8
5500000000.0, Tangerang,4.0,4.0,280.0,360.0,2.0,2.0,2.0,0.7777777777777778,8.0,8
3830000000.0, Tangerang,4.0,3.0,105.0,135.0,2.0,0.0,2.0,0.7777777777777778,7.0,8
3190000000.0, Tangerang,4.0,4.0,124.0,138.0,2.0,0.0,2.0,0.8985507246376812,8.0,8
3830000000.0, Tangerang,3.0,3.0,105.0,135.0,1.0,0.0,2.0,0.7777777777777778,6.0,8
5860000000.0, Tangerang,4.0,3.0,160.0,209.0,2.0,0.0,2.0,0.7655502392344498,7.0,8
5050000000.0, Tangerang,4.0,3.0,140.0,176.0,2.0,0.0,2.0,0.7954545454545454,7.0,8
5000000000.0, Tangerang,3.0,3.0,250.0,300.0,2.0,0.0,2.0,0.8333333333333334,6.0,8
2200000000.0, Tangerang,3.0,1.0,136.0,110.0,0.0,2.0,2.0,1.2363636363636363,4.0,8
2300000000.0, Tangerang,3.0,2.0,102.0,125.0,1.0,0.0,2.0,0.816,5.0,8
2390000000.0, Tangerang,3.0,2.0,102.0,111.0,1.0,0.0,2.0,0.918918918918919,5.0,8
7650000000.0, Tangerang,4.0,3.0,224.0,340.0,3.0,3.0,2.0,0.6588235294117647,7.0,8
3200000000.0, Tangerang,3.0,3.0,152.0,140.0,2.0,0.0,2.0,1.0857142857142856,6.0,8
3800000000.0, Tangerang,4.0,2.0,250.0,180.0,2.0,0.0,2.0,1.3888888888888888,6.0,8
7500000000.0, Tangerang,4.0,4.0,240.0,460.0,1.0,1.0,2.0,0.5217391304347826,8.0,8
2960000000.0, Tangerang,4.0,3.0,96.0,116.0,2.0,0.0,2.0,0.8275862068965517,7.0,8
5050000000.0, Tangerang,4.0,3.0,140.0,176.0,1.0,2.0,2.0,0.7954545454545454,7.0,8
7100000000.0, Tangerang,4.0,3.0,216.0,283.0,2.0,1.0,2.0,0.7632508833922261,7.0,8
2700000000.0, Tangerang,3.0,3.0,84.0,128.0,2.0,2.0,3.0,0.65625,6.0,8
1440000000.0, Tangerang,4.0,2.0,96.0,110.0,0.0,1.0,2.0,0.8727272727272727,6.0,8
2400000000.0, Tangerang,3.0,2.0,161.0,200.0,1.0,1.0,2.0,0.805,5.0,8
7100000000.0, Tangerang,4.0,3.0,214.0,230.0,2.0,1.0,2.0,0.9304347826086956,7.0,8
1060000000.0, Tangerang,4.0,3.0,106.0,151.0,1.0,1.0,2.0,0.7019867549668874,7.0,8
2220000000.0, Tangerang,3.0,3.0,120.0,130.0,0.0,1.0,2.0,0.9230769230769231,6.0,8
889000000.0, Tangerang,2.0,1.0,72.0,41.0,1.0,1.0,1.0,1.7560975609756098,3.0,8
1440000000.0, Tangerang,4.0,2.0,96.0,110.0,1.0,1.0,2.0,0.8727272727272727,6.0,8
4800000000.0, Tangerang,3.0,3.0,180.0,217.0,2.0,0.0,2.0,0.8294930875576036,6.0,8
4800000000.0, Tangerang,3.0,3.0,180.0,257.0,2.0,0.0,2.0,0.7003891050583657,6.0,8
1440000000.0, Tangerang,2.0,2.0,120.0,102.0,1.0,1.0,1.0,1.1764705882352942,4.0,8
1320000000.0, Tangerang,6.0,2.0,91.0,170.0,1.0,1.0,2.0,0.5352941176470588,8.0,8
650000000.0, Tangerang,2.0,1.0,72.0,36.0,1.0,0.0,1.0,2.0,3.0,8
6930000000.0, Tangerang,4.0,4.0,216.0,283.0,2.0,0.0,2.0,0.7632508833922261,8.0,8
2320000000.0, Tangerang,5.0,4.0,120.0,126.0,2.0,2.0,2.0,0.9523809523809523,9.0,8
2220000000.0, Tangerang,3.0,3.0,120.0,130.0,1.0,1.0,2.0,0.9230769230769231,6.0,8
1020000000.0, Tangerang,2.0,1.0,90.0,65.0,1.0,1.0,1.0,1.3846153846153846,3.0,8
2600000000.0, Tangerang,4.0,3.0,119.0,123.0,1.0,0.0,2.0,0.967479674796748,7.0,8
3300000000.0, Tangerang,4.0,3.0,162.0,154.0,1.0,1.0,2.0,1.051948051948052,7.0,8
3500000000.0, Tangerang,4.0,3.0,238.0,178.0,1.0,0.0,2.0,1.3370786516853932,7.0,8
2500000000.0, Tangerang,3.0,2.0,105.0,114.0,1.0,1.0,2.0,0.9210526315789473,5.0,8
4300000000.0, Tangerang,3.0,3.0,249.0,180.0,1.0,2.0,2.0,1.3833333333333333,6.0,8
5320000000.0, Tangerang,3.0,3.0,180.0,257.0,3.0,0.0,2.0,0.7003891050583657,6.0,8
1940000000.0, Tangerang,3.0,2.0,80.0,102.0,1.0,2.0,1.0,0.7843137254901961,5.0,8
3100000000.0, Tangerang,3.0,3.0,128.0,129.0,2.0,0.0,1.0,0.9922480620155039,6.0,8
4900000000.0, Tangerang,3.0,4.0,180.0,217.0,2.0,2.0,2.0,0.8294930875576036,7.0,8
2550000000.0, Tangerang,4.0,3.0,135.0,168.0,2.0,0.0,2.0,0.8035714285714286,7.0,8
2300000000.0, Tangerang,3.0,3.0,136.0,135.0,2.0,1.0,2.0,1.0074074074074073,6.0,8
1200000000.0, Tangerang,3.0,3.0,72.0,120.0,1.0,0.0,2.0,0.6,6.0,8
3700000000.0, Tangerang,3.0,2.0,233.0,135.0,1.0,1.0,2.0,1.7259259259259259,5.0,8
3800000000.0, Tangerang,4.0,4.0,182.0,180.0,2.0,1.0,2.0,1.011111111111111,8.0,8
2600000000.0, Tangerang,4.0,3.0,136.0,200.0,1.0,0.0,2.0,0.68,7.0,8
1950000000.0, Tangerang,3.0,2.0,105.0,107.0,0.0,0.0,2.0,0.9813084112149533,5.0,8
1550000000.0, Tangerang,3.0,2.0,90.0,65.0,1.0,0.0,2.0,1.3846153846153846,5.0,8
1280000000.0, Tangerang,3.0,2.0,52.0,60.0,1.0,0.0,2.0,0.8666666666666667,5.0,8
1600000000.0, Tangerang,3.0,2.0,72.0,84.0,1.0,0.0,2.0,0.8571428571428571,5.0,8
2800000000.0, Tangerang,4.0,4.0,152.0,225.0,1.0,0.0,2.0,0.6755555555555556,8.0,8
2950000000.0, Tangerang,3.0,2.0,162.0,159.0,1.0,1.0,2.0,1.0188679245283019,5.0,8
4540000000.0, Tangerang,4.0,3.0,153.0,196.0,1.0,1.0,2.0,0.7806122448979592,7.0,8
2900000000.0, Tangerang,4.0,2.0,136.0,200.0,0.0,0.0,2.0,0.68,6.0,8
3550000000.0, Tangerang,4.0,3.0,128.0,160.0,1.0,1.0,2.0,0.8,7.0,8
2000000000.0, Tangerang,3.0,3.0,108.0,105.0,1.0,0.0,2.0,1.0285714285714285,6.0,8
3400000000.0, Tangerang,3.0,3.0,120.0,116.0,2.0,0.0,2.0,1.0344827586206897,6.0,8
1850000000.0, Tangerang,3.0,2.0,72.0,77.0,1.0,0.0,2.0,0.935064935064935,5.0,8
2960000000.0, Tangerang,4.0,3.0,96.0,116.0,2.0,0.0,2.0,0.8275862068965517,7.0,8
2190000000.0, Tangerang,3.0,3.0,102.0,80.0,1.0,2.0,2.0,1.275,6.0,8
4100000000.0, Tangerang,3.0,3.0,128.0,200.0,1.0,0.0,2.0,0.64,6.0,8
3300000000.0, Tangerang,3.0,3.0,252.0,153.0,1.0,1.0,2.0,1.6470588235294117,6.0,8
7500000000.0, Tangerang,4.0,3.0,360.0,300.0,1.0,0.0,2.0,1.2,7.0,8
2000000000.0, Tangerang,3.0,2.0,84.0,90.0,2.0,0.0,3.0,0.9333333333333333,5.0,8
1940000000.0, Tangerang,3.0,3.0,80.0,102.0,1.0,0.0,2.0,0.7843137254901961,6.0,8
2270000000.0, Tangerang,3.0,3.0,96.0,120.0,2.0,0.0,2.0,0.8,6.0,8
1400000000.0, Tangerang,2.0,2.0,48.0,63.0,1.0,0.0,2.0,0.7619047619047619,4.0,8
3450000000.0, Tangerang,4.0,3.0,128.0,130.0,2.0,0.0,2.0,0.9846153846153847,7.0,8
3300000000.0, Tangerang,3.0,3.0,144.0,164.0,2.0,0.0,2.0,0.8780487804878049,6.0,8
3800000000.0, Tangerang,4.0,3.0,162.0,182.0,1.0,0.0,2.0,0.8901098901098901,7.0,8
4750000000.0, Tangerang,6.0,4.0,426.0,394.0,2.0,0.0,2.0,1.0812182741116751,10.0,8
3400000000.0, Tangerang,3.0,2.0,278.0,200.0,1.0,1.0,2.0,1.39,5.0,8
2450000000.0, Tangerang,3.0,3.0,160.0,240.0,2.0,0.0,2.0,0.6666666666666666,6.0,8
4900000000.0, Tangerang,3.0,3.0,180.0,217.0,2.0,0.0,2.0,0.8294930875576036,6.0,8
3100000000.0, Tangerang,3.0,3.0,128.0,129.0,0.0,0.0,2.0,0.9922480620155039,6.0,8
3500000000.0, Tangerang,4.0,3.0,128.0,160.0,1.0,1.0,2.0,0.8,7.0,8
5280000000.0, Tangerang,4.0,3.0,170.0,212.0,1.0,0.0,2.0,0.8018867924528302,7.0,8
2600000000.0, Tangerang,3.0,3.0,154.0,140.0,1.0,0.0,2.0,1.1,6.0,8
2200000000.0, Tangerang,4.0,4.0,157.0,148.0,1.0,0.0,2.0,1.0608108108108107,8.0,8
5800000000.0, Tangerang,4.0,3.0,303.0,300.0,2.0,2.0,2.0,1.01,7.0,8
3000000000.0, Tangerang,3.0,3.0,192.0,250.0,2.0,0.0,2.0,0.768,6.0,8
5100000000.0, Tangerang,3.0,3.0,180.0,257.0,3.0,0.0,2.0,0.7003891050583657,6.0,8
1460000000.0, Tangerang,2.0,2.0,48.0,63.0,1.0,0.0,2.0,0.7619047619047619,4.0,8
6930000000.0, Tangerang,4.0,3.0,216.0,283.0,2.0,1.0,2.0,0.7632508833922261,7.0,8
1950000000.0, Tangerang,3.0,3.0,96.0,150.0,1.0,0.0,2.0,0.64,6.0,8
1950000000.0, Tangerang,3.0,3.0,96.0,150.0,1.0,0.0,2.0,0.64,6.0,8
3500000000.0, Tangerang,4.0,3.0,144.0,212.0,1.0,0.0,2.0,0.6792452830188679,7.0,8
900000000.0, Tangerang,2.0,1.0,90.0,60.0,1.0,0.0,1.0,1.5,3.0,8
2600000000.0, Tangerang,4.0,3.0,136.0,200.0,1.0,0.0,2.0,0.68,7.0,8
755000000.0, Tangerang,3.0,2.0,78.0,60.0,1.0,0.0,2.0,1.3,5.0,8
785000000.0, Tangerang,3.0,2.0,85.0,60.0,1.0,0.0,2.0,1.4166666666666667,5.0,8
3550000000.0, Tangerang,4.0,3.0,128.0,160.0,1.0,0.0,2.0,0.8,7.0,8
2600000000.0, Tangerang,4.0,3.0,135.0,168.0,1.0,0.0,1.0,0.8035714285714286,7.0,8
3600000000.0, Tangerang,4.0,4.0,238.0,178.0,1.0,0.0,2.0,1.3370786516853932,8.0,8
4500000000.0, Tangerang,4.0,4.0,216.0,300.0,1.0,1.0,2.0,0.72,8.0,8
2600000000.0, Tangerang,3.0,3.0,136.0,200.0,2.0,2.0,2.0,0.68,6.0,8
3650000000.0, Tangerang,3.0,2.0,202.0,106.0,0.0,0.0,2.0,1.9056603773584906,5.0,8
1200000000.0, Tangerang,2.0,2.0,48.0,65.0,1.0,0.0,2.0,0.7384615384615385,4.0,8
3500000000.0, Tangerang,3.0,2.0,300.0,157.0,1.0,1.0,1.0,1.910828025477707,5.0,8
2100000000.0, Tangerang,3.0,2.0,119.0,97.0,2.0,0.0,2.0,1.2268041237113403,5.0,8
2720000000.0, Tangerang,3.0,2.0,144.0,250.0,1.0,1.0,2.0,0.576,5.0,8
2960000000.0, Tangerang,4.0,3.0,96.0,116.0,0.0,0.0,2.0,0.8275862068965517,7.0,8
5050000000.0, Tangerang,4.0,3.0,140.0,176.0,1.0,2.0,2.0,0.7954545454545454,7.0,8
5500000000.0, Tangerang,4.0,4.0,200.0,180.0,1.0,0.0,2.0,1.1111111111111112,8.0,8
3120000000.0, Tangerang,3.0,3.0,128.0,144.0,0.0,1.0,2.0,0.8888888888888888,6.0,8
2700000000.0, Tangerang,3.0,3.0,84.0,126.0,2.0,0.0,3.0,0.6666666666666666,6.0,8
1020000000.0, Tangerang,4.0,2.0,32.0,90.0,0.0,0.0,3.0,0.35555555555555557,6.0,8
4000000000.0, Tangerang,4.0,4.0,128.0,183.0,2.0,0.0,3.0,0.6994535519125683,8.0,8
7400000000.0, Tangerang,4.0,3.0,220.0,285.0,2.0,2.0,3.0,0.7719298245614035,7.0,8
1250000000.0, Tangerang,3.0,2.0,90.0,65.0,1.0,1.0,2.0,1.3846153846153846,5.0,8
1200000000.0, Tangerang,2.0,2.0,72.0,71.0,1.0,1.0,2.0,1.0140845070422535,4.0,8
3840000000.0, Tangerang,4.0,4.0,185.0,181.0,1.0,1.0,2.0,1.022099447513812,8.0,8
2800000000.0, Tangerang,4.0,4.0,157.0,270.0,1.0,1.0,2.0,0.5814814814814815,8.0,8
1000000000.0, Tangerang,3.0,3.0,63.0,83.0,2.0,2.0,2.0,0.7590361445783133,6.0,8
1700000000.0, Tangerang,3.0,2.0,60.0,73.0,1.0,0.0,2.0,0.821917808219178,5.0,8
1300000000.0, Tangerang,2.0,1.0,48.0,45.0,1.0,1.0,2.0,1.0666666666666667,3.0,8
1800000000.0, Tangerang,3.0,2.0,70.0,78.0,1.0,1.0,2.0,0.8974358974358975,5.0,8
599000000.0, Tangerang,3.0,2.0,70.0,50.0,1.0,2.0,2.0,1.4,5.0,8
3000000000.0, Tangerang,3.0,2.0,108.0,112.0,0.0,0.0,2.0,0.9642857142857143,5.0,8
3000000000.0, Tangerang,3.0,2.0,72.0,120.0,0.0,0.0,2.0,0.6,5.0,8
2150000000.0, Tangerang,3.0,2.0,98.0,130.0,1.0,0.0,2.0,0.7538461538461538,5.0,8
5300000000.0, Tangerang,4.0,3.0,402.0,450.0,2.0,2.0,2.0,0.8933333333333333,7.0,8
1450000000.0, Tangerang,3.0,2.0,50.0,68.0,1.0,0.0,2.0,0.7352941176470589,5.0,8
4100000000.0, Tangerang,3.0,3.0,235.0,200.0,3.0,0.0,2.0,1.175,6.0,8
1600000000.0, Tangerang,4.0,2.0,60.0,78.0,2.0,0.0,2.0,0.7692307692307693,6.0,8
3500000000.0, Tangerang,4.0,3.0,120.0,135.0,2.0,0.0,2.0,0.8888888888888888,7.0,8
4990000000.0, Tangerang,3.0,2.0,300.0,175.0,1.0,1.0,2.0,1.7142857142857142,5.0,8
1850000000.0, Tangerang,3.0,2.0,70.0,78.0,1.0,0.0,2.0,0.8974358974358975,5.0,8
1580000000.0, Tangerang,2.0,1.0,105.0,80.0,1.0,0.0,1.0,1.3125,3.0,8
5000000000.0, Tangerang,5.0,3.0,1884.0,500.0,4.0,2.0,2.0,3.768,8.0,8
1000000000.0, Tangerang,2.0,2.0,64.0,65.0,0.0,0.0,2.0,0.9846153846153847,4.0,8
900000000.0, Tangerang,2.0,2.0,53.0,60.0,2.0,0.0,2.0,0.8833333333333333,4.0,8
3100000000.0, Tangerang,3.0,3.0,181.0,182.0,3.0,1.0,2.0,0.9945054945054945,6.0,8
4200000000.0, Tangerang,4.0,3.0,150.0,190.0,3.0,3.0,2.0,0.7894736842105263,7.0,8
1700000000.0, Tangerang,2.0,2.0,60.0,67.0,1.0,1.0,2.0,0.8955223880597015,4.0,8
1490000000.0, Tangerang,3.0,2.0,50.0,70.0,1.0,1.0,2.0,0.7142857142857143,5.0,8
6700000000.0, Tangerang,4.0,6.0,240.0,350.0,1.0,1.0,2.0,0.6857142857142857,10.0,8
3300000000.0, Tangerang,3.0,3.0,225.0,120.0,1.0,1.0,2.0,1.875,6.0,8
1300000000.0, Tangerang,4.0,2.0,32.0,90.0,2.0,0.0,3.0,0.35555555555555557,6.0,8
3300000000.0, Tangerang,3.0,3.0,237.0,143.0,2.0,0.0,2.0,1.6573426573426573,6.0,8
2700000000.0, Tangerang,5.0,4.0,206.0,280.0,0.0,1.0,2.0,0.7357142857142858,9.0,8
800000000.0, Tangerang,3.0,2.0,60.0,65.0,2.0,0.0,2.0,0.9230769230769231,5.0,8
2500000000.0, Tangerang,3.0,3.0,98.0,88.0,1.0,0.0,2.0,1.1136363636363635,6.0,8
2190000000.0, Tangerang,3.0,3.0,66.0,86.0,1.0,0.0,2.0,0.7674418604651163,6.0,8
5080000000.0, Tangerang,4.0,4.0,153.0,147.0,2.0,0.0,2.0,1.0408163265306123,8.0,8
1900000000.0, Tangerang,3.0,2.0,98.0,100.0,1.0,0.0,2.0,0.98,5.0,8
2600000000.0, Tangerang,4.0,3.0,136.0,180.0,2.0,0.0,2.0,0.7555555555555555,7.0,8
1200000000.0, Tangerang,3.0,2.0,112.0,80.0,1.0,0.0,1.0,1.4,5.0,8
1400000000.0, Tangerang,2.0,2.0,60.0,45.0,0.0,2.0,2.0,1.3333333333333333,4.0,8
7000000000.0, Tangerang,6.0,4.0,335.0,240.0,2.0,0.0,2.0,1.3958333333333333,10.0,8
5000000000.0, Tangerang,5.0,4.0,241.0,200.0,2.0,0.0,2.0,1.205,9.0,8
3500000000.0, Tangerang,4.0,4.0,135.0,171.0,2.0,0.0,2.0,0.7894736842105263,8.0,8
2100000000.0, Tangerang,3.0,3.0,107.0,130.0,1.0,0.0,2.0,0.823076923076923,6.0,8
3500000000.0, Tangerang,4.0,4.0,120.0,135.0,0.0,0.0,2.0,0.8888888888888888,8.0,8
1750000000.0, Tangerang,3.0,2.0,90.0,68.0,0.0,0.0,2.0,1.3235294117647058,5.0,8
785000000.0, Tangerang,3.0,2.0,85.0,60.0,0.0,0.0,2.0,1.4166666666666667,5.0,8
888000000.0, Tangerang,3.0,2.0,60.0,66.0,1.0,1.0,1.0,0.9090909090909091,5.0,8
1750000000.0, Tangerang,3.0,2.0,77.0,85.0,0.0,0.0,2.0,0.9058823529411765,5.0,8
2700000000.0, Tangerang,3.0,3.0,84.0,126.0,0.0,0.0,2.0,0.6666666666666666,6.0,8
1650000000.0, Tangerang,2.0,2.0,60.0,73.0,1.0,0.0,2.0,0.821917808219178,4.0,8
2500000000.0, Tangerang,3.0,4.0,96.0,138.0,0.0,0.0,2.0,0.6956521739130435,7.0,8
6900000000.0, Tangerang,4.0,3.0,224.0,350.0,2.0,0.0,3.0,0.64,7.0,8
1580000000.0, Tangerang,2.0,1.0,105.0,80.0,1.0,0.0,1.0,1.3125,3.0,8
7200000000.0, Tangerang,4.0,4.0,224.0,350.0,2.0,0.0,3.0,0.64,8.0,8
4500000000.0, Tangerang,4.0,3.0,187.0,220.0,0.0,0.0,2.0,0.85,7.0,8
7200000000.0, Tangerang,4.0,4.0,247.0,360.0,1.0,0.0,2.0,0.6861111111111111,8.0,8
2100000000.0, Tangerang,3.0,2.0,119.0,79.0,1.0,0.0,2.0,1.5063291139240507,5.0,8
3700000000.0, Tangerang,3.0,3.0,200.0,175.0,1.0,1.0,2.0,1.1428571428571428,6.0,8
2400000000.0, Tangerang,3.0,3.0,128.0,100.0,0.0,0.0,2.0,1.28,6.0,8
3500000000.0, Tangerang,3.0,3.0,144.0,180.0,1.0,0.0,2.0,0.8,6.0,8
2200000000.0, Tangerang,3.0,2.0,188.0,195.0,1.0,1.0,2.0,0.9641025641025641,5.0,8
4800000000.0, Tangerang,5.0,5.0,300.0,400.0,1.0,0.0,2.0,0.75,10.0,8
2900000000.0, Tangerang,6.0,4.0,200.0,290.0,1.0,0.0,2.0,0.6896551724137931,10.0,8
1300000000.0, Tangerang,3.0,1.0,84.0,70.0,1.0,0.0,1.0,1.2,4.0,8
2950000000.0, Tangerang,3.0,3.0,150.0,230.0,1.0,1.0,1.0,0.6521739130434783,6.0,8
2900000000.0, Tangerang,6.0,4.0,200.0,290.0,0.0,0.0,2.0,0.6896551724137931,10.0,8
1500000000.0, Tangerang,2.0,2.0,72.0,80.0,1.0,0.0,2.0,0.9,4.0,8
3200000000.0, Tangerang,4.0,2.0,160.0,180.0,2.0,0.0,2.0,0.8888888888888888,6.0,8
2850000000.0, Tangerang,5.0,4.0,162.0,120.0,1.0,0.0,2.0,1.35,9.0,8
2990000000.0, Tangerang,4.0,3.0,144.0,250.0,1.0,0.0,2.0,0.576,7.0,8
3300000000.0, Tangerang,4.0,1.0,176.0,290.0,0.0,1.0,2.0,0.6068965517241379,5.0,8
2000000000.0, Tangerang,2.0,2.0,96.0,100.0,1.0,0.0,2.0,0.96,4.0,8
3750000000.0, Tangerang,4.0,4.0,163.0,278.0,2.0,0.0,3.0,0.5863309352517986,8.0,8
2790000000.0, Tangerang,3.0,2.0,144.0,275.0,2.0,0.0,1.0,0.5236363636363637,5.0,8
2500000000.0, Tangerang,3.0,3.0,160.0,200.0,0.0,0.0,2.0,0.8,6.0,8
850000000.0, Tangerang,3.0,2.0,90.0,66.0,2.0,2.0,2.0,1.3636363636363635,5.0,8
630000000.0, Tangerang,2.0,2.0,72.0,40.0,0.0,1.0,1.0,1.8,4.0,8
960000000.0, Tangerang,2.0,1.0,119.0,62.0,0.0,1.0,1.0,1.9193548387096775,3.0,8
1060000000.0, Tangerang,3.0,2.0,119.0,74.0,1.0,1.0,1.0,1.6081081081081081,5.0,8
1440000000.0, Tangerang,4.0,2.0,164.0,100.0,1.0,1.0,1.0,1.64,6.0,8
525000000.0, Tangerang,3.0,1.0,72.0,60.0,1.0,0.0,2.0,1.2,4.0,8
1300000000.0, Tangerang,4.0,2.0,120.0,180.0,0.0,0.0,2.0,0.6666666666666666,6.0,8
975000000.0, Tangerang,3.0,2.0,100.0,150.0,2.0,0.0,2.0,0.6666666666666666,5.0,8
1750000000.0, Tangerang,3.0,2.0,200.0,150.0,0.0,0.0,1.0,1.3333333333333333,5.0,8
899000000.0, Tangerang,3.0,1.0,136.0,93.0,1.0,1.0,1.0,1.4623655913978495,4.0,8
660000000.0, Tangerang,2.0,1.0,84.0,41.0,0.0,1.0,1.0,2.048780487804878,3.0,8
1250000000.0, Tangerang,3.0,3.0,128.0,135.0,2.0,2.0,2.0,0.9481481481481482,6.0,8
630000000.0, Tangerang,3.0,2.0,96.0,120.0,2.0,1.0,2.0,0.8,5.0,8
385000000.0, Tangerang,2.0,1.0,72.0,22.0,0.0,0.0,1.0,3.272727272727273,3.0,8
2500000000.0, Tangerang,4.0,4.0,300.0,400.0,0.0,2.0,2.0,0.75,8.0,8
771000000.0, Tangerang,2.0,1.0,90.0,47.0,1.0,0.0,1.0,1.9148936170212767,3.0,8
1180000000.0, Tangerang,3.0,2.0,119.0,130.0,0.0,0.0,2.0,0.9153846153846154,5.0,8
3000000000.0, Tangerang,3.0,2.0,150.0,150.0,0.0,0.0,1.0,1.0,5.0,8
5000000000.0, Tangerang,5.0,4.0,389.0,520.0,0.0,0.0,1.0,0.7480769230769231,9.0,8
650000000.0, Tangerang,2.0,2.0,108.0,108.0,0.0,0.0,1.0,1.0,4.0,8
610000000.0, Tangerang,3.0,2.0,90.0,75.0,0.0,0.0,1.0,1.2,5.0,8
3000000000.0, Tangerang,4.0,4.0,360.0,400.0,0.0,0.0,2.0,0.9,8.0,8
650000000.0, Tangerang,2.0,1.0,90.0,75.0,1.0,0.0,1.0,1.2,3.0,8
650000000.0, Tangerang,2.0,1.0,90.0,75.0,1.0,0.0,1.0,1.2,3.0,8
700000000.0, Tangerang,2.0,1.0,72.0,36.0,0.0,0.0,1.0,2.0,3.0,8
1100000000.0, Tangerang,3.0,3.0,120.0,100.0,0.0,0.0,2.0,1.2,6.0,8
455000000.0, Tangerang,2.0,1.0,72.0,72.0,1.0,1.0,1.0,1.0,3.0,8
675000000.0, Tangerang,3.0,2.0,72.0,110.0,1.0,1.0,2.0,0.6545454545454545,5.0,8
1350000000.0, Tangerang,3.0,3.0,210.0,200.0,1.0,1.0,2.0,1.05,6.0,8
685000000.0, Tangerang,3.0,1.0,72.0,65.0,1.0,1.0,1.0,1.1076923076923078,4.0,8
610000000.0, Tangerang,3.0,2.0,90.0,75.0,1.0,1.0,1.0,1.2,5.0,8
2700000000.0, Tangerang,4.0,3.0,100.0,84.0,2.0,0.0,3.0,1.1904761904761905,7.0,8
5700000000.0, Tangerang,5.0,4.0,365.0,400.0,1.0,0.0,1.0,0.9125,9.0,8
2770000000.0, Tangerang,3.0,3.0,84.0,126.0,1.0,0.0,3.0,0.6666666666666666,6.0,8
3120000000.0, Tangerang,3.0,3.0,128.0,144.0,0.0,1.0,2.0,0.8888888888888888,6.0,8
1360000000.0, Tangerang,3.0,2.0,112.0,100.0,1.0,1.0,2.0,1.12,5.0,8
2800000000.0, Tangerang,3.0,3.0,84.0,126.0,0.0,0.0,3.0,0.6666666666666666,6.0,8
1900000000.0, Tangerang,3.0,3.0,66.0,86.0,1.0,0.0,2.0,0.7674418604651163,6.0,8
2800000000.0, Tangerang,4.0,4.0,157.0,270.0,0.0,1.0,2.0,0.5814814814814815,8.0,8
3120000000.0, Tangerang,3.0,3.0,128.0,144.0,0.0,1.0,2.0,0.8888888888888888,6.0,8
1200000000.0, Tangerang,2.0,2.0,72.0,71.0,0.0,1.0,2.0,1.0140845070422535,4.0,8
1590000000.0, Tangerang,4.0,3.0,90.0,126.0,1.0,1.0,2.0,0.7142857142857143,7.0,8
4000000000.0, Tangerang,5.0,4.0,112.0,180.0,2.0,0.0,3.0,0.6222222222222222,9.0,8
899000000.0, Tangerang,2.0,2.0,83.0,50.0,0.0,1.0,1.0,1.66,4.0,8
3200000000.0, Tangerang,4.0,3.0,169.0,200.0,2.0,0.0,2.0,0.845,7.0,8
1200000000.0, Tangerang,3.0,2.0,80.0,80.0,1.0,1.0,2.0,1.0,5.0,8
4680000000.0, Tangerang,3.0,3.0,250.0,195.0,1.0,1.0,2.0,1.2820512820512822,6.0,8
3120000000.0, Tangerang,3.0,3.0,128.0,144.0,1.0,1.0,2.0,0.8888888888888888,6.0,8
796000000.0, Tangerang,2.0,1.0,60.0,30.0,1.0,1.0,1.0,2.0,3.0,8
2700000000.0, Tangerang,4.0,3.0,100.0,84.0,2.0,0.0,3.0,1.1904761904761905,7.0,8
1000000000.0, Tangerang,3.0,2.0,61.0,69.0,2.0,2.0,2.0,0.8840579710144928,5.0,8
2770000000.0, Tangerang,4.0,3.0,84.0,126.0,1.0,0.0,3.0,0.6666666666666666,7.0,8
6000000000.0, Tangerang,4.0,5.0,136.0,242.0,0.0,2.0,1.0,0.5619834710743802,9.0,8
1900000000.0, Tangerang,4.0,3.0,66.0,86.0,1.0,0.0,2.0,0.7674418604651163,7.0,8
2350000000.0, Tangerang,3.0,2.0,220.0,150.0,1.0,1.0,1.0,1.4666666666666666,5.0,8
6000000000.0, Tangerang,4.0,4.0,275.0,320.0,1.0,1.0,2.0,0.859375,8.0,8
665000000.0, Tangerang,3.0,2.0,85.0,60.0,1.0,2.0,2.0,1.4166666666666667,5.0,8
1040000000.0, Tangerang,3.0,3.0,63.0,83.0,2.0,0.0,2.0,0.7590361445783133,6.0,8
1250000000.0, Tangerang,3.0,2.0,90.0,65.0,1.0,0.0,1.0,1.3846153846153846,5.0,8
1430000000.0, Tangerang,3.0,3.0,68.0,80.0,1.0,0.0,2.0,0.85,6.0,8
3000000000.0, Tangerang,3.0,3.0,144.0,200.0,0.0,0.0,2.0,0.72,6.0,8
5950000000.0, Tangerang,4.0,5.0,136.0,242.0,2.0,0.0,3.0,0.5619834710743802,9.0,8
1200000000.0, Tangerang,3.0,2.0,74.0,69.0,1.0,2.0,2.0,1.0724637681159421,5.0,8
1500000000.0, Tangerang,3.0,3.0,32.0,90.0,2.0,0.0,1.0,0.35555555555555557,6.0,8
1500000000.0, Tangerang,4.0,2.0,32.0,90.0,0.0,0.0,3.0,0.35555555555555557,6.0,8
2950000000.0, Tangerang,3.0,3.0,153.0,230.0,2.0,0.0,2.0,0.6652173913043479,6.0,8
1000000000.0, Tangerang,3.0,2.0,74.0,69.0,2.0,0.0,2.0,1.0724637681159421,5.0,8
2770000000.0, Tangerang,4.0,3.0,84.0,126.0,1.0,0.0,3.0,0.6666666666666666,7.0,8
1800000000.0, Tangerang,4.0,3.0,66.0,86.0,1.0,0.0,2.0,0.7674418604651163,7.0,8
6700000000.0, Tangerang,4.0,5.0,153.0,275.0,2.0,1.0,3.0,0.5563636363636364,9.0,8
4200000000.0, Tangerang,4.0,4.0,144.0,177.0,2.0,0.0,2.0,0.8135593220338984,8.0,8
1420000000.0, Tangerang,3.0,2.0,72.0,69.0,1.0,0.0,2.0,1.0434782608695652,5.0,8
4300000000.0, Tangerang,3.0,2.0,250.0,200.0,1.0,0.0,2.0,1.25,5.0,8
5950000000.0, Tangerang,4.0,3.0,385.0,450.0,3.0,1.0,2.0,0.8555555555555555,7.0,8
6000000000.0, Tangerang,4.0,4.0,136.0,240.0,2.0,0.0,3.0,0.5666666666666667,8.0,8
4400000000.0, Tangerang,4.0,4.0,144.0,177.0,2.0,0.0,2.0,0.8135593220338984,8.0,8
6500000000.0, Tangerang,4.0,3.0,265.0,400.0,1.0,2.0,2.0,0.6625,7.0,8
765000000.0, Tangerang,3.0,2.0,60.0,80.0,1.0,1.0,2.0,0.75,5.0,8
2850000000.0, Tangerang,4.0,3.0,232.0,150.0,1.0,0.0,2.0,1.5466666666666666,7.0,8
655000000.0, Tangerang,3.0,2.0,68.0,60.0,1.0,2.0,2.0,1.1333333333333333,5.0,8
2110000000.0, Tangerang,4.0,2.0,80.0,78.0,1.0,0.0,2.0,1.0256410256410255,6.0,8
1750000000.0, Tangerang,3.0,2.0,90.0,68.0,0.0,0.0,2.0,1.3235294117647058,5.0,8
5700000000.0, Tangerang,5.0,4.0,365.0,400.0,2.0,1.0,2.0,0.9125,9.0,8
2000000000.0, Tangerang,4.0,3.0,112.0,150.0,2.0,0.0,2.0,0.7466666666666667,7.0,8
1750000000.0, Tangerang,2.0,2.0,60.0,68.0,1.0,0.0,2.0,0.8823529411764706,4.0,8
2000000000.0, Tangerang,3.0,2.0,180.0,100.0,1.0,1.0,1.0,1.8,5.0,8
1750000000.0, Tangerang,3.0,2.0,77.0,85.0,1.0,0.0,2.0,0.9058823529411765,5.0,8
1660000000.0, Tangerang,6.0,6.0,35.0,103.0,0.0,0.0,3.0,0.33980582524271846,12.0,8
935000000.0, Tangerang,1.0,2.0,30.0,41.0,1.0,0.0,3.0,0.7317073170731707,3.0,8
1800000000.0, Tangerang,3.0,2.0,90.0,72.0,1.0,0.0,2.0,1.25,5.0,8
655000000.0, Tangerang,3.0,2.0,61.0,60.0,1.0,2.0,2.0,1.0166666666666666,5.0,8
1800000000.0, Tangerang,3.0,2.0,144.0,180.0,1.0,0.0,1.0,0.8,5.0,8
1320000000.0, Tangerang,6.0,2.0,91.0,170.0,1.0,0.0,2.0,0.5352941176470588,8.0,8
1680000000.0, Tangerang,2.0,2.0,123.0,105.0,1.0,1.0,2.0,1.1714285714285715,4.0,8
1860000000.0, Tangerang,3.0,3.0,144.0,100.0,0.0,1.0,1.0,1.44,6.0,8
1320000000.0, Tangerang,6.0,2.0,91.0,170.0,0.0,1.0,2.0,0.5352941176470588,8.0,8
1860000000.0, Tangerang,3.0,3.0,144.0,100.0,0.0,1.0,1.0,1.44,6.0,8
1530000000.0, Tangerang,2.0,2.0,90.0,95.0,1.0,0.0,2.0,0.9473684210526315,4.0,8
960000000.0, Tangerang,3.0,1.0,103.0,90.0,0.0,1.0,1.0,1.1444444444444444,4.0,8
1800000000.0, Tangerang,3.0,2.0,144.0,180.0,0.0,1.0,1.0,0.8,5.0,8
1530000000.0, Tangerang,2.0,2.0,90.0,95.0,1.0,0.0,2.0,0.9473684210526315,4.0,8
1860000000.0, Tangerang,3.0,3.0,144.0,100.0,1.0,1.0,1.0,1.44,6.0,8
1320000000.0, Tangerang,6.0,2.0,91.0,170.0,0.0,1.0,2.0,0.5352941176470588,8.0,8
1800000000.0, Tangerang,3.0,2.0,144.0,180.0,0.0,1.0,1.0,0.8,5.0,8
1860000000.0, Tangerang,3.0,3.0,144.0,100.0,0.0,1.0,1.0,1.44,6.0,8
2600000000.0, Tangerang,4.0,3.0,117.0,177.0,1.0,0.0,2.0,0.6610169491525424,7.0,8
960000000.0, Tangerang,3.0,1.0,103.0,90.0,0.0,1.0,1.0,1.1444444444444444,4.0,8
960000000.0, Tangerang,3.0,1.0,103.0,90.0,0.0,1.0,1.0,1.1444444444444444,4.0,8
1530000000.0, Tangerang,2.0,2.0,90.0,95.0,1.0,0.0,2.0,0.9473684210526315,4.0,8
960000000.0, Tangerang,3.0,1.0,103.0,90.0,1.0,1.0,1.0,1.1444444444444444,4.0,8
895000000.0, Tangerang,3.0,2.0,50.0,65.0,0.0,0.0,1.0,0.7692307692307693,5.0,8
1680000000.0, Tangerang,3.0,2.0,76.0,67.0,0.0,1.0,2.0,1.1343283582089552,5.0,8
2600000000.0, Tangerang,4.0,3.0,117.0,177.0,1.0,0.0,2.0,0.6610169491525424,7.0,8
1680000000.0, Tangerang,3.0,2.0,76.0,67.0,1.0,1.0,2.0,1.1343283582089552,5.0,8
1680000000.0, Tangerang,3.0,2.0,76.0,67.0,0.0,1.0,2.0,1.1343283582089552,5.0,8
1680000000.0, Tangerang,3.0,2.0,76.0,67.0,0.0,1.0,2.0,1.1343283582089552,5.0,8
1590000000.0, Tangerang,3.0,2.0,63.0,80.0,1.0,1.0,3.0,0.7875,5.0,8
1800000000.0, Tangerang,3.0,2.0,144.0,180.0,1.0,1.0,1.0,0.8,5.0,8
1500000000.0, Tangerang,3.0,2.0,70.0,71.0,1.0,0.0,2.0,0.9859154929577465,5.0,8
1200000000.0, Tangerang,4.0,2.0,120.0,160.0,2.0,0.0,2.0,0.75,6.0,8
1280000000.0, Tangerang,2.0,2.0,200.0,123.0,0.0,1.0,1.0,1.6260162601626016,4.0,8
900000000.0, Tangerang,3.0,1.0,81.0,81.0,1.0,0.0,1.0,1.0,4.0,8
1080000000.0, Tangerang,2.0,2.0,60.0,65.0,1.0,0.0,2.0,0.9230769230769231,4.0,8
685000000.0, Tangerang,3.0,2.0,64.0,60.0,1.0,0.0,2.0,1.0666666666666667,5.0,8
960000000.0, Tangerang,2.0,1.0,119.0,62.0,1.0,0.0,1.0,1.9193548387096775,3.0,8
745000000.0, Tangerang,2.0,1.0,102.0,46.0,1.0,0.0,1.0,2.217391304347826,3.0,8
960000000.0, Tangerang,2.0,1.0,119.0,62.0,0.0,1.0,1.0,1.9193548387096775,3.0,8
1060000000.0, Tangerang,3.0,2.0,119.0,74.0,1.0,0.0,1.0,1.6081081081081081,5.0,8
960000000.0, Tangerang,2.0,1.0,119.0,62.0,0.0,1.0,1.0,1.9193548387096775,3.0,8
1060000000.0, Tangerang,3.0,2.0,119.0,74.0,1.0,1.0,1.0,1.6081081081081081,5.0,8
960000000.0, Tangerang,2.0,1.0,119.0,62.0,1.0,1.0,1.0,1.9193548387096775,3.0,8
1060000000.0, Tangerang,3.0,2.0,119.0,74.0,1.0,0.0,1.0,1.6081081081081081,5.0,8
1060000000.0, Tangerang,3.0,2.0,119.0,74.0,1.0,0.0,1.0,1.6081081081081081,5.0,8
1600000000.0, Tangerang,3.0,2.0,128.0,192.0,1.0,0.0,2.0,0.6666666666666666,5.0,8
1050000000.0, Tangerang,3.0,2.0,140.0,80.0,1.0,1.0,2.0,1.75,5.0,8
2750000000.0, Tangerang,4.0,4.0,180.0,214.0,3.0,0.0,2.0,0.8411214953271028,8.0,8
2800000000.0, Tangerang,4.0,3.0,160.0,190.0,2.0,0.0,2.0,0.8421052631578947,7.0,8
1800000000.0, Tangerang,3.0,3.0,180.0,142.0,1.0,2.0,2.0,1.267605633802817,6.0,8
1800000000.0, Tangerang,3.0,3.0,180.0,142.0,0.0,0.0,1.0,1.267605633802817,6.0,8
1020000000.0, Tangerang,2.0,2.0,84.0,54.0,1.0,0.0,1.0,1.5555555555555556,4.0,8
1020000000.0, Tangerang,2.0,2.0,84.0,54.0,0.0,1.0,1.0,1.5555555555555556,4.0,8
1020000000.0, Tangerang,2.0,2.0,84.0,54.0,0.0,1.0,1.0,1.5555555555555556,4.0,8
750000000.0, Tangerang,3.0,1.0,72.0,57.0,1.0,0.0,2.0,1.263157894736842,4.0,8
1020000000.0, Tangerang,2.0,2.0,84.0,54.0,0.0,1.0,1.0,1.5555555555555556,4.0,8
1020000000.0, Tangerang,2.0,2.0,84.0,54.0,1.0,1.0,1.0,1.5555555555555556,4.0,8
1020000000.0, Tangerang,2.0,2.0,84.0,54.0,1.0,1.0,1.0,1.5555555555555556,4.0,8
1020000000.0, Tangerang,2.0,2.0,84.0,54.0,0.0,1.0,1.0,1.5555555555555556,4.0,8
969000000.0, Tangerang,3.0,2.0,60.0,51.0,2.0,0.0,2.0,1.1764705882352942,5.0,8
755000000.0, Tangerang,3.0,2.0,78.0,60.0,1.0,0.0,2.0,1.3,5.0,8
800000000.0, Tangerang,3.0,2.0,60.0,70.0,2.0,2.0,2.0,0.8571428571428571,5.0,8
3300000000.0, Tangerang,3.0,3.0,225.0,120.0,0.0,0.0,2.0,1.875,6.0,8
1060000000.0, Tangerang,4.0,3.0,106.0,151.0,0.0,1.0,2.0,0.7019867549668874,7.0,8
3600000000.0, Tangerang,2.0,2.0,253.0,138.0,2.0,0.0,2.0,1.8333333333333333,4.0,8
500000000.0, Tangerang,2.0,1.0,72.0,50.0,0.0,1.0,1.0,1.44,3.0,8
500000000.0, Tangerang,2.0,1.0,60.0,36.0,1.0,0.0,1.0,1.6666666666666667,3.0,8
650000000.0, Tangerang,2.0,1.0,72.0,36.0,0.0,0.0,1.0,2.0,3.0,8
3600000000.0, Tangerang,2.0,2.0,253.0,138.0,2.0,0.0,2.0,1.8333333333333333,4.0,8
500000000.0, Tangerang,2.0,1.0,60.0,36.0,1.0,0.0,1.0,1.6666666666666667,3.0,8
1060000000.0, Tangerang,4.0,3.0,106.0,151.0,0.0,1.0,2.0,0.7019867549668874,7.0,8
500000000.0, Tangerang,2.0,1.0,60.0,36.0,1.0,0.0,1.0,1.6666666666666667,3.0,8
1060000000.0, Tangerang,4.0,3.0,106.0,151.0,1.0,1.0,2.0,0.7019867549668874,7.0,8
650000000.0, Tangerang,2.0,1.0,72.0,36.0,0.0,0.0,1.0,2.0,3.0,8
1440000000.0, Tangerang,4.0,1.0,164.0,100.0,1.0,1.0,1.0,1.64,5.0,8
954000000.0, Tangerang,4.0,2.0,72.0,83.0,1.0,0.0,2.0,0.8674698795180723,6.0,8
889000000.0, Tangerang,2.0,1.0,72.0,41.0,1.0,0.0,1.0,1.7560975609756098,3.0,8
1500000000.0, Tangerang,3.0,2.0,72.0,120.0,2.0,0.0,2.0,0.6,5.0,8
1300000000.0, Tangerang,5.0,3.0,108.0,200.0,2.0,0.0,2.0,0.54,8.0,8
800000000.0, Tangerang,3.0,2.0,72.0,67.0,0.0,0.0,1.0,1.0746268656716418,5.0,8
625000000.0, Tangerang,2.0,1.0,72.0,45.0,1.0,0.0,1.0,1.6,3.0,8
832000000.0, Tangerang,4.0,2.0,72.0,78.0,1.0,1.0,2.0,0.9230769230769231,6.0,8
648000000.0, Tangerang,2.0,1.0,72.0,39.0,0.0,0.0,1.0,1.8461538461538463,3.0,8
720000000.0, Tangerang,2.0,1.0,72.0,39.0,0.0,0.0,1.0,1.8461538461538463,3.0,8
843000000.0, Tangerang,2.0,2.0,72.0,54.0,1.0,1.0,2.0,1.3333333333333333,4.0,8
600000000.0, Tangerang,2.0,1.0,89.0,40.0,0.0,0.0,1.0,2.225,3.0,8
1400000000.0, Tangerang,3.0,2.0,120.0,70.0,1.0,0.0,1.0,1.7142857142857142,5.0,8
3120000000.0, Tangerang,3.0,3.0,128.0,144.0,0.0,1.0,2.0,0.8888888888888888,6.0,8
7400000000.0, Tangerang,4.0,4.0,220.0,285.0,2.0,2.0,2.0,0.7719298245614035,8.0,8
2400000000.0, Tangerang,3.0,2.0,161.0,200.0,0.0,1.0,2.0,0.805,5.0,8
2400000000.0, Tangerang,3.0,2.0,161.0,200.0,0.0,1.0,2.0,0.805,5.0,8
3120000000.0, Tangerang,3.0,3.0,128.0,144.0,0.0,1.0,2.0,0.8888888888888888,6.0,8
2400000000.0, Tangerang,3.0,2.0,161.0,200.0,1.0,1.0,2.0,0.805,5.0,8
2400000000.0, Tangerang,3.0,2.0,161.0,200.0,0.0,1.0,2.0,0.805,5.0,8
828000000.0, Tangerang,3.0,2.0,60.0,62.0,1.0,1.0,2.0,0.967741935483871,5.0,8
3300000000.0, Tangerang,3.0,3.0,225.0,120.0,1.0,0.0,2.0,1.875,6.0,8
826000000.0, Tangerang,3.0,2.0,84.0,47.0,1.0,1.0,1.0,1.7872340425531914,5.0,8
679000000.0, Tangerang,2.0,1.0,72.0,36.0,1.0,1.0,1.0,2.0,3.0,8
1440000000.0, Tangerang,4.0,2.0,96.0,110.0,0.0,1.0,2.0,0.8727272727272727,6.0,8
1020000000.0, Tangerang,2.0,1.0,90.0,65.0,0.0,1.0,1.0,1.3846153846153846,3.0,8
660000000.0, Tangerang,3.0,2.0,60.0,72.0,1.0,0.0,1.0,0.8333333333333334,5.0,8
660000000.0, Tangerang,3.0,2.0,60.0,72.0,1.0,0.0,1.0,0.8333333333333334,5.0,8
1440000000.0, Tangerang,2.0,2.0,120.0,102.0,1.0,1.0,1.0,1.1764705882352942,4.0,8
1020000000.0, Tangerang,2.0,1.0,90.0,65.0,1.0,1.0,1.0,1.3846153846153846,3.0,8
1020000000.0, Tangerang,2.0,1.0,90.0,65.0,0.0,1.0,1.0,1.3846153846153846,3.0,8
3600000000.0, Tangerang,4.0,3.0,144.0,176.0,1.0,1.0,2.0,0.8181818181818182,7.0,8
1440000000.0, Tangerang,4.0,2.0,96.0,110.0,0.0,1.0,2.0,0.8727272727272727,6.0,8
660000000.0, Tangerang,3.0,2.0,60.0,72.0,1.0,0.0,1.0,0.8333333333333334,5.0,8
660000000.0, Tangerang,3.0,2.0,60.0,72.0,1.0,0.0,1.0,0.8333333333333334,5.0,8
1440000000.0, Tangerang,4.0,2.0,96.0,110.0,1.0,1.0,2.0,0.8727272727272727,6.0,8
595000000.0, Tangerang,3.0,2.0,63.0,126.0,1.0,0.0,2.0,0.5,5.0,8
770000000.0, Tangerang,2.0,2.0,70.0,45.0,1.0,1.0,2.0,1.5555555555555556,4.0,8
825000000.0, Tangerang,2.0,2.0,40.0,44.0,1.0,0.0,2.0,0.9090909090909091,4.0,8
1990000000.0, Tangerang,3.0,2.0,120.0,90.0,0.0,2.0,2.0,1.3333333333333333,5.0,8
950000000.0, Tangerang,2.0,1.0,96.0,80.0,1.0,0.0,1.0,1.2,3.0,8
750000000.0, Tangerang,2.0,1.0,90.0,60.0,1.0,0.0,1.0,1.5,3.0,8
755000000.0, Tangerang,3.0,2.0,78.0,60.0,1.0,0.0,2.0,1.3,5.0,8
785000000.0, Tangerang,3.0,2.0,85.0,60.0,1.0,0.0,2.0,1.4166666666666667,5.0,8
945000000.0, Tangerang,4.0,2.0,72.0,83.0,1.0,1.0,2.0,0.8674698795180723,6.0,8
900000000.0, Tangerang,4.0,2.0,72.0,83.0,1.0,0.0,2.0,0.8674698795180723,6.0,8
4200000000.0, Tangerang,6.0,3.0,210.0,300.0,0.0,1.0,2.0,0.7,9.0,8
1440000000.0, Tangerang,2.0,2.0,120.0,102.0,1.0,0.0,1.0,1.1764705882352942,4.0,8
2220000000.0, Tangerang,3.0,3.0,120.0,130.0,1.0,1.0,2.0,0.9230769230769231,6.0,8
945000000.0, Tangerang,4.0,2.0,72.0,83.0,2.0,0.0,2.0,0.8674698795180723,6.0,8
650000000.0, Tangerang,2.0,1.0,72.0,36.0,1.0,0.0,1.0,2.0,3.0,8
650000000.0, Tangerang,3.0,2.0,72.0,96.0,1.0,1.0,2.0,0.75,5.0,8
954000000.0, Tangerang,3.0,2.0,72.0,78.0,2.0,0.0,2.0,0.9230769230769231,5.0,8
975000000.0, Tangerang,4.0,2.0,72.0,78.0,1.0,1.0,2.0,0.9230769230769231,6.0,8
850000000.0, Tangerang,4.0,2.0,135.0,108.0,1.0,0.0,2.0,1.25,6.0,8
800000000.0, Tangerang,3.0,2.0,60.0,65.0,2.0,0.0,2.0,0.9230769230769231,5.0,8
4200000000.0, Tangerang,6.0,3.0,210.0,300.0,1.0,0.0,2.0,0.7,9.0,8
1440000000.0, Tangerang,2.0,2.0,120.0,102.0,1.0,0.0,1.0,1.1764705882352942,4.0,8
1530000000.0, Tangerang,2.0,2.0,90.0,95.0,1.0,0.0,2.0,0.9473684210526315,4.0,8
755000000.0, Tangerang,3.0,2.0,78.0,60.0,1.0,0.0,2.0,1.3,5.0,8
785000000.0, Tangerang,3.0,2.0,85.0,60.0,1.0,0.0,2.0,1.4166666666666667,5.0,8
2220000000.0, Tangerang,3.0,3.0,120.0,130.0,0.0,1.0,2.0,0.9230769230769231,6.0,8
2220000000.0, Tangerang,3.0,3.0,120.0,130.0,0.0,1.0,2.0,0.9230769230769231,6.0,8
450000000.0, Tangerang,2.0,2.0,60.0,46.0,0.0,2.0,2.0,1.3043478260869565,4.0,8
630000000.0, Tangerang,2.0,2.0,72.0,40.0,0.0,1.0,1.0,1.8,4.0,8
500000000.0, Tangerang,2.0,1.0,72.0,50.0,1.0,1.0,1.0,1.44,3.0,8
630000000.0, Tangerang,2.0,2.0,72.0,40.0,1.0,1.0,1.0,1.8,4.0,8
520000000.0, Tangerang,3.0,1.0,90.0,65.0,0.0,0.0,1.0,1.3846153846153846,4.0,8
1440000000.0, Tangerang,4.0,1.0,164.0,100.0,0.0,1.0,1.0,1.64,5.0,8
1100000000.0, Tangerang,2.0,2.0,60.0,63.0,1.0,0.0,2.0,0.9523809523809523,4.0,8
500000000.0, Tangerang,2.0,1.0,72.0,50.0,1.0,1.0,1.0,1.44,3.0,8
2200000000.0, Tangerang,3.0,3.0,105.0,126.0,2.0,0.0,2.0,0.8333333333333334,6.0,8
1700000000.0, Tangerang,3.0,3.0,105.0,126.0,2.0,0.0,2.0,0.8333333333333334,6.0,8
3600000000.0, Tangerang,3.0,2.0,300.0,230.0,1.0,0.0,2.0,1.3043478260869565,5.0,8
630000000.0, Tangerang,2.0,2.0,72.0,40.0,0.0,1.0,1.0,1.8,4.0,8
1440000000.0, Tangerang,4.0,1.0,164.0,100.0,0.0,1.0,1.0,1.64,5.0,8
1440000000.0, Tangerang,4.0,2.0,164.0,100.0,1.0,0.0,1.0,1.64,6.0,8
2050000000.0, Tangerang,3.0,3.0,180.0,139.0,2.0,0.0,2.0,1.2949640287769784,6.0,8
4250000000.0, Tangerang,4.0,4.0,420.0,316.0,2.0,2.0,2.0,1.3291139240506329,8.0,8
630000000.0, Tangerang,2.0,2.0,72.0,40.0,1.0,1.0,1.0,1.8,4.0,8
960000000.0, Tangerang,2.0,1.0,119.0,62.0,1.0,1.0,1.0,1.9193548387096775,3.0,8
2900000000.0, Tangerang,4.0,3.0,160.0,190.0,2.0,0.0,2.0,0.8421052631578947,7.0,8
1850000000.0, Tangerang,2.0,2.0,160.0,180.0,0.0,0.0,2.0,0.8888888888888888,4.0,8
968000000.0, Tangerang,4.0,2.0,40.0,74.0,1.0,0.0,3.0,0.5405405405405406,6.0,8
2250000000.0, Tangerang,3.0,3.0,160.0,134.0,2.0,0.0,2.0,1.1940298507462686,6.0,8
525000000.0, Tangerang,3.0,2.0,72.0,72.0,1.0,1.0,1.0,1.0,5.0,8
1900000000.0, Tangerang,3.0,3.0,180.0,200.0,1.0,0.0,2.0,0.9,6.0,8
1300000000.0, Tangerang,3.0,2.0,54.0,124.0,2.0,0.0,3.0,0.43548387096774194,5.0,8
1400000000.0, Tangerang,3.0,2.0,96.0,112.0,0.0,0.0,2.0,0.8571428571428571,5.0,8
980000000.0, Tangerang,2.0,1.0,136.0,84.0,1.0,0.0,1.0,1.619047619047619,3.0,8
1000000000.0, Tangerang,3.0,2.0,136.0,84.0,1.0,0.0,1.0,1.619047619047619,5.0,8
1050000000.0, Tangerang,4.0,3.0,77.0,97.0,0.0,0.0,2.0,0.7938144329896907,7.0,8
1350000000.0, Tangerang,2.0,1.0,160.0,81.0,0.0,0.0,1.0,1.9753086419753085,3.0,8
7400000000.0, Tangerang,4.0,4.0,220.0,285.0,1.0,1.0,3.0,0.7719298245614035,8.0,8
4300000000.0, Tangerang,3.0,3.0,220.0,185.0,2.0,0.0,2.0,1.1891891891891893,6.0,8
1040000000.0, Tangerang,3.0,2.0,72.0,95.0,0.0,1.0,2.0,0.7578947368421053,5.0,8
1590000000.0, Tangerang,4.0,3.0,90.0,126.0,0.0,1.0,2.0,0.7142857142857143,7.0,8
1590000000.0, Tangerang,4.0,3.0,90.0,126.0,0.0,1.0,2.0,0.7142857142857143,7.0,8
1230000000.0, Tangerang,2.0,2.0,71.0,62.0,1.0,0.0,2.0,1.1451612903225807,4.0,8
588000000.0, Tangerang,2.0,1.0,72.0,36.0,1.0,1.0,1.0,2.0,3.0,8
588000000.0, Tangerang,2.0,1.0,72.0,36.0,1.0,1.0,1.0,2.0,3.0,8
4200000000.0, Tangerang,6.0,3.0,210.0,300.0,1.0,0.0,2.0,0.7,9.0,8
3600000000.0, Tangerang,2.0,2.0,253.0,138.0,2.0,0.0,2.0,1.8333333333333333,4.0,8
1440000000.0, Tangerang,2.0,2.0,120.0,102.0,1.0,0.0,1.0,1.1764705882352942,4.0,8
1060000000.0, Tangerang,4.0,3.0,106.0,151.0,0.0,1.0,2.0,0.7019867549668874,7.0,8
1020000000.0, Tangerang,2.0,1.0,90.0,65.0,0.0,1.0,1.0,1.3846153846153846,3.0,8
660000000.0, Tangerang,3.0,2.0,60.0,72.0,1.0,0.0,1.0,0.8333333333333334,5.0,8
936000000.0, Tangerang,4.0,2.0,72.0,83.0,1.0,1.0,1.0,0.8674698795180723,6.0,8
751000000.0, Tangerang,2.0,2.0,83.0,68.0,1.0,0.0,2.0,1.2205882352941178,4.0,8
3000000000.0, Tangerang,2.0,2.0,273.0,225.0,1.0,0.0,2.0,1.2133333333333334,4.0,8
1500000000.0, Tangerang,4.0,2.0,120.0,180.0,1.0,0.0,2.0,0.6666666666666666,6.0,8
800000000.0, Tangerang,2.0,1.0,81.0,57.0,0.0,0.0,1.0,1.4210526315789473,3.0,8
920000000.0, Tangerang,3.0,1.0,60.0,54.0,1.0,0.0,2.0,1.1111111111111112,4.0,8
548000000.0, Tangerang,2.0,1.0,50.0,36.0,1.0,1.0,1.0,1.3888888888888888,3.0,8
920000000.0, Tangerang,3.0,1.0,60.0,54.0,1.0,0.0,2.0,1.1111111111111112,4.0,8
1250000000.0, Tangerang,2.0,2.0,60.0,75.0,1.0,0.0,2.0,0.8,4.0,8
920000000.0, Tangerang,3.0,1.0,60.0,54.0,1.0,0.0,2.0,1.1111111111111112,4.0,8
1200000000.0, Tangerang,3.0,2.0,84.0,120.0,0.0,1.0,2.0,0.7,5.0,8
1220000000.0, Tangerang,4.0,2.0,72.0,108.0,2.0,0.0,2.0,0.6666666666666666,6.0,8
975000000.0, Tangerang,2.0,1.0,72.0,50.0,0.0,1.0,1.0,1.44,3.0,8
3590000000.0, Tangerang,3.0,3.0,144.0,18.0,2.0,0.0,2.0,8.0,6.0,8
4000000000.0, Tangerang,3.0,2.0,120.0,180.0,1.0,1.0,2.0,0.6666666666666666,5.0,8
1370000000.0, Tangerang,2.0,2.0,48.0,80.0,1.0,0.0,2.0,0.6,4.0,8
1300000000.0, Tangerang,3.0,2.0,63.0,86.0,2.0,1.0,2.0,0.7325581395348837,5.0,8
1700000000.0, Tangerang,2.0,2.0,63.0,100.0,1.0,0.0,2.0,0.63,4.0,8
1490000000.0, Tangerang,3.0,2.0,132.0,158.0,1.0,0.0,1.0,0.8354430379746836,5.0,8
755000000.0, Tangerang,3.0,2.0,78.0,60.0,1.0,0.0,2.0,1.3,5.0,8
785000000.0, Tangerang,3.0,2.0,85.0,60.0,1.0,0.0,2.0,1.4166666666666667,5.0,8
1400000000.0, Tangerang,2.0,2.0,66.0,86.0,2.0,0.0,2.0,0.7674418604651163,4.0,8
3500000000.0, Tangerang,5.0,3.0,200.0,300.0,0.0,0.0,2.0,0.6666666666666666,8.0,8
2300000000.0, Tangerang,4.0,4.0,120.0,120.0,0.0,0.0,2.0,1.0,8.0,8
1900000000.0, Tangerang,4.0,3.0,160.0,160.0,0.0,0.0,1.0,1.0,7.0,8
2600000000.0, Tangerang,3.0,2.0,200.0,200.0,2.0,0.0,2.0,1.0,5.0,8
3000000000.0, Tangerang,4.0,3.0,112.0,194.0,2.0,0.0,3.0,0.5773195876288659,7.0,8
4200000000.0, Tangerang,6.0,3.0,210.0,300.0,1.0,1.0,2.0,0.7,9.0,8
1170000000.0, Tangerang,3.0,3.0,75.0,92.0,2.0,0.0,2.0,0.8152173913043478,6.0,8
1760000000.0, Tangerang,3.0,3.0,105.0,126.0,2.0,0.0,2.0,0.8333333333333334,6.0,8
975000000.0, Tangerang,4.0,2.0,72.0,72.0,1.0,1.0,2.0,1.0,6.0,8
1890000000.0, Tangerang,2.0,2.0,190.0,120.0,1.0,1.0,1.0,1.5833333333333333,4.0,8
845000000.0, Tangerang,3.0,2.0,72.0,54.0,1.0,0.0,2.0,1.3333333333333333,5.0,8
1600000000.0, Tangerang,6.0,3.0,140.0,180.0,1.0,2.0,2.0,0.7777777777777778,9.0,8
1800000000.0, Tangerang,10.0,10.0,380.0,600.0,0.0,0.0,2.0,0.6333333333333333,20.0,8
1120000000.0, Tangerang,3.0,2.0,60.0,74.0,1.0,0.0,2.0,0.8108108108108109,5.0,8
2100000000.0, Tangerang,3.0,3.0,257.0,250.0,2.0,0.0,2.0,1.028,6.0,8
1100000000.0, Tangerang,2.0,2.0,45.0,120.0,0.0,0.0,2.0,0.375,4.0,8
4500000000.0, Tangerang,3.0,2.0,225.0,200.0,0.0,0.0,1.0,1.125,5.0,8
900000000.0, Tangerang,2.0,3.0,70.0,86.0,1.0,0.0,2.0,0.813953488372093,5.0,8
2520000000.0, Tangerang,4.0,3.0,132.0,125.0,2.0,0.0,2.0,1.056,7.0,8
2300000000.0, Tangerang,3.0,2.0,132.0,125.0,2.0,0.0,2.0,1.056,5.0,8
1300000000.0, Tangerang,3.0,2.0,126.0,100.0,1.0,0.0,2.0,1.26,5.0,8
485000000.0, Tangerang,2.0,1.0,70.0,40.0,1.0,0.0,1.0,1.75,3.0,8
4000000000.0, Tangerang,3.0,4.0,300.0,240.0,2.0,6.0,2.0,1.25,7.0,8
660000000.0, Tangerang,3.0,2.0,64.0,60.0,1.0,0.0,2.0,1.0666666666666667,5.0,8
1400000000.0, Tangerang,3.0,3.0,80.0,84.0,2.0,2.0,2.0,0.9523809523809523,6.0,8
1400000000.0, Tangerang,3.0,3.0,60.0,87.0,0.0,0.0,2.0,0.6896551724137931,6.0,8
655000000.0, Tangerang,3.0,2.0,64.0,60.0,1.0,2.0,2.0,1.0666666666666667,5.0,8
1600000000.0, Tangerang,3.0,2.0,120.0,70.0,1.0,0.0,1.0,1.7142857142857142,5.0,8
3100000000.0, Tangerang,4.0,3.0,210.0,300.0,2.0,1.0,2.0,0.7,7.0,8
1220000000.0, Tangerang,3.0,2.0,60.0,60.0,1.0,0.0,2.0,1.0,5.0,8
1670000000.0, Tangerang,3.0,1.0,112.0,90.0,1.0,0.0,1.0,1.2444444444444445,4.0,8
1350000000.0, Tangerang,2.0,2.0,90.0,50.0,1.0,1.0,1.0,1.8,4.0,8
1200000000.0, Tangerang,2.0,2.0,76.0,56.0,1.0,0.0,2.0,1.3571428571428572,4.0,8
4900000000.0, Tangerang,5.0,5.0,154.0,500.0,2.0,0.0,3.0,0.308,10.0,8
1250000000.0, Tangerang,3.0,1.0,120.0,100.0,1.0,0.0,1.0,1.2,4.0,8
1490000000.0, Tangerang,4.0,2.0,160.0,140.0,2.0,0.0,2.0,1.1428571428571428,6.0,8
4890000000.0, Tangerang,3.0,3.0,180.0,257.0,2.0,0.0,2.0,0.7003891050583657,6.0,8
4890000000.0, Tangerang,3.0,3.0,180.0,217.0,2.0,0.0,2.0,0.8294930875576036,6.0,8
4500000000.0, Tangerang,4.0,3.0,180.0,164.0,2.0,1.0,2.0,1.0975609756097562,7.0,8
3500000000.0, Tangerang,4.0,3.0,170.0,181.0,2.0,0.0,2.0,0.9392265193370166,7.0,8
1750000000.0, Tangerang,3.0,2.0,77.0,70.0,1.0,0.0,2.0,1.1,5.0,8
2200000000.0, Tangerang,3.0,4.0,60.0,120.0,2.0,0.0,3.0,0.5,7.0,8
2760000000.0, Tangerang,4.0,3.0,72.0,165.0,2.0,0.0,3.0,0.43636363636363634,7.0,8
1750000000.0, Tangerang,3.0,2.0,77.0,70.0,1.0,0.0,2.0,1.1,5.0,8
3400000000.0, Tangerang,4.0,3.0,135.0,163.0,2.0,0.0,2.0,0.8282208588957055,7.0,8
3800000000.0, Tangerang,4.0,3.0,292.0,165.0,1.0,0.0,2.0,1.7696969696969698,7.0,8
3990000000.0, Tangerang,5.0,3.0,360.0,200.0,1.0,1.0,2.0,1.8,8.0,8
3850000000.0, Tangerang,2.0,2.0,120.0,144.0,1.0,2.0,2.0,0.8333333333333334,4.0,8
3200000000.0, Tangerang,3.0,3.0,120.0,144.0,1.0,0.0,2.0,0.8333333333333334,6.0,8
2550000000.0, Tangerang,3.0,2.0,119.0,92.0,1.0,0.0,2.0,1.2934782608695652,5.0,8
3000000000.0, Tangerang,3.0,2.0,120.0,192.0,0.0,0.0,2.0,0.625,5.0,8
3400000000.0, Tangerang,3.0,3.0,135.0,171.0,0.0,0.0,1.0,0.7894736842105263,6.0,8
1200000000.0, Tangerang,3.0,2.0,80.0,80.0,1.0,0.0,2.0,1.0,5.0,8
1590000000.0, Tangerang,3.0,2.0,63.0,80.0,1.0,1.0,3.0,0.7875,5.0,8
3500000000.0, Tangerang,4.0,4.0,163.0,220.0,2.0,0.0,3.0,0.740909090909091,8.0,8
2000000000.0, Tangerang,4.0,3.0,161.0,150.0,0.0,0.0,2.0,1.0733333333333333,7.0,8
1100000000.0, Tangerang,4.0,3.0,110.0,160.0,0.0,0.0,2.0,0.6875,7.0,8
2950000000.0, Tangerang,3.0,3.0,128.0,240.0,2.0,1.0,3.0,0.5333333333333333,6.0,8
2950000000.0, Tangerang,3.0,3.0,128.0,240.0,2.0,1.0,3.0,0.5333333333333333,6.0,8
5950000000.0, Tangerang,4.0,3.0,264.0,290.0,2.0,0.0,2.0,0.9103448275862069,7.0,8
3500000000.0, Tangerang,10.0,10.0,163.0,170.0,0.0,0.0,2.0,0.9588235294117647,20.0,8
3500000000.0, Tangerang,4.0,3.0,180.0,240.0,1.0,0.0,2.0,0.75,7.0,8
4300000000.0, Tangerang,3.0,3.0,144.0,144.0,1.0,0.0,2.0,1.0,6.0,8
2750000000.0, Tangerang,4.0,3.0,128.0,190.0,0.0,0.0,2.0,0.6736842105263158,7.0,8
5950000000.0, Tangerang,4.0,3.0,264.0,290.0,2.0,0.0,2.0,0.9103448275862069,7.0,8
5700000000.0, Tangerang,5.0,4.0,365.0,400.0,1.0,0.0,2.0,0.9125,9.0,8
5700000000.0, Tangerang,5.0,4.0,365.0,400.0,1.0,1.0,2.0,0.9125,9.0,8
5700000000.0, Tangerang,5.0,4.0,365.0,400.0,1.0,1.0,2.0,0.9125,9.0,8
1600000000.0, Tangerang,2.0,2.0,108.0,108.0,1.0,0.0,2.0,1.0,4.0,8
4200000000.0, Tangerang,6.0,3.0,210.0,300.0,1.0,1.0,2.0,0.7,9.0,8
1500000000.0, Tangerang,3.0,3.0,127.0,90.0,2.0,0.0,2.0,1.4111111111111112,6.0,8
1400000000.0, Tangerang,2.0,2.0,50.0,90.0,1.0,0.0,2.0,0.5555555555555556,4.0,8
1700000000.0, Tangerang,3.0,4.0,135.0,200.0,2.0,2.0,2.0,0.675,7.0,8
4700000000.0, Tangerang,4.0,3.0,400.0,200.0,3.0,0.0,2.0,2.0,7.0,8
6000000000.0, Tangerang,4.0,4.0,357.0,450.0,1.0,0.0,2.0,0.7933333333333333,8.0,8
655000000.0, Tangerang,3.0,2.0,64.0,60.0,1.0,2.0,2.0,1.0666666666666667,5.0,8
1700000000.0, Tangerang,3.0,3.0,120.0,100.0,2.0,0.0,2.0,1.2,6.0,8
2000000000.0, Tangerang,3.0,2.0,98.0,130.0,0.0,1.0,2.0,0.7538461538461538,5.0,8
2700000000.0, Tangerang,4.0,3.0,136.0,180.0,0.0,2.0,2.0,0.7555555555555555,7.0,8
2050000000.0, Tangerang,3.0,3.0,98.0,125.0,2.0,0.0,2.0,0.784,6.0,8
2050000000.0, Tangerang,3.0,3.0,98.0,125.0,2.0,0.0,2.0,0.784,6.0,8
1130000000.0, Tangerang,2.0,1.0,120.0,70.0,1.0,0.0,1.0,1.7142857142857142,3.0,8
1950000000.0, Tangerang,3.0,2.0,224.0,125.0,0.0,0.0,1.0,1.792,5.0,8
1990000000.0, Tangerang,3.0,2.0,98.0,130.0,1.0,0.0,2.0,0.7538461538461538,5.0,8
1990000000.0, Tangerang,3.0,2.0,98.0,130.0,1.0,0.0,2.0,0.7538461538461538,5.0,8
1000000000.0, Tangerang,3.0,3.0,155.0,130.0,1.0,0.0,1.0,1.1923076923076923,6.0,8
1600000000.0, Tangerang,2.0,2.0,72.0,65.0,1.0,0.0,2.0,1.1076923076923078,4.0,8
2200000000.0, Tangerang,3.0,2.0,180.0,120.0,1.0,0.0,2.0,1.5,5.0,8
920000000.0, Tangerang,3.0,1.0,60.0,54.0,1.0,0.0,2.0,1.1111111111111112,4.0,8
950000000.0, Tangerang,3.0,2.0,55.0,110.0,0.0,1.0,2.0,0.5,5.0,8
950000000.0, Tangerang,3.0,2.0,55.0,110.0,0.0,0.0,2.0,0.5,5.0,8
1850000000.0, Tangerang,4.0,2.0,110.0,200.0,0.0,0.0,1.0,0.55,6.0,8
1590000000.0, Tangerang,3.0,2.0,63.0,100.0,1.0,1.0,3.0,0.63,5.0,8
1800000000.0, Tangerang,3.0,2.0,130.0,180.0,0.0,1.0,2.0,0.7222222222222222,5.0,8
3500000000.0, Tangerang,4.0,4.0,163.0,220.0,0.0,0.0,2.0,0.740909090909091,8.0,8
920000000.0, Tangerang,3.0,1.0,60.0,54.0,1.0,0.0,2.0,1.1111111111111112,4.0,8
900000000.0, Tangerang,2.0,1.0,81.0,45.0,1.0,1.0,1.0,1.8,3.0,8
2600000000.0, Tangerang,4.0,3.0,117.0,177.0,1.0,0.0,2.0,0.6610169491525424,7.0,8
3700000000.0, Tangerang,3.0,3.0,120.0,135.0,0.0,0.0,2.0,0.8888888888888888,6.0,8
1700000000.0, Tangerang,4.0,2.0,146.0,300.0,0.0,2.0,2.0,0.4866666666666667,6.0,8
3280000000.0, Tangerang,3.0,3.0,87.0,87.0,1.0,0.0,2.0,1.0,6.0,8
1610000000.0, Tangerang,7.0,3.0,101.0,101.0,0.0,5.0,2.0,1.0,10.0,8
895000000.0, Tangerang,2.0,1.0,135.0,90.0,1.0,0.0,1.0,1.5,3.0,8
4300000000.0, Tangerang,3.0,3.0,144.0,200.0,1.0,2.0,2.0,0.72,6.0,8
4300000000.0, Tangerang,4.0,3.0,205.0,280.0,0.0,0.0,2.0,0.7321428571428571,7.0,8
2400000000.0, Tangerang,3.0,3.0,128.0,140.0,1.0,0.0,2.0,0.9142857142857143,6.0,8
3400000000.0, Tangerang,5.0,4.0,203.0,300.0,1.0,0.0,2.0,0.6766666666666666,9.0,8
2950000000.0, Tangerang,3.0,3.0,160.0,250.0,1.0,1.0,2.0,0.64,6.0,8
3900000000.0, Tangerang,4.0,1.0,300.0,280.0,2.0,0.0,1.0,1.0714285714285714,5.0,8
2500000000.0, Tangerang,3.0,2.0,90.0,109.0,2.0,0.0,2.0,0.8256880733944955,5.0,8
3200000000.0, Tangerang,3.0,3.0,105.0,145.0,2.0,0.0,2.0,0.7241379310344828,6.0,8
2900000000.0, Tangerang,3.0,2.0,109.0,145.0,2.0,2.0,2.0,0.7517241379310344,5.0,8
2800000000.0, Tangerang,4.0,3.0,105.0,137.0,2.0,0.0,2.0,0.7664233576642335,7.0,8
2250000000.0, Tangerang,4.0,4.0,118.0,200.0,1.0,0.0,2.0,0.59,8.0,8
1400000000.0, Tangerang,3.0,2.0,60.0,72.0,2.0,0.0,2.0,0.8333333333333334,5.0,8
2500000000.0, Tangerang,3.0,2.0,121.0,264.0,2.0,1.0,2.0,0.4583333333333333,5.0,8
3200000000.0, Tangerang,3.0,3.0,98.0,114.0,0.0,0.0,2.0,0.8596491228070176,6.0,8
4500000000.0, Tangerang,2.0,2.0,316.0,250.0,1.0,1.0,2.0,1.264,4.0,8
600000000.0, Tangerang,2.0,2.0,72.0,63.0,0.0,2.0,2.0,1.1428571428571428,4.0,8
2000000000.0, Tangerang,3.0,3.0,200.0,175.0,1.0,0.0,2.0,1.1428571428571428,6.0,8
818000000.0, Tangerang,3.0,2.0,70.0,72.0,0.0,0.0,2.0,0.9722222222222222,5.0,8
1940000000.0, Tangerang,3.0,3.0,120.0,147.0,2.0,0.0,1.0,0.8163265306122449,6.0,8
1680000000.0, Tangerang,3.0,3.0,105.0,126.0,2.0,0.0,2.0,0.8333333333333334,6.0,8
1950000000.0, Tangerang,7.0,2.0,103.0,206.0,3.0,0.0,2.0,0.5,9.0,8
1780000000.0, Tangerang,3.0,3.0,98.0,97.0,2.0,0.0,2.0,1.0103092783505154,6.0,8
1270000000.0, Tangerang,3.0,2.0,105.0,51.0,1.0,2.0,1.0,2.0588235294117645,5.0,8
1100000000.0, Tangerang,3.0,1.0,84.0,51.0,1.0,0.0,1.0,1.6470588235294117,4.0,8
2700000000.0, Tangerang,3.0,2.0,126.0,120.0,1.0,0.0,2.0,1.05,5.0,8
6900000000.0, Tangerang,4.0,4.0,225.0,350.0,3.0,0.0,2.0,0.6428571428571429,8.0,8
636000000.0, Tangerang,3.0,2.0,66.0,60.0,1.0,0.0,2.0,1.1,5.0,8
1300000000.0, Tangerang,3.0,3.0,80.0,83.0,2.0,2.0,2.0,0.963855421686747,6.0,8
1000000000.0, Tangerang,3.0,3.0,61.0,80.0,1.0,2.0,2.0,0.7625,6.0,8
1250000000.0, Tangerang,3.0,2.0,80.0,95.0,2.0,2.0,2.0,0.8421052631578947,5.0,8
337000000.0, Tangerang,2.0,1.0,60.0,33.0,1.0,0.0,1.0,1.8181818181818181,3.0,8
550000000.0, Tangerang,3.0,2.0,60.0,57.0,1.0,0.0,2.0,1.0526315789473684,5.0,8
550000000.0, Tangerang,2.0,1.0,140.0,45.0,1.0,1.0,1.0,3.111111111111111,3.0,8
3500000000.0, Tangerang,3.0,2.0,144.0,212.0,2.0,0.0,2.0,0.6792452830188679,5.0,8
3500000000.0, Tangerang,4.0,3.0,128.0,160.0,1.0,0.0,2.0,0.8,7.0,8
3550000000.0, Tangerang,4.0,3.0,128.0,160.0,1.0,0.0,2.0,0.8,7.0,8
3900000000.0, Tangerang,4.0,3.0,200.0,350.0,1.0,2.0,1.0,0.5714285714285714,7.0,8
1750000000.0, Tangerang,2.0,1.0,144.0,63.0,1.0,0.0,1.0,2.2857142857142856,3.0,8
3500000000.0, Tangerang,4.0,3.0,160.0,400.0,0.0,2.0,2.0,0.4,7.0,8
1400000000.0, Tangerang,2.0,1.0,120.0,90.0,1.0,0.0,2.0,1.3333333333333333,3.0,8
1600000000.0, Tangerang,3.0,2.0,70.0,71.0,1.0,0.0,2.0,0.9859154929577465,5.0,8
1500000000.0, Tangerang,3.0,3.0,96.0,90.0,1.0,0.0,2.0,1.0666666666666667,6.0,8
2350000000.0, Tangerang,3.0,2.0,237.0,125.0,2.0,0.0,2.0,1.896,5.0,8
5200000000.0, Tangerang,4.0,3.0,400.0,264.0,0.0,1.0,2.0,1.5151515151515151,7.0,8
4500000000.0, Tangerang,6.0,5.0,475.0,300.0,3.0,2.0,2.0,1.5833333333333333,11.0,8
2900000000.0, Tangerang,4.0,3.0,200.0,205.0,2.0,0.0,2.0,0.975609756097561,7.0,8
6000000000.0, Tangerang,8.0,3.0,240.0,400.0,3.0,0.0,3.0,0.6,11.0,8
2100000000.0, Tangerang,3.0,3.0,108.0,130.0,2.0,0.0,2.0,0.8307692307692308,6.0,8
580000000.0, Tangerang,2.0,2.0,72.0,120.0,0.0,0.0,1.0,0.6,4.0,8
2300000000.0, Tangerang,4.0,4.0,155.0,300.0,1.0,0.0,3.0,0.5166666666666667,8.0,8
550000000.0, Tangerang,3.0,2.0,60.0,57.0,0.0,1.0,2.0,1.0526315789473684,5.0,8
5000000000.0, Tangerang,5.0,3.0,286.0,347.0,1.0,1.0,2.0,0.8242074927953891,8.0,8
5200000000.0, Tangerang,4.0,4.0,240.0,350.0,2.0,2.0,2.0,0.6857142857142857,8.0,8
3750000000.0, Tangerang,4.0,2.0,299.0,300.0,1.0,0.0,2.0,0.9966666666666667,6.0,8
3500000000.0, Tangerang,3.0,2.0,300.0,200.0,1.0,0.0,2.0,1.5,5.0,8
6100000000.0, Tangerang,4.0,4.0,240.0,240.0,2.0,2.0,3.0,1.0,8.0,8
634000000.0, Tangerang,3.0,2.0,64.0,60.0,1.0,0.0,2.0,1.0666666666666667,5.0,8
660000000.0, Tangerang,3.0,2.0,64.0,60.0,1.0,0.0,2.0,1.0666666666666667,5.0,8
655000000.0, Tangerang,3.0,2.0,68.0,60.0,1.0,2.0,2.0,1.1333333333333333,5.0,8
2270000000.0, Tangerang,1.0,3.0,108.0,180.0,2.0,0.0,2.0,0.6,4.0,8
2350000000.0, Tangerang,4.0,4.0,144.0,205.0,1.0,0.0,2.0,0.7024390243902439,8.0,8
875000000.0, Tangerang,2.0,2.0,75.0,86.0,1.0,0.0,2.0,0.872093023255814,4.0,8
3600000000.0, Tangerang,3.0,2.0,278.0,200.0,0.0,0.0,1.0,1.39,5.0,8
3600000000.0, Tangerang,3.0,2.0,278.0,200.0,0.0,0.0,1.0,1.39,5.0,8
5560000000.0, Tangerang,3.0,2.0,297.0,145.0,2.0,0.0,2.0,2.0482758620689654,5.0,8
3100000000.0, Tangerang,4.0,3.0,175.0,220.0,0.0,2.0,2.0,0.7954545454545454,7.0,8
2300000000.0, Tangerang,4.0,1.0,625.0,250.0,1.0,3.0,1.0,2.5,5.0,8
125000000.0, Tangerang,2.0,1.0,60.0,36.0,0.0,0.0,1.0,1.6666666666666667,3.0,8
1300000000.0, Tangerang,3.0,3.0,56.0,140.0,1.0,0.0,3.0,0.4,6.0,8
2400000000.0, Tangerang,4.0,3.0,300.0,164.0,1.0,0.0,2.0,1.829268292682927,7.0,8
1600000000.0, Tangerang,3.0,3.0,60.0,120.0,1.0,1.0,3.0,0.5,6.0,8
3650000000.0, Tangerang,3.0,3.0,198.0,157.0,2.0,1.0,2.0,1.2611464968152866,6.0,8
3000000000.0, Tangerang,4.0,3.0,108.0,134.0,1.0,0.0,2.0,0.8059701492537313,7.0,8
3000000000.0, Tangerang,4.0,3.0,108.0,134.0,1.0,0.0,2.0,0.8059701492537313,7.0,8
2550000000.0, Tangerang,3.0,2.0,162.0,141.0,1.0,0.0,2.0,1.148936170212766,5.0,8
4000000000.0, Tangerang,4.0,3.0,150.0,200.0,2.0,1.0,2.0,0.75,7.0,8
6250000000.0, Tangerang,4.0,4.0,240.0,300.0,2.0,1.0,2.0,0.8,8.0,8
1100000000.0, Tangerang,2.0,2.0,77.0,140.0,1.0,0.0,2.0,0.55,4.0,8
1300000000.0, Tangerang,5.0,3.0,115.0,130.0,1.0,0.0,2.0,0.8846153846153846,8.0,8
4000000000.0, Tangerang,4.0,3.0,220.0,250.0,1.0,0.0,2.0,0.88,7.0,8
3300000000.0, Tangerang,3.0,3.0,225.0,120.0,1.0,0.0,2.0,1.875,6.0,8
3300000000.0, Tangerang,3.0,3.0,252.0,153.0,1.0,0.0,2.0,1.6470588235294117,6.0,8
1550000000.0, Tangerang,2.0,2.0,60.0,68.0,1.0,0.0,2.0,0.8823529411764706,4.0,8
85000000.0, Tangerang,2.0,1.0,60.0,40.0,1.0,1.0,1.0,1.5,3.0,8
1790000000.0, Tangerang,2.0,3.0,50.0,62.0,1.0,0.0,2.0,0.8064516129032258,5.0,8
755000000.0, Tangerang,3.0,2.0,78.0,60.0,1.0,0.0,2.0,1.3,5.0,8
785000000.0, Tangerang,3.0,2.0,85.0,60.0,1.0,0.0,2.0,1.4166666666666667,5.0,8
785000000.0, Tangerang,3.0,2.0,85.0,60.0,1.0,0.0,2.0,1.4166666666666667,5.0,8
685000000.0, Tangerang,3.0,2.0,64.0,60.0,1.0,0.0,2.0,1.0666666666666667,5.0,8
1200000000.0, Tangerang,3.0,2.0,60.0,78.0,1.0,0.0,2.0,0.7692307692307693,5.0,8
685000000.0, Tangerang,3.0,2.0,64.0,60.0,1.0,0.0,2.0,1.0666666666666667,5.0,8
588000000.0, Tangerang,2.0,1.0,72.0,36.0,1.0,1.0,1.0,2.0,3.0,8
785000000.0, Tangerang,3.0,2.0,85.0,60.0,1.0,0.0,2.0,1.4166666666666667,5.0,8
755000000.0, Tangerang,3.0,2.0,78.0,60.0,1.0,0.0,2.0,1.3,5.0,8
800000000.0, Tangerang,3.0,2.0,60.0,65.0,2.0,0.0,2.0,0.9230769230769231,5.0,8
655000000.0, Tangerang,3.0,2.0,64.0,60.0,1.0,2.0,2.0,1.0666666666666667,5.0,8
