"object-cover src","object-cover src 2","object-cover src 3","w-10 href","w-fit","w-fit href","w-fit 2","bg-amber-400","group href","group","group href 2","group 2","Harga","text-xs","text-xs 2","w-full href","w-full","text-left","text-greyText","flex","text-greyText href","flex 2","text-greyText href 2","flex 3","text-greyText 2","flex 4","text-greyText 3","object-cover src 4","text-3xs","text-sm","line-clamp-1","w-full 2","flex 5","text-greyText href 3","h-full src","group href 3","group 3","bg-featured"
"https://www.rumah123.com/portal-img/_next/image/?url=https%3A%2F%2Fpicture.rumah123.com%2Fr123-images%2F720x420-crop%2Fcustomer%2F4389882%2Flisting%2Fkss258974%2Fenhanced%2F3db1530a-c990-4ef1-a896-7fad1029d876.jpg&w=3840&q=85","https://www.rumah123.com/portal-img/_next/image/?url=https%3A%2F%2Fpicture.rumah123.com%2Fr123-images%2F720x420-crop%2Fcustomer%2F4389882%2Flisting%2Fkss258974%2Fenhanced%2F7ab85b5851f7ce4c21c4c8bb80fd9311.jpg&w=3840&q=75","https://www.rumah123.com/portal-img/_next/image/?url=https%3A%2F%2Fpicture.rumah123.com%2Fr123-images%2F720x420-crop%2Fcustomer%2F4389882%2Flisting%2Fkss258974%2Fenhanced%2Fc43809fa-e5f1-4869-a73d-0ada0d7c6e89.jpg&w=3840&q=75","[object Object]","8","[object Object]","Kost","Premier","https://www.rumah123.com/jual/cari/?location=jawa-tengah&itm_medium=search-suggestions-lokasi&itm_source=organic&quickLabel=Bisa+Nego","Bisa Nego","https://www.rumah123.com/jual/cari/?location=jawa-tengah&itm_medium=search-suggestions-lokasi&itm_source=organic&quickLabel=Dekat+Sekolah","Dekat Sekolah","Rp 2,5 Miliar","Rp 12 Jutaan (Tenor 20 Tahun)","Rp 15 Jutaan (Tenor 15 Tahun)","https://www.rumah123.com/properti/semarang-banyumanik/di-jual-rumah-dan-kosan-bisa-nego-sampai-jadi-kss258974/","Jual Rumah dan Kosan Ini Dekat Undip Nego Plus Dapat Hadiah Liburan Kejepang","Banyumanik, Semarang","Jual tanah bisa nego di bawah pasaran. dapat rumah dan kos kosan ditambah furniture dan isi an kosan.masih full penghuni kos juga dekat undip.dapat...","10","[object Object]","4","[object Object]","270 m²","LT:","400 m²","LB:","https://picture.rumah123.com/r123-images/250x250-fit/customer/4389882/0d6fee3ecc6488e7b22edf0181aaa0da.jpg","Diperbarui 12 menit yang lalu oleh","Adi mas nurjaya","+628571...","WhatsApp","","","","","",""
"https://www.rumah123.com/portal-img/_next/image/?url=https%3A%2F%2Fpicture.rumah123.com%2Fr123-images%2F720x420-crop%2Fcustomer%2F2168096%2Fb4e30c5f622e369624ebc160915d9cbf.jpg&w=3840&q=75","https://www.rumah123.com/portal-img/_next/image/?url=https%3A%2F%2Fpicture.rumah123.com%2Fr123-images%2F720x420-crop%2Fcustomer%2F2168096%2F51c29e20815b84dd1b92e1791ffb7860.jpg&w=3840&q=75","https://www.rumah123.com/portal-img/_next/image/?url=https%3A%2F%2Fpicture.rumah123.com%2Fr123-images%2F720x420-crop%2Fcustomer%2F2168096%2Fc2d56d18ce3a6d9498d01edca4049f3e.jpg&w=3840&q=75","[object Object]","48","[object Object]","Rumah","Premier","https://www.rumah123.com/jual/cari/?location=jawa-tengah&itm_medium=search-suggestions-lokasi&itm_source=organic&quickLabel=Siap+Huni","Siap Huni","https://www.rumah123.com/jual/cari/?location=jawa-tengah&itm_medium=search-suggestions-lokasi&itm_source=organic&quickLabel=Dekat+Fasilitas+Kesehatan","Dekat Fasilitas Kesehatan","Rp 473 Juta","Rp 2 Jutaan (Tenor 20 Tahun)","Rp 2 Jutaan (Tenor 15 Tahun)","https://www.rumah123.com/properti/semarang-semarang-barat/dijual-rumah-di-cluster-taman-kayangan-bsb-mijen-all-in-5-juta-hos41449614/","Dijual Rumah di Cluster Taman Kayangan Bsb Mijen | All In 5 Juta By Prabowo Siswanto Property","Semarang Barat, Semarang","Taman Kayangan - Hunian Nyaman dengan Pemandangan Memukau  Hunian eksklusif dengan lingkungan asri dan lokasi strategis untuk kenyamanan hidup Anda...","2","[object Object]","1","[object Object]","72 m²","LT:","36 m²","LB:","https://picture.rumah123.com/r123-images/250x250-fit/customer/4450975/9fe84dc138997be2efc1655a239a36c7.jpg","Diperbarui 3 jam yang lalu oleh","Siswanto Property","+628584...","WhatsApp","2","[object Object]","","","",""
"https://www.rumah123.com/portal-img/_next/image/?url=https%3A%2F%2Fpicture.rumah123.com%2Fr123-images%2F720x420-crop%2Fcustomer%2F1963289%2F2024-04-24-08-24-38-736b2310-986d-453c-a627-06e269b189dc.jpg&w=3840&q=75","https://www.rumah123.com/portal-img/_next/image/?url=https%3A%2F%2Fpicture.rumah123.com%2Fr123-images%2F720x420-crop%2Fcustomer%2F1963289%2F2024-04-24-08-24-34-41b61575-b42f-4c4a-a138-8ebcb6df5c61.jpg&w=3840&q=75","https://www.rumah123.com/portal-img/_next/image/?url=https%3A%2F%2Fpicture.rumah123.com%2Fr123-images%2F720x420-crop%2Fcustomer%2F1963289%2F2024-04-24-08-24-36-c51f4579-0a0c-4a35-aa05-16103eadd12f.jpg&w=3840&q=75","[object Object]","9","[object Object]","Ruang Usaha","Premier","https://www.rumah123.com/jual/cari/?location=jawa-tengah&itm_medium=search-suggestions-lokasi&itm_source=organic&quickLabel=Siap+Huni","Siap Huni","","","Rp 2,5 Miliar Total","Rp 12 Jutaan (Tenor 20 Tahun)","Rp 15 Jutaan (Tenor 15 Tahun)","https://www.rumah123.com/properti/semarang-semarang-barat/ruang-usaha-di-puri-eksekutif-semarang-si-me-6536-css9895813/","Ruang Usaha di Puri Eksekutif , Semarang Si Me 6536","Semarang Barat, Semarang","Ruang Usaha di Puri Eksekutif , Semarang ( Si Me 6536 ) lokasi strategis , akses jalan depan lebar Ada gensetnya Ruang usaha siap pakai","1","[object Object]","","","10000 m²","LT:","6000 m²","LB:","","Diperbarui 1 hari yang lalu oleh","Emirita Redland","+628193...","WhatsApp","","","https://pic.rumah123.com/r123/100x100-fit/logo/20200122032448_redland.jpeg","","",""
"https://www.rumah123.com/portal-img/_next/image/?url=https%3A%2F%2Fpicture.rumah123.com%2Fr123-images%2F720x420-crop%2Fcustomer%2F1963289%2F2024-03-19-03-41-20-047a10f6-fb44-42b4-aaaa-63fde5f49534.jpg&w=3840&q=75","https://www.rumah123.com/portal-img/_next/image/?url=https%3A%2F%2Fpicture.rumah123.com%2Fr123-images%2F720x420-crop%2Fcustomer%2F1963289%2F2024-03-19-03-41-21-254353e7-b1d3-47b7-b373-e969b4b89e91.jpg&w=3840&q=75","https://www.rumah123.com/portal-img/_next/image/?url=https%3A%2F%2Fpicture.rumah123.com%2Fr123-images%2F720x420-crop%2Fcustomer%2F1963289%2F2024-03-19-03-41-22-6bc07093-d305-474e-8ee2-10f9be94e22e.jpg&w=3840&q=75","[object Object]","6","[object Object]","Rumah","Premier","https://www.rumah123.com/jual/cari/?location=jawa-tengah&itm_medium=search-suggestions-lokasi&itm_source=organic&quickLabel=Siap+Huni","Siap Huni","https://www.rumah123.com/jual/cari/?location=jawa-tengah&itm_medium=search-suggestions-lokasi&itm_source=organic&quickLabel=Dekat+Sekolah","Dekat Sekolah","Rp 2 Miliar","Rp 9 Jutaan (Tenor 20 Tahun)","Rp 12 Jutaan (Tenor 15 Tahun)","https://www.rumah123.com/properti/semarang-semarang-barat/rumah-di-candi-kalasan-semarang-si-me-6347-hos41065578/","Rumah di Candi Kalasan , Semarang Si Me 6347","Semarang Barat, Semarang","Rumah di Candi Kalasan , Semarang ( Si Me 6347 ) Letak strategis , semi furnished , hadap timur dekat dgn fasilitas umum lainnya seperti Sekolah , ...","4","[object Object]","2","[object Object]","288 m²","LT:","350 m²","LB:","","Diperbarui 1 hari yang lalu oleh","Emirita Redland","+628193...","WhatsApp","2 + 2","[object Object]","https://pic.rumah123.com/r123/100x100-fit/logo/20200122032448_redland.jpeg","","",""
"https://www.rumah123.com/portal-img/_next/image/?url=https%3A%2F%2Fpic.rumah123.com%2Fr123%2F720x420-crop%2Fhouse%2Fho63%2F6315633%2Foriginal%2Fhos6315633-rumah-di-jual-di-semarang-tengah-semarang-15846834098618.jpg&w=3840&q=75","https://www.rumah123.com/portal-img/_next/image/?url=https%3A%2F%2Fpic.rumah123.com%2Fr123%2F720x420-crop%2Fhouse%2Fho63%2F6315633%2Foriginal%2Fhos6315633-rumah-di-jual-di-semarang-tengah-semarang-15846834837909.jpg&w=3840&q=75","","[object Object]","2","[object Object]","Rumah","Premier","https://www.rumah123.com/jual/cari/?location=jawa-tengah&itm_medium=search-suggestions-lokasi&itm_source=organic&quickLabel=Siap+Huni","Siap Huni","","","Rp 2 Miliar","Rp 9 Jutaan (Tenor 20 Tahun)","Rp 12 Jutaan (Tenor 15 Tahun)","https://www.rumah123.com/properti/semarang-semarang-tengah/rumah-di-jl-taman-seteran-vn0201-hos41067669/","Rumah di Jl. Taman Seteran (Vn0201)","Semarang Tengah, Semarang","Rumah 1.5lt siap huni di pusat kota Semarang. Hanya 5 menit dari simpang lima, jalan lebar bisa untuk 2 mobil","3","[object Object]","1","[object Object]","100 m²","LT:","100 m²","LB:","","Diperbarui 1 hari yang lalu oleh","Emirita Redland","+628193...","WhatsApp","","","https://pic.rumah123.com/r123/100x100-fit/logo/20200122032448_redland.jpeg","","",""
"https://www.rumah123.com/portal-img/_next/image/?url=https%3A%2F%2Fpicture.rumah123.com%2Fr123-images%2F720x420-crop%2Fcustomer%2F1162029%2Fdae0c38ee33ec75829debb5cebc41819.jpg&w=3840&q=75","https://www.rumah123.com/portal-img/_next/image/?url=https%3A%2F%2Fpicture.rumah123.com%2Fr123-images%2F720x420-crop%2Fcustomer%2F1162029%2Fe8370ec3172eb5cc39fd0ef6f1f7d6e4.jpg&w=3840&q=75","https://www.rumah123.com/portal-img/_next/image/?url=https%3A%2F%2Fpicture.rumah123.com%2Fr123-images%2F720x420-crop%2Fcustomer%2F1162029%2Fa61432286ace35cdcf0e4d73495696d1.jpg&w=3840&q=75","[object Object]","7","[object Object]","Rumah","Premier","https://www.rumah123.com/jual/cari/?location=jawa-tengah&itm_medium=search-suggestions-lokasi&itm_source=organic&quickLabel=Siap+Huni","Siap Huni","https://www.rumah123.com/jual/cari/?location=jawa-tengah&itm_medium=search-suggestions-lokasi&itm_source=organic&quickLabel=Bebas+Banjir","Bebas Banjir","Rp 450 Juta","Rp 2 Jutaan (Tenor 20 Tahun)","Rp 2 Jutaan (Tenor 15 Tahun)","https://www.rumah123.com/properti/semarang-semarang-barat/rumah-di-daerah-borobudur-manyaran-semarang-me-8024-hos41067286/","Rumah di Daerah Borobudur Manyaran , Semarang ( Me 8024 )","Semarang Barat, Semarang","Rumah di daerah Borobudur Manyaran , Semarang (  Me 8024 ) Lokasi strategis , bebas banjir Dekat fasilitas umum lainnya Rumah bagus dan siap huni G...","2","[object Object]","1","[object Object]","74 m²","LT:","42 m²","LB:","","Diperbarui 1 hari yang lalu oleh","Emirita Redland","+628193...","WhatsApp","1","[object Object]","https://pic.rumah123.com/r123/100x100-fit/logo/20200122032448_redland.jpeg","","",""
"https://www.rumah123.com/portal-img/_next/image/?url=https%3A%2F%2Fpicture.rumah123.com%2Fr123-images%2F720x420-crop%2Fcustomer%2F1963289%2F2024-04-11-03-17-47-b6f86b8a-d0e8-4334-b9b1-12afff292bb6.jpg&w=3840&q=75","","","","1","[object Object]","Ruko","Premier","https://www.rumah123.com/jual/cari/?location=jawa-tengah&itm_medium=search-suggestions-lokasi&itm_source=organic&quickLabel=Siap+Huni","Siap Huni","","","Rp 1,25 Miliar Total","Rp 6 Jutaan (Tenor 20 Tahun)","Rp 7 Jutaan (Tenor 15 Tahun)","https://www.rumah123.com/properti/semarang-semarang-tengah/ruko-di-imam-bonjol-semarang-si-6437-shs9895897/","Ruko di Imam Bonjol , Semarang Si 6437","Semarang Tengah, Semarang","Ruko di Imam Bonjol , Semarang ( Si  6437) Lokasi strategis , Ruko bagus dan siap pakai Dekat Fasilitas umum lainnya Cocok untuk ruang usaha , kant...","1","[object Object]","","","42 m²","LT:","42 m²","LB:","","Diperbarui 1 hari yang lalu oleh","Emirita Redland","+628193...","WhatsApp","","","https://pic.rumah123.com/r123/100x100-fit/logo/20200122032448_redland.jpeg","","",""
"https://www.rumah123.com/portal-img/_next/image/?url=https%3A%2F%2Fpicture.rumah123.com%2Fr123-images%2F720x420-crop%2Fcustomer%2F1177237%2F1ff38bb0dd040e286b1e795e170294a4.jpg&w=3840&q=75","https://www.rumah123.com/portal-img/_next/image/?url=https%3A%2F%2Fpicture.rumah123.com%2Fr123-images%2F720x420-crop%2Fcustomer%2F1177237%2Fb64b30f4cf64f349cdf35053b54e8959.jpg&w=3840&q=75","https://www.rumah123.com/portal-img/_next/image/?url=https%3A%2F%2Fpicture.rumah123.com%2Fr123-images%2F720x420-crop%2Fcustomer%2F1177237%2F096249f688a996cfd75682189567d322.jpg&w=3840&q=75","[object Object]","3","[object Object]","Tanah","Premier","https://www.rumah123.com/jual/cari/?location=jawa-tengah&itm_medium=search-suggestions-lokasi&itm_source=organic&quickLabel=Bebas+Banjir","Bebas Banjir","https://www.rumah123.com/jual/cari/?location=jawa-tengah&itm_medium=search-suggestions-lokasi&itm_source=organic&quickLabel=Dekat+Fasilitas+Kesehatan","Dekat Fasilitas Kesehatan","Rp 7 Miliar Total","Rp 34 Jutaan (Tenor 20 Tahun)","Rp 44 Jutaan (Tenor 15 Tahun)","https://www.rumah123.com/properti/semarang-semarang-selatan/tanah-di-sriwijaya-semarang-wn-8441-las9114075/","Tanah di Sriwijaya , Semarang ( Wn 8441 )","Semarang Selatan, Semarang","Tanah di Sriwijaya , Semarang ( Wn 8441 ) Lokasi strategis , hadap Selatan Dekat fasilitas umum lainnya spt RS , Sekolah dll Tanah siap bangun  Jal...","","","","","283 m²","LT:","","","","Diperbarui 1 hari yang lalu oleh","Emirita Redland","+628193...","WhatsApp","","","https://pic.rumah123.com/r123/100x100-fit/logo/20200122032448_redland.jpeg","","",""
"https://www.rumah123.com/portal-img/_next/image/?url=https%3A%2F%2Fpicture.rumah123.com%2Fr123-images%2F720x420-crop%2Fcustomer%2F2053374%2F82b34df7084ec0c980e8b8c9e75b677f.jpg&w=3840&q=75","https://www.rumah123.com/portal-img/_next/image/?url=https%3A%2F%2Fpicture.rumah123.com%2Fr123-images%2F720x420-crop%2Fcustomer%2F2053374%2F5ac5ed6b49f5e659729b5f9f2f4f9401.jpg&w=3840&q=75","https://www.rumah123.com/portal-img/_next/image/?url=https%3A%2F%2Fpicture.rumah123.com%2Fr123-images%2F720x420-crop%2Fcustomer%2F2053374%2F7926fdf60a1b0aaedb61216afa10e57f.jpg&w=3840&q=75","[object Object]","12","[object Object]","Rumah","Premier","https://www.rumah123.com/jual/cari/?location=jawa-tengah&itm_medium=search-suggestions-lokasi&itm_source=organic&quickLabel=Siap+Huni","Siap Huni","https://www.rumah123.com/jual/cari/?location=jawa-tengah&itm_medium=search-suggestions-lokasi&itm_source=organic&quickLabel=Dekat+Fasilitas+Kesehatan","Dekat Fasilitas Kesehatan","Rp 1,4 Miliar","Rp 6 Jutaan (Tenor 20 Tahun)","Rp 8 Jutaan (Tenor 15 Tahun)","https://www.rumah123.com/properti/semarang-semarang-barat/rumah-semarang-indah-semarang-de-7775-hos41227042/","Rumah Semarang Indah , Semarang ( De 7775)","Semarang Barat, Semarang","Rumah Semarang Indah , Semarang  ( De 7775) Lokasi strategis , Bangunan rumah 1,5 lt Hadap Barat , dekat fasilitas umum lainnya seperti RS , Sekola...","2 + 1","[object Object]","1 + 1","[object Object]","240 m²","LT:","220 m²","LB:","","Diperbarui 1 hari yang lalu oleh","Emirita Redland","+628193...","WhatsApp","4","[object Object]","https://pic.rumah123.com/r123/100x100-fit/logo/20200122032448_redland.jpeg","","",""
"https://www.rumah123.com/portal-img/_next/image/?url=https%3A%2F%2Fpicture.rumah123.com%2Fr123-images%2F720x420-crop%2Fcustomer%2F1177245%2Fd875ce0aa1d14f2d5e81f8b25817e8b6.jpg&w=3840&q=75","https://www.rumah123.com/portal-img/_next/image/?url=https%3A%2F%2Fpicture.rumah123.com%2Fr123-images%2F720x420-crop%2Fcustomer%2F1177245%2Fd2173413e789b4dffdfe149590e59838.jpg&w=3840&q=75","","[object Object]","2","[object Object]","Ruko","Premier","","","","","Rp 55 Juta /m²","Rp 280 Ribuan /m² (Tenor 20 Tahun)","Rp 350 Ribuan /m² (Tenor 15 Tahun)","https://www.rumah123.com/properti/semarang-semarang-tengah/ruko-di-jl-pemuda-semarang-vn-8520-shs9938754/","Ruko di Jl Pemuda , Semarang ( Vn 8520 )","Semarang Tengah, Semarang","Ruko di Jl Pemuda , Semarang ( Vn 8520 ) Lokasi strategis , Hadap Tenggara Bangunan 1,5 lt dekat fasilitas umum lainnya Cocok untuk ruang usaha . k...","","","","","458 m²","LT:","650 m²","LB:","","Diperbarui 1 hari yang lalu oleh","Emirita Redland","+628193...","WhatsApp","","","https://pic.rumah123.com/r123/100x100-fit/logo/20200122032448_redland.jpeg","","",""
"https://www.rumah123.com/portal-img/_next/image/?url=https%3A%2F%2Fpicture.rumah123.com%2Fr123-images%2F720x420-crop%2Fcustomer%2F1888519%2F2024-07-09-08-59-58-7e17dd37-436e-45c2-8310-d5e347e5fc62.jpg&w=3840&q=75","https://www.rumah123.com/portal-img/_next/image/?url=https%3A%2F%2Fpicture.rumah123.com%2Fr123-images%2F720x420-crop%2Fcustomer%2F1888519%2F2024-07-09-08-59-57-7ce4ddd3-75ed-4d96-b70f-699456af3a77.jpg&w=3840&q=75","https://www.rumah123.com/portal-img/_next/image/?url=https%3A%2F%2Fpicture.rumah123.com%2Fr123-images%2F720x420-crop%2Fcustomer%2F1888519%2F2024-07-09-08-59-59-12d8007e-0fc3-4b95-bfe7-7556d523d167.jpg&w=3840&q=75","[object Object]","7","[object Object]","Tanah","Premier","https://www.rumah123.com/jual/cari/?location=jawa-tengah&itm_medium=search-suggestions-lokasi&itm_source=organic&quickLabel=Bebas+Banjir","Bebas Banjir","","","Rp 384 Juta Total","Rp 1 Jutaan (Tenor 20 Tahun)","Rp 2 Jutaan (Tenor 15 Tahun)","https://www.rumah123.com/properti/semarang-semarang-barat/tanah-di-daerah-borobudur-kalipancur-semarang-hl-6904-las9114241/","Tanah di Daerah Borobudur, Kalipancur Semarang Hl 6904","Semarang Barat, Semarang","Tanah di Daerah Borobudur, Kalipancur Semarang ( HL 6904 ) Lokasi strategis , hadap selatan Tanah siap bangun Lokasi bebas banjir Good Invest","","","","","384 m²","LT:","","","","Diperbarui 1 hari yang lalu oleh","Emirita Redland","+628193...","WhatsApp","","","https://pic.rumah123.com/r123/100x100-fit/logo/20200122032448_redland.jpeg","","",""
"https://www.rumah123.com/portal-img/_next/image/?url=https%3A%2F%2Fpicture.rumah123.com%2Fr123-images%2F720x420-crop%2Fcustomer%2F736603%2Fe724c1815382de211a417ddfed097343.jpg&w=3840&q=75","https://www.rumah123.com/portal-img/_next/image/?url=https%3A%2F%2Fpicture.rumah123.com%2Fr123-images%2F720x420-crop%2Fcustomer%2F736603%2Fdbe76a033c267cdc1e0c54130bf76303.jpg&w=3840&q=75","https://www.rumah123.com/portal-img/_next/image/?url=https%3A%2F%2Fpicture.rumah123.com%2Fr123-images%2F720x420-crop%2Fcustomer%2F736603%2F454840c25d1845bdddc1f30105d51ce8.jpg&w=3840&q=75","[object Object]","5","[object Object]","Tanah","Premier","","","","","Rp 1,2 Miliar Total","Rp 5 Jutaan (Tenor 20 Tahun)","Rp 7 Jutaan (Tenor 15 Tahun)","https://www.rumah123.com/properti/semarang-semarang-barat/tanah-di-semarang-indah-semarang-tt-7109-las9114282/","Tanah di Semarang Indah , Semarang Tt 7109","Semarang Barat, Semarang","Tanah di Semarang Indah , Semarang ( Tt 7109 ) Lokasi strategis , akses jalan depan lebar Tanah ada bangunannya Hadap Selatan , Barat ( hoek ) Deka...","","","","","372 m²","LT:","","","","Diperbarui 1 hari yang lalu oleh","Emirita Redland","+628193...","WhatsApp","","","https://pic.rumah123.com/r123/100x100-fit/logo/20200122032448_redland.jpeg","","",""
"https://www.rumah123.com/portal-img/_next/image/?url=https%3A%2F%2Fpicture.rumah123.com%2Fr123-images%2F720x420-crop%2Fcustomer%2F63420%2Fe76ca1034c41caf05d3c5ac3e557318a.jpg&w=3840&q=75","https://www.rumah123.com/portal-img/_next/image/?url=https%3A%2F%2Fpicture.rumah123.com%2Fr123-images%2F720x420-crop%2Fcustomer%2F63420%2F697948ac822b7b409b7fbe0583050388.jpg&w=3840&q=75","https://www.rumah123.com/portal-img/_next/image/?url=https%3A%2F%2Fpicture.rumah123.com%2Fr123-images%2F720x420-crop%2Fcustomer%2F63420%2F33f7c724c2d86666f4fdcf9ef779cc28.jpg&w=3840&q=75","[object Object]","9","[object Object]","Rumah","Premier","","","","","Rp 9,5 Miliar","Rp 46 Jutaan (Tenor 20 Tahun)","Rp 59 Jutaan (Tenor 15 Tahun)","https://www.rumah123.com/properti/semarang-semarang-tengah/rumah-mewah-full-furnished-tengah-kota-semarang-semenit-ke-simpanglima-hos17991484/","Rumah Mewah Full Furnished Tengah Kota Semarang Semenit Ke Simpanglima","Semarang Tengah, Semarang","Dijual rumah mewah kondisi baru gress di Jl Erlangga, Semarang Lokasi strategis pusat kota Semarang, hanya semenit ke Simpang Lima  Luas Tanah 297m...","3 + 1","[object Object]","3","[object Object]","297 m²","LT:","550 m²","LB:","https://pic.rumah123.com/r123/250x250-fit/photo/63420/634201709047468.jpg","Diperbarui 1 hari yang lalu oleh","Else Susilowaty","+628522...","WhatsApp","1 + 1","[object Object]","https://pic.rumah123.com/r123/100x100-fit/logo/20201202052029_hepi_property.jpeg","","",""
"https://www.rumah123.com/portal-img/_next/image/?url=https%3A%2F%2Fpicture.rumah123.com%2Fr123-images%2F720x420-crop%2Fcustomer%2F1177240%2Fbb297fb9a750bb0f8e27b5206711de0e.jpg&w=3840&q=75","https://www.rumah123.com/portal-img/_next/image/?url=https%3A%2F%2Fpicture.rumah123.com%2Fr123-images%2F720x420-crop%2Fcustomer%2F1177240%2F9d845b3a56be4c33b4b42c46911ed6b8.jpg&w=3840&q=75","https://www.rumah123.com/portal-img/_next/image/?url=https%3A%2F%2Fpicture.rumah123.com%2Fr123-images%2F720x420-crop%2Fcustomer%2F1177240%2F1006498eb79958fafe7a02de334af5c6.jpg&w=3840&q=75","[object Object]","7","[object Object]","Rumah","Premier","https://www.rumah123.com/jual/cari/?location=jawa-tengah&itm_medium=search-suggestions-lokasi&itm_source=organic&quickLabel=Bebas+Banjir","Bebas Banjir","https://www.rumah123.com/jual/cari/?location=jawa-tengah&itm_medium=search-suggestions-lokasi&itm_source=organic&quickLabel=Dekat+Fasilitas+Kesehatan","Dekat Fasilitas Kesehatan","Rp 780 Juta","Rp 3 Jutaan (Tenor 20 Tahun)","Rp 4 Jutaan (Tenor 15 Tahun)","https://www.rumah123.com/properti/semarang-bsb-city/rumah-di-aurora-terrace-bsb-village-semarang-ls-7993-hos41067080/","Rumah di Aurora Terrace Bsb Village , Semarang ( Ls 7993 )","BSB City, Semarang","Rumah di Aurora Terrace BSB Village , Semarang ( Ls 7993 ) Lokasi strategis , daerah bebas banjir , hadap Utara Dekat fasilitas umum lainnya Mall, ...","2","[object Object]","1","[object Object]","135 m²","LT:","52 m²","LB:","","Diperbarui 2 hari yang lalu oleh","Emirita Redland","+628193...","WhatsApp","","","https://pic.rumah123.com/r123/100x100-fit/logo/20200122032448_redland.jpeg","","",""
"https://www.rumah123.com/portal-img/_next/image/?url=https%3A%2F%2Fpicture.rumah123.com%2Fr123-images%2F720x420-crop%2Fcustomer%2F2119719%2Ffd8091d9353f24b45379dce31d4eef21.jpg&w=3840&q=75","https://www.rumah123.com/portal-img/_next/image/?url=https%3A%2F%2Fpicture.rumah123.com%2Fr123-images%2F720x420-crop%2Fcustomer%2F2119719%2F55c56f8576c8869c390f84d72d2ef5e7.jpg&w=3840&q=75","https://www.rumah123.com/portal-img/_next/image/?url=https%3A%2F%2Fpicture.rumah123.com%2Fr123-images%2F720x420-crop%2Fcustomer%2F2119719%2F68013c10062678b9399a558ea6f0ce6c.jpg&w=3840&q=75","[object Object]","36","[object Object]","Rumah","Premier","https://www.rumah123.com/jual/cari/?location=jawa-tengah&itm_medium=search-suggestions-lokasi&itm_source=organic&quickLabel=Bisa+Nego","Bisa Nego","https://www.rumah123.com/jual/cari/?location=jawa-tengah&itm_medium=search-suggestions-lokasi&itm_source=organic&quickLabel=Siap+Huni","Siap Huni","Rp 825 Juta","Rp 4 Jutaan (Tenor 20 Tahun)","Rp 5 Jutaan (Tenor 15 Tahun)","https://www.rumah123.com/properti/semarang-jangli/dijual-rumah-di-jangli-semarang-hos39329696/","Dijual Rumah Di Jangli Semarang","Jangli, Semarang","Rumah 2 lantai di Jangli, Semarang.  Dijual rumah di wilayah yang tenang dengan pemandangan perkotaan. Properti 2 lantai ini berada di lingkungan y...","3","[object Object]","2","[object Object]","90 m²","LT:","135 m²","LB:","https://picture.rumah123.com/r123-images/250x250-fit/customer/2119719/354202c13b1ae953b857aee2d3616f85.jpg","Diperbarui 2 hari yang lalu oleh","Meety","+628174...","WhatsApp","1","[object Object]","https://pic.rumah123.com/r123/100x100-fit/logo/20201202052029_hepi_property.jpeg","https://www.rumah123.com/jual/cari/?location=jawa-tengah&itm_medium=search-suggestions-lokasi&itm_source=organic&quickLabel=Bebas+Banjir","Bebas Banjir",""
"https://www.rumah123.com/portal-img/_next/image/?url=https%3A%2F%2Fpicture.rumah123.com%2Fr123-images%2F720x420-crop%2Fcustomer%2F63420%2F5ba613286ce251decd060e5920d38632.jpg&w=3840&q=75","https://www.rumah123.com/portal-img/_next/image/?url=https%3A%2F%2Fpicture.rumah123.com%2Fr123-images%2F720x420-crop%2Fcustomer%2F63420%2Fc125b3f13d2eea5c83adab6ac7bfeafc.jpg&w=3840&q=75","https://www.rumah123.com/portal-img/_next/image/?url=https%3A%2F%2Fpicture.rumah123.com%2Fr123-images%2F720x420-crop%2Fcustomer%2F63420%2Fd460cc603ea3ea56c171c4beaeaedf5d.jpg&w=3840&q=75","[object Object]","9","[object Object]","Rumah","Premier","https://www.rumah123.com/jual/cari/?location=jawa-tengah&itm_medium=search-suggestions-lokasi&itm_source=organic&quickLabel=Dekat+Akses+Transportasi","Dekat Akses Transportasi","https://www.rumah123.com/jual/cari/?location=jawa-tengah&itm_medium=search-suggestions-lokasi&itm_source=organic&quickLabel=Dekat+Pusat+Perbelanjaan","Dekat Pusat Perbelanjaan","Rp 3,9 Miliar","Rp 19 Jutaan (Tenor 20 Tahun)","Rp 24 Jutaan (Tenor 15 Tahun)","https://www.rumah123.com/properti/semarang-semarang-barat/rumah-kawasan-elit-di-graha-padma-semarang-hos41162203/","Rumah Kawasan Elit di Graha Padma Semarang","Semarang Barat, Semarang","Dijual Rumah di Graha Padma Semarang  Luas Tanah 300m² Luas Bangunan 180m² Kamar Tidur 3+1 Kamar mandi 3 Listrik 3500 watt Air PDAM Sertifikat HM...","3 + 1","[object Object]","3","[object Object]","300 m²","LT:","180 m²","LB:","https://pic.rumah123.com/r123/250x250-fit/photo/63420/634201709047468.jpg","Diperbarui 2 hari yang lalu oleh","Else Susilowaty","+628522...","WhatsApp","1 + 1","[object Object]","https://pic.rumah123.com/r123/100x100-fit/logo/20201202052029_hepi_property.jpeg","https://www.rumah123.com/jual/cari/?location=jawa-tengah&itm_medium=search-suggestions-lokasi&itm_source=organic&quickLabel=Dekat+Sekolah","Dekat Sekolah",""
"https://www.rumah123.com/portal-img/_next/image/?url=https%3A%2F%2Fpicture.rumah123.com%2Fr123-images%2F720x420-crop%2Fcustomer%2F63420%2F21154cebe318c8002b10ae0f2642f6e6.jpg&w=3840&q=75","https://www.rumah123.com/portal-img/_next/image/?url=https%3A%2F%2Fpicture.rumah123.com%2Fr123-images%2F720x420-crop%2Fcustomer%2F63420%2F543da6cfc4306c86285d6ea68bc2f6b9.jpg&w=3840&q=75","https://www.rumah123.com/portal-img/_next/image/?url=https%3A%2F%2Fpicture.rumah123.com%2Fr123-images%2F720x420-crop%2Fcustomer%2F63420%2Fef04dff220608f463334c96464616ee7.jpg&w=3840&q=75","[object Object]","17","[object Object]","Rumah","Premier","https://www.rumah123.com/jual/cari/?location=jawa-tengah&itm_medium=search-suggestions-lokasi&itm_source=organic&quickLabel=Dekat+Akses+Transportasi","Dekat Akses Transportasi","https://www.rumah123.com/jual/cari/?location=jawa-tengah&itm_medium=search-suggestions-lokasi&itm_source=organic&quickLabel=Dekat+Fasilitas+Kesehatan","Dekat Fasilitas Kesehatan","Rp 6,9 Miliar","Rp 33 Jutaan (Tenor 20 Tahun)","Rp 43 Jutaan (Tenor 15 Tahun)","https://www.rumah123.com/properti/semarang-semarang-barat/rumah-mewah-2-lantai-semi-furnished-di-bukit-wahid-semarang-hos39916040/","Rumah mewah 2 lantai semi furnished di Bukit Wahid Semarang","Semarang Barat, Semarang","Dijual rumah mewah 2 lantai semi furnished di Bukit Wahid Semarang Barat. View kota Semarang  Luas tanah 542m² Luas Bangunan 335m² Kamar Tidur 4+...","4 + 1","[object Object]","3 + 1","[object Object]","542 m²","LT:","335 m²","LB:","https://pic.rumah123.com/r123/250x250-fit/photo/63420/634201709047468.jpg","Diperbarui 3 hari yang lalu oleh","Else Susilowaty","+628522...","WhatsApp","2","[object Object]","https://pic.rumah123.com/r123/100x100-fit/logo/20201202052029_hepi_property.jpeg","","",""
"https://www.rumah123.com/portal-img/_next/image/?url=https%3A%2F%2Fpicture.rumah123.com%2Fr123-images%2F720x420-crop%2Fcustomer%2F1177240%2F44a44b65ab58a3c2961459fe92c3de51.jpg&w=3840&q=75","https://www.rumah123.com/portal-img/_next/image/?url=https%3A%2F%2Fpicture.rumah123.com%2Fr123-images%2F720x420-crop%2Fcustomer%2F1177240%2F6b0833d8d1a9d50f9ef2a0533b5ba7d7.jpg&w=3840&q=75","https://www.rumah123.com/portal-img/_next/image/?url=https%3A%2F%2Fpicture.rumah123.com%2Fr123-images%2F720x420-crop%2Fcustomer%2F1177240%2F711105685102251096015eafe073a3df.jpg&w=3840&q=75","[object Object]","4","[object Object]","Apartemen","Premier","https://www.rumah123.com/jual/cari/?location=jawa-tengah&itm_medium=search-suggestions-lokasi&itm_source=organic&quickLabel=Siap+Huni","Siap Huni","https://www.rumah123.com/jual/cari/?location=jawa-tengah&itm_medium=search-suggestions-lokasi&itm_source=organic&quickLabel=Dekat+Pusat+Perbelanjaan","Dekat Pusat Perbelanjaan","Rp 675 Juta","Rp 3 Jutaan (Tenor 20 Tahun)","Rp 4 Jutaan (Tenor 15 Tahun)","https://www.rumah123.com/properti/semarang-semarang-tengah/apartemen-lafayette-lt-18-semarang-ls-8546-aps7607207/","Apartemen Lafayette LT 18 , Semarang ( Ls 8546 )","Semarang Tengah, Semarang","Apartemen Lafayette Lt 18 , Semarang ( Ls 8546 ) Type Studio , letak tengah kota Dekat fasilitas umum lainnya seperti Mall , RS dll Apartemen siap ...","1","[object Object]","1","[object Object]","35 m²","LB:","","","","Diperbarui 2 hari yang lalu oleh","Emirita Redland","+628193...","WhatsApp","","","https://pic.rumah123.com/r123/100x100-fit/logo/20200122032448_redland.jpeg","https://www.rumah123.com/jual/cari/?location=jawa-tengah&itm_medium=search-suggestions-lokasi&itm_source=organic&quickLabel=Dekat+Fasilitas+Kesehatan","Dekat Fasilitas Kesehatan",""
"https://www.rumah123.com/portal-img/_next/image/?url=https%3A%2F%2Fpicture.rumah123.com%2Fr123-images%2F720x420-crop%2Fcustomer%2F71744%2F2023-12-16-01-36-42-a1842468-dc30-4ebb-aa87-28a8029ce02d.jpg&w=3840&q=75","https://www.rumah123.com/portal-img/_next/image/?url=https%3A%2F%2Fpicture.rumah123.com%2Fr123-images%2F720x420-crop%2Fcustomer%2F71744%2F2023-12-16-01-36-44-9056707b-f37d-4090-9cee-c0acef072125.jpg&w=3840&q=75","https://www.rumah123.com/portal-img/_next/image/?url=https%3A%2F%2Fpicture.rumah123.com%2Fr123-images%2F720x420-crop%2Fcustomer%2F71744%2F2023-12-16-01-36-47-42e62109-cd7a-45d5-a033-c6ce1ffb48aa.jpg&w=3840&q=75","[object Object]","9","[object Object]","Rumah","Premier","https://www.rumah123.com/jual/cari/?location=jawa-tengah&itm_medium=search-suggestions-lokasi&itm_source=organic&quickLabel=Dekat+Pusat+Perbelanjaan","Dekat Pusat Perbelanjaan","","","Rp 875 Juta","Rp 4 Jutaan (Tenor 20 Tahun)","Rp 5 Jutaan (Tenor 15 Tahun)","https://www.rumah123.com/properti/surakarta-laweyan/rumah-bagus-call-08132912xxxx-di-kerten-laweyan-solo-hos41191327/","Rumah Bagus Call 0813xxxxxxxx di Kerten Laweyan Solo","Laweyan, Surakarta","Rumah  murah call 0813xxxxxxxx ditengah  kota di ker laweyan  Solo,  2menit ke Solo square mall, 3menit  ke stadion manahan,  luas tanah  80, luas ...","2","[object Object]","2","[object Object]","80 m²","LT:","60 m²","LB:","https://picture.rumah123.com/r123-images/250x250-fit/customer/4438277/404c1b452aac85ebddf7a37afe00e3fa.jpg","Diperbarui 3 hari yang lalu oleh","Lia Imelda","+628821...","WhatsApp","1","[object Object]","https://pic.rumah123.com/r123/100x100-fit/logo/20190701123328_irea_solo.jpeg","","",""
"https://www.rumah123.com/portal-img/_next/image/?url=https%3A%2F%2Fpicture.rumah123.com%2Fr123-images%2F720x420-crop%2Fcustomer%2F736603%2F46fd85ed838f97953c47ffd2a1d2df6d.jpg&w=3840&q=75","https://www.rumah123.com/portal-img/_next/image/?url=https%3A%2F%2Fpicture.rumah123.com%2Fr123-images%2F720x420-crop%2Fcustomer%2F736603%2Ffb26e39c8a96dd5bd2bc744afda7dd01.jpg&w=3840&q=75","https://www.rumah123.com/portal-img/_next/image/?url=https%3A%2F%2Fpicture.rumah123.com%2Fr123-images%2F720x420-crop%2Fcustomer%2F736603%2Fc24808c34ff1a3f0514339e491991d70.jpg&w=3840&q=75","[object Object]","3","[object Object]","Rumah","Premier","https://www.rumah123.com/jual/cari/?location=jawa-tengah&itm_medium=search-suggestions-lokasi&itm_source=organic&quickLabel=Dekat+Pusat+Perbelanjaan","Dekat Pusat Perbelanjaan","https://www.rumah123.com/jual/cari/?location=jawa-tengah&itm_medium=search-suggestions-lokasi&itm_source=organic&quickLabel=Dekat+Fasilitas+Kesehatan","Dekat Fasilitas Kesehatan","Rp 3 Miliar","Rp 14 Jutaan (Tenor 20 Tahun)","Rp 18 Jutaan (Tenor 15 Tahun)","https://www.rumah123.com/properti/semarang-semarang-tengah/rumah-di-daerah-karang-wulan-semarang-tt-si-vn-8352-hos41068036/","Rumah di Daerah Karang Wulan , Semarang ( Tt Si Vn 8352 )","Semarang Tengah, Semarang","Rumah di daerah Karang Wulan , Semarang ( Tt Si Vn 8352 ) Lokasi strategis , Hadap Timur Dekat fasilitas umum lainnya seperti Mall , RS , Sekolah d...","2","[object Object]","1","[object Object]","299 m²","LT:","209 m²","LB:","","Diperbarui 3 hari yang lalu oleh","Emirita Redland","+628193...","WhatsApp","","","https://pic.rumah123.com/r123/100x100-fit/logo/20200122032448_redland.jpeg","","",""
"https://www.rumah123.com/portal-img/_next/image/?url=https%3A%2F%2Fpicture.rumah123.com%2Fr123-images%2F720x420-crop%2Fcustomer%2F71744%2F05ba4e3445b92ad824ee0d2ff23fd6ba.jpg&w=3840&q=85","","","","1","[object Object]","Rumah","Premier","https://www.rumah123.com/jual/cari/?location=jawa-tengah&itm_medium=search-suggestions-lokasi&itm_source=organic&quickLabel=Dekat+Sekolah","Dekat Sekolah","","","Rp 500 Juta","Rp 2 Jutaan (Tenor 20 Tahun)","Rp 3 Jutaan (Tenor 15 Tahun)","https://www.rumah123.com/properti/surakarta-jebres/rumah-dijual-solo-di-mojosongo-jebres-surakarta-hos41191322/","Rumah Dijual Solo di Mojosongo Jebres Surakarta","Jebres, Surakarta","Rumah dijual Solo cocok buat kost, 5menit ke kampus STIKES , 5menit ke kampus USB, luas tanah 123, luas bangunan 200, 9kanar, 4kamar mandi dapur, H...","9","[object Object]","4","[object Object]","123 m²","LT:","200 m²","LB:","https://picture.rumah123.com/r123-images/250x250-fit/customer/4438277/404c1b452aac85ebddf7a37afe00e3fa.jpg","Diperbarui 3 hari yang lalu oleh","Lia Imelda","+628821...","WhatsApp","","","https://pic.rumah123.com/r123/100x100-fit/logo/20190701123328_irea_solo.jpeg","","",""
"https://www.rumah123.com/portal-img/_next/image/?url=https%3A%2F%2Fpicture.rumah123.com%2Fr123-images%2F720x420-crop%2Fcustomer%2F1324847%2F2024-01-23-07-07-02-bd9f7e00-030d-4e0d-b7e6-85c4fa6cb941.jpg&w=3840&q=75","","","","1","[object Object]","Tanah","Premier","","","","","Rp 1,7 Miliar Total","Rp 8 Jutaan (Tenor 20 Tahun)","Rp 10 Jutaan (Tenor 15 Tahun)","https://www.rumah123.com/properti/semarang-semarang-tengah/tanah-di-kartini-strategis-tengah-kota-semarang-si-6042-las9113828/","Tanah di Kartini, Strategis, Tengah Kota, Semarang Si 6042","Semarang Tengah, Semarang","Tanah di Kartini, Semarang ( Si 6042 ) Tanah ada bangunannya , letak strategis, tengah kota, 7 menit ke Simpang Lima,   Dekat Fasilitas umum lainny...","","","","","180 m²","LT:","","","","Diperbarui 3 hari yang lalu oleh","Emirita Redland","+628193...","WhatsApp","","","https://pic.rumah123.com/r123/100x100-fit/logo/20200122032448_redland.jpeg","","",""
"https://www.rumah123.com/portal-img/_next/image/?url=https%3A%2F%2Fpicture.rumah123.com%2Fr123-images%2F720x420-crop%2Fcustomer%2F607241%2Feecfb67065d8609cdf74a1a683d5e33a.jpg&w=3840&q=75","https://www.rumah123.com/portal-img/_next/image/?url=https%3A%2F%2Fpicture.rumah123.com%2Fr123-images%2F720x420-crop%2Fcustomer%2F607241%2Fb8e611e4998460e68472387d184ece26.jpg&w=3840&q=75","https://www.rumah123.com/portal-img/_next/image/?url=https%3A%2F%2Fpicture.rumah123.com%2Fr123-images%2F720x420-crop%2Fcustomer%2F607241%2F3f8c5a78f257cf01b4aef3c62e40d153.jpg&w=3840&q=75","[object Object]","13","[object Object]","Rumah","Premier","https://www.rumah123.com/jual/cari/?location=jawa-tengah&itm_medium=search-suggestions-lokasi&itm_source=organic&quickLabel=Siap+Huni","Siap Huni","https://www.rumah123.com/jual/cari/?location=jawa-tengah&itm_medium=search-suggestions-lokasi&itm_source=organic&quickLabel=Bebas+Banjir","Bebas Banjir","Rp 4,5 Miliar","Rp 22 Jutaan (Tenor 20 Tahun)","Rp 28 Jutaan (Tenor 15 Tahun)","https://www.rumah123.com/properti/sukoharjo-grogol/rumah-hook-bagus-idaman-keluarga-di-lokasi-premium-solo-baru-hos41199217/","Rumah Hook Bagus Idaman Keluarga di Lokasi Premium Solo Baru","Grogol, Sukoharjo","Lokasi di Perumahan Olive Residence, 2 lantai, kluster,  one gate security system, CCTV 24 jam, LT: 269, LB: 295, LD: 12 mtrs, hadap Timur, 4 KT, 3...","4 + 1","[object Object]","3 + 1","[object Object]","269 m²","LT:","295 m²","LB:","https://picture.rumah123.com/r123-images/250x250-fit/customer/4438277/404c1b452aac85ebddf7a37afe00e3fa.jpg","Diperbarui 3 hari yang lalu oleh","Lia Imelda","+628821...","WhatsApp","1 + 2","[object Object]","https://pic.rumah123.com/r123/100x100-fit/logo/20190701123328_irea_solo.jpeg","https://www.rumah123.com/jual/cari/?location=jawa-tengah&itm_medium=search-suggestions-lokasi&itm_source=organic&quickLabel=Dekat+Fasilitas+Kesehatan","Dekat Fasilitas Kesehatan",""
"https://www.rumah123.com/portal-img/_next/image/?url=https%3A%2F%2Fpicture.rumah123.com%2Fr123-images%2F720x420-crop%2Fcustomer%2F4406649%2Ff4cc685ca6464fde02df1d132cd74ff5.jpg&w=3840&q=75","https://www.rumah123.com/portal-img/_next/image/?url=https%3A%2F%2Fpicture.rumah123.com%2Fr123-images%2F720x420-crop%2Fcustomer%2F4406649%2F56f2b1637e4e9464feb7baef3ae8106c.jpg&w=3840&q=75","https://www.rumah123.com/portal-img/_next/image/?url=https%3A%2F%2Fpicture.rumah123.com%2Fr123-images%2F720x420-crop%2Fcustomer%2F4406649%2Fc3197e2d118e04638887a4247f02f7b1.jpg&w=3840&q=75","[object Object]","11","[object Object]","Rumah","Premier","https://www.rumah123.com/jual/cari/?location=jawa-tengah&itm_medium=search-suggestions-lokasi&itm_source=organic&quickLabel=Bisa+Nego","Bisa Nego","https://www.rumah123.com/jual/cari/?location=jawa-tengah&itm_medium=search-suggestions-lokasi&itm_source=organic&quickLabel=Dekat+Akses+Transportasi","Dekat Akses Transportasi","Rp 5,3 Miliar","Rp 26 Jutaan (Tenor 20 Tahun)","Rp 33 Jutaan (Tenor 15 Tahun)","https://www.rumah123.com/properti/semarang-banyumanik/rumah-mewah-dan-besar-di-sawunggaling-banyumanik-hos41134357/","Rumah Mewah dan Besar di Sawunggaling Banyumanik","Banyumanik, Semarang","Rumah Mewah dan Besar di Sawunggaling Banyumanik  - SHM, LT 300m², LB 600m² - Bangunan Tingkat dengan Balkon - 5 Kamar Tidur - 3 Kamar Mandi Luar...","5","[object Object]","5","[object Object]","300 m²","LT:","600 m²","LB:","https://picture.rumah123.com/r123-images/250x250-fit/customer/4406649/e1d221dffa1fbbdbbad0883380efe74a.png","Diperbarui 3 hari yang lalu oleh","Armor Properti","+628213...","WhatsApp","1 + 2","[object Object]","","","",""
"https://www.rumah123.com/portal-img/_next/image/?url=https%3A%2F%2Fpicture.rumah123.com%2Fr123-images%2F720x420-crop%2Fcustomer%2F2026417%2F6e5d25c70a859c4ab493299ff0b914c3.jpg&w=3840&q=75","https://www.rumah123.com/portal-img/_next/image/?url=https%3A%2F%2Fpicture.rumah123.com%2Fr123-images%2F720x420-crop%2Fcustomer%2F2026417%2Fbd74b54485056c53303532c60d58901c.jpg&w=3840&q=75","https://www.rumah123.com/portal-img/_next/image/?url=https%3A%2F%2Fpicture.rumah123.com%2Fr123-images%2F720x420-crop%2Fcustomer%2F2026417%2F3946769fe895d94ce5d884f015b7cf94.jpg&w=3840&q=75","[object Object]","12","[object Object]","Rumah","Premier","https://www.rumah123.com/jual/cari/?location=jawa-tengah&itm_medium=search-suggestions-lokasi&itm_source=organic&quickLabel=Siap+Huni","Siap Huni","https://www.rumah123.com/jual/cari/?location=jawa-tengah&itm_medium=search-suggestions-lokasi&itm_source=organic&quickLabel=Bebas+Banjir","Bebas Banjir","Rp 404 Juta","Rp 1 Jutaan (Tenor 20 Tahun)","Rp 2 Jutaan (Tenor 15 Tahun)","https://www.rumah123.com/properti/semarang-ungaran-timur/hunian-nyaman-2kt-di-cluster-beji-akses-tol-mudah-hos41522020/","Hunian Nyaman 2Kt di Cluster Beji, Akses Tol Mudah","Ungaran Timur, Semarang","Rumah SHM siap huni di Beji, Ungaran Timur. Luas tanah 64 m², bangunan 40 m², 2 KT dan 1 KM. Lokasi strategis dekat Pasar Babadan, bebas banjir, ...","2","[object Object]","1","[object Object]","64 m²","LT:","40 m²","LB:","https://picture.rumah123.com/r123-images/250x250-fit/customer/2026417/46256022ac52ff7ee99175d10b7aea73.jpg","Diperbarui 3 hari yang lalu oleh","ARVI (RGUQ)","+628112...","WhatsApp","1","[object Object]","https://pic.rumah123.com/r123/100x100-fit/logo/20240304090052_brighton_winner_imam_bonjol_semarang.png","https://www.rumah123.com/jual/cari/?location=jawa-tengah&itm_medium=search-suggestions-lokasi&itm_source=organic&quickLabel=Dekat+Akses+Transportasi","Dekat Akses Transportasi",""
"","","","","","","","","","","","","","","","","","","","","","","","","","","","","","","","","","","","","",""
"https://www.rumah123.com/portal-img/_next/image/?url=https%3A%2F%2Fpicture.rumah123.com%2Fr123-images%2F720x420-crop%2Fcustomer%2F1962355%2F9becfc990fef8c113905f410545f8d32.jpg&w=3840&q=75","https://www.rumah123.com/portal-img/_next/image/?url=https%3A%2F%2Fpicture.rumah123.com%2Fr123-images%2F720x420-crop%2Fcustomer%2F1962355%2F2375984ef4b98871ae9fdbadcbb9bb20.jpg&w=3840&q=75","https://www.rumah123.com/portal-img/_next/image/?url=https%3A%2F%2Fpicture.rumah123.com%2Fr123-images%2F720x420-crop%2Fcustomer%2F1962355%2F5a246bad36ed262d263f967dc4cd1745.jpg&w=3840&q=75","[object Object]","8","[object Object]","Rumah","Premier","https://www.rumah123.com/jual/cari/?location=jawa-tengah&itm_medium=search-suggestions-lokasi&itm_source=organic&quickLabel=Siap+Huni","Siap Huni","https://www.rumah123.com/jual/cari/?location=jawa-tengah&itm_medium=search-suggestions-lokasi&itm_source=organic&quickLabel=Bebas+Banjir","Bebas Banjir","Rp 1,2 Miliar","Rp 5 Jutaan (Tenor 20 Tahun)","Rp 7 Jutaan (Tenor 15 Tahun)","https://www.rumah123.com/properti/solo-kartosuro/rumah-bagus-di-kartosuro-perum-safira-residence-solo-hos41547588/","Rumah Bagus di Kartosuro Perum Safira Residence Solo","Kartosuro, Solo","Kesempatan terbatas buat Anda dapatkan rumah strategis dalam perumahan Safira Residence dengan return investasi tinggi di Kartosuro, Solo.  Rumah i...","2","[object Object]","1","[object Object]","121 m²","LT:","60 m²","LB:","https://pic.rumah123.com/r123/250x250-fit/photo/1962355/19623551715594245.jpg","Diperbarui 6 hari yang lalu oleh","Nia Utania","+628131...","WhatsApp","1","[object Object]","https://pic.rumah123.com/r123/100x100-fit/logo/20161107060441_suntea_property.jpeg","https://www.rumah123.com/jual/cari/?location=jawa-tengah&itm_medium=search-suggestions-lokasi&itm_source=organic&quickLabel=Dekat+Akses+Transportasi","Dekat Akses Transportasi",""
"https://www.rumah123.com/portal-img/_next/image/?url=https%3A%2F%2Fpicture.rumah123.com%2Fr123-images%2F720x420-crop%2Fcustomer%2F63420%2Fe2023cfaf83db0411405675746432a9f.jpg&w=3840&q=75","https://www.rumah123.com/portal-img/_next/image/?url=https%3A%2F%2Fpicture.rumah123.com%2Fr123-images%2F720x420-crop%2Fcustomer%2F63420%2F4dc06364c57ffb63174882b797cab707.jpg&w=3840&q=75","https://www.rumah123.com/portal-img/_next/image/?url=https%3A%2F%2Fpicture.rumah123.com%2Fr123-images%2F720x420-crop%2Fcustomer%2F63420%2F9ba15ec34bda0beb6c02646b5f6d2f6c.jpg&w=3840&q=75","[object Object]","14","[object Object]","Rumah","Premier","https://www.rumah123.com/jual/cari/?location=jawa-tengah&itm_medium=search-suggestions-lokasi&itm_source=organic&quickLabel=Dekat+Pusat+Perbelanjaan","Dekat Pusat Perbelanjaan","https://www.rumah123.com/jual/cari/?location=jawa-tengah&itm_medium=search-suggestions-lokasi&itm_source=organic&quickLabel=Dekat+Sekolah","Dekat Sekolah","Rp 7,5 Miliar","Rp 36 Jutaan (Tenor 20 Tahun)","Rp 47 Jutaan (Tenor 15 Tahun)","https://www.rumah123.com/properti/semarang-pleburan/rumah-semi-furnish-di-pleburansingosari-semarang-hos40653661/","Rumah Semi Furnish di Pleburan, Tengah Kota Semarang","Semarang Tengah, Semarang","Dijual Rumah SEMI FURNISH di Pleburan/Singosari Semarang  - Jalan Depan lebar - Posisi Hook - 500m ke UNDIP Pleburan - 1.5Km ke Simpang Lima - 2Km ...","4 + 1","[object Object]","3 + 2","[object Object]","349 m²","LT:","320 m²","LB:","https://pic.rumah123.com/r123/250x250-fit/photo/63420/634201709047468.jpg","Diperbarui 3 hari yang lalu oleh","Else Susilowaty","+628522...","WhatsApp","1","[object Object]","https://pic.rumah123.com/r123/100x100-fit/logo/20201202052029_hepi_property.jpeg","https://www.rumah123.com/jual/cari/?location=jawa-tengah&itm_medium=search-suggestions-lokasi&itm_source=organic&quickLabel=Dekat+Fasilitas+Kesehatan","Dekat Fasilitas Kesehatan",""
"https://www.rumah123.com/portal-img/_next/image/?url=https%3A%2F%2Fpicture.rumah123.com%2Fr123-images%2F720x420-crop%2Fcustomer%2F63420%2F016a6f76575df41c724e1b909c47393e.jpg&w=3840&q=75","https://www.rumah123.com/portal-img/_next/image/?url=https%3A%2F%2Fpicture.rumah123.com%2Fr123-images%2F720x420-crop%2Fcustomer%2F63420%2F4cec10cfe81b73a4af1c9db5a3d209dc.jpg&w=3840&q=75","https://www.rumah123.com/portal-img/_next/image/?url=https%3A%2F%2Fpicture.rumah123.com%2Fr123-images%2F720x420-crop%2Fcustomer%2F63420%2Fe8b33eb5d233def5572ef49432ed523f.jpg&w=3840&q=75","[object Object]","12","[object Object]","Rumah","Premier","https://www.rumah123.com/jual/cari/?location=jawa-tengah&itm_medium=search-suggestions-lokasi&itm_source=organic&quickLabel=Dekat+Landmark","Dekat Landmark","","","Rp 2,7 Miliar","Rp 13 Jutaan (Tenor 20 Tahun)","Rp 17 Jutaan (Tenor 15 Tahun)","https://www.rumah123.com/properti/semarang-bsb-city/rumah-2-lantai-di-di-ivy-park-bsb-semarang-barat-hos41384239/","Rumah 2 Lantai di di Ivy Park Bsb Semarang Barat","BSB City, Semarang","Dijual Rumah di di Ivy Park BSB Semarang  Luas Tanah 200m² Luas Bangunan 150m² Kamar Tidur 4+2 Kamar mandi 3+1 Full Furnished Listrik 4400 watt A...","4 + 1","[object Object]","3 + 2","[object Object]","200 m²","LT:","150 m²","LB:","https://pic.rumah123.com/r123/250x250-fit/photo/63420/634201709047468.jpg","Diperbarui 2 hari yang lalu oleh","Else Susilowaty","+628522...","WhatsApp","1","[object Object]","https://pic.rumah123.com/r123/100x100-fit/logo/20201202052029_hepi_property.jpeg","","",""
"https://www.rumah123.com/portal-img/_next/image/?url=https%3A%2F%2Fpicture.rumah123.com%2Fr123-images%2F720x420-crop%2Fcustomer%2F1647223%2Flisting%2Fkss141235%2Fenhanced%2F6a51964d-04c7-4bb6-961f-c0c158b74a2d.jpg&w=3840&q=75","https://www.rumah123.com/portal-img/_next/image/?url=https%3A%2F%2Fpicture.rumah123.com%2Fr123-images%2F720x420-crop%2Fcustomer%2F1647223%2Flisting%2Fkss141235%2Fenhanced%2F6b19bffb-372a-41af-8b60-164e42e601d2.jpg&w=3840&q=75","https://www.rumah123.com/portal-img/_next/image/?url=https%3A%2F%2Fpicture.rumah123.com%2Fr123-images%2F720x420-crop%2Fcustomer%2F1647223%2Flisting%2Fkss141235%2Fenhanced%2Fade4fb8d4951c3405a65904725161fe7.jpg&w=3840&q=75","[object Object]","11","[object Object]","Kost","Premier","https://www.rumah123.com/jual/cari/?location=jawa-tengah&itm_medium=search-suggestions-lokasi&itm_source=organic&quickLabel=Dekat+Sekolah","Dekat Sekolah","","","Rp 1 Miliar","Rp 4 Jutaan (Tenor 20 Tahun)","Rp 6 Jutaan (Tenor 15 Tahun)","https://www.rumah123.com/properti/semarang-tembalang/kosan-12-kamar-omset-puluhan-di-undip-tembalang-start-1m-an-kss141235/","Kosan 1M An 12 Kamar di Tembalang Kampus Undip Profit 300Jt!","Tembalang, Semarang","Jual Cepat! Unit Kos 12 Kamar di kawasan UNDIP Semarang.  Profit: 300 Juta/Tahun  Harga: 1 M-an saja! Investasi anti-rugi di lokasi ""emas"" mahasisa...","12","[object Object]","12","[object Object]","96 m²","LT:","138 m²","LB:","https://pic.rumah123.com/r123/250x250-fit/photo/1647223/16472231659944696.jpg","Diperbarui 6 hari yang lalu oleh","Lutfi Cluster Inara","+628224...","WhatsApp","2","[object Object]","https://pic.rumah123.com/r123/100x100-fit/logo/20250624012838_inara_cluster.jpeg","","",""
"https://www.rumah123.com/portal-img/_next/image/?url=https%3A%2F%2Fpicture.rumah123.com%2Fr123-images%2F720x420-crop%2Fcustomer%2F1528385%2F12c2eda6dcfb6d9d9a8fa826f0e8710c.jpg&w=3840&q=75","https://www.rumah123.com/portal-img/_next/image/?url=https%3A%2F%2Fpicture.rumah123.com%2Fr123-images%2F720x420-crop%2Fcustomer%2F1528385%2Fd084c88f66ef42b72a4081c5c914383e.jpg&w=3840&q=75","https://www.rumah123.com/portal-img/_next/image/?url=https%3A%2F%2Fpicture.rumah123.com%2Fr123-images%2F720x420-crop%2Fcustomer%2F1528385%2F922007566a8647a9009aac42495beae8.jpg&w=3840&q=75","[object Object]","7","[object Object]","Rumah","Premier","https://www.rumah123.com/jual/cari/?location=jawa-tengah&itm_medium=search-suggestions-lokasi&itm_source=organic&quickLabel=Dekat+Akses+Transportasi","Dekat Akses Transportasi","https://www.rumah123.com/jual/cari/?location=jawa-tengah&itm_medium=search-suggestions-lokasi&itm_source=organic&quickLabel=Dekat+Sekolah","Dekat Sekolah","Rp 850 Juta","Rp 4 Jutaan (Tenor 20 Tahun)","Rp 5 Jutaan (Tenor 15 Tahun)","https://www.rumah123.com/properti/semarang-jatingaleh/rumah-hook-di-perumahan-cluster-semi-furnish-dan-siap-dihuni-lokasi-jatingaleh-semarang-hos39026336/","Rumah Hook di Perumahan Cluster, Semi Furnish dan Siap Dihuni , Lokasi Jatingaleh - Semarang","Jatingaleh, Semarang","Rumah For Sell Semarang Rumah dua lantai , Semi furnish dan siap di huni Lokasi perumahan cluster  Fasilitas : - Cluster hanya 7 unit rumah - ...","3","[object Object]","2","[object Object]","64 m²","LT:","128 m²","LB:","https://picture.rumah123.com/r123-images/250x250-fit/customer/1528385/5b2cebfeb96eb32ed58f2cdcdcf2c6e5.jpg","Diperbarui 1 minggu yang lalu oleh","TERRY (AVBX) Ternanty","+628132...","WhatsApp","","","https://pic.rumah123.com/r123/100x100-fit/logo/20240304063001_brighton_priority_imam_bonjol_semarang.png","","",""
"https://www.rumah123.com/portal-img/_next/image/?url=https%3A%2F%2Fpicture.rumah123.com%2Fr123-images%2F720x420-crop%2Fcustomer%2F657921%2F593a89fb8d18b0d029c3bc0d291304da.jpg&w=3840&q=75","https://www.rumah123.com/portal-img/_next/image/?url=https%3A%2F%2Fpicture.rumah123.com%2Fr123-images%2F720x420-crop%2Fcustomer%2F657921%2F3d21a3d1f0efc40f5fc06487985d1d64.jpg&w=3840&q=75","https://www.rumah123.com/portal-img/_next/image/?url=https%3A%2F%2Fpicture.rumah123.com%2Fr123-images%2F720x420-crop%2Fcustomer%2F657921%2Fc10bbad659537edd102c52109d74e13e.jpg&w=3840&q=75","[object Object]","8","[object Object]","Rumah","Premier","https://www.rumah123.com/jual/cari/?location=jawa-tengah&itm_medium=search-suggestions-lokasi&itm_source=organic&quickLabel=Siap+Huni","Siap Huni","https://www.rumah123.com/jual/cari/?location=jawa-tengah&itm_medium=search-suggestions-lokasi&itm_source=organic&quickLabel=Bebas+Banjir","Bebas Banjir","Rp 7,5 Miliar","Rp 36 Jutaan (Tenor 20 Tahun)","Rp 47 Jutaan (Tenor 15 Tahun)","https://www.rumah123.com/properti/solo-solo-baru/rumah-mewah-di-solo-baru-dekat-pakuwon-mall-hos41323801/","Rumah Mewah di Solo Baru Dekat Pakuwon Mall","Solo Baru, Solo","Rumah 2 lantai di Solo Baru, Solo.  For sale rumah di wilayah yang asri dengan pemandangan perkotaan. Properti 2 lantai bergaya modern ini berada d...","7","[object Object]","5","[object Object]","240 m²","LT:","300 m²","LB:","https://picture.rumah123.com/r123-images/250x250-fit/customer/4438277/404c1b452aac85ebddf7a37afe00e3fa.jpg","Diperbarui 2 hari yang lalu oleh","Lia Imelda","+628821...","WhatsApp","2 + 2","[object Object]","https://pic.rumah123.com/r123/100x100-fit/logo/20190701123328_irea_solo.jpeg","https://www.rumah123.com/jual/cari/?location=jawa-tengah&itm_medium=search-suggestions-lokasi&itm_source=organic&quickLabel=Dekat+Pusat+Perbelanjaan","Dekat Pusat Perbelanjaan",""
"https://www.rumah123.com/portal-img/_next/image/?url=https%3A%2F%2Fpicture.rumah123.com%2Fr123-images%2F720x420-crop%2Fcustomer%2F4400820%2F4a61b5535710d857334ce497ddd13dd8.jpg&w=3840&q=75","https://www.rumah123.com/portal-img/_next/image/?url=https%3A%2F%2Fpicture.rumah123.com%2Fr123-images%2F720x420-crop%2Fcustomer%2F4400820%2Ff69849382987ff649100ddab0e8a9a15.jpg&w=3840&q=75","https://www.rumah123.com/portal-img/_next/image/?url=https%3A%2F%2Fpicture.rumah123.com%2Fr123-images%2F720x420-crop%2Fcustomer%2F4400820%2Ff2e94a642cab63dc0b0405cd5f70a221.jpg&w=3840&q=75","[object Object]","6","[object Object]","Ruko","Premier","https://www.rumah123.com/jual/cari/?location=jawa-tengah&itm_medium=search-suggestions-lokasi&itm_source=organic&quickLabel=Dekat+Fasilitas+Kesehatan","Dekat Fasilitas Kesehatan","","","Rp 2,4 Miliar Total","Rp 11 Jutaan (Tenor 20 Tahun)","Rp 15 Jutaan (Tenor 15 Tahun)","https://www.rumah123.com/properti/solo-pasar-kliwon/ruko-dijual-solo-dekat-pasar-kklewer-shs9968396/","Ruko Dijual Solo Dekat Pasar Kklewer","Pasar Kliwon, Solo","Ruko 2lantai di jual  Solo di pasar  kliwon Surakarta,  luas tanah  87, luas bangunan  150, lebar 5, hm. hadap  utara, 2kamar mandi, 7700W, Harga 2...","2","[object Object]","","","87 m²","LT:","150 m²","LB:","https://picture.rumah123.com/r123-images/250x250-fit/customer/4438277/404c1b452aac85ebddf7a37afe00e3fa.jpg","Diperbarui 2 hari yang lalu oleh","Lia Imelda","+628821...","WhatsApp","","","https://pic.rumah123.com/r123/100x100-fit/logo/20190701123328_irea_solo.jpeg","","",""
"https://www.rumah123.com/portal-img/_next/image/?url=https%3A%2F%2Fpicture.rumah123.com%2Fr123-images%2F720x420-crop%2Fcustomer%2F71744%2F2022-12-09-08-54-55-c6c50426-bc3d-4c23-88d6-040094659019.jpg&w=3840&q=75","https://www.rumah123.com/portal-img/_next/image/?url=https%3A%2F%2Fpicture.rumah123.com%2Fr123-images%2F720x420-crop%2Fcustomer%2F71744%2F2023-12-15-00-25-25-30b64e15-79cc-4d9a-9f13-49d6b861d034.jpg&w=3840&q=75","https://www.rumah123.com/portal-img/_next/image/?url=https%3A%2F%2Fpicture.rumah123.com%2Fr123-images%2F720x420-crop%2Fcustomer%2F71744%2F2022-12-09-08-54-56-7f440cf1-4e9b-4602-818d-1a2d68342d96.jpg&w=3840&q=75","[object Object]","9","[object Object]","Rumah","Premier","https://www.rumah123.com/jual/cari/?location=jawa-tengah&itm_medium=search-suggestions-lokasi&itm_source=organic&quickLabel=Dekat+Akses+Transportasi","Dekat Akses Transportasi","","","Rp 1,4 Miliar","Rp 6 Jutaan (Tenor 20 Tahun)","Rp 8 Jutaan (Tenor 15 Tahun)","https://www.rumah123.com/properti/solo-banjarsari/rumah-cluster-tengah-kota-di-gilingan-banjarsari-solo-hos41322998/","Rumah Cluster Tengah Kota di Gilingan Banjarsari Solo","Banjarsari, Solo","Rumah cluster 2lamtai di Gilingan Banjarsari Solo, 2menit ke stasiun Balapan, 2 menit ke terminal Tirtonadi, luas tanah 116, luas bangunan 180, leb...","","","","","116 m²","LT:","180 m²","LB:","https://picture.rumah123.com/r123-images/250x250-fit/customer/4438277/404c1b452aac85ebddf7a37afe00e3fa.jpg","Diperbarui 1 minggu yang lalu oleh","Lia Imelda","+628821...","WhatsApp","","","https://pic.rumah123.com/r123/100x100-fit/logo/20190701123328_irea_solo.jpeg","","",""
"https://www.rumah123.com/portal-img/_next/image/?url=https%3A%2F%2Fpicture.rumah123.com%2Fr123-images%2F720x420-crop%2Fcustomer%2F1701836%2F7ef1b5fe4d19460a7057d85b95ca468b.jpg&w=3840&q=75","https://www.rumah123.com/portal-img/_next/image/?url=https%3A%2F%2Fpicture.rumah123.com%2Fr123-images%2F720x420-crop%2Fcustomer%2F1701836%2Fbecdd3ee9d903eb85dcdf003cefc609e.jpg&w=3840&q=75","https://www.rumah123.com/portal-img/_next/image/?url=https%3A%2F%2Fpicture.rumah123.com%2Fr123-images%2F720x420-crop%2Fcustomer%2F1701836%2F2cb2a8b716f9a253b7b3251555cc00a5.jpg&w=3840&q=75","[object Object]","14","[object Object]","Rumah","Premier","https://www.rumah123.com/jual/cari/?location=jawa-tengah&itm_medium=search-suggestions-lokasi&itm_source=organic&quickLabel=Bisa+Nego","Bisa Nego","https://www.rumah123.com/jual/cari/?location=jawa-tengah&itm_medium=search-suggestions-lokasi&itm_source=organic&quickLabel=Siap+Huni","Siap Huni","Rp 2,7 Miliar","Rp 13 Jutaan (Tenor 20 Tahun)","Rp 17 Jutaan (Tenor 15 Tahun)","https://www.rumah123.com/properti/solo-jaten/rumah-mewah-dekat-kampus-uns-dan-rs-moewardi-solo-di-ngringo-jaten-hos41191034/","Rumah Mewah Dekat Kampus Uns dan Rs Moewardi Solo di Ngringo Jaten","Jaten, Solo","Rumah hook 2 lantai di Jaten, Solo.  For sale rumah hook di wilayah yang tenang dengan pemandangan Dekat Pusat Bisnis. Properti 2 lantai ini berada...","4 + 1","[object Object]","3 + 1","[object Object]","252 m²","LT:","375 m²","LB:","https://picture.rumah123.com/r123-images/250x250-fit/customer/4447455/cd2d56a58293204a49666b405754d410.jpg","Diperbarui 2 hari yang lalu oleh","Samuel Handoko","+628139...","WhatsApp","2 + 2","[object Object]","https://pic.rumah123.com/r123/100x100-fit/logo/20190701123328_irea_solo.jpeg","https://www.rumah123.com/jual/cari/?location=jawa-tengah&itm_medium=search-suggestions-lokasi&itm_source=organic&quickLabel=Bebas+Banjir","Bebas Banjir",""
"https://www.rumah123.com/portal-img/_next/image/?url=https%3A%2F%2Fpicture.rumah123.com%2Fr123-images%2F720x420-crop%2Fcustomer%2F71741%2F656604121fb6b9c6bd81a2614ba7593f.jpg&w=3840&q=75","https://www.rumah123.com/portal-img/_next/image/?url=https%3A%2F%2Fpicture.rumah123.com%2Fr123-images%2F720x420-crop%2Fcustomer%2F71741%2Fe6314d90b0e39a05a9eda50935611975.jpg&w=3840&q=75","https://www.rumah123.com/portal-img/_next/image/?url=https%3A%2F%2Fpicture.rumah123.com%2Fr123-images%2F720x420-crop%2Fcustomer%2F71741%2F927af9ea7ab4ccaf632f021ffe654ae6.jpg&w=3840&q=75","[object Object]","5","[object Object]","Ruko","Premier","https://www.rumah123.com/jual/cari/?location=jawa-tengah&itm_medium=search-suggestions-lokasi&itm_source=organic&quickLabel=Bisa+Nego","Bisa Nego","https://www.rumah123.com/jual/cari/?location=jawa-tengah&itm_medium=search-suggestions-lokasi&itm_source=organic&quickLabel=Siap+Huni","Siap Huni","Rp 2,25 Miliar Total","Rp 11 Jutaan (Tenor 20 Tahun)","Rp 14 Jutaan (Tenor 15 Tahun)","https://www.rumah123.com/properti/solo-colomadu/ruko-2-lantai-solo-barat-dekat-hotel-alana-colomadu-shs9929022/","Ruko 2 Lantai Solo Barat Dekat Hotel Alana Colomadu","Colomadu, Solo","Ruko di Baturan, Colomadu, Karanganyar.  Dapatkan ruko yang modern ini,  dijual menawarkan lingkungan fasilitas yang lengkap, cocok untuk Anda.  Sp...","3","[object Object]","","","109 m²","LT:","150 m²","LB:","https://picture.rumah123.com/r123-images/250x250-fit/customer/4447455/cd2d56a58293204a49666b405754d410.jpg","Diperbarui 1 minggu yang lalu oleh","Samuel Handoko","+628139...","WhatsApp","","","https://pic.rumah123.com/r123/100x100-fit/logo/20190701123328_irea_solo.jpeg","https://www.rumah123.com/jual/cari/?location=jawa-tengah&itm_medium=search-suggestions-lokasi&itm_source=organic&quickLabel=Bebas+Banjir","Bebas Banjir",""
"https://www.rumah123.com/portal-img/_next/image/?url=https%3A%2F%2Fpicture.rumah123.com%2Fr123-images%2F720x420-crop%2Fcustomer%2F2053374%2F89e02a33a762172388cc6d7840290352.jpg&w=3840&q=75","https://www.rumah123.com/portal-img/_next/image/?url=https%3A%2F%2Fpicture.rumah123.com%2Fr123-images%2F720x420-crop%2Fcustomer%2F2053374%2Fb20a3c63123ff96023d0cf6d552d7dbc.jpg&w=3840&q=75","https://www.rumah123.com/portal-img/_next/image/?url=https%3A%2F%2Fpicture.rumah123.com%2Fr123-images%2F720x420-crop%2Fcustomer%2F2053374%2F96a598d2efa9746f21c40e76cfe57282.jpg&w=3840&q=75","[object Object]","10","[object Object]","Rumah","Premier","https://www.rumah123.com/jual/cari/?location=jawa-tengah&itm_medium=search-suggestions-lokasi&itm_source=organic&quickLabel=Siap+Huni","Siap Huni","https://www.rumah123.com/jual/cari/?location=jawa-tengah&itm_medium=search-suggestions-lokasi&itm_source=organic&quickLabel=Bebas+Banjir","Bebas Banjir","Rp 450 Juta","Rp 2 Jutaan (Tenor 20 Tahun)","Rp 2 Jutaan (Tenor 15 Tahun)","https://www.rumah123.com/properti/semarang-ngaliyan/rumah-di-perum-graha-beringin-mas-ngaliyan-semarang-de-7468-hos41227038/","Rumah di Perum Graha Beringin Mas , Ngaliyan Semarang ( De 7468 )","Ngaliyan, Semarang","Rumah di Perum Graha Beringin Mas , Ngaliyan Semarang ( De 7468 ) Lokasi strategis , Hadap Selatan Bebas banjir , teras luas Ada kolam ikan dan tam...","2","[object Object]","2","[object Object]","96 m²","LT:","96 m²","LB:","","Diperbarui 1 minggu yang lalu oleh","Emirita Redland","+628193...","WhatsApp","","","https://pic.rumah123.com/r123/100x100-fit/logo/20200122032448_redland.jpeg","","",""
"https://www.rumah123.com/portal-img/_next/image/?url=https%3A%2F%2Fpicture.rumah123.com%2Fr123-images%2F720x420-crop%2Fcustomer%2F1162029%2Faa7cb1f891c45b951dac94b4e8844e71.jpg&w=3840&q=75","https://www.rumah123.com/portal-img/_next/image/?url=https%3A%2F%2Fpicture.rumah123.com%2Fr123-images%2F720x420-crop%2Fcustomer%2F1162029%2F40daa6abfbe7b7a67cb717f605934210.jpg&w=3840&q=75","https://www.rumah123.com/portal-img/_next/image/?url=https%3A%2F%2Fpicture.rumah123.com%2Fr123-images%2F720x420-crop%2Fcustomer%2F1162029%2F78b653f13c5b8b38156c572b8e9ce04c.jpg&w=3840&q=75","[object Object]","13","[object Object]","Kost","Premier","https://www.rumah123.com/jual/cari/?location=jawa-tengah&itm_medium=search-suggestions-lokasi&itm_source=organic&quickLabel=Dekat+Pusat+Perbelanjaan","Dekat Pusat Perbelanjaan","https://www.rumah123.com/jual/cari/?location=jawa-tengah&itm_medium=search-suggestions-lokasi&itm_source=organic&quickLabel=Dekat+Fasilitas+Kesehatan","Dekat Fasilitas Kesehatan","Rp 3 Miliar","Rp 14 Jutaan (Tenor 20 Tahun)","Rp 18 Jutaan (Tenor 15 Tahun)","https://www.rumah123.com/properti/semarang-semarang-selatan/rumah-kost-daerah-lamper-tengah-dekat-java-mall-tt7960-kss225730/","Rumah Kost Daerah Lamper Tengah, Dekat Java Mall Tt7960","Semarang Selatan, Semarang","Rumah Kost di Daerah Lamper , Semarang ( Tt 7960) Lokasi strategis , Hadap Selatan, fasiltas lengkap, langsung bisa usaha kost Dekat fasilitas umum...","16","[object Object]","5","[object Object]","260 m²","LT:","434 m²","LB:","","Diperbarui 1 hari yang lalu oleh","Emirita Redland","+628193...","WhatsApp","","","https://pic.rumah123.com/r123/100x100-fit/logo/20200122032448_redland.jpeg","","",""
"https://www.rumah123.com/portal-img/_next/image/?url=https%3A%2F%2Fpicture.rumah123.com%2Fr123-images%2F720x420-crop%2Fcustomer%2F4400820%2Faca1ac66d414a38fdd94e2b3d8a0abd2.jpg&w=3840&q=75","https://www.rumah123.com/portal-img/_next/image/?url=https%3A%2F%2Fpicture.rumah123.com%2Fr123-images%2F720x420-crop%2Fcustomer%2F4400820%2F71d7002d5deccd02978893c4aee98524.jpg&w=3840&q=75","https://www.rumah123.com/portal-img/_next/image/?url=https%3A%2F%2Fpicture.rumah123.com%2Fr123-images%2F720x420-crop%2Fcustomer%2F4400820%2F8a1739b5e6fed3cafe1b3d177961cf9c.jpg&w=3840&q=75","[object Object]","9","[object Object]","Rumah","Premier","https://www.rumah123.com/jual/cari/?location=jawa-tengah&itm_medium=search-suggestions-lokasi&itm_source=organic&quickLabel=Dekat+Sekolah","Dekat Sekolah","https://www.rumah123.com/jual/cari/?location=jawa-tengah&itm_medium=search-suggestions-lokasi&itm_source=organic&quickLabel=Dekat+Fasilitas+Kesehatan","Dekat Fasilitas Kesehatan","Rp 900 Juta","Rp 4 Jutaan (Tenor 20 Tahun)","Rp 5 Jutaan (Tenor 15 Tahun)","https://www.rumah123.com/properti/solo-nusukan/rumah-dijual-solo-di-nusukan-banjarsari-surakarta-hos40984266/","Rumah Dijual Solo di Nusukan Banjarsari Surakarta","Nusukan, Solo","Rumah dijual solo Dekat pasar nusukan  Di nusukan  Banjarsari Surakarta,  luas tanah  165, luas bangunan  200, lebar 8, hm, hadap  selatan,  5kamar...","5","[object Object]","3","[object Object]","165 m²","LT:","200 m²","LB:","https://picture.rumah123.com/r123-images/250x250-fit/customer/4438277/404c1b452aac85ebddf7a37afe00e3fa.jpg","Diperbarui 1 minggu yang lalu oleh","Lia Imelda","+628821...","WhatsApp","1","[object Object]","https://pic.rumah123.com/r123/100x100-fit/logo/20190701123328_irea_solo.jpeg","https://www.rumah123.com/jual/cari/?location=jawa-tengah&itm_medium=search-suggestions-lokasi&itm_source=organic&quickLabel=Dekat+Tempat+Ibadah","Dekat Tempat Ibadah",""
"https://www.rumah123.com/portal-img/_next/image/?url=https%3A%2F%2Fpicture.rumah123.com%2Fr123-images%2F720x420-crop%2Fcustomer%2F1017158%2Ff4beaa484b6fb06778560079ddd7d16a.jpg&w=3840&q=75","https://www.rumah123.com/portal-img/_next/image/?url=https%3A%2F%2Fpicture.rumah123.com%2Fr123-images%2F720x420-crop%2Fcustomer%2F1017158%2F9aab90bf0e4abd2402662b31e30093ca.jpg&w=3840&q=75","https://www.rumah123.com/portal-img/_next/image/?url=https%3A%2F%2Fpicture.rumah123.com%2Fr123-images%2F720x420-crop%2Fcustomer%2F1017158%2F71ed19a4fbf9e537c1c3025aba918c21.jpg&w=3840&q=75","[object Object]","7","[object Object]","Kost","Premier","https://www.rumah123.com/jual/cari/?location=jawa-tengah&itm_medium=search-suggestions-lokasi&itm_source=organic&quickLabel=Dekat+Sekolah","Dekat Sekolah","https://www.rumah123.com/jual/cari/?location=jawa-tengah&itm_medium=search-suggestions-lokasi&itm_source=organic&quickLabel=Dekat+Fasilitas+Kesehatan","Dekat Fasilitas Kesehatan","Rp 6,5 Miliar Total","Rp 31 Jutaan (Tenor 20 Tahun)","Rp 40 Jutaan (Tenor 15 Tahun)","https://www.rumah123.com/properti/solo-jebres/kost-mewah-exclusive-area-dekat-kampus-uns-dan-rs-moewardi-kss256371/","Kost Mewah Exclusive Area Dekat Kampus Uns dan Rs Moewardi","Jebres, Solo","Lokasi sangat strategis, dekat dengan RS Moewardi dan RS Dr Oen Kandang Sapi serta Kampus UNS. Ada beberapa tipe kamar tidur dengan sewa per bulan ...","29","[object Object]","","","403 m²","LT:","480 m²","LB:","https://pic.rumah123.com/r123/250x250-fit/photo/1017158/10171581622013410.jpg","Diperbarui 2 minggu yang lalu oleh","Happy Chrystiana","+628190...","WhatsApp","","","https://pic.rumah123.com/r123/100x100-fit/logo/20210518045109_level_up_realty_solo.png","","",""
"https://www.rumah123.com/portal-img/_next/image/?url=https%3A%2F%2Fpicture.rumah123.com%2Fr123-images%2F720x420-crop%2Fcustomer%2F1819989%2Fa79f5cced9cf1143f85dc51a2cdf32cf.jpg&w=3840&q=75","https://www.rumah123.com/portal-img/_next/image/?url=https%3A%2F%2Fpicture.rumah123.com%2Fr123-images%2F720x420-crop%2Fcustomer%2F1819989%2F1f9111d3ff9e367a5f30f9346c952b8b.jpg&w=3840&q=75","https://www.rumah123.com/portal-img/_next/image/?url=https%3A%2F%2Fpicture.rumah123.com%2Fr123-images%2F720x420-crop%2Fcustomer%2F1819989%2F4963b3e7f3a7b41262c1c23590c06e8e.jpg&w=3840&q=75","[object Object]","9","[object Object]","Rumah","Premier","https://www.rumah123.com/jual/cari/?location=jawa-tengah&itm_medium=search-suggestions-lokasi&itm_source=organic&quickLabel=Siap+Huni","Siap Huni","","","Rp 1,2 Miliar","Rp 5 Jutaan (Tenor 20 Tahun)","Rp 7 Jutaan (Tenor 15 Tahun)","https://www.rumah123.com/properti/semarang-bsb-city/jual-cepat-rumah-baru-victoria-highland-citraland-bsb-hos40944863/","Jual Cepat Rumah Baru Victoria Highland Citraland Bsb","BSB City, Semarang","DIJUAL RUMAH SIAP HUNI - VICTORIA HIGHLAND CITRALAND BSB CITY SEMARANG  Hunian modern di kawasan premium Citraland BSB City, lingkungan nyaman, ter...","2","[object Object]","1","[object Object]","120 m²","LT:","58 m²","LB:","https://picture.rumah123.com/r123-images/250x250-fit/customer/1819989/a1409baa76ff382cdda6ecea56e532a3.png","Diperbarui 12 jam yang lalu oleh","STEPHANUS AGUS DARDJITO","+628587...","WhatsApp","1","[object Object]","","","",""
"https://www.rumah123.com/portal-img/_next/image/?url=https%3A%2F%2Fpicture.rumah123.com%2Fr123-images%2F720x420-crop%2Fcustomer%2F35219%2Fe1843e484f8f8a564f8229011b13aa36.jpg&w=3840&q=85","","","[object Object]","4","[object Object]","Tanah","Premier","https://www.rumah123.com/jual/cari/?location=jawa-tengah&itm_medium=search-suggestions-lokasi&itm_source=organic&quickLabel=Dekat+Sekolah","Dekat Sekolah","","","Rp 12,1 Miliar Total","Rp 59 Jutaan (Tenor 20 Tahun)","Rp 76 Jutaan (Tenor 15 Tahun)","https://www.rumah123.com/properti/semarang-ngaliyan/kavling-di-kawasan-industri-candi-gatot-subroto-ngaliyan-semarang-rp-45jtm2-las9210428/","Kavling di Kawasan Industri Candi Gatot Subroto Ngaliyan Semarang. Rp. 4,5Jt/M2","Ngaliyan, Semarang","Berada di kawasan industri candi, Cocok untuk usaha, Akses mudah Lokasi strategis, akses mudah, jalan lebar. Dilalui banyak kendaraan tiap hari Dik...","","","","","2693 m²","LT:","","","https://pic.rumah123.com/r123/250x250-fit/photo/35219/352191740130972.jpg","Diperbarui 1 minggu yang lalu oleh","Sahdra Jati","+628122...","WhatsApp","","","https://pic.rumah123.com/r123/100x100-fit/logo/20241220051434_ljh_realty_candi.png","","",""
"https://www.rumah123.com/portal-img/_next/image/?url=https%3A%2F%2Fpicture.rumah123.com%2Fr123-images%2F720x420-crop%2Fcustomer%2F1183566%2F97ea8adce6fd47699e052eb933dda345.jpg&w=3840&q=75","","","","1","[object Object]","Rumah","Premier","","","","","Rp 21 Miliar","Rp 103 Jutaan (Tenor 20 Tahun)","Rp 132 Jutaan (Tenor 15 Tahun)","https://www.rumah123.com/properti/semarang-banyumanik/rumah-mewah-di-citrasun-garden-ada-swimming-poll-hos39088506/","Rumah Mewah di Citrasun Garden Ada Swimming Poll","Banyumanik, Semarang","Rumah Mewah Di Citrasun Garden Ada Swimming Poll","5","[object Object]","6","[object Object]","1046 m²","LT:","1100 m²","LB:","https://pic.rumah123.com/r123/250x250-fit/photo/1183566/11835661715592569.jpg","Diperbarui 1 minggu yang lalu oleh","Okta Property","+628213...","WhatsApp","3 + 3","[object Object]","https://pic.rumah123.com/r123/100x100-fit/logo/20201202052029_hepi_property.jpeg","","",""
"https://www.rumah123.com/portal-img/_next/image/?url=https%3A%2F%2Fpicture.rumah123.com%2Fr123-images%2F720x420-crop%2Fcustomer%2F1970029%2F79e4e4f4f3bbc4325055665b493ec300.jpg&w=3840&q=75","","","[object Object]","7","[object Object]","Gudang","Premier","https://www.rumah123.com/jual/cari/?location=jawa-tengah&itm_medium=search-suggestions-lokasi&itm_source=organic&quickLabel=Bisa+Nego","Bisa Nego","https://www.rumah123.com/jual/cari/?location=jawa-tengah&itm_medium=search-suggestions-lokasi&itm_source=organic&quickLabel=Dekat+Akses+Transportasi","Dekat Akses Transportasi","Rp 5 Miliar Total","Rp 24 Jutaan (Tenor 20 Tahun)","Rp 31 Jutaan (Tenor 15 Tahun)","https://www.rumah123.com/properti/surakarta-banjarsari/gudang-murah-akses-kontainer-dekat-exit-tol-di-kawasan-kadipiro-was4272007/","Gudang Super Murah Akses Kontainer, Dkt Exit Tol Kawasan Kadipiro","Banjarsari, Surakarta","TURUN HARGA!!!  Dijual Gudang bonus 3 ruko daerah Banjarsari, hanya 5 menit dari exit tol  LT 953 m2 LB gudang 520 m² Tinggi pintu gudang 4.2 m Le...","1","[object Object]","","","953 m²","LT:","625 m²","LB:","https://pic.rumah123.com/r123/250x250-fit/photo/1970029/19700291729057044.jpg","Diperbarui 1 minggu yang lalu oleh","VICA","+628183...","WhatsApp","","","https://pic.rumah123.com/r123/100x100-fit/logo/20201009042657_xavier_marks_solo.jpeg","","",""
"https://www.rumah123.com/portal-img/_next/image/?url=https%3A%2F%2Fpicture.rumah123.com%2Fr123-images%2F720x420-crop%2Fcustomer%2F4417707%2F2f373a1c69e0a998616a8709ec1c7d8b.jpg&w=3840&q=75","","","[object Object]","6","[object Object]","Rumah","Premier","https://www.rumah123.com/jual/cari/?location=jawa-tengah&itm_medium=search-suggestions-lokasi&itm_source=organic&quickLabel=Dekat+Sekolah","Dekat Sekolah","","","Rp 2,5 Miliar","Rp 12 Jutaan (Tenor 20 Tahun)","Rp 15 Jutaan (Tenor 15 Tahun)","https://www.rumah123.com/properti/semarang-semarang-selatan/murah-pake-banget-rumah-dr-wahidin-loh-50-persen-di-bawah-njop-hos40519097/","Murah Pake Banget Rumah Dr. Wahidin Loh! 50 Persen di Bawah NJOP!","Semarang Selatan, Semarang","MURAH PAKE BANGET DR. WAHIDIN LOH! 50 persen di bawah NJOP!  Tanah & Bangunan Pusat Kota Dr Wahidin Raya Semarang Luas Tanah 202 m² Luas Bangunan ...","1","[object Object]","1","[object Object]","202 m²","LT:","50 m²","LB:","https://picture.rumah123.com/r123-images/250x250-fit/customer/4417707/bf238df778c07de0c326553b2ff1e456.jpg","Diperbarui 1 minggu yang lalu oleh","Pieter Keny","+628953...","WhatsApp","1","[object Object]","https://pic.rumah123.com/r123/100x100-fit/logo/20230406044857_be_the_best_property.jpeg","","",""
"https://www.rumah123.com/portal-img/_next/image/?url=https%3A%2F%2Fpicture.rumah123.com%2Fr123-images%2F720x420-crop%2Fcustomer%2F4417707%2F3b24289e5c0c1b45398b99dd25729517.jpg&w=3840&q=75","","","[object Object]","5","[object Object]","Kost","Premier","https://www.rumah123.com/jual/cari/?location=jawa-tengah&itm_medium=search-suggestions-lokasi&itm_source=organic&quickLabel=Siap+Huni","Siap Huni","https://www.rumah123.com/jual/cari/?location=jawa-tengah&itm_medium=search-suggestions-lokasi&itm_source=organic&quickLabel=Dekat+Sekolah","Dekat Sekolah","Rp 6,5 Miliar","Rp 31 Jutaan (Tenor 20 Tahun)","Rp 40 Jutaan (Tenor 15 Tahun)","https://www.rumah123.com/properti/semarang-ngesrep/rumah-kos-full-isi-di-banyumanik-langsung-cashflow-siap-huni-investasi-kss261035/","Rumah + Kos Full Isi di Banyumanik - Langsung Cashflow, Siap Huni & Investasi","Ngesrep, Semarang","RUMAH + KOS AKTIF FULL ISI - LOKASI STRATEGIS BANYUMANIK SEMARANG   Jl. Jrobang Raya, Kel. Ngesrep, Kec. Banyumanik, Semarang 50261  Properti langk...","9","[object Object]","9","[object Object]","650 m²","LT:","180 m²","LB:","https://picture.rumah123.com/r123-images/250x250-fit/customer/4417707/bf238df778c07de0c326553b2ff1e456.jpg","Diperbarui 2 minggu yang lalu oleh","Pieter Keny","+628953...","WhatsApp","2","[object Object]","https://pic.rumah123.com/r123/100x100-fit/logo/20230406044857_be_the_best_property.jpeg","","",""
"https://www.rumah123.com/portal-img/_next/image/?url=https%3A%2F%2Fpicture.rumah123.com%2Fr123-images%2F720x420-crop%2Fcustomer%2F2169486%2Ffe7d319a463f9b35b87805c99eb0756b.jpg&w=3840&q=75","","","[object Object]","2","[object Object]","Ruko","Premier","https://www.rumah123.com/jual/cari/?location=jawa-tengah&itm_medium=search-suggestions-lokasi&itm_source=organic&quickLabel=Lelang","Lelang","","","Rp 505 Juta Total","Rp 2 Jutaan (Tenor 20 Tahun)","Rp 3 Jutaan (Tenor 15 Tahun)","https://www.rumah123.com/properti/pekalongan-pekalongan-timur/ruko-dupan-square-shs4667122/","Ruko Dupan Square","Pekalongan Timur, Pekalongan","Aset Property Lelang by Permata Bank","","","","","50 m²","LT:","92 m²","LB:","https://pic.rumah123.com/r123/250x250-fit/photo/2169486/21694861740743464.jpg","Diperbarui 2 minggu yang lalu oleh","Permata Bank","+628128...","WhatsApp","","","https://pic.rumah123.com/r123/100x100-fit/logo/20240801040115_aset_bank.png","","",""
"https://www.rumah123.com/portal-img/_next/image/?url=https%3A%2F%2Fpicture.rumah123.com%2Fr123-images%2F720x420-crop%2Fcustomer%2F2169486%2Fab4c3e617f54c0e0448654f1f80f85f6.jpg&w=3840&q=75","","","[object Object]","2","[object Object]","Ruko","Premier","https://www.rumah123.com/jual/cari/?location=jawa-tengah&itm_medium=search-suggestions-lokasi&itm_source=organic&quickLabel=Lelang","Lelang","","","Rp 5,11 Miliar Total","Rp 25 Jutaan (Tenor 20 Tahun)","Rp 32 Jutaan (Tenor 15 Tahun)","https://www.rumah123.com/properti/semarang-semarang-tengah/ruko-lelang-permata-bank-semarang-shs4652715/","Ruko Lelang Permata Bank Semarang","Semarang Tengah, Semarang","Aset Property Lelang by Kurator Permata Bank","","","","","292 m²","LT:","340 m²","LB:","https://pic.rumah123.com/r123/250x250-fit/photo/2169486/21694861740743464.jpg","Diperbarui 2 minggu yang lalu oleh","Permata Bank","+628128...","WhatsApp","","","https://pic.rumah123.com/r123/100x100-fit/logo/20240801040115_aset_bank.png","","",""
"https://www.rumah123.com/portal-img/_next/image/?url=https%3A%2F%2Fpicture.rumah123.com%2Fr123-images%2F720x420-crop%2Fcustomer%2F2169486%2F0eb19b3546c0c15f56e289f36445ebc7.png&w=3840&q=75","","","[object Object]","2","[object Object]","Kantor","Premier","https://www.rumah123.com/jual/cari/?location=jawa-tengah&itm_medium=search-suggestions-lokasi&itm_source=organic&quickLabel=Lelang","Lelang","","","Rp 3,12 Miliar Total","Rp 15 Jutaan (Tenor 20 Tahun)","Rp 19 Jutaan (Tenor 15 Tahun)","https://www.rumah123.com/properti/pekalongan-pekalongan-barat/rukan-jalan-jendral-sudirman-ofs4667047/","Rukan Jalan Jendral Sudirman","Pekalongan Barat, Pekalongan","Aset Property Lelang by Permata Bank","","","","","675 m²","LT:","156 m²","LB:","https://pic.rumah123.com/r123/250x250-fit/photo/2169486/21694861740743464.jpg","Diperbarui 2 minggu yang lalu oleh","Permata Bank","+628128...","WhatsApp","","","https://pic.rumah123.com/r123/100x100-fit/logo/20240801040115_aset_bank.png","","",""
"https://www.rumah123.com/portal-img/_next/image/?url=https%3A%2F%2Fpicture.rumah123.com%2Fr123-images%2F720x420-crop%2Fcustomer%2F2169486%2F4e7cf8519c24556a61a4bd009d2a0373.jpg&w=3840&q=75","","","","1","[object Object]","Tanah","Premier","https://www.rumah123.com/jual/cari/?location=jawa-tengah&itm_medium=search-suggestions-lokasi&itm_source=organic&quickLabel=Lelang","Lelang","","","Rp 15,3 Miliar Total","Rp 75 Jutaan (Tenor 20 Tahun)","Rp 96 Jutaan (Tenor 15 Tahun)","https://www.rumah123.com/properti/surakarta-serengan/tanah-lelang-permata-bank-serengan-kota-surakarta-las4340991/","Tanah Lelang Permata Bank Serengan, Kota Surakarta","Serengan, Surakarta","Aset Property Lelang by Permata Bank","","","","","977 m²","LT:","","","https://pic.rumah123.com/r123/250x250-fit/photo/2169486/21694861740743464.jpg","Diperbarui 2 minggu yang lalu oleh","Permata Bank","+628128...","WhatsApp","","","https://pic.rumah123.com/r123/100x100-fit/logo/20240801040115_aset_bank.png","","",""
"https://www.rumah123.com/portal-img/_next/image/?url=https%3A%2F%2Fpicture.rumah123.com%2Fr123-images%2F720x420-crop%2Fcustomer%2F2169486%2Fdee88fc3d82bbd1381f20e5f831c0776.jpg&w=3840&q=75","","","","1","[object Object]","Tanah","Premier","https://www.rumah123.com/jual/cari/?location=jawa-tengah&itm_medium=search-suggestions-lokasi&itm_source=organic&quickLabel=Lelang","Lelang","","","Rp 3,9 Miliar Total","Rp 19 Jutaan (Tenor 20 Tahun)","Rp 24 Jutaan (Tenor 15 Tahun)","https://www.rumah123.com/properti/sukoharjo-kartasura/tanah-lelang-permata-bank-sukoharjo-jawa-tengah-las4340992/","Tanah Lelang Permata Bank Sukoharjo, Jawa Tengah","Kartasura, Sukoharjo","Aset Property Lelang by Permata Bank","","","","","900 m²","LT:","","","https://pic.rumah123.com/r123/250x250-fit/photo/2169486/21694861740743464.jpg","Diperbarui 2 minggu yang lalu oleh","Permata Bank","+628128...","WhatsApp","","","https://pic.rumah123.com/r123/100x100-fit/logo/20240801040115_aset_bank.png","","",""
"https://www.rumah123.com/portal-img/_next/image/?url=https%3A%2F%2Fpicture.rumah123.com%2Fr123-images%2F720x420-crop%2Fcustomer%2F4382248%2Fe5911e38bdec981ad0d4ba20878d575e.jpg&w=3840&q=75","","","[object Object]","11","[object Object]","Tanah","Premier","https://www.rumah123.com/jual/cari/?location=jawa-tengah&itm_medium=search-suggestions-lokasi&itm_source=organic&quickLabel=Dekat+Sekolah","Dekat Sekolah","","","Rp 450 Juta Total","Rp 2 Jutaan (Tenor 20 Tahun)","Rp 2 Jutaan (Tenor 15 Tahun)","https://www.rumah123.com/properti/sukoharjo-sukoharjo/di-jual-cepat-tanah-murah-strategis-diselatan-smk-bina-patria-1-sukoharjo-las9177774/","Butuh Uang Cepat Tanah di Tengah Kota Sukoharjo","Sukoharjo, Sukoharjo","Siapa cepat dia dapat Di jual Murah Tanah di Selatan Alun alun Sukoharjo di jual cepat saja karena tidak ada yang ngurus,  SHM luas tanah 158m2 pan...","","","","","158 m²","LT:","","","https://pic.rumah123.com/r123/250x250-fit/photo/4382248/43822481757769900.jpg","Diperbarui 3 hari yang lalu oleh","Adi losiadi","+628127...","WhatsApp","","","","","",""
"https://www.rumah123.com/portal-img/_next/image/?url=https%3A%2F%2Fpicture.rumah123.com%2Fr123-images%2F720x420-crop%2Fcustomer%2F4370712%2Fb9cc456516f75751130f7819194b21e3.jpg&w=3840&q=75","","","[object Object]","13","[object Object]","Rumah","Premier","","","","","Rp 6,5 Miliar","Rp 31 Jutaan (Tenor 20 Tahun)","Rp 40 Jutaan (Tenor 15 Tahun)","https://www.rumah123.com/properti/semarang-ungaran-barat/rumah-strategis-full-furnished-di-ungaran-barat-hos39531536/","Rumah Strategis Full Furnished di Ungaran Barat","Ungaran Barat, Semarang","Rumah Strategis Full Furnished di Ungaran Barat  SHM KT 4 + 2 KM 5 + 2 Gudang 7.200W PAM Garasi Carport 2 Mobil Taman Depan Belakang View Full Furn...","4 + 2","[object Object]","5 + 2","[object Object]","685 m²","LT:","400 m²","LB:","https://pic.rumah123.com/r123/250x250-fit/photo/4370712/43707121751468657.jpg","Diperbarui 2 minggu yang lalu oleh","Fenny Lfang","+628122...","WhatsApp","2","[object Object]","https://pic.rumah123.com/r123/100x100-fit/logo/11318_logosubcomp.jpg","","",""
"https://www.rumah123.com/portal-img/_next/image/?url=https%3A%2F%2Fpicture.rumah123.com%2Fr123-images%2F720x420-crop%2Fcustomer%2F1183566%2Flisting%2Fhos41518645%2Fenhanced%2Fe36931e7e35f1c85dc104b9859ba640e.jpg&w=3840&q=75","","","","1","[object Object]","Rumah","Premier","https://www.rumah123.com/jual/cari/?location=jawa-tengah&itm_medium=search-suggestions-lokasi&itm_source=organic&quickLabel=Dekat+Landmark","Dekat Landmark","","","Rp 27,5 Miliar","Rp 135 Jutaan (Tenor 20 Tahun)","Rp 173 Jutaan (Tenor 15 Tahun)","https://www.rumah123.com/properti/semarang-bsb-city/rumah-mewahdi-puri-arga-golf-bsb-city-semarang-hos41518645/","Rumah Mewahdi Puri Arga Golf Bsb City Semarang","BSB City, Semarang","Dijual Rumah Mewah di Puri Arga Golf BSB Semarang  Rumah 2 Lantai Luas Tanah 1357m² Luas Bangunan 1100m² Kamar Tidur 4+2 Kamar Mandi 4+2 Listrik ...","6","[object Object]","6","[object Object]","1357 m²","LT:","1100 m²","LB:","https://pic.rumah123.com/r123/250x250-fit/photo/1183566/11835661715592569.jpg","Diperbarui 5 hari yang lalu oleh","Okta Property","+628213...","WhatsApp","2 + 2","[object Object]","https://pic.rumah123.com/r123/100x100-fit/logo/20201202052029_hepi_property.jpeg","","",""
"https://www.rumah123.com/portal-img/_next/image/?url=https%3A%2F%2Fpicture.rumah123.com%2Fr123-images%2F720x420-crop%2Fcustomer%2F1183566%2F4a4f178c98911b9869f0506a2db97c18.jpg&w=3840&q=75","","","[object Object]","2","[object Object]","Rumah","Premier","https://www.rumah123.com/jual/cari/?location=jawa-tengah&itm_medium=search-suggestions-lokasi&itm_source=organic&quickLabel=Dekat+Landmark","Dekat Landmark","","","Rp 21 Miliar","Rp 103 Jutaan (Tenor 20 Tahun)","Rp 132 Jutaan (Tenor 15 Tahun)","https://www.rumah123.com/properti/semarang-bsb-city/rumah-mewah-di-puri-arga-golf-bsb-semarang-1-menit-ke-uptownmall-hos41518027/","Rumah Mewah di Puri Arga Golf Bsb Semarang 1 Menit ke Uptownmall","BSB City, Semarang","Dijual Rumah Mewah Semi Furnished di Puri Arga Golf BSB Semarang  Luas Tanah 600m² Luas Bangunan 900m² Kamar Tidur 4+1+1 Kamar mandi 6+1 Listrik ...","4","[object Object]","6","[object Object]","600 m²","LT:","900 m²","LB:","https://pic.rumah123.com/r123/250x250-fit/photo/1183566/11835661715592569.jpg","Diperbarui 2 minggu yang lalu oleh","Okta Property","+628213...","WhatsApp","2 + 2","[object Object]","https://pic.rumah123.com/r123/100x100-fit/logo/20201202052029_hepi_property.jpeg","","",""
"https://www.rumah123.com/portal-img/_next/image/?url=https%3A%2F%2Fpicture.rumah123.com%2Fr123-images%2F720x420-crop%2Fcustomer%2F1681746%2F1bb4a80b17014514e1308096136d59c4.jpg&w=3840&q=75","","","[object Object]","9","[object Object]","Rumah","Premier","https://www.rumah123.com/jual/cari/?location=jawa-tengah&itm_medium=search-suggestions-lokasi&itm_source=organic&quickLabel=Dekat+Akses+Transportasi","Dekat Akses Transportasi","https://www.rumah123.com/jual/cari/?location=jawa-tengah&itm_medium=search-suggestions-lokasi&itm_source=organic&quickLabel=Dekat+Fasilitas+Kesehatan","Dekat Fasilitas Kesehatan","Rp 17 Miliar","Rp 83 Jutaan (Tenor 20 Tahun)","Rp 106 Jutaan (Tenor 15 Tahun)","https://www.rumah123.com/properti/semarang-semarang-tengah/bagus-dekat-rs-telogorejo-dan-simpang-lima-semarang-bagus-shm-hos40164688/","Bagus ! Dekat Rs Telogorejo dan Simpang Lima Semarang ! Bagus SHM","Semarang Tengah, Semarang","Dijual rumah tengah kota semarang ! - dekat ke RS Telogorejo Semarang - dekar Simpang Lima Semarang - dekat Hotel Tentrem - dekat Bandara Ahmad Yan...","4 + 1","[object Object]","5 + 2","[object Object]","359 m²","LT:","600 m²","LB:","https://pic.rumah123.com/r123/250x250-fit/photo/1681746/16817461712498406.jpg","Diperbarui 2 minggu yang lalu oleh","Julianto property Julianto","+628580...","WhatsApp","2 + 2","[object Object]","https://pic.rumah123.com/r123/100x100-fit/logo/20201202052029_hepi_property.jpeg","https://www.rumah123.com/jual/cari/?location=jawa-tengah&itm_medium=search-suggestions-lokasi&itm_source=organic&quickLabel=Dekat+Tempat+Wisata","Dekat Tempat Wisata",""
"https://www.rumah123.com/portal-img/_next/image/?url=https%3A%2F%2Fpicture.rumah123.com%2Fr123-images%2F720x420-crop%2Fcustomer%2F4388369%2F11a7fa14804f086df4e904b0e6d781eb.jpg&w=3840&q=75","","","[object Object]","4","[object Object]","Tanah","Premier","https://www.rumah123.com/jual/cari/?location=jawa-tengah&itm_medium=search-suggestions-lokasi&itm_source=organic&quickLabel=Dekat+Akses+Transportasi","Dekat Akses Transportasi","https://www.rumah123.com/jual/cari/?location=jawa-tengah&itm_medium=search-suggestions-lokasi&itm_source=organic&quickLabel=Dekat+Tempat+Ibadah","Dekat Tempat Ibadah","Rp 294 Juta Total","Rp 1 Jutaan (Tenor 20 Tahun)","Rp 1 Jutaan (Tenor 15 Tahun)","https://www.rumah123.com/properti/klaten-prambanan/prambanan-klaten-tanah-dijual-dekat-candi-prambanan-hanya-70-m-dari-jalan-raya-las9136333/","Prambanan Klaten, Tanah Dijual Dekat Candi Prambanan, Hanya 70 M Dari Jalan Raya","Prambanan, Klaten","Tanah ini berada di kawasan strategis dekat Candi Prambanan, salah satu ikon budaya terbesar di Yogyakarta. Dengan jarak hanya 70 meter dari Jalan ...","","","","","105 m²","LT:","","","https://pic.rumah123.com/r123/250x250-fit/photo/4388369/43883691755770387.jpg","Diperbarui 2 minggu yang lalu oleh","Yuris FA","+628510...","WhatsApp","","","https://pic.rumah123.com/r123/100x100-fit/logo/nologo.jpg","","",""
"https://www.rumah123.com/portal-img/_next/image/?url=https%3A%2F%2Fpicture.rumah123.com%2Fr123-images%2F720x420-crop%2Fcustomer%2F736603%2F2023-02-04-02-11-11-0c88ea0d-cb3f-40d0-8d10-fcd3efdaec53.jpg&w=3840&q=75","","","[object Object]","6","[object Object]","Gudang","Premier","https://www.rumah123.com/jual/cari/?location=jawa-tengah&itm_medium=search-suggestions-lokasi&itm_source=organic&quickLabel=Siap+Huni","Siap Huni","https://www.rumah123.com/jual/cari/?location=jawa-tengah&itm_medium=search-suggestions-lokasi&itm_source=organic&quickLabel=Bebas+Banjir","Bebas Banjir","Rp 14 Miliar Total","Rp 68 Jutaan (Tenor 20 Tahun)","Rp 88 Jutaan (Tenor 15 Tahun)","https://www.rumah123.com/properti/semarang-ngaliyan/gudang-di-kic-gatot-subroto-tahap-v-semarang-ln-4551-was9938640/","Gudang di Kic Gatot Subroto Tahap V , Semarang Ln 4551","Ngaliyan, Semarang","Gudang di KIC Gatot Subroto Tahap V , Semarang ( Ln 4551 ) Gudang siap pakai ,ada ruangan kantor listrik 164 kVa Lokasi strategis , jalan depan leb...","","","","","2000 m²","LT:","2400 m²","LB:","","Diperbarui 5 hari yang lalu oleh","Emirita Redland","+628193...","WhatsApp","","","https://pic.rumah123.com/r123/100x100-fit/logo/20200122032448_redland.jpeg","","",""
"https://www.rumah123.com/portal-img/_next/image/?url=https%3A%2F%2Fpicture.rumah123.com%2Fr123-images%2F720x420-crop%2Fcustomer%2F736603%2F2022-10-12-03-54-13-de0abb03-03b4-4889-ae9d-8b3ed95557e2.jpg&w=3840&q=75","","","[object Object]","2","[object Object]","Gudang","Premier","https://www.rumah123.com/jual/cari/?location=jawa-tengah&itm_medium=search-suggestions-lokasi&itm_source=organic&quickLabel=Siap+Huni","Siap Huni","https://www.rumah123.com/jual/cari/?location=jawa-tengah&itm_medium=search-suggestions-lokasi&itm_source=organic&quickLabel=Bebas+Banjir","Bebas Banjir","Rp 16,5 Miliar Total","Rp 81 Jutaan (Tenor 20 Tahun)","Rp 103 Jutaan (Tenor 15 Tahun)","https://www.rumah123.com/properti/semarang-ngaliyan/gudang-di-kic-gatot-subroto-tahap-v-semarang-lz-tt-4313-was9896456/","Gudang di Kic Gatot Subroto Tahap V , Semarang Lz Tt 4313","Ngaliyan, Semarang","Gudang di KIC Gatot Subroto Tahap V , Semarang ( Lz Tt 4313 ) Gudang siap pakai Berada dalam kawasan industri yang berkembang pesat Lokasi bebas ba...","","","","","3000 m²","LT:","2200 m²","LB:","","Diperbarui 1 minggu yang lalu oleh","Emirita Redland","+628193...","WhatsApp","","","https://pic.rumah123.com/r123/100x100-fit/logo/20200122032448_redland.jpeg","","",""
"https://www.rumah123.com/portal-img/_next/image/?url=https%3A%2F%2Fpicture.rumah123.com%2Fr123-images%2F720x420-crop%2Fcustomer%2F1162029%2Fc91f71c6a94f8455136beaa42e454f51.jpg&w=3840&q=75","","","","1","[object Object]","Rumah","Premier","https://www.rumah123.com/jual/cari/?location=jawa-tengah&itm_medium=search-suggestions-lokasi&itm_source=organic&quickLabel=Siap+Huni","Siap Huni","https://www.rumah123.com/jual/cari/?location=jawa-tengah&itm_medium=search-suggestions-lokasi&itm_source=organic&quickLabel=Bebas+Banjir","Bebas Banjir","Rp 662 Juta","Rp 3 Jutaan (Tenor 20 Tahun)","Rp 4 Jutaan (Tenor 15 Tahun)","https://www.rumah123.com/properti/semarang-ngaliyan/rumah-di-anggabaya-homes-ngaliyan-semarang-me-7670-hos41067305/","Rumah di Anggabaya Homes , Ngaliyan Semarang ( Me 7670 )","Ngaliyan, Semarang","Rumah di Anggabaya Homes , Ngaliyan Semarang ( Me 7670 ) Lokasi strategis , dekat fasilitas umum lainnya Daerah bebas banjir Rumah bagus dan siap h...","2","[object Object]","1","[object Object]","134 m²","LT:","42 m²","LB:","","Diperbarui 1 minggu yang lalu oleh","Emirita Redland","+628193...","WhatsApp","1","[object Object]","https://pic.rumah123.com/r123/100x100-fit/logo/20200122032448_redland.jpeg","","",""
"https://www.rumah123.com/portal-img/_next/image/?url=https%3A%2F%2Fpic.rumah123.com%2Fr123%2F720x420-crop%2Fcommercial%2Fco31%2F3170656%2Foriginal%2Fshs3170656-ruko-di-jual-di-ngaliyan-di-semarang-1652842415331.jpg&w=3840&q=75","","","[object Object]","5","[object Object]","Ruko","Premier","","","","","Rp 465 Juta Total","Rp 2 Jutaan (Tenor 20 Tahun)","Rp 2 Jutaan (Tenor 15 Tahun)","https://www.rumah123.com/properti/semarang-ngaliyan/ruko-di-permata-garden-ngaliyan-semarang-tt-3828-shs9896465/","Ruko di Permata Garden Ngaliyan , Semarang ( Tt 3828 )","Ngaliyan, Semarang","Ruko baru 1 lantai Hadap Timur laut HGB","1","[object Object]","","","75 m²","LT:","36 m²","LB:","","Diperbarui 1 minggu yang lalu oleh","Emirita Redland","+628193...","WhatsApp","","","https://pic.rumah123.com/r123/100x100-fit/logo/20200122032448_redland.jpeg","","",""
"https://www.rumah123.com/portal-img/_next/image/?url=https%3A%2F%2Fpicture.rumah123.com%2Fr123-images%2F720x420-crop%2Fcustomer%2F1963289%2F1bcfc56ea3ae057e8e355cb5f68c01c7.jpg&w=3840&q=85","https://www.rumah123.com/portal-img/_next/image/?url=https%3A%2F%2Fpicture.rumah123.com%2Fr123-images%2F720x420-crop%2Fcustomer%2F1963289%2F196f4b854c43232982b88eca70af4e3e.jpg&w=3840&q=75","https://www.rumah123.com/portal-img/_next/image/?url=https%3A%2F%2Fpicture.rumah123.com%2Fr123-images%2F720x420-crop%2Fcustomer%2F1963289%2F605cfe2b60c2518b74cf432e6023bd32.jpg&w=3840&q=75","[object Object]","10","[object Object]","Gudang","Premier","","","","","Rp 50 Miliar Total","Rp 245 Jutaan (Tenor 20 Tahun)","Rp 314 Jutaan (Tenor 15 Tahun)","https://www.rumah123.com/properti/tegal-kramat/gudang-di-jl-raya-tegal-pemalang-si-7790-was9412710/","Gudang di Jl Raya Tegal Pemalang ( Si 7790 )","Kramat, Tegal","Gudang di Jl Raya Tegal Pemalang ( Si 7790 )
 Lokasi strategis , jalan depan lebar
 Ada mess karyawan , ada Office , Pos keamanan
 Sisa lahan masih...","6","[object Object]","","","30653 m²","LT:","12000 m²","LB:","https://pic.rumah123.com/r123/250x250-fit/photo/1963289/19632891707117696.jpg","Diperbarui 3 minggu yang lalu oleh","Sintia Redland","+628783...","WhatsApp","","","https://pic.rumah123.com/r123/100x100-fit/logo/20200122032448_redland.jpeg","","",""
"https://www.rumah123.com/portal-img/_next/image/?url=https%3A%2F%2Fpicture.rumah123.com%2Fr123-images%2F720x420-crop%2Fcustomer%2F4448850%2F8aaa90934f9d7849bae6ce6228d01d70.jpg&w=3840&q=75","https://www.rumah123.com/portal-img/_next/image/?url=https%3A%2F%2Fpicture.rumah123.com%2Fr123-images%2F720x420-crop%2Fcustomer%2F4448850%2Fb6f438e83b7864046fa2f2baf2bdb7bf.jpg&w=3840&q=75","https://www.rumah123.com/portal-img/_next/image/?url=https%3A%2F%2Fpicture.rumah123.com%2Fr123-images%2F720x420-crop%2Fcustomer%2F4448850%2F48cd610eeb513c84238394ed60439374.jpg&w=3840&q=75","[object Object]","6","[object Object]","Rumah","Premier","","","","","Rp 385 Juta","Rp 1 Jutaan (Tenor 20 Tahun)","Rp 2 Jutaan (Tenor 15 Tahun)","https://www.rumah123.com/properti/tegal-slawi/rumah-300-juta-di-slawi-hos41183227/","Rumah 300 Juta di Slawi","Slawi, Tegal","rumah hunian modern dengan model scandinavian yang memberikan nuansa modern dengan fasilitas 2 kamar tidur, 1 kamar mandi dan ruang keluarga yang l...","2","[object Object]","1","[object Object]","100 m²","LT:","40 m²","LB:","","Diperbarui 3 minggu yang lalu oleh","Griya Zafira Permai 2","+628516...","WhatsApp","1","[object Object]","","","",""
"https://www.rumah123.com/portal-img/_next/image/?url=https%3A%2F%2Fpicture.rumah123.com%2Fr123-images%2F720x420-crop%2Fcustomer%2F1049804%2F292a3a73cf9cfad50e0003d4b4a162e8.jpg&w=3840&q=75","https://www.rumah123.com/portal-img/_next/image/?url=https%3A%2F%2Fpicture.rumah123.com%2Fr123-images%2F720x420-crop%2Fcustomer%2F1049804%2F7604f24d36c3774ad5c6ff5634351d3f.jpg&w=3840&q=75","https://www.rumah123.com/portal-img/_next/image/?url=https%3A%2F%2Fpicture.rumah123.com%2Fr123-images%2F720x420-crop%2Fcustomer%2F1049804%2F1cba1103efa341f9a406afe9cbd4b6f1.jpg&w=3840&q=75","[object Object]","4","[object Object]","Tanah","Premier","https://www.rumah123.com/jual/cari/?location=jawa-tengah&itm_medium=search-suggestions-lokasi&itm_source=organic&quickLabel=Dekat+Pusat+Perbelanjaan","Dekat Pusat Perbelanjaan","https://www.rumah123.com/jual/cari/?location=jawa-tengah&itm_medium=search-suggestions-lokasi&itm_source=organic&quickLabel=Dekat+Sekolah","Dekat Sekolah","Rp 6,63 Miliar Total","Rp 32 Jutaan (Tenor 20 Tahun)","Rp 41 Jutaan (Tenor 15 Tahun)","https://www.rumah123.com/properti/purwokerto-purwokerto/tanah-super-istimewa-dan-murah-dekat-rita-mall-purwokerto-las9087555/","Tanah Super Istimewa dan Murah Dekat Rita Mall Purwokerto","Purwokerto , Purwokerto","Di Jual Cepat Tanah Pekarangan di Belakang Persis RITA Mall Purwokerto. Sangat Cocok untuk Kantor, Showroom, Gudang, Kostel,  Kost Ekslusive, Homes...","","","","","1474 m²","LT:","","","https://pic.rumah123.com/r123/250x250-fit/photo/1049804/10498041634461712.jpg","Diperbarui 3 minggu yang lalu oleh","Uut Benka Property Yogya","+628139...","WhatsApp","","","https://pic.rumah123.com/r123/100x100-fit/logo/nologo.jpg","https://www.rumah123.com/jual/cari/?location=jawa-tengah&itm_medium=search-suggestions-lokasi&itm_source=organic&quickLabel=Cocok+untuk+kost","Cocok untuk kost",""
"https://www.rumah123.com/portal-img/_next/image/?url=https%3A%2F%2Fpicture.rumah123.com%2Fr123-images%2F720x420-crop%2Fcustomer%2F1183566%2F1e20bb4e72435bdc87d23e2c5a1cd623.jpg&w=3840&q=75","","","","1","[object Object]","Tanah","Premier","https://www.rumah123.com/jual/cari/?location=jawa-tengah&itm_medium=search-suggestions-lokasi&itm_source=organic&quickLabel=Cocok+untuk+kost","Cocok untuk kost","","","Rp 3,4 Miliar Total","Rp 16 Jutaan (Tenor 20 Tahun)","Rp 21 Jutaan (Tenor 15 Tahun)","https://www.rumah123.com/properti/semarang-gajah-mungkur/tanah-strategis-pinggir-jalan-raya-di-papandayan-gajah-mungkur-semarang-las8855095/","Tanah Strategis Pinggir Jalan Raya di Papandayan Gajah Mungkur Semarang","Gajah Mungkur, Semarang","Tanah Strategis Pinggir Jalan raya Di Papandayan Gajah Mungkur Semarang","","","","","400 m²","LT:","","","https://pic.rumah123.com/r123/250x250-fit/photo/1183566/11835661715592569.jpg","Diperbarui 2 minggu yang lalu oleh","Okta Property","+628213...","WhatsApp","","","https://pic.rumah123.com/r123/100x100-fit/logo/20201202052029_hepi_property.jpeg","","",""
"https://www.rumah123.com/portal-img/_next/image/?url=https%3A%2F%2Fpicture.rumah123.com%2Fr123-images%2F720x420-crop%2Fcustomer%2F4437713%2F74a63bc7c94eaac169cd54f46c8c9982.jpg&w=3840&q=75","https://www.rumah123.com/portal-img/_next/image/?url=https%3A%2F%2Fpicture.rumah123.com%2Fr123-images%2F720x420-crop%2Fcustomer%2F4437713%2Fc4e53614a67607806e52d1aed0844106.jpg&w=3840&q=75","https://www.rumah123.com/portal-img/_next/image/?url=https%3A%2F%2Fpicture.rumah123.com%2Fr123-images%2F720x420-crop%2Fcustomer%2F4437713%2F052c62726e1a2d1091c7a14c179bc345.jpg&w=3840&q=75","[object Object]","15","[object Object]","Rumah","Premier","https://www.rumah123.com/jual/cari/?location=jawa-tengah&itm_medium=search-suggestions-lokasi&itm_source=organic&quickLabel=Bisa+Nego","Bisa Nego","","","Rp 3,5 Miliar","Rp 17 Jutaan (Tenor 20 Tahun)","Rp 22 Jutaan (Tenor 15 Tahun)","https://www.rumah123.com/properti/solo-kartosuro/rumah-dijjal-cepat-lokasi-di-kartosuro-solo-sukoharjo-hos41190936/","Rumah Dijual Kartosuro Lokasi di Kartosuro Solo Sukoharjo","Kartosuro, Solo","Kesempatan terbatas buat Anda dapatkan rumah strategis dengan return investasi tinggi di Kartosuro, Solo.
 
 Rumah ini menawarkan kelengkapan fasil...","5","[object Object]","3","[object Object]","350 m²","LT:","600 m²","LB:","https://picture.rumah123.com/r123-images/250x250-fit/customer/4437713/5d836b2b48a672db0826ca0aa804a987.jpg","Diperbarui 3 minggu yang lalu oleh","Samudra Era Irea","+628154...","WhatsApp","1","[object Object]","https://pic.rumah123.com/r123/100x100-fit/logo/20190701123328_irea_solo.jpeg","","",""
"https://www.rumah123.com/portal-img/_next/image/?url=https%3A%2F%2Fpicture.rumah123.com%2Fr123-images%2F720x420-crop%2Fcustomer%2F4437713%2Fdebc800c2d5924e3f7245a87c60c85a0.jpg&w=3840&q=75","https://www.rumah123.com/portal-img/_next/image/?url=https%3A%2F%2Fpicture.rumah123.com%2Fr123-images%2F720x420-crop%2Fcustomer%2F4437713%2F68953e5671f16212b10930efeb5bb6e2.jpg&w=3840&q=75","https://www.rumah123.com/portal-img/_next/image/?url=https%3A%2F%2Fpicture.rumah123.com%2Fr123-images%2F720x420-crop%2Fcustomer%2F4437713%2Fd3b755d1cc07ac145866a095ee0dd919.jpg&w=3840&q=75","[object Object]","9","[object Object]","Tanah","Premier","","","","","Rp 30,2 Miliar Total","Rp 148 Jutaan (Tenor 20 Tahun)","Rp 190 Jutaan (Tenor 15 Tahun)","https://www.rumah123.com/properti/solo-colomadu/tanah-solo-dijual-dekat-hotel-alana-jalan-adi-sucipto-solo-las9147180/","Tanah Solo Dijual Dekat Hotel Alana Jalan Adi Sucipto Solo","Colomadu, Solo","Tanah solo dijual dekat hotel alana di jalan adi sucipto solo sangat strategis siap dibangun cocok juga untuk investasi","","","","","2326 m²","LT:","","","https://picture.rumah123.com/r123-images/250x250-fit/customer/4437713/5d836b2b48a672db0826ca0aa804a987.jpg","Diperbarui 4 minggu yang lalu oleh","Samudra Era Irea","+628154...","WhatsApp","","","https://pic.rumah123.com/r123/100x100-fit/logo/20190701123328_irea_solo.jpeg","","",""
"https://www.rumah123.com/portal-img/_next/image/?url=https%3A%2F%2Fpicture.rumah123.com%2Fr123-images%2F720x420-crop%2Fcustomer%2F71926%2Ff054da8f3a399029696929f8dd3a9c4c.jpg&w=3840&q=75","https://www.rumah123.com/portal-img/_next/image/?url=https%3A%2F%2Fpicture.rumah123.com%2Fr123-images%2F720x420-crop%2Fcustomer%2F71926%2F8288769aa11e9f338cbad579c277b39d.jpg&w=3840&q=75","https://www.rumah123.com/portal-img/_next/image/?url=https%3A%2F%2Fpicture.rumah123.com%2Fr123-images%2F720x420-crop%2Fcustomer%2F71926%2Ffb1d828e96595ed747690aaec8b845a4.jpg&w=3840&q=75","[object Object]","15","[object Object]","Rumah","Premier","","","","","Rp 2,73 Miliar","Rp 13 Jutaan (Tenor 20 Tahun)","Rp 17 Jutaan (Tenor 15 Tahun)","https://www.rumah123.com/properti/surakarta-serengan/rumah-dijual-di-solo-dekat-pasar-kembang-hos41418155/","Rumah Dijual di Solo Dekat Pasar Kembang","Serengan, Surakarta","Rumah bergaya modern di Serengan Solo
 
 Spesifikasi Utama Properti:
 
   - Kamar Tidur: 5
   - Kamar Mandi: 3
   - Sertifikat: SHM - Sertifikat Ha...","5","[object Object]","3","[object Object]","462 m²","LT:","197 m²","LB:","https://pic.rumah123.com/r123/250x250-fit/photo/71926/719261741943742.jpg","Diperbarui 4 minggu yang lalu oleh","SUSANTO ERA","+628510...","WhatsApp","1","[object Object]","https://pic.rumah123.com/r123/100x100-fit/logo/20190701123328_irea_solo.jpeg","","",""
"https://www.rumah123.com/portal-img/_next/image/?url=https%3A%2F%2Fpicture.rumah123.com%2Fr123-images%2F720x420-crop%2Fcustomer%2F71926%2F40149a2ccef13454f7f985ce428d5ac6.jpg&w=3840&q=75","https://www.rumah123.com/portal-img/_next/image/?url=https%3A%2F%2Fpicture.rumah123.com%2Fr123-images%2F720x420-crop%2Fcustomer%2F71926%2Fe9148896c01956447c80c7bd0e2f9f66.jpg&w=3840&q=75","https://www.rumah123.com/portal-img/_next/image/?url=https%3A%2F%2Fpicture.rumah123.com%2Fr123-images%2F720x420-crop%2Fcustomer%2F71926%2F11f0965ee91a00e3709a7c58f6fb6b2e.jpg&w=3840&q=75","[object Object]","11","[object Object]","Kost","Premier","https://www.rumah123.com/jual/cari/?location=jawa-tengah&itm_medium=search-suggestions-lokasi&itm_source=organic&quickLabel=Siap+Huni","Siap Huni","https://www.rumah123.com/jual/cari/?location=jawa-tengah&itm_medium=search-suggestions-lokasi&itm_source=organic&quickLabel=Bebas+Banjir","Bebas Banjir","Rp 3,9 Miliar","Rp 19 Jutaan (Tenor 20 Tahun)","Rp 24 Jutaan (Tenor 15 Tahun)","https://www.rumah123.com/properti/surakarta-jebres/rumah-kost-murah-solo-area-rsud-moewardi-kss155004/","Rumah Kost Murah Solo Area Rsud Moewardi","Jebres, Surakarta","Kost di Jebres.
 
 Miliki kost yang nyaman ini,  dijual menghadirkan lingkungan fasilitas yang lengkap, cocok untuk Anda yang menginginkan hunian a...","14","[object Object]","14","[object Object]","626 m²","LT:","180 m²","LB:","https://pic.rumah123.com/r123/250x250-fit/photo/71926/719261741943742.jpg","Diperbarui 4 minggu yang lalu oleh","SUSANTO ERA","+628510...","WhatsApp","5","[object Object]","https://pic.rumah123.com/r123/100x100-fit/logo/20190701123328_irea_solo.jpeg","https://www.rumah123.com/jual/cari/?location=jawa-tengah&itm_medium=search-suggestions-lokasi&itm_source=organic&quickLabel=Dekat+Sekolah","Dekat Sekolah",""
"https://www.rumah123.com/portal-img/_next/image/?url=https%3A%2F%2Fpicture.rumah123.com%2Fr123-images%2F720x420-crop%2Fcustomer%2F71926%2F58e7d70d13270a5373f5a1060283fab8.jpg&w=3840&q=75","https://www.rumah123.com/portal-img/_next/image/?url=https%3A%2F%2Fpicture.rumah123.com%2Fr123-images%2F720x420-crop%2Fcustomer%2F71926%2F6137909bdc671426a1bc114eae9abee8.jpg&w=3840&q=75","https://www.rumah123.com/portal-img/_next/image/?url=https%3A%2F%2Fpicture.rumah123.com%2Fr123-images%2F720x420-crop%2Fcustomer%2F71926%2F4642434c5a07396511c8736eadb16fb4.jpg&w=3840&q=75","[object Object]","11","[object Object]","Ruko","Premier","","","","","Rp 2,5 Miliar Total","Rp 12 Jutaan (Tenor 20 Tahun)","Rp 15 Jutaan (Tenor 15 Tahun)","https://www.rumah123.com/properti/solo-banjarsari/ruko-dijual-di-solo-dekat-stadion-manahan-shs9993991/","Ruko Dijual di Solo Dekat Stadion Manahan","Banjarsari, Solo","Dijual Ruko di Banjarsari Solo Kota
 
 Spesifikasi Utama Properti:
   - Kamar Mandi: 2
   - Sertifikat: SHM - Sertifikat Hak Milik
   - Daya Listri...","2","[object Object]","","","71 m²","LT:","94 m²","LB:","https://pic.rumah123.com/r123/250x250-fit/photo/71926/719261741943742.jpg","Diperbarui 4 minggu yang lalu oleh","SUSANTO ERA","+628510...","WhatsApp","","","https://pic.rumah123.com/r123/100x100-fit/logo/20190701123328_irea_solo.jpeg","","",""
"https://www.rumah123.com/portal-img/_next/image/?url=https%3A%2F%2Fpicture.rumah123.com%2Fr123-images%2F720x420-crop%2Fcustomer%2F71926%2Fc165097629757938e368bac702ea7964.jpg&w=3840&q=75","https://www.rumah123.com/portal-img/_next/image/?url=https%3A%2F%2Fpicture.rumah123.com%2Fr123-images%2F720x420-crop%2Fcustomer%2F71926%2F21e5a814c5d94c494fe0e523424aad49.jpg&w=3840&q=75","https://www.rumah123.com/portal-img/_next/image/?url=https%3A%2F%2Fpicture.rumah123.com%2Fr123-images%2F720x420-crop%2Fcustomer%2F71926%2F442e3e42f87a2fe5eda9c85ff1bd6a2f.jpg&w=3840&q=75","[object Object]","10","[object Object]","Rumah","Premier","https://www.rumah123.com/jual/cari/?location=jawa-tengah&itm_medium=search-suggestions-lokasi&itm_source=organic&quickLabel=Dekat+Akses+Transportasi","Dekat Akses Transportasi","https://www.rumah123.com/jual/cari/?location=jawa-tengah&itm_medium=search-suggestions-lokasi&itm_source=organic&quickLabel=Dekat+Tempat+Wisata","Dekat Tempat Wisata","Rp 378 Juta","Rp 1 Jutaan (Tenor 20 Tahun)","Rp 2 Jutaan (Tenor 15 Tahun)","https://www.rumah123.com/properti/sragen-sragen/rumah-dijual-di-sragen-sehat-dan-nyaman-cluster-exclusive-masjid-fasilitas-lengkap-10-menit-ke-pintu-toll-sragen-hos41384413/","Rumah Dijual di Sragen | Sehat dan Nyaman Cluster Exclusive + Masjid + Fasilitas Lengkap + 10 Menit ke Pintu Toll Sragen","Sragen, Sragen","Rumah bukan hanya bangunan, Tapi lingkungan yang membentuk kehidupan keluarga.
 Omahe DW Asri menawarkan: 
 
  Lingkungan bersih & tertata
  Masjid...","2","[object Object]","1","[object Object]","80 m²","LT:","36 m²","LB:","https://pic.rumah123.com/r123/250x250-fit/photo/71926/719261741943742.jpg","Diperbarui 4 minggu yang lalu oleh","SUSANTO ERA","+628510...","WhatsApp","1","[object Object]","https://pic.rumah123.com/r123/100x100-fit/logo/20190701123328_irea_solo.jpeg","https://www.rumah123.com/jual/cari/?location=jawa-tengah&itm_medium=search-suggestions-lokasi&itm_source=organic&quickLabel=Dekat+Tempat+Ibadah","Dekat Tempat Ibadah",""
"https://www.rumah123.com/portal-img/_next/image/?url=https%3A%2F%2Fpicture.rumah123.com%2Fr123-images%2F720x420-crop%2Fcustomer%2F71926%2Ff31615c7e19c700af83ca136b83942d9.jpg&w=3840&q=75","https://www.rumah123.com/portal-img/_next/image/?url=https%3A%2F%2Fpicture.rumah123.com%2Fr123-images%2F720x420-crop%2Fcustomer%2F71926%2F72c4231bc9171973d1b79dc8a5c3ef13.jpg&w=3840&q=75","https://www.rumah123.com/portal-img/_next/image/?url=https%3A%2F%2Fpicture.rumah123.com%2Fr123-images%2F720x420-crop%2Fcustomer%2F71926%2F461016237e668102aeaf3a58dbda3644.jpg&w=3840&q=75","[object Object]","10","[object Object]","Ruko","Premier","https://www.rumah123.com/jual/cari/?location=jawa-tengah&itm_medium=search-suggestions-lokasi&itm_source=organic&quickLabel=Dekat+Tempat+Ibadah","Dekat Tempat Ibadah","","","Rp 1,9 Miliar Total","Rp 9 Jutaan (Tenor 20 Tahun)","Rp 11 Jutaan (Tenor 15 Tahun)","https://www.rumah123.com/properti/solo-banjarsari/ruko-dijual-di-solo-dekat-terminal-tirtonadi-shs9994031/","Ruko Dijual di Solo Dekat Terminal Tirtonadi","Banjarsari, Solo","Dijual Ruko di Banjarsari Solo Kota
 
 Spesifikasi Utama Properti:
   - Kamar Mandi: 2
   - Sertifikat: SHM - Sertifikat Hak Milik
   - Daya Listri...","2","[object Object]","","","99 m²","LT:","130 m²","LB:","https://pic.rumah123.com/r123/250x250-fit/photo/71926/719261741943742.jpg","Diperbarui 4 minggu yang lalu oleh","SUSANTO ERA","+628510...","WhatsApp","","","https://pic.rumah123.com/r123/100x100-fit/logo/20190701123328_irea_solo.jpeg","","",""
"https://www.rumah123.com/portal-img/_next/image/?url=https%3A%2F%2Fpicture.rumah123.com%2Fr123-images%2F720x420-crop%2Fcustomer%2F71926%2F12d87b6e2ad099965ff35f64324cd248.jpg&w=3840&q=75","https://www.rumah123.com/portal-img/_next/image/?url=https%3A%2F%2Fpicture.rumah123.com%2Fr123-images%2F720x420-crop%2Fcustomer%2F71926%2F6ac0832b09d42624210901f40b4ca453.jpg&w=3840&q=75","https://www.rumah123.com/portal-img/_next/image/?url=https%3A%2F%2Fpicture.rumah123.com%2Fr123-images%2F720x420-crop%2Fcustomer%2F71926%2Fe3db420ee7ac0f32b9421824a710ea0b.jpg&w=3840&q=75","[object Object]","6","[object Object]","Ruko","Premier","https://www.rumah123.com/jual/cari/?location=jawa-tengah&itm_medium=search-suggestions-lokasi&itm_source=organic&quickLabel=Siap+Huni","Siap Huni","https://www.rumah123.com/jual/cari/?location=jawa-tengah&itm_medium=search-suggestions-lokasi&itm_source=organic&quickLabel=Dekat+Akses+Transportasi","Dekat Akses Transportasi","Rp 2,25 Miliar Total","Rp 11 Jutaan (Tenor 20 Tahun)","Rp 14 Jutaan (Tenor 15 Tahun)","https://www.rumah123.com/properti/klaten-klaten-tengah/ruko-dijual-di-klaten-dekat-alunalun-klaten-shs9946181/","Ruko Dijual di Klaten Dekat Alun-Alun Klaten","Klaten Tengah, Klaten","Dijual Ruko di Klaten Kota Siap Huni
 
 Spesifikasi Utama Properti:
   - Kamar Tidur :3
   - Kamar Mandi: 3
   - Sertifikat: SHM - Sertifikat Hak M...","3","[object Object]","","","95 m²","LT:","270 m²","LB:","https://pic.rumah123.com/r123/250x250-fit/photo/71926/719261741943742.jpg","Diperbarui 4 minggu yang lalu oleh","SUSANTO ERA","+628510...","WhatsApp","","","https://pic.rumah123.com/r123/100x100-fit/logo/20190701123328_irea_solo.jpeg","https://www.rumah123.com/jual/cari/?location=jawa-tengah&itm_medium=search-suggestions-lokasi&itm_source=organic&quickLabel=Dekat+Tempat+Wisata","Dekat Tempat Wisata",""
"https://www.rumah123.com/portal-img/_next/image/?url=https%3A%2F%2Fpicture.rumah123.com%2Fr123-images%2F720x420-crop%2Fcustomer%2F71926%2Ff190af8fc73aeb104733c40aedd43343.jpg&w=3840&q=75","https://www.rumah123.com/portal-img/_next/image/?url=https%3A%2F%2Fpicture.rumah123.com%2Fr123-images%2F720x420-crop%2Fcustomer%2F71926%2F466020755340a80ae026fd9adcaf3103.jpg&w=3840&q=75","https://www.rumah123.com/portal-img/_next/image/?url=https%3A%2F%2Fpicture.rumah123.com%2Fr123-images%2F720x420-crop%2Fcustomer%2F71926%2Fa0aa188aaf387e2b65e25e2d44e2f2d5.jpg&w=3840&q=75","[object Object]","21","[object Object]","Kost","Premier","","","","","Rp 5,9 Miliar","Rp 28 Jutaan (Tenor 20 Tahun)","Rp 37 Jutaan (Tenor 15 Tahun)","https://www.rumah123.com/properti/solo-banjarsari/kostl-di-solo-dekat-graha-saba-buana-kss246506/","Dijual Guesthouse di Solo Dekat Graha Saba Buana | Guest House Aktif","Banjarsari, Solo","Dijual Kost di Banjarsari, Solo.
 
 Dengan spesifikasinya adalah sebagai berikut:
   - Kamar Tidur: 18
   - Kamar Mandi: 21
   - Sertifikat: SHM - ...","18","[object Object]","21","[object Object]","150 m²","LT:","600 m²","LB:","https://pic.rumah123.com/r123/250x250-fit/photo/71926/719261741943742.jpg","Diperbarui 3 minggu yang lalu oleh","SUSANTO ERA","+628510...","WhatsApp","","","https://pic.rumah123.com/r123/100x100-fit/logo/20190701123328_irea_solo.jpeg","","",""
"https://www.rumah123.com/portal-img/_next/image/?url=https%3A%2F%2Fpicture.rumah123.com%2Fr123-images%2F720x420-crop%2Fcustomer%2F71926%2F7a7a37ca784ec6fbc02fe8d042b8d625.jpg&w=3840&q=75","https://www.rumah123.com/portal-img/_next/image/?url=https%3A%2F%2Fpicture.rumah123.com%2Fr123-images%2F720x420-crop%2Fcustomer%2F71926%2Fad6616edf7c7b147239724b839caa7d6.jpg&w=3840&q=75","https://www.rumah123.com/portal-img/_next/image/?url=https%3A%2F%2Fpicture.rumah123.com%2Fr123-images%2F720x420-crop%2Fcustomer%2F71926%2F62efe347dff7c4da5bf5060404be1c0d.jpg&w=3840&q=75","[object Object]","15","[object Object]","Kost","Premier","https://www.rumah123.com/jual/cari/?location=jawa-tengah&itm_medium=search-suggestions-lokasi&itm_source=organic&quickLabel=Siap+Huni","Siap Huni","https://www.rumah123.com/jual/cari/?location=jawa-tengah&itm_medium=search-suggestions-lokasi&itm_source=organic&quickLabel=Bebas+Banjir","Bebas Banjir","Rp 12 Miliar","Rp 58 Jutaan (Tenor 20 Tahun)","Rp 75 Jutaan (Tenor 15 Tahun)","https://www.rumah123.com/properti/surakarta-jebres/dijual-rumah-kost-murah-solo-area-kampus-uns-kss154999/","Dijual Rumah Kost Murah Solo Area Kampus Uns","Jebres, Surakarta","Kost di Jebres, Surakarta.
 
 For sale di wilayah yang asri. Dengan kategorinya adalah sebagai berikut:
   - Kamar Tidur: 66
   - Kamar Mandi: 66
 ...","66","[object Object]","66","[object Object]","440 m²","LT:","950 m²","LB:","https://pic.rumah123.com/r123/250x250-fit/photo/71926/719261741943742.jpg","Diperbarui 4 minggu yang lalu oleh","SUSANTO ERA","+628510...","WhatsApp","","","https://pic.rumah123.com/r123/100x100-fit/logo/20190701123328_irea_solo.jpeg","https://www.rumah123.com/jual/cari/?location=jawa-tengah&itm_medium=search-suggestions-lokasi&itm_source=organic&quickLabel=Dekat+Sekolah","Dekat Sekolah",""
"https://www.rumah123.com/portal-img/_next/image/?url=https%3A%2F%2Fpicture.rumah123.com%2Fr123-images%2F720x420-crop%2Fcustomer%2F71926%2Fb2845ef12c0505df72a423b08e0b5114.jpg&w=3840&q=75","https://www.rumah123.com/portal-img/_next/image/?url=https%3A%2F%2Fpicture.rumah123.com%2Fr123-images%2F720x420-crop%2Fcustomer%2F71926%2F584dceadb818bba9f2365e3e840d4e8f.jpg&w=3840&q=75","https://www.rumah123.com/portal-img/_next/image/?url=https%3A%2F%2Fpicture.rumah123.com%2Fr123-images%2F720x420-crop%2Fcustomer%2F71926%2F7b0a257a433bee0e04fbd4508c28e031.jpg&w=3840&q=75","[object Object]","10","[object Object]","Rumah","Premier","https://www.rumah123.com/jual/cari/?location=jawa-tengah&itm_medium=search-suggestions-lokasi&itm_source=organic&quickLabel=Dekat+Pusat+Perbelanjaan","Dekat Pusat Perbelanjaan","https://www.rumah123.com/jual/cari/?location=jawa-tengah&itm_medium=search-suggestions-lokasi&itm_source=organic&quickLabel=Dekat+Sekolah","Dekat Sekolah","Rp 2,55 Miliar","Rp 12 Jutaan (Tenor 20 Tahun)","Rp 16 Jutaan (Tenor 15 Tahun)","https://www.rumah123.com/properti/sukoharjo-kartasura/rumah-dijual-di-solo-dekat-transmart-pabelan-hos41421011/","Rumah Dijual di Solo Dekat Transmart Pabelan","Kartasura, Sukoharjo","Rumah Dijual di Solo 
 
 Spesifikasinya adalah sebagai berikut:
 
   - Kamar Tidur: 3
   - Kamar Mandi: 2
   - Sertifikat: SHM - Sertifikat Hak Mil...","3","[object Object]","2","[object Object]","340 m²","LT:","150 m²","LB:","https://pic.rumah123.com/r123/250x250-fit/photo/71926/719261741943742.jpg","Diperbarui 4 minggu yang lalu oleh","SUSANTO ERA","+628510...","WhatsApp","1","[object Object]","https://pic.rumah123.com/r123/100x100-fit/logo/20190701123328_irea_solo.jpeg","https://www.rumah123.com/jual/cari/?location=jawa-tengah&itm_medium=search-suggestions-lokasi&itm_source=organic&quickLabel=Dekat+Fasilitas+Kesehatan","Dekat Fasilitas Kesehatan",""
"https://www.rumah123.com/portal-img/_next/image/?url=https%3A%2F%2Fpicture.rumah123.com%2Fr123-images%2F720x420-crop%2Fcustomer%2F71926%2Fe3650b77eb67fe00df63c4523f15e883.jpg&w=3840&q=75","https://www.rumah123.com/portal-img/_next/image/?url=https%3A%2F%2Fpicture.rumah123.com%2Fr123-images%2F720x420-crop%2Fcustomer%2F71926%2F4647e069989a1a8b0b8a4d0a64b9dd40.jpg&w=3840&q=75","https://www.rumah123.com/portal-img/_next/image/?url=https%3A%2F%2Fpicture.rumah123.com%2Fr123-images%2F720x420-crop%2Fcustomer%2F71926%2F65905f5a41cd67bf6fd39e1987715938.jpg&w=3840&q=75","[object Object]","8","[object Object]","Tanah","Premier","https://www.rumah123.com/jual/cari/?location=jawa-tengah&itm_medium=search-suggestions-lokasi&itm_source=organic&quickLabel=Cocok+untuk+kost","Cocok untuk kost","","","Rp 32,3 Miliar Total","Rp 158 Jutaan (Tenor 20 Tahun)","Rp 203 Jutaan (Tenor 15 Tahun)","https://www.rumah123.com/properti/sukoharjo-baki/tanah-dijual-di-solo-pusat-bisnis-solo-baru-las9179373/","Tanah Dijual di Solo Dekat Pusat Bisnis Solo Baru","Baki, Sukoharjo","Dijual Tanah di Baki, Sukoharjo.
 
  Dengan spesifikasinya adalah sebagai berikut:
   - Sertifikat: SHM - Sertifikat Hak Milik
   - LT 12.942m LD 4...","","","","","12942 m²","LT:","","","https://pic.rumah123.com/r123/250x250-fit/photo/71926/719261741943742.jpg","Diperbarui 4 minggu yang lalu oleh","SUSANTO ERA","+628510...","WhatsApp","","","https://pic.rumah123.com/r123/100x100-fit/logo/20190701123328_irea_solo.jpeg","","",""
"https://www.rumah123.com/portal-img/_next/image/?url=https%3A%2F%2Fpicture.rumah123.com%2Fr123-images%2F720x420-crop%2Fcustomer%2F71926%2F7b5e039fbbc67b9823ad273867922461.jpg&w=3840&q=75","https://www.rumah123.com/portal-img/_next/image/?url=https%3A%2F%2Fpicture.rumah123.com%2Fr123-images%2F720x420-crop%2Fcustomer%2F71926%2Fd007da85eecb37861d586ce434690243.jpg&w=3840&q=75","https://www.rumah123.com/portal-img/_next/image/?url=https%3A%2F%2Fpicture.rumah123.com%2Fr123-images%2F720x420-crop%2Fcustomer%2F71926%2Fb4ef8b588bd162afd0e6155f4b81b331.jpg&w=3840&q=75","[object Object]","3","[object Object]","Tanah","Premier","https://www.rumah123.com/jual/cari/?location=jawa-tengah&itm_medium=search-suggestions-lokasi&itm_source=organic&quickLabel=Dekat+Tempat+Ibadah","Dekat Tempat Ibadah","","","Rp 2,38 Miliar Total","Rp 11 Jutaan (Tenor 20 Tahun)","Rp 14 Jutaan (Tenor 15 Tahun)","https://www.rumah123.com/properti/solo-manahan/tanah-dijual-di-solo-dekat-stadion-manahan-las9179924/","Tanah Dijual di Solo Dekat Stadion Manahan","Manahan, Solo","Dijual Tanah di Manahan, Solo.
 
 Dijual di wilayah yang tenang. Dengan rinciannya adalah sebagai berikut:
   - Sertifikat: SHM - Sertifikat Hak Mi...","","","","","433 m²","LT:","","","https://pic.rumah123.com/r123/250x250-fit/photo/71926/719261741943742.jpg","Diperbarui 4 minggu yang lalu oleh","SUSANTO ERA","+628510...","WhatsApp","","","https://pic.rumah123.com/r123/100x100-fit/logo/20190701123328_irea_solo.jpeg","","",""
"https://www.rumah123.com/portal-img/_next/image/?url=https%3A%2F%2Fpicture.rumah123.com%2Fr123-images%2F720x420-crop%2Fcustomer%2F71926%2Fcb6728ec511df7c007073cd35eb2031f.jpg&w=3840&q=75","https://www.rumah123.com/portal-img/_next/image/?url=https%3A%2F%2Fpicture.rumah123.com%2Fr123-images%2F720x420-crop%2Fcustomer%2F71926%2F18859c16d89273bcf30a22f1493e7a91.jpg&w=3840&q=75","https://www.rumah123.com/portal-img/_next/image/?url=https%3A%2F%2Fpicture.rumah123.com%2Fr123-images%2F720x420-crop%2Fcustomer%2F71926%2Fa6f753437b0931abb6d8736f1c446b18.jpg&w=3840&q=75","[object Object]","10","[object Object]","Ruang Usaha","Premier","https://www.rumah123.com/jual/cari/?location=jawa-tengah&itm_medium=search-suggestions-lokasi&itm_source=organic&quickLabel=Dekat+Sekolah","Dekat Sekolah","https://www.rumah123.com/jual/cari/?location=jawa-tengah&itm_medium=search-suggestions-lokasi&itm_source=organic&quickLabel=Dekat+Tempat+Ibadah","Dekat Tempat Ibadah","Rp 1,9 Miliar Total","Rp 9 Jutaan (Tenor 20 Tahun)","Rp 11 Jutaan (Tenor 15 Tahun)","https://www.rumah123.com/properti/solo-banjarsari/ruang-usaha-dijual-di-solo-dekat-kampus-usb-css9994020/","Ruang Usaha Dijual di Solo Dekat Kampus Usb","Banjarsari, Solo","Ruang usaha di Banjarsari.
 
 Miliki ruang usaha yang modern ini,  dijual menawarkan lingkungan fasilitas yang lengkap, cocok untuk Anda yang mengi...","3","[object Object]","","","350 m²","LT:","182 m²","LB:","https://pic.rumah123.com/r123/250x250-fit/photo/71926/719261741943742.jpg","Diperbarui 4 minggu yang lalu oleh","SUSANTO ERA","+628510...","WhatsApp","","","https://pic.rumah123.com/r123/100x100-fit/logo/20190701123328_irea_solo.jpeg","","",""
"https://www.rumah123.com/portal-img/_next/image/?url=https%3A%2F%2Fpicture.rumah123.com%2Fr123-images%2F720x420-crop%2Fcustomer%2F71926%2F07a29393afc9b67ad8f0733b141bf745.jpg&w=3840&q=75","https://www.rumah123.com/portal-img/_next/image/?url=https%3A%2F%2Fpicture.rumah123.com%2Fr123-images%2F720x420-crop%2Fcustomer%2F71926%2Feaff0c71aaa480995aea4a752e8b007a.jpg&w=3840&q=75","https://www.rumah123.com/portal-img/_next/image/?url=https%3A%2F%2Fpicture.rumah123.com%2Fr123-images%2F720x420-crop%2Fcustomer%2F71926%2F325f32be0ba2dec7eccd9dd413686c76.jpg&w=3840&q=75","[object Object]","16","[object Object]","Apartemen","Premier","https://www.rumah123.com/jual/cari/?location=jawa-tengah&itm_medium=search-suggestions-lokasi&itm_source=organic&quickLabel=Dekat+Akses+Transportasi","Dekat Akses Transportasi","https://www.rumah123.com/jual/cari/?location=jawa-tengah&itm_medium=search-suggestions-lokasi&itm_source=organic&quickLabel=Dekat+Pusat+Perbelanjaan","Dekat Pusat Perbelanjaan","Rp 1,5 Miliar","Rp 7 Jutaan (Tenor 20 Tahun)","Rp 9 Jutaan (Tenor 15 Tahun)","https://www.rumah123.com/properti/solo-banjarsari/apartemen-dijual-di-solo-paragon-type-3-br-aps7641634/","Apartemen Dijual di Solo Paragon Type 3 BR","Banjarsari, Solo","Apartemen di Solo Paragon Mall
 
 Dengan rinciannya adalah sebagai berikut:
   - Kamar Tidur: 3
   - Kamar Mandi: 2
   - Sertifikat: Strata
   - Ko...","3","[object Object]","2","[object Object]","75 m²","LB:","","","https://pic.rumah123.com/r123/250x250-fit/photo/71926/719261741943742.jpg","Diperbarui 4 minggu yang lalu oleh","SUSANTO ERA","+628510...","WhatsApp","","","https://pic.rumah123.com/r123/100x100-fit/logo/20190701123328_irea_solo.jpeg","","",""
"https://www.rumah123.com/portal-img/_next/image/?url=https%3A%2F%2Fpicture.rumah123.com%2Fr123-images%2F720x420-crop%2Fcustomer%2F1799011%2F43629f62b3d0cd0221ccbed5551f7323.jpg&w=3840&q=75","https://www.rumah123.com/portal-img/_next/image/?url=https%3A%2F%2Fpicture.rumah123.com%2Fr123-images%2F720x420-crop%2Fcustomer%2F1799011%2Fb1eeae32dbff9c46c9dec986ec56ace8.jpg&w=3840&q=75","https://www.rumah123.com/portal-img/_next/image/?url=https%3A%2F%2Fpicture.rumah123.com%2Fr123-images%2F720x420-crop%2Fcustomer%2F1799011%2F25875d1b4c998983de129fd4bce2731d.jpg&w=3840&q=75","[object Object]","10","[object Object]","Rumah","Premier","https://www.rumah123.com/jual/cari/?location=jawa-tengah&itm_medium=search-suggestions-lokasi&itm_source=organic&quickLabel=Dekat+Pusat+Perbelanjaan","Dekat Pusat Perbelanjaan","","","Rp 1,6 Miliar","Rp 7 Jutaan (Tenor 20 Tahun)","Rp 10 Jutaan (Tenor 15 Tahun)","https://www.rumah123.com/properti/solo-kratonan/rumah-solo-dijual-area-kratonan-serengan-surakarta-hos41441354/","Rumah Solo Dijual, Area Kratonan, Serengan, Surakarta","Kratonan, Solo","Dekat Pasar Klewer Dekat Pasar Gede Dekat Balai Kota Solo Dekat Ngarsopuro Dekat Mall Solo Paragon","3","[object Object]","2","[object Object]","190 m²","LT:","136 m²","LB:","https://picture.rumah123.com/r123-images/250x250-fit/customer/1799011/da2a9b0ae834f2c6506549b27332804d.jpg","Diperbarui 22 jam yang lalu oleh","Andreas ERA iREA","+628899...","WhatsApp","1","[object Object]","https://pic.rumah123.com/r123/100x100-fit/logo/20190701123328_irea_solo.jpeg","","",""
"https://www.rumah123.com/portal-img/_next/image/?url=https%3A%2F%2Fpicture.rumah123.com%2Fr123-images%2F720x420-crop%2Fcustomer%2F2122527%2Fe0ddb6fd50c3ba6156542b67371cef25.jpg&w=3840&q=85","https://www.rumah123.com/portal-img/_next/image/?url=https%3A%2F%2Fpicture.rumah123.com%2Fr123-images%2F720x420-crop%2Fcustomer%2F2122527%2F43629f62b3d0cd0221ccbed5551f7323.jpg&w=3840&q=75","https://www.rumah123.com/portal-img/_next/image/?url=https%3A%2F%2Fpicture.rumah123.com%2Fr123-images%2F720x420-crop%2Fcustomer%2F2122527%2F25875d1b4c998983de129fd4bce2731d.jpg&w=3840&q=75","[object Object]","15","[object Object]","Rumah","Premier","https://www.rumah123.com/jual/cari/?location=jawa-tengah&itm_medium=search-suggestions-lokasi&itm_source=organic&quickLabel=Dekat+Pusat+Perbelanjaan","Dekat Pusat Perbelanjaan","","","Rp 1,6 Miliar","Rp 7 Jutaan (Tenor 20 Tahun)","Rp 10 Jutaan (Tenor 15 Tahun)","https://www.rumah123.com/properti/solo-serengan/rumah-dijual-di-solo-dekat-pasar-gede-surakarta-hos41434457/","Rumah Dijual di Solo, Dekat Pasar Gede, Surakarta","Serengan, Solo","Dekat Pasar Gede Solo Dekat Pasar klewer Solo Dekat Balai Kota Solo Dekat Ngarsopuro Dekat Matahari Singosaren Solo","3","[object Object]","2","[object Object]","190 m²","LT:","136 m²","LB:","https://picture.rumah123.com/r123-images/250x250-fit/customer/2122527/cec1b36d613ba33f155828c02d4c88cb.jpg","Diperbarui 22 jam yang lalu oleh","Deny Agung","+628783...","WhatsApp","","","https://pic.rumah123.com/r123/100x100-fit/logo/20211102033949_era_irea_solo_baru.png","","",""
"https://www.rumah123.com/portal-img/_next/image/?url=https%3A%2F%2Fpicture.rumah123.com%2Fr123-images%2F720x420-crop%2Fcustomer%2F4459944%2Flisting%2Fhos41600832%2Fenhanced%2F373d5d092401a85f6e83228e37ccb412.jpg&w=3840&q=75","https://www.rumah123.com/portal-img/_next/image/?url=https%3A%2F%2Fpicture.rumah123.com%2Fr123-images%2F720x420-crop%2Fcustomer%2F4459944%2Flisting%2Fhos41600832%2Fenhanced%2F6fa30d8a9b75108ad1ce9d7e4c09398e.jpg&w=3840&q=75","https://www.rumah123.com/portal-img/_next/image/?url=https%3A%2F%2Fpicture.rumah123.com%2Fr123-images%2F720x420-crop%2Fcustomer%2F4459944%2Flisting%2Fhos41600832%2Fenhanced%2F1e7965aacb5e36effa902c61de9163ae.jpg&w=3840&q=75","[object Object]","5","[object Object]","Rumah","Premier","https://www.rumah123.com/jual/cari/?location=jawa-tengah&itm_medium=search-suggestions-lokasi&itm_source=organic&quickLabel=Siap+Huni","Siap Huni","https://www.rumah123.com/jual/cari/?location=jawa-tengah&itm_medium=search-suggestions-lokasi&itm_source=organic&quickLabel=Bebas+Banjir","Bebas Banjir","Rp 685 Juta","Rp 3 Jutaan (Tenor 20 Tahun)","Rp 4 Jutaan (Tenor 15 Tahun)","https://www.rumah123.com/properti/semarang-ngaliyan/rumah-1-lantai-shm-di-ngaliyan-hos41600832/","Rumah 1 Lantai SHM di Ngaliyan","Ngaliyan, Semarang","Rumah bergaya minimalist modern di Ngaliyan.  Temukan rumah 1 lantai yang modern ini,  dijual dengan pemandangan asri yang menambah nilai estetika ...","2","[object Object]","1","[object Object]","125 m²","LT:","63 m²","LB:","https://picture.rumah123.com/r123-images/250x250-fit/customer/4459944/dae7b29068b58e3be76004bfb6d6e5a9.jpg","Diperbarui 1 hari yang lalu oleh","Bumi Wijaya Residence","+628559...","WhatsApp","1 + 1","[object Object]","","","",""
"https://www.rumah123.com/portal-img/_next/image/?url=https%3A%2F%2Fpicture.rumah123.com%2Fr123-images%2F720x420-crop%2Fcustomer%2F736603%2F0c55ef72f9c403c98d0e24eeb2bc3ac1.jpg&w=3840&q=75","https://www.rumah123.com/portal-img/_next/image/?url=https%3A%2F%2Fpicture.rumah123.com%2Fr123-images%2F720x420-crop%2Fcustomer%2F736603%2F3a99cdc81b2b62aec8b189de332ea6dc.jpg&w=3840&q=75","https://www.rumah123.com/portal-img/_next/image/?url=https%3A%2F%2Fpicture.rumah123.com%2Fr123-images%2F720x420-crop%2Fcustomer%2F736603%2Fc20ff9b6024b3dc1e2621c60323fa9d3.jpg&w=3840&q=75","[object Object]","11","[object Object]","Ruko","Premier","https://www.rumah123.com/jual/cari/?location=jawa-tengah&itm_medium=search-suggestions-lokasi&itm_source=organic&quickLabel=Dekat+Fasilitas+Kesehatan","Dekat Fasilitas Kesehatan","","","Rp 3,8 Miliar Total","Rp 18 Jutaan (Tenor 20 Tahun)","Rp 23 Jutaan (Tenor 15 Tahun)","https://www.rumah123.com/properti/semarang-semarang-tengah/ruko-citraland-semarang-tt-8336-shs9738613/","Ruko Citraland , Semarang ( Tt 8336 )","Semarang Tengah, Semarang","Ruko Citraland , Semarang ( Tt 8336 ) Lokasi strategis  ditengah pusat ibukota Hadap Utara  Dekat fasilitas umum lainnya spt Sekolah , RS dll Ruko ...","4","[object Object]","","","72 m²","LT:","288 m²","LB:","https://pic.rumah123.com/r123/250x250-fit/photo/736603/7366031618998282.jpg","Diperbarui 1 hari yang lalu oleh","Emirita Tata","+628193...","WhatsApp","","","https://pic.rumah123.com/r123/100x100-fit/logo/20200122032448_redland.jpeg","","",""
"https://www.rumah123.com/portal-img/_next/image/?url=https%3A%2F%2Fpicture.rumah123.com%2Fr123-images%2F720x420-crop%2Fcustomer%2F736603%2F2023-03-28-03-12-05-e59e32f6-f1fb-48df-a850-43fd2adcc7c5.jpg&w=3840&q=75","https://www.rumah123.com/portal-img/_next/image/?url=https%3A%2F%2Fpicture.rumah123.com%2Fr123-images%2F720x420-crop%2Fcustomer%2F736603%2F2023-03-28-03-12-07-2b736f4b-df86-4ba5-9ec5-902ceefaeae1.jpg&w=3840&q=75","https://www.rumah123.com/portal-img/_next/image/?url=https%3A%2F%2Fpicture.rumah123.com%2Fr123-images%2F720x420-crop%2Fcustomer%2F736603%2F2023-03-28-03-12-48-dfd25b3d-4d3b-4508-82e9-f84e8acf18a3.jpg&w=3840&q=75","[object Object]","37","[object Object]","Rumah","Premier","https://www.rumah123.com/jual/cari/?location=jawa-tengah&itm_medium=search-suggestions-lokasi&itm_source=organic&quickLabel=Bebas+Banjir","Bebas Banjir","","","Rp 11 Miliar","Rp 54 Jutaan (Tenor 20 Tahun)","Rp 69 Jutaan (Tenor 15 Tahun)","https://www.rumah123.com/properti/semarang-candisari/rumah-di-daerah-candisari-semarang-tt-4846-hos13245299/","Rumah di Daerah Candisari , Semarang Tt 4846","Candisari, Semarang","Rumah di daerah Candisari , Semarang ( Tt 4846 ) Rumah letak strategis , jalan depan lebar , lokasi bebas banjir Dekat Fasilitas umum lainnya seper...","3 + 1","[object Object]","3 + 1","[object Object]","800 m²","LT:","1200 m²","LB:","https://pic.rumah123.com/r123/250x250-fit/photo/736603/7366031618998282.jpg","Diperbarui 1 hari yang lalu oleh","Emirita Tata","+628193...","WhatsApp","2 + 2","[object Object]","https://pic.rumah123.com/r123/100x100-fit/logo/20200122032448_redland.jpeg","","",""
"https://www.rumah123.com/portal-img/_next/image/?url=https%3A%2F%2Fpicture.rumah123.com%2Fr123-images%2F720x420-crop%2Fcustomer%2F736603%2F2023-08-01-06-59-06-fda0f9a2-d125-4002-9012-8cb8d11850c1.jpg&w=3840&q=75","https://www.rumah123.com/portal-img/_next/image/?url=https%3A%2F%2Fpicture.rumah123.com%2Fr123-images%2F720x420-crop%2Fcustomer%2F736603%2F2023-08-01-06-59-04-4ba9243c-a51f-4374-bafc-56ca822cb3b3.jpg&w=3840&q=75","https://www.rumah123.com/portal-img/_next/image/?url=https%3A%2F%2Fpicture.rumah123.com%2Fr123-images%2F720x420-crop%2Fcustomer%2F736603%2F2023-08-01-06-59-07-af3de2c5-140a-4857-84c4-64fa6ecb16fd.jpg&w=3840&q=75","[object Object]","5","[object Object]","Rumah","Premier","","","","","Rp 22,5 Miliar","Rp 110 Jutaan (Tenor 20 Tahun)","Rp 141 Jutaan (Tenor 15 Tahun)","https://www.rumah123.com/properti/semarang-semarang-timur/rumah-di-brigjend-katamso-semarang-tt-si-5273-hos14363353/","Rumah di Brigjend Katamso, Semarang Tt Si 5273","Semarang Timur, Semarang","Rumah di Brigjend Katamso, Semarang ( Tt Si 5273 ) Letak strategis berada di pusat kota , ramai dekat dengan fasilitas umum lainnya seperti Sekolah...","8","[object Object]","3","[object Object]","662 m²","LT:","600 m²","LB:","https://pic.rumah123.com/r123/250x250-fit/photo/736603/7366031618998282.jpg","Diperbarui 1 hari yang lalu oleh","Emirita Tata","+628193...","WhatsApp","1","[object Object]","https://pic.rumah123.com/r123/100x100-fit/logo/20200122032448_redland.jpeg","","",""
"https://www.rumah123.com/portal-img/_next/image/?url=https%3A%2F%2Fpicture.rumah123.com%2Fr123-images%2F720x420-crop%2Fcustomer%2F736603%2F75887febb21a05cab440a0187c7515ac.jpg&w=3840&q=75","https://www.rumah123.com/portal-img/_next/image/?url=https%3A%2F%2Fpicture.rumah123.com%2Fr123-images%2F720x420-crop%2Fcustomer%2F736603%2F9fb71a453af4d59fb54e195964aa63d2.jpg&w=3840&q=75","https://www.rumah123.com/portal-img/_next/image/?url=https%3A%2F%2Fpicture.rumah123.com%2Fr123-images%2F720x420-crop%2Fcustomer%2F736603%2Fb270d035719ab40ba9053634fe0d38b0.jpg&w=3840&q=75","[object Object]","3","[object Object]","Tanah","Premier","","","","","Rp 15,7 Miliar Total","Rp 77 Jutaan (Tenor 20 Tahun)","Rp 99 Jutaan (Tenor 15 Tahun)","https://www.rumah123.com/properti/semarang-semarang-tengah/tanah-di-daerah-brumbungan-semarang-tt-7583-las8682358/","Tanah di daerah Brumbungan , Semarang ( Tt 7583 )","Semarang Tengah, Semarang","Tanah di daerah Brumbungan , Semarang ( Tt 7583 ) lokasi strategis ditengah pusat ibukota Tanah Hoek hadap Selatan Barat Dekat fasilitas umum lainn...","","","","","525 m²","LT:","","","https://pic.rumah123.com/r123/250x250-fit/photo/736603/7366031618998282.jpg","Diperbarui 1 hari yang lalu oleh","Emirita Tata","+628193...","WhatsApp","","","https://pic.rumah123.com/r123/100x100-fit/logo/20200122032448_redland.jpeg","","",""
"https://www.rumah123.com/portal-img/_next/image/?url=https%3A%2F%2Fpicture.rumah123.com%2Fr123-images%2F720x420-crop%2Fcustomer%2F736603%2Fd5c219c78df64f0abe64d681b43ef2c0.jpg&w=3840&q=75","https://www.rumah123.com/portal-img/_next/image/?url=https%3A%2F%2Fpicture.rumah123.com%2Fr123-images%2F720x420-crop%2Fcustomer%2F736603%2F61ac3939752b7859b45c64680f5081f4.jpg&w=3840&q=75","https://www.rumah123.com/portal-img/_next/image/?url=https%3A%2F%2Fpicture.rumah123.com%2Fr123-images%2F720x420-crop%2Fcustomer%2F736603%2Fa724166c11636bd7f3d0799d508693ff.jpg&w=3840&q=75","[object Object]","7","[object Object]","Tanah","Premier","https://www.rumah123.com/jual/cari/?location=jawa-tengah&itm_medium=search-suggestions-lokasi&itm_source=organic&quickLabel=Dekat+Pusat+Perbelanjaan","Dekat Pusat Perbelanjaan","https://www.rumah123.com/jual/cari/?location=jawa-tengah&itm_medium=search-suggestions-lokasi&itm_source=organic&quickLabel=Dekat+Fasilitas+Kesehatan","Dekat Fasilitas Kesehatan","Rp 11,5 Miliar Total","Rp 56 Jutaan (Tenor 20 Tahun)","Rp 72 Jutaan (Tenor 15 Tahun)","https://www.rumah123.com/properti/semarang-pleburan/tanah-di-jl-erlangga-semarang-tt-7643-las8724901/","Tanah di Jl Erlangga , Semarang ( Tt 7643 )","Pleburan, Semarang","Tanah di Jl Erlangga , Semarang ( Tt 7643 ) Berada ditengah pusat ibukota Semarang Tanah ada bangunannya , Hadap Selatan Dekat Fasilitas umum lainn...","","","","","384 m²","LT:","","","https://pic.rumah123.com/r123/250x250-fit/photo/736603/7366031618998282.jpg","Diperbarui 1 hari yang lalu oleh","Emirita Tata","+628193...","WhatsApp","","","https://pic.rumah123.com/r123/100x100-fit/logo/20200122032448_redland.jpeg","","",""
"https://www.rumah123.com/portal-img/_next/image/?url=https%3A%2F%2Fpicture.rumah123.com%2Fr123-images%2F720x420-crop%2Fcustomer%2F1306305%2Faf28770b4f6cfef8d2753878f87ffb72.jpg&w=3840&q=75","https://www.rumah123.com/portal-img/_next/image/?url=https%3A%2F%2Fpicture.rumah123.com%2Fr123-images%2F720x420-crop%2Fcustomer%2F1306305%2Fe399d016656d102f1ef9fbc014210498.jpg&w=3840&q=75","https://www.rumah123.com/portal-img/_next/image/?url=https%3A%2F%2Fpicture.rumah123.com%2Fr123-images%2F720x420-crop%2Fcustomer%2F1306305%2Fcce17c6239953142665ab7f462530f32.jpg&w=3840&q=75","[object Object]","43","[object Object]","Rumah","Premier","https://www.rumah123.com/jual/cari/?location=jawa-tengah&itm_medium=search-suggestions-lokasi&itm_source=organic&quickLabel=Bisa+Nego","Bisa Nego","https://www.rumah123.com/jual/cari/?location=jawa-tengah&itm_medium=search-suggestions-lokasi&itm_source=organic&quickLabel=Siap+Huni","Siap Huni","Rp 1 Miliar","Rp 4 Jutaan (Tenor 20 Tahun)","Rp 6 Jutaan (Tenor 15 Tahun)","https://www.rumah123.com/properti/magelang-mungkit/rumah-minimalis-1-lantai-di-mungkid-70-m-ke-jalan-raya-jogjasemarang-hos40806582/","Rumah Minimalis 1 Lantai di Mungkid - 70 M ke Jalan Raya Jogja-Semarang","Mungkit, Magelang","Rumah Minimalis 1 Lantai di Mungkid - 70 m ke Jalan Raya Jogja-Semarang  Miliki rumah 1 lantai bergaya minimalis yang nyaman dan fungsional, berlok...","4","[object Object]","1","[object Object]","380 m²","LT:","200 m²","LB:","https://pic.rumah123.com/r123/250x250-fit/photo/1306305/13063051608621036.jpg","Diperbarui 1 hari yang lalu oleh","Elza Ingga","+628172...","WhatsApp","4","[object Object]","","https://www.rumah123.com/jual/cari/?location=jawa-tengah&itm_medium=search-suggestions-lokasi&itm_source=organic&quickLabel=Bebas+Banjir","Bebas Banjir",""
"https://www.rumah123.com/portal-img/_next/image/?url=https%3A%2F%2Fpicture.rumah123.com%2Fr123-images%2F720x420-crop%2Fcustomer%2F951148%2F3b8623041674e8c4a22ac2874999d99d.jpg&w=3840&q=75","https://www.rumah123.com/portal-img/_next/image/?url=https%3A%2F%2Fpicture.rumah123.com%2Fr123-images%2F720x420-crop%2Fcustomer%2F951148%2F8934fd55cbbc2301f88646f100ef81c3.jpg&w=3840&q=75","https://www.rumah123.com/portal-img/_next/image/?url=https%3A%2F%2Fpicture.rumah123.com%2Fr123-images%2F720x420-crop%2Fcustomer%2F951148%2F930f309c8c2362ca536584276d8a504a.jpg&w=3840&q=75","[object Object]","7","[object Object]","Tanah","Premier","https://www.rumah123.com/jual/cari/?location=jawa-tengah&itm_medium=search-suggestions-lokasi&itm_source=organic&quickLabel=Cocok+untuk+kebun","Cocok untuk kebun","","","Rp 2,07 Miliar Total","Rp 10 Jutaan (Tenor 20 Tahun)","Rp 13 Jutaan (Tenor 15 Tahun)","https://www.rumah123.com/properti/semarang-gunung-pati/tanah-murah-gunungpati-berview-akses-mobil-nempel-jalan-las9201542/","Tanah Murah Gunungpati Berview Akses Mobil Nempel Jalan","Gunung Pati, Semarang","Dijual tanah kebun murah 500 meter dari jalan raya gunungpati manyaran Tanah kebun berview menghadap jalan paving lebar  Luas tanah 6380m ( 3080m +...","","","","","6380 m²","LT:","","","https://pic.rumah123.com/r123/250x250-fit/photo/951148/9511481700143962.jpg","Diperbarui 1 hari yang lalu oleh","Rikza Bashony","+628515...","WhatsApp","","","https://pic.rumah123.com/r123/100x100-fit/logo/20201202052029_hepi_property.jpeg","","",""
"https://www.rumah123.com/portal-img/_next/image/?url=https%3A%2F%2Fpicture.rumah123.com%2Fr123-images%2F720x420-crop%2Fcustomer%2F1842531%2Fbec870fcbbf4fb919de7934ae778b1de.jpg&w=3840&q=75","https://www.rumah123.com/portal-img/_next/image/?url=https%3A%2F%2Fpicture.rumah123.com%2Fr123-images%2F720x420-crop%2Fcustomer%2F1842531%2F38d3f5a790a7f04cfcaaf9d5b76b9cab.jpg&w=3840&q=75","https://www.rumah123.com/portal-img/_next/image/?url=https%3A%2F%2Fpicture.rumah123.com%2Fr123-images%2F720x420-crop%2Fcustomer%2F1842531%2F71078a02261d03e947f6e22bd77af573.jpg&w=3840&q=75","[object Object]","4","[object Object]","Rumah","Premier","https://www.rumah123.com/jual/cari/?location=jawa-tengah&itm_medium=search-suggestions-lokasi&itm_source=organic&quickLabel=Bisa+Nego","Bisa Nego","https://www.rumah123.com/jual/cari/?location=jawa-tengah&itm_medium=search-suggestions-lokasi&itm_source=organic&quickLabel=Siap+Huni","Siap Huni","Rp 8,9 Miliar","Rp 43 Jutaan (Tenor 20 Tahun)","Rp 56 Jutaan (Tenor 15 Tahun)","https://www.rumah123.com/properti/semarang-semarang-tengah/rumah-shm-di-semarang-tengah1-34-lantai-hos41124212/","Rumah, SHM, di Semarang Tengah,1 3/4 Lantai","Semarang Tengah, Semarang","Rumah di Semarang Tengah.  Dapatkan rumah 2 lantai yang asri ini,  dijual dengan pemandangan indah yang menambah nilai estetika di lingkungan hunia...","6","[object Object]","4","[object Object]","335 m²","LT:","225 m²","LB:","https://pic.rumah123.com/r123/250x250-fit/photo/1842531/18425311687766017.jpg","Diperbarui 2 hari yang lalu oleh","Ronald Sugiarto","+628151...","WhatsApp","1 + 1","[object Object]","https://pic.rumah123.com/r123/100x100-fit/logo/20240508120157_halo_real_estate_agent.jpeg","https://www.rumah123.com/jual/cari/?location=jawa-tengah&itm_medium=search-suggestions-lokasi&itm_source=organic&quickLabel=Bebas+Banjir","Bebas Banjir",""
"https://www.rumah123.com/portal-img/_next/image/?url=https%3A%2F%2Fpicture.rumah123.com%2Fr123-images%2F720x420-crop%2Fcustomer%2F1842531%2F5dfcf7117f7e535c336bf8317c5940ec.jpg&w=3840&q=75","https://www.rumah123.com/portal-img/_next/image/?url=https%3A%2F%2Fpicture.rumah123.com%2Fr123-images%2F720x420-crop%2Fcustomer%2F1842531%2F77104558afcf4ff6cc88796b5c4b68fb.jpg&w=3840&q=75","https://www.rumah123.com/portal-img/_next/image/?url=https%3A%2F%2Fpicture.rumah123.com%2Fr123-images%2F720x420-crop%2Fcustomer%2F1842531%2F6e1d4b9cbd8190f5d062b2a0cc4db87e.jpg&w=3840&q=75","[object Object]","9","[object Object]","Rumah","Premier","","","","","Rp 725 Juta","Rp 3 Jutaan (Tenor 20 Tahun)","Rp 4 Jutaan (Tenor 15 Tahun)","https://www.rumah123.com/properti/semarang-plamongan/rumah-1-lantai-shm-di-plamongan-hos41122357/","Rumah, 1 Lantai, SHM, di Plamongan,Jasmine Park","Plamongan, Semarang","Hunian cluster jasmine park","2","[object Object]","1","[object Object]","136 m²","LT:","68 m²","LB:","https://pic.rumah123.com/r123/250x250-fit/photo/1842531/18425311687766017.jpg","Diperbarui 2 hari yang lalu oleh","Ronald Sugiarto","+628151...","WhatsApp","1","[object Object]","https://pic.rumah123.com/r123/100x100-fit/logo/20240508120157_halo_real_estate_agent.jpeg","","",""
"https://www.rumah123.com/portal-img/_next/image/?url=https%3A%2F%2Fpicture.rumah123.com%2Fr123-images%2F720x420-crop%2Fcustomer%2F1259179%2Flisting%2Fhts265247%2Fenhanced%2F0c5217e74e39c632712b0e413a9d64a6.jpg&w=3840&q=75","https://www.rumah123.com/portal-img/_next/image/?url=https%3A%2F%2Fpicture.rumah123.com%2Fr123-images%2F720x420-crop%2Fcustomer%2F1259179%2Flisting%2Fhts265247%2Fenhanced%2Fedbb46864a47bec4b0a99270984788ea.jpg&w=3840&q=75","https://www.rumah123.com/portal-img/_next/image/?url=https%3A%2F%2Fpicture.rumah123.com%2Fr123-images%2F720x420-crop%2Fcustomer%2F1259179%2Flisting%2Fhts265247%2Fenhanced%2F14331479fba535069388c03e519a6664.jpg&w=3840&q=75","[object Object]","18","[object Object]","Hotel","Premier","","","","","Rp 3,3 Miliar","Rp 16 Jutaan (Tenor 20 Tahun)","Rp 20 Jutaan (Tenor 15 Tahun)","https://www.rumah123.com/properti/semarang-banyumanik/hotel-dijual-murah-di-padangsari-banyumanik-hts265247/","Hotel Dijual Murah di Padangsari Banyumanik","Banyumanik, Semarang","Cash Only Hotel Aktif   Parkir muat 10 mobil Luas tanah 533 m2 Lebar muka 20 meter Jalan lebar Kamar tidur 22  Kamar mandi 22 SHM Hadap Timur","22","[object Object]","","","533 m²","LT:","660 m²","LB:","https://pic.rumah123.com/r123/250x250-fit/photo/1259179/12591791619672237.jpg","Diperbarui 1 minggu yang lalu oleh","Hery Purnomo","+628161...","WhatsApp","","","https://pic.rumah123.com/r123/100x100-fit/logo/20201202052029_hepi_property.jpeg","","",""
"https://www.rumah123.com/portal-img/_next/image/?url=https%3A%2F%2Fpicture.rumah123.com%2Fr123-images%2F720x420-crop%2Fcustomer%2F1183566%2F813503312867e1c8d8c5cccb5dc59796.jpg&w=3840&q=75","","","","1","[object Object]","Gudang","Premier","","","","","Rp 24 Miliar Total","Rp 117 Jutaan (Tenor 20 Tahun)","Rp 151 Jutaan (Tenor 15 Tahun)","https://www.rumah123.com/properti/semarang-ngaliyan/gudang-baru-di-kic-gatsu-ngaliyan-semarang-was10032249/","Gudang Baru di Kic Gatsu Ngaliyan Semarang","Ngaliyan, Semarang","Dijual Gudang Baru di KIC Gatsu Semarang   - LT 3300 m2  - LT 2800 m2  - Listrik 11000 watt - ⁠Ada loading dock  - ⁠PPN pembeli  Harga : 24 M (...","1","[object Object]","","","3300 m²","LT:","2800 m²","LB:","https://pic.rumah123.com/r123/250x250-fit/photo/1183566/11835661715592569.jpg","Diperbarui 1 minggu yang lalu oleh","Okta Property","+628213...","WhatsApp","","","https://pic.rumah123.com/r123/100x100-fit/logo/20201202052029_hepi_property.jpeg","","",""
"https://www.rumah123.com/portal-img/_next/image/?url=https%3A%2F%2Fpicture.rumah123.com%2Fr123-images%2F720x420-crop%2Fcustomer%2F1675565%2F177c93ca47bc5c5c6910f45d2524f9c5.jpg&w=3840&q=75","https://www.rumah123.com/portal-img/_next/image/?url=https%3A%2F%2Fpicture.rumah123.com%2Fr123-images%2F720x420-crop%2Fcustomer%2F1675565%2F895cbcb63dcb81a120ac102e0d889464.jpg&w=3840&q=75","https://www.rumah123.com/portal-img/_next/image/?url=https%3A%2F%2Fpicture.rumah123.com%2Fr123-images%2F720x420-crop%2Fcustomer%2F1675565%2F83d35d7932e604d04f80aa99272e1084.jpg&w=3840&q=75","[object Object]","11","[object Object]","Rumah","Premier","https://www.rumah123.com/jual/cari/?location=jawa-tengah&itm_medium=search-suggestions-lokasi&itm_source=organic&quickLabel=Bisa+Nego","Bisa Nego","https://www.rumah123.com/jual/cari/?location=jawa-tengah&itm_medium=search-suggestions-lokasi&itm_source=organic&quickLabel=Siap+Huni","Siap Huni","Rp 2,5 Miliar","Rp 12 Jutaan (Tenor 20 Tahun)","Rp 15 Jutaan (Tenor 15 Tahun)","https://www.rumah123.com/properti/semarang-gajah-mungkur/rumah-tengah-kota-semarang-di-jl-tampomas-semarang-hos18057708/","Rumah Tengah Kota Semarang di Tampomalo90","Gajah Mungkur, Semarang","Rumah 2 lantai di Gajah Mungkur, Semarang.  For sale rumah di wilayah yang asri dengan pemandangan permukiman warga. Properti 2 lantai ini berada d...","5","[object Object]","5","[object Object]","243 m²","LT:","230 m²","LB:","https://pic.rumah123.com/r123/250x250-fit/photo/1675565/16755651680778908.jpg","Diperbarui 2 minggu yang lalu oleh","Rinawati","+628569...","WhatsApp","1","[object Object]","https://pic.rumah123.com/r123/100x100-fit/logo/11318_logosubcomp.jpg","https://www.rumah123.com/jual/cari/?location=jawa-tengah&itm_medium=search-suggestions-lokasi&itm_source=organic&quickLabel=Bebas+Banjir","Bebas Banjir",""
"https://www.rumah123.com/portal-img/_next/image/?url=https%3A%2F%2Fpicture.rumah123.com%2Fr123-images%2F720x420-crop%2Fcustomer%2F1555205%2Fe64665ab08c4e4418d9b0574515657a8.jpg&w=3840&q=75","https://www.rumah123.com/portal-img/_next/image/?url=https%3A%2F%2Fpicture.rumah123.com%2Fr123-images%2F720x420-crop%2Fcustomer%2F1555205%2Fe52d0fea7abb21706853cba12636dca8.jpg&w=3840&q=75","","[object Object]","2","[object Object]","Rumah","Premier","https://www.rumah123.com/jual/cari/?location=jawa-tengah&itm_medium=search-suggestions-lokasi&itm_source=organic&quickLabel=Siap+Huni","Siap Huni","https://www.rumah123.com/jual/cari/?location=jawa-tengah&itm_medium=search-suggestions-lokasi&itm_source=organic&quickLabel=Bebas+Banjir","Bebas Banjir","Rp 2 Miliar","Rp 9 Jutaan (Tenor 20 Tahun)","Rp 12 Jutaan (Tenor 15 Tahun)","https://www.rumah123.com/properti/purwodadi-purwodadi/rumah-bebas-banjir-hos41308491/","Rumah Bagus dan Bebas Banjir di Lingkungan Strategis","Purwodadi, Purwodadi","Rumah 2 lantai di Purwodadi, Purwodadi.  Dijual rumah di wilayah yang asri. Properti 2 lantai ini berada di lingkungan strategis.  Spesifikasinya a...","5 + 1","[object Object]","3 + 1","[object Object]","376 m²","LT:","400 m²","LB:","","Diperbarui 2 minggu yang lalu oleh","Ahmadi Widodo","+628122...","WhatsApp","1 + 2","[object Object]","","https://www.rumah123.com/jual/cari/?location=jawa-tengah&itm_medium=search-suggestions-lokasi&itm_source=organic&quickLabel=Dekat+Sekolah","Dekat Sekolah",""
"https://www.rumah123.com/portal-img/_next/image/?url=https%3A%2F%2Fpicture.rumah123.com%2Fr123-images%2F720x420-crop%2Fcustomer%2F1183566%2Fe49c830faacd4a9292efa50f90bde941.jpg&w=3840&q=75","","","","1","[object Object]","Tanah","Premier","","","","","Rp 28,8 Miliar Total","Rp 141 Jutaan (Tenor 20 Tahun)","Rp 181 Jutaan (Tenor 15 Tahun)","https://www.rumah123.com/properti/semarang-ngaliyan/tanah-murah-di-kic-gatot-subroto-pintu-belakang-las4334136/","Tanah Murah Di Kic Gatot Subroto Pintu Belakang","Ngaliyan, Semarang","Dijual tanah murah di kawasan industri candi Gatot Subroto pintu belakang  hadap untung Suropati juga","","","","","9606 m²","LT:","","","https://pic.rumah123.com/r123/250x250-fit/photo/1183566/11835661715592569.jpg","Diperbarui 2 minggu yang lalu oleh","Okta Property","+628213...","WhatsApp","","","https://pic.rumah123.com/r123/100x100-fit/logo/20201202052029_hepi_property.jpeg","","",""
"https://www.rumah123.com/portal-img/_next/image/?url=https%3A%2F%2Fpicture.rumah123.com%2Fr123-images%2F720x420-crop%2Fcustomer%2F1183566%2F5bdce7cdb2d8f8f8f72f754349f96222.jpg&w=3840&q=75","https://www.rumah123.com/portal-img/_next/image/?url=https%3A%2F%2Fpicture.rumah123.com%2Fr123-images%2F720x420-crop%2Fcustomer%2F1183566%2F18d7a0cfee2a245cac336fab921f65a7.jpg&w=3840&q=75","https://www.rumah123.com/portal-img/_next/image/?url=https%3A%2F%2Fpicture.rumah123.com%2Fr123-images%2F720x420-crop%2Fcustomer%2F1183566%2Fafe774ba0fbb5d011aaa125b68d26321.jpg&w=3840&q=75","[object Object]","3","[object Object]","Tanah","Premier","https://www.rumah123.com/jual/cari/?location=jawa-tengah&itm_medium=search-suggestions-lokasi&itm_source=organic&quickLabel=Dekat+Sekolah","Dekat Sekolah","","","Rp 15 Miliar Total","Rp 73 Jutaan (Tenor 20 Tahun)","Rp 94 Jutaan (Tenor 15 Tahun)","https://www.rumah123.com/properti/salatiga-kopeng/tanah-cocok-untuk-villahotelglamping-di-kopeng-salatiga-view-bagus-las9036373/","Tanah Cocok Untuk Villa,hotel,glamping Di Kopeng Salatiga View Bagus","Kopeng, Salatiga","Dijual tanah cocok untuk glamping ,hotel ,villa di  dusun Cuntel Getasan kopeng kabupaten Semarang     - luas tanah 11.788m2 - ⁠tanah miring - �...","","","","","11788 m²","LT:","","","https://pic.rumah123.com/r123/250x250-fit/photo/1183566/11835661715592569.jpg","Diperbarui 2 minggu yang lalu oleh","Okta Property","+628213...","WhatsApp","","","https://pic.rumah123.com/r123/100x100-fit/logo/20201202052029_hepi_property.jpeg","","",""
"https://www.rumah123.com/portal-img/_next/image/?url=https%3A%2F%2Fpicture.rumah123.com%2Fr123-images%2F720x420-crop%2Fcustomer%2F642149%2F5b0d9759e4b58ff34f2936131a0e6f07.jpg&w=3840&q=75","https://www.rumah123.com/portal-img/_next/image/?url=https%3A%2F%2Fpicture.rumah123.com%2Fr123-images%2F720x420-crop%2Fcustomer%2F642149%2F7d30b20cad56522b21d825dc89421879.jpg&w=3840&q=75","https://www.rumah123.com/portal-img/_next/image/?url=https%3A%2F%2Fpicture.rumah123.com%2Fr123-images%2F720x420-crop%2Fcustomer%2F642149%2F86cf99f3e47eae588fd173d30c120c83.jpg&w=3840&q=75","[object Object]","4","[object Object]","Rumah","Premier","https://www.rumah123.com/jual/cari/?location=jawa-tengah&itm_medium=search-suggestions-lokasi&itm_source=organic&quickLabel=Dekat+Akses+Transportasi","Dekat Akses Transportasi","https://www.rumah123.com/jual/cari/?location=jawa-tengah&itm_medium=search-suggestions-lokasi&itm_source=organic&quickLabel=Dekat+Sekolah","Dekat Sekolah","Rp 1 Miliar","Rp 4 Jutaan (Tenor 20 Tahun)","Rp 6 Jutaan (Tenor 15 Tahun)","https://www.rumah123.com/properti/semarang-srondol/rumah-dijual-srondol-semarang-lokasi-strategis-hos40911630/","Rumah Dijual Srondol Semarang, Lokasi Strategis","Srondol, Semarang","DIJUAL - rumah di Srondol, Semarang Rumah nyaman di kawasan strategis Srondol, cocok untuk hunian maupun investasi. Spesifikasi: Luas Tanah: 116 m�...","2","[object Object]","2","[object Object]","116 m²","LT:","90 m²","LB:","https://pic.rumah123.com/r123/250x250-fit/photo/642149/6421491760353232.jpg","Diperbarui 3 minggu yang lalu oleh","Indah Dwidarmayanti","+628122...","WhatsApp","1","[object Object]","","https://www.rumah123.com/jual/cari/?location=jawa-tengah&itm_medium=search-suggestions-lokasi&itm_source=organic&quickLabel=Dekat+Fasilitas+Kesehatan","Dekat Fasilitas Kesehatan",""
"https://www.rumah123.com/portal-img/_next/image/?url=https%3A%2F%2Fpicture.rumah123.com%2Fr123-images%2F720x420-crop%2Fcustomer%2F736603%2Fcc9c5d68eed1f1ae0c4a784faa76798c.jpg&w=3840&q=75","","","","1","[object Object]","Rumah","Premier","https://www.rumah123.com/jual/cari/?location=jawa-tengah&itm_medium=search-suggestions-lokasi&itm_source=organic&quickLabel=Siap+Huni","Siap Huni","","","Rp 2,3 Miliar","Rp 11 Jutaan (Tenor 20 Tahun)","Rp 14 Jutaan (Tenor 15 Tahun)","https://www.rumah123.com/properti/salatiga-salatiga/rumah-di-salatiga-tt-8643-hos41361776/","Rumah di Salatiga ( Tt 8643 )","Salatiga, Salatiga","Rumah di Salatiga ( Tt 8643 ) Lokasi strategis , Hadap Timur Rumah bagus siap huni ada AC nya Dekat fasilitas umum lainnya Good Invest","5 + 1","[object Object]","3 + 1","[object Object]","300 m²","LT:","250 m²","LB:","https://pic.rumah123.com/r123/250x250-fit/photo/736603/7366031618998282.jpg","Diperbarui 4 minggu yang lalu oleh","Emirita Tata","+628193...","WhatsApp","2","[object Object]","https://pic.rumah123.com/r123/100x100-fit/logo/20200122032448_redland.jpeg","","",""
"https://www.rumah123.com/portal-img/_next/image/?url=https%3A%2F%2Fpicture.rumah123.com%2Fr123-images%2F720x420-crop%2Fcustomer%2F736603%2F62671a5aafb7a87d2cc3196a8715eea8.jpg&w=3840&q=75","https://www.rumah123.com/portal-img/_next/image/?url=https%3A%2F%2Fpicture.rumah123.com%2Fr123-images%2F720x420-crop%2Fcustomer%2F736603%2F110adba36aab7a842dc04afdfd288ba9.jpg&w=3840&q=75","https://www.rumah123.com/portal-img/_next/image/?url=https%3A%2F%2Fpicture.rumah123.com%2Fr123-images%2F720x420-crop%2Fcustomer%2F736603%2F2f6d46fb22d6d710d7878e1eff2f8563.jpg&w=3840&q=75","[object Object]","7","[object Object]","Tanah","Premier","","","","","Rp 3,57 Miliar Total","Rp 17 Jutaan (Tenor 20 Tahun)","Rp 22 Jutaan (Tenor 15 Tahun)","https://www.rumah123.com/properti/semarang-banyumanik/tanah-di-daerah-srondol-banyumanik-semarang-tt-8661-las9174203/","Tanah di Daerah Srondol Banyumanik ,Semarang ( Tt 8661 )","Banyumanik, Semarang","Tanah di daerah Srondol Banyumanik ,Semarang ( Tt 8661 ) Lokasi strategis , Hadap Timur Tanah ada bangunannya dekat fasilitas umum lainnya Good Inv...","","","","","421 m²","LT:","","","https://pic.rumah123.com/r123/250x250-fit/photo/736603/7366031618998282.jpg","Diperbarui 4 minggu yang lalu oleh","Emirita Tata","+628193...","WhatsApp","","","https://pic.rumah123.com/r123/100x100-fit/logo/20200122032448_redland.jpeg","","",""
"https://www.rumah123.com/portal-img/_next/image/?url=https%3A%2F%2Fpicture.rumah123.com%2Fr123-images%2F720x420-crop%2Fcustomer%2F736603%2F987a000a2524bad542eb50a9d6f83179.jpg&w=3840&q=85","https://www.rumah123.com/portal-img/_next/image/?url=https%3A%2F%2Fpicture.rumah123.com%2Fr123-images%2F720x420-crop%2Fcustomer%2F736603%2F4bfed8297ca95b6fcd3b11a5fe98792c.jpg&w=3840&q=75","https://www.rumah123.com/portal-img/_next/image/?url=https%3A%2F%2Fpicture.rumah123.com%2Fr123-images%2F720x420-crop%2Fcustomer%2F736603%2F23119bb6f8779254189dbe2c14fd4dd4.jpg&w=3840&q=75","[object Object]","6","[object Object]","Tanah","Premier","https://www.rumah123.com/jual/cari/?location=jawa-tengah&itm_medium=search-suggestions-lokasi&itm_source=organic&quickLabel=Bebas+Banjir","Bebas Banjir","https://www.rumah123.com/jual/cari/?location=jawa-tengah&itm_medium=search-suggestions-lokasi&itm_source=organic&quickLabel=Dekat+Sekolah","Dekat Sekolah","Rp 3,5 Miliar Total","Rp 17 Jutaan (Tenor 20 Tahun)","Rp 22 Jutaan (Tenor 15 Tahun)","https://www.rumah123.com/properti/salatiga-salatiga/tanah-di-daerah-kauman-sidorejo-salatiga-vn-tt-8210-las8926758/","Tanah di daerah Kauman , Sidorejo Salatiga ( Vn Tt 8210 )","Salatiga, Salatiga","Tanah di daerah Kauman , Sidorejo Salatiga ( Vn Tt 8210 ) Lokasi strategis , hadap Barat laut Tanah siap bangun , bebas banjir Dekat fasilitas umum...","","","","","633 m²","LT:","","","https://pic.rumah123.com/r123/250x250-fit/photo/736603/7366031618998282.jpg","Diperbarui 4 minggu yang lalu oleh","Emirita Tata","+628193...","WhatsApp","","","https://pic.rumah123.com/r123/100x100-fit/logo/20200122032448_redland.jpeg","https://www.rumah123.com/jual/cari/?location=jawa-tengah&itm_medium=search-suggestions-lokasi&itm_source=organic&quickLabel=Dekat+Fasilitas+Kesehatan","Dekat Fasilitas Kesehatan",""
"https://www.rumah123.com/portal-img/_next/image/?url=https%3A%2F%2Fpicture.rumah123.com%2Fr123-images%2F720x420-crop%2Fcustomer%2F736603%2Fb1286efeaa970849dc67300779a2c3d7.jpg&w=3840&q=75","https://www.rumah123.com/portal-img/_next/image/?url=https%3A%2F%2Fpicture.rumah123.com%2Fr123-images%2F720x420-crop%2Fcustomer%2F736603%2F77c46612d472dd82d3479d028fe776cf.jpg&w=3840&q=75","","[object Object]","2","[object Object]","Ruko","Premier","","","","","Rp 4,5 Miliar Total","Rp 22 Jutaan (Tenor 20 Tahun)","Rp 28 Jutaan (Tenor 15 Tahun)","https://www.rumah123.com/properti/semarang-semarang-selatan/ruko-di-erlangga-semarang-selatan-tt-7398-shs4544713/","Ruko di Erlangga , Semarang Selatan Tt 7398","Semarang Selatan, Semarang","Ruko di Erlangga , Semarang Selatan ( Tt 7398 ) Letak strategis , di tengah pusat ibukota Hadap Utara , Available 2 ruko  Dekat fasilitas umum lain...","3","[object Object]","","","79 m²","LT:","237 m²","LB:","https://pic.rumah123.com/r123/250x250-fit/photo/736603/7366031618998282.jpg","Diperbarui 4 minggu yang lalu oleh","Emirita Tata","+628193...","WhatsApp","","","https://pic.rumah123.com/r123/100x100-fit/logo/20200122032448_redland.jpeg","","",""
"https://www.rumah123.com/portal-img/_next/image/?url=https%3A%2F%2Fpicture.rumah123.com%2Fr123-images%2F720x420-crop%2Fcustomer%2F736603%2F694538733a5703162277865b2c93ea0b.jpg&w=3840&q=75","https://www.rumah123.com/portal-img/_next/image/?url=https%3A%2F%2Fpicture.rumah123.com%2Fr123-images%2F720x420-crop%2Fcustomer%2F736603%2F456bcfd2b91b41d4082e796e7b455f8c.jpg&w=3840&q=75","https://www.rumah123.com/portal-img/_next/image/?url=https%3A%2F%2Fpicture.rumah123.com%2Fr123-images%2F720x420-crop%2Fcustomer%2F736603%2F7d6a26c6267f8b13b7e0363e1fdc8b58.jpg&w=3840&q=75","[object Object]","22","[object Object]","Ruang Usaha","Premier","","","","","Rp 12,5 Miliar Total","Rp 61 Jutaan (Tenor 20 Tahun)","Rp 78 Jutaan (Tenor 15 Tahun)","https://www.rumah123.com/properti/semarang-semarang-timur/ruang-usaha-di-daerah-citarum-semarang-vn-tt-8273-css9679905/","Ruang Usaha di daerah Citarum ,Semarang ( Vn Tt 8273 )","Semarang Timur, Semarang","Ruang Usaha di daerah Citarum ,Semarang ( Vn Tt 8273 ) Lokasi strategis , akses jalan depan lebar di lantai 1 ada 8 toilet , listrik 40,7 kva Dekat...","","","","","608 m²","LT:","1500 m²","LB:","https://pic.rumah123.com/r123/250x250-fit/photo/736603/7366031618998282.jpg","Diperbarui 4 minggu yang lalu oleh","Emirita Tata","+628193...","WhatsApp","","","https://pic.rumah123.com/r123/100x100-fit/logo/20200122032448_redland.jpeg","","",""
"https://www.rumah123.com/portal-img/_next/image/?url=https%3A%2F%2Fpicture.rumah123.com%2Fr123-images%2F720x420-crop%2Fcustomer%2F1217145%2Feeb5aba7a0f8b8b4683b06e3da127501.jpg&w=3840&q=75","https://www.rumah123.com/portal-img/_next/image/?url=https%3A%2F%2Fpicture.rumah123.com%2Fr123-images%2F720x420-crop%2Fcustomer%2F1217145%2F4f98b394ec955e5504e2cb7ec1d00433.jpg&w=3840&q=75","https://www.rumah123.com/portal-img/_next/image/?url=https%3A%2F%2Fpicture.rumah123.com%2Fr123-images%2F720x420-crop%2Fcustomer%2F1217145%2F6f066586da03ee3f56a22f9cddb41f5a.jpg&w=3840&q=75","[object Object]","8","[object Object]","Rumah","Premier","https://www.rumah123.com/jual/cari/?location=jawa-tengah&itm_medium=search-suggestions-lokasi&itm_source=organic&quickLabel=Bisa+Nego","Bisa Nego","https://www.rumah123.com/jual/cari/?location=jawa-tengah&itm_medium=search-suggestions-lokasi&itm_source=organic&quickLabel=DP+0%25","DP 0%","Rp 1,4 Miliar","Rp 6 Jutaan (Tenor 20 Tahun)","Rp 8 Jutaan (Tenor 15 Tahun)","https://www.rumah123.com/properti/semarang-tembalang/rumah-exclusive-akses-tol-banyumanik-undip-hos39967453/","Rumah Exclusive Akses Tol Banyumanik Undip","Tembalang, Semarang","Rumah bergaya scandinavian di Tembalang.  Dapatkan rumah 2 lantai yang asri ini,  dijual dengan pemandangan pegunungan yang menambah nilai estetika...","3","[object Object]","2","[object Object]","105 m²","LT:","90 m²","LB:","https://pic.rumah123.com/r123/250x250-fit/photo/1217145/12171451747629274.jpg","Diperbarui 4 minggu yang lalu oleh","The Daarra Exclusive Residence","+628119...","WhatsApp","1","[object Object]","https://pic.rumah123.com/r123/100x100-fit/logo/20250416014144_the_daarra_exclusive_residence.png","https://www.rumah123.com/jual/cari/?location=jawa-tengah&itm_medium=search-suggestions-lokasi&itm_source=organic&quickLabel=Siap+Huni","Siap Huni",""
"https://www.rumah123.com/portal-img/_next/image/?url=https%3A%2F%2Fpicture.rumah123.com%2Fr123-images%2F720x420-crop%2Fcustomer%2F1217145%2F4df76d4287b76048850689321dc42e37.jpg&w=3840&q=75","https://www.rumah123.com/portal-img/_next/image/?url=https%3A%2F%2Fpicture.rumah123.com%2Fr123-images%2F720x420-crop%2Fcustomer%2F1217145%2F245c77aa4b83ca7020cd2566de888819.jpg&w=3840&q=75","https://www.rumah123.com/portal-img/_next/image/?url=https%3A%2F%2Fpicture.rumah123.com%2Fr123-images%2F720x420-crop%2Fcustomer%2F1217145%2F7a287b7404268aa36e880f3e504c390f.jpg&w=3840&q=75","[object Object]","10","[object Object]","Rumah","Premier","https://www.rumah123.com/jual/cari/?location=jawa-tengah&itm_medium=search-suggestions-lokasi&itm_source=organic&quickLabel=Bisa+Nego","Bisa Nego","https://www.rumah123.com/jual/cari/?location=jawa-tengah&itm_medium=search-suggestions-lokasi&itm_source=organic&quickLabel=Siap+Huni","Siap Huni","Rp 1,55 Miliar","Rp 7 Jutaan (Tenor 20 Tahun)","Rp 9 Jutaan (Tenor 15 Tahun)","https://www.rumah123.com/properti/semarang-tembalang/runah-graha-wahid-lokasi-strategis-murah-dijual-cepat-hos40334655/","Rumah Graha Wahid Lokasi Strategis Murah Dijual Cepat","Tembalang, Semarang","Rumah bergaya minimalis di Tembalang.  Miliki rumah 2 lantai yang asri ini,  dijual dengan pemandangan asri yang menambah nilai estetika di lingkun...","3 + 1","[object Object]","2 + 1","[object Object]","199 m²","LT:","120 m²","LB:","https://pic.rumah123.com/r123/250x250-fit/photo/1217145/12171451747629274.jpg","Diperbarui 3 minggu yang lalu oleh","The Daarra Exclusive Residence","+628119...","WhatsApp","2","[object Object]","https://pic.rumah123.com/r123/100x100-fit/logo/20250416014144_the_daarra_exclusive_residence.png","https://www.rumah123.com/jual/cari/?location=jawa-tengah&itm_medium=search-suggestions-lokasi&itm_source=organic&quickLabel=Bebas+Banjir","Bebas Banjir",""
"https://www.rumah123.com/portal-img/_next/image/?url=https%3A%2F%2Fpicture.rumah123.com%2Fr123-images%2F720x420-crop%2Fcustomer%2F736603%2F0b57f40abaef916569cd6b2ce3e9641c.jpg&w=3840&q=75","https://www.rumah123.com/portal-img/_next/image/?url=https%3A%2F%2Fpicture.rumah123.com%2Fr123-images%2F720x420-crop%2Fcustomer%2F736603%2F8d838bc7d9207f9a412110880cad1886.jpg&w=3840&q=75","","[object Object]","2","[object Object]","Rumah","Premier","https://www.rumah123.com/jual/cari/?location=jawa-tengah&itm_medium=search-suggestions-lokasi&itm_source=organic&quickLabel=Dekat+Sekolah","Dekat Sekolah","https://www.rumah123.com/jual/cari/?location=jawa-tengah&itm_medium=search-suggestions-lokasi&itm_source=organic&quickLabel=Dekat+Fasilitas+Kesehatan","Dekat Fasilitas Kesehatan","Rp 1,6 Miliar","Rp 7 Jutaan (Tenor 20 Tahun)","Rp 10 Jutaan (Tenor 15 Tahun)","https://www.rumah123.com/properti/semarang-semarang-barat/rumah-di-puri-mediterania-semarang-vn-tt-8274-hos40271440/","Rumah di Puri Mediterania , Semarang ( Vn Tt 8274 )","Semarang Barat, Semarang","Rumah di Puri Mediterania , Semarang ( Vn Tt 8274 ) Letak strategis , jalan depan lebar Dekat fasilitas umum lainnya seperti sekolah , RS dll Hadap...","3","[object Object]","2","[object Object]","144 m²","LT:","145 m²","LB:","https://pic.rumah123.com/r123/250x250-fit/photo/736603/7366031618998282.jpg","Diperbarui 4 minggu yang lalu oleh","Emirita Tata","+628193...","WhatsApp","","","https://pic.rumah123.com/r123/100x100-fit/logo/20200122032448_redland.jpeg","","",""
"https://www.rumah123.com/portal-img/_next/image/?url=https%3A%2F%2Fpicture.rumah123.com%2Fr123-images%2F720x420-crop%2Fcustomer%2F63420%2Faae434ffb5df579540604e3d93a3a7f5.jpg&w=3840&q=75","https://www.rumah123.com/portal-img/_next/image/?url=https%3A%2F%2Fpicture.rumah123.com%2Fr123-images%2F720x420-crop%2Fcustomer%2F63420%2Fdc45eb972943fd7d96ba22ac21dca246.jpg&w=3840&q=75","https://www.rumah123.com/portal-img/_next/image/?url=https%3A%2F%2Fpicture.rumah123.com%2Fr123-images%2F720x420-crop%2Fcustomer%2F63420%2F6944c5ca56f9f67080a11ac569fac2a5.jpg&w=3840&q=75","[object Object]","11","[object Object]","Rumah","Premier","","","","","Rp 8,5 Miliar","Rp 41 Jutaan (Tenor 20 Tahun)","Rp 53 Jutaan (Tenor 15 Tahun)","https://www.rumah123.com/properti/semarang-semarang-tengah/rumah-tengah-kota-semarang-dekat-gajahmada-dan-kampungkali-hos39013759/","Rumah Tengah Kota Semarang Dekat Gajahmada dan Kampungkali","Semarang Tengah, Semarang","Dijual Rumah Tengah Kota Semarang Dekat Gajahmada/Kampungkali  Luas Tanah 404m² Luas bangunan 680m² Kamar Tidur 10+2 Kamar mandi 4+1 Listrik 1100...","12","[object Object]","5","[object Object]","404 m²","LT:","680 m²","LB:","https://pic.rumah123.com/r123/250x250-fit/photo/63420/634201709047468.jpg","Diperbarui 2 hari yang lalu oleh","Else Susilowaty","+628522...","WhatsApp","1 + 2","[object Object]","https://pic.rumah123.com/r123/100x100-fit/logo/20201202052029_hepi_property.jpeg","","",""
"https://www.rumah123.com/portal-img/_next/image/?url=https%3A%2F%2Fpicture.rumah123.com%2Fr123-images%2F720x420-crop%2Fcustomer%2F63420%2F557b245609919e63e29a56cd3463f19c.jpg&w=3840&q=75","https://www.rumah123.com/portal-img/_next/image/?url=https%3A%2F%2Fpicture.rumah123.com%2Fr123-images%2F720x420-crop%2Fcustomer%2F63420%2F76c50364d17a2f143f71e3730424d130.jpg&w=3840&q=75","https://www.rumah123.com/portal-img/_next/image/?url=https%3A%2F%2Fpicture.rumah123.com%2Fr123-images%2F720x420-crop%2Fcustomer%2F63420%2F9b3d982cd9ccb6f17d747766a312bf5c.jpg&w=3840&q=75","[object Object]","9","[object Object]","Rumah","Premier","https://www.rumah123.com/jual/cari/?location=jawa-tengah&itm_medium=search-suggestions-lokasi&itm_source=organic&quickLabel=Dekat+Akses+Transportasi","Dekat Akses Transportasi","https://www.rumah123.com/jual/cari/?location=jawa-tengah&itm_medium=search-suggestions-lokasi&itm_source=organic&quickLabel=Dekat+Pusat+Perbelanjaan","Dekat Pusat Perbelanjaan","Rp 5,5 Miliar","Rp 27 Jutaan (Tenor 20 Tahun)","Rp 34 Jutaan (Tenor 15 Tahun)","https://www.rumah123.com/properti/semarang-tembalang/rumah-mewah-dengan-kolam-renang-di-bulusan-tembalang-semarang-hos41144896/","Rumah Mewah Semi Furnished Ada Kolam Renang di Bulusan Tembalang","Tembalang, Semarang","Rumah Mewah dengan Kolam Renang di Bulusan Tembalang Semarang  Luas Tanah 575m² Luas Bangunan 500m² Kamar Tidur 7 Kamar Mandi 4 Air Artetis Priba...","7","[object Object]","4","[object Object]","575 m²","LT:","500 m²","LB:","https://pic.rumah123.com/r123/250x250-fit/photo/63420/634201709047468.jpg","Diperbarui 2 hari yang lalu oleh","Else Susilowaty","+628522...","WhatsApp","1","[object Object]","https://pic.rumah123.com/r123/100x100-fit/logo/20201202052029_hepi_property.jpeg","https://www.rumah123.com/jual/cari/?location=jawa-tengah&itm_medium=search-suggestions-lokasi&itm_source=organic&quickLabel=Dekat+Sekolah","Dekat Sekolah",""
"https://www.rumah123.com/portal-img/_next/image/?url=https%3A%2F%2Fpicture.rumah123.com%2Fr123-images%2F720x420-crop%2Fcustomer%2F63420%2Fa844bde1e823d917d59b6f669ef81d65.jpg&w=3840&q=75","https://www.rumah123.com/portal-img/_next/image/?url=https%3A%2F%2Fpicture.rumah123.com%2Fr123-images%2F720x420-crop%2Fcustomer%2F63420%2F65a40b86baf5a1285cad19fccc1c9523.jpg&w=3840&q=75","https://www.rumah123.com/portal-img/_next/image/?url=https%3A%2F%2Fpicture.rumah123.com%2Fr123-images%2F720x420-crop%2Fcustomer%2F63420%2Ff1e4eea6319174141226e3ace7535ab7.jpg&w=3840&q=75","[object Object]","13","[object Object]","Rumah","Premier","","","","","Rp 12 Miliar","Rp 58 Jutaan (Tenor 20 Tahun)","Rp 75 Jutaan (Tenor 15 Tahun)","https://www.rumah123.com/properti/semarang-banyumanik/rumah-2-lantai-ada-view-di-gombel-semarang-selatan-hos39129601/","Rumah 2 Lantai Ada View Di Gombel Semarang Selatan","Banyumanik, Semarang","Dijual Rumah 2 lantai di Gombel, Semarang. Ada view.  Luas Tanah 1188m2 Luas Bangunan 1000m² Kamar Tidur 5+1 Kamar Mandi 4+1 Listrik 5500 wat Sert...","5 + 1","[object Object]","4 + 1","[object Object]","1188 m²","LT:","1000 m²","LB:","https://pic.rumah123.com/r123/250x250-fit/photo/63420/634201709047468.jpg","Diperbarui 2 hari yang lalu oleh","Else Susilowaty","+628522...","WhatsApp","2 + 5","[object Object]","https://pic.rumah123.com/r123/100x100-fit/logo/20201202052029_hepi_property.jpeg","","",""
"https://www.rumah123.com/portal-img/_next/image/?url=https%3A%2F%2Fpicture.rumah123.com%2Fr123-images%2F720x420-crop%2Fcustomer%2F63420%2Flisting%2Fhos41547980%2Fenhanced%2F14974077710c0f525b924faa5cd11777.jpg&w=3840&q=75","https://www.rumah123.com/portal-img/_next/image/?url=https%3A%2F%2Fpicture.rumah123.com%2Fr123-images%2F720x420-crop%2Fcustomer%2F63420%2Flisting%2Fhos41547980%2Fenhanced%2F57b8f8922ea822325e3d244def6572dd.jpg&w=3840&q=75","https://www.rumah123.com/portal-img/_next/image/?url=https%3A%2F%2Fpicture.rumah123.com%2Fr123-images%2F720x420-crop%2Fcustomer%2F63420%2Flisting%2Fhos41547980%2Fenhanced%2Fbeec1b579c908356e631f72072f61a98.jpg&w=3840&q=75","[object Object]","13","[object Object]","Rumah","Premier","https://www.rumah123.com/jual/cari/?location=jawa-tengah&itm_medium=search-suggestions-lokasi&itm_source=organic&quickLabel=Dekat+Akses+Transportasi","Dekat Akses Transportasi","https://www.rumah123.com/jual/cari/?location=jawa-tengah&itm_medium=search-suggestions-lokasi&itm_source=organic&quickLabel=Dekat+Pusat+Perbelanjaan","Dekat Pusat Perbelanjaan","Rp 2 Miliar","Rp 9 Jutaan (Tenor 20 Tahun)","Rp 12 Jutaan (Tenor 15 Tahun)","https://www.rumah123.com/properti/semarang-banyumanik/rumah-di-bukit-sari-ngesrep-banyumanik-semarang-hos41547980/","Rumah 2 Lantai di Bukit Sari, Murah","Banyumanik, Semarang","Dijual Rumah di Bukit Sari Ngesrep, Banyumanik Semarang  Luas Tanah 210m² Luas Bangunan 269m² Kamar Tidur 4 Kamar mandi 3 Sertifikat HM Listrik 2...","4","[object Object]","3","[object Object]","210 m²","LT:","269 m²","LB:","https://pic.rumah123.com/r123/250x250-fit/photo/63420/634201709047468.jpg","Diperbarui 2 hari yang lalu oleh","Else Susilowaty","+628522...","WhatsApp","1 + 1","[object Object]","https://pic.rumah123.com/r123/100x100-fit/logo/20201202052029_hepi_property.jpeg","https://www.rumah123.com/jual/cari/?location=jawa-tengah&itm_medium=search-suggestions-lokasi&itm_source=organic&quickLabel=Dekat+Sekolah","Dekat Sekolah",""
"https://www.rumah123.com/portal-img/_next/image/?url=https%3A%2F%2Fpicture.rumah123.com%2Fr123-images%2F720x420-crop%2Fcustomer%2F2174931%2F4652d2fc911af881d4924567cacc0051.png&w=3840&q=75","https://www.rumah123.com/portal-img/_next/image/?url=https%3A%2F%2Fpicture.rumah123.com%2Fr123-images%2F720x420-crop%2Fcustomer%2F2174931%2Fba2ae76146e473679dd8e3794df4e6b5.png&w=3840&q=75","https://www.rumah123.com/portal-img/_next/image/?url=https%3A%2F%2Fpicture.rumah123.com%2Fr123-images%2F720x420-crop%2Fcustomer%2F2174931%2F5c7bcedfd793633405498cdb3f6f00ac.png&w=3840&q=75","[object Object]","11","[object Object]","Rumah","Premier","https://www.rumah123.com/jual/cari/?location=jawa-tengah&itm_medium=search-suggestions-lokasi&itm_source=organic&quickLabel=Siap+Huni","Siap Huni","https://www.rumah123.com/jual/cari/?location=jawa-tengah&itm_medium=search-suggestions-lokasi&itm_source=organic&quickLabel=Dekat+Akses+Transportasi","Dekat Akses Transportasi","Rp 65 Miliar","Rp 319 Jutaan (Tenor 20 Tahun)","Rp 409 Jutaan (Tenor 15 Tahun)","https://www.rumah123.com/properti/semarang-pleburan/dijual-rumah-mewah-siap-huni-dekat-simpang-lima-di-pleburan-hos41096567/","Dijual Rumah Mewah Siap Huni Dekat Simpang Lima di A. Yani, Semarang","Pleburan, Semarang","Rumah mewah 2 lantai di A. Yani, Semarang.  Dijual rumah di wilayah yang tenang. Properti 2 lantai ini berada di lingkungan yang mudah dijangkau.  ...","7 + 1","[object Object]","4 + 1","[object Object]","1240 m²","LT:","840 m²","LB:","https://pic.rumah123.com/r123/250x250-fit/photo/2174931/21749311742371450.jpg","Diperbarui 3 hari yang lalu oleh","Mirailand Property","+628135...","WhatsApp","1 + 1","[object Object]","","https://www.rumah123.com/jual/cari/?location=jawa-tengah&itm_medium=search-suggestions-lokasi&itm_source=organic&quickLabel=Dekat+Pusat+Perbelanjaan","Dekat Pusat Perbelanjaan",""
"https://www.rumah123.com/portal-img/_next/image/?url=https%3A%2F%2Fpicture.rumah123.com%2Fr123-images%2F720x420-crop%2Fcustomer%2F1254243%2Fea6db8e0dadcc9fc10ed0dda5efa4b78.jpg&w=3840&q=75","https://www.rumah123.com/portal-img/_next/image/?url=https%3A%2F%2Fpicture.rumah123.com%2Fr123-images%2F720x420-crop%2Fcustomer%2F1254243%2F3ea916a977dfa69f2db62b42df012ad6.jpg&w=3840&q=75","https://www.rumah123.com/portal-img/_next/image/?url=https%3A%2F%2Fpicture.rumah123.com%2Fr123-images%2F720x420-crop%2Fcustomer%2F1254243%2Fc353d2352285c5f974936c9e37ef3e15.jpg&w=3840&q=75","[object Object]","13","[object Object]","Rumah","Premier","https://www.rumah123.com/jual/cari/?location=jawa-tengah&itm_medium=search-suggestions-lokasi&itm_source=organic&quickLabel=Dekat+Sekolah","Dekat Sekolah","https://www.rumah123.com/jual/cari/?location=jawa-tengah&itm_medium=search-suggestions-lokasi&itm_source=organic&quickLabel=Dekat+Fasilitas+Kesehatan","Dekat Fasilitas Kesehatan","Rp 22 Miliar","Rp 108 Jutaan (Tenor 20 Tahun)","Rp 138 Jutaan (Tenor 15 Tahun)","https://www.rumah123.com/properti/semarang-gunung-pati/rumah-dengan-banyak-kamar-untuk-penginapan-atau-panti-lokasi-sejuk-dan-tenang-di-gunung-pati-semarang-hos40513243/","Rumah Dengan Banyak Kamar Untuk Penginapan Atau Panti , Lokasi Sejuk Dan Tenang Di Gunung Pati Semarang","Gunung Pati, Semarang","- Property berupa Rumah Penginapan  atau eks Panti - Terdiri dari 6 sertifikat sudah SHM - Ada 4 Bangunan utama dan 2 Dapur - Fasilitas lainnya :  ...","43","[object Object]","16","[object Object]","10138 m²","LT:","3000 m²","LB:","https://picture.rumah123.com/r123-images/250x250-fit/customer/1254243/aa19c681790660ddc4444892d824c0b6.jpg","Diperbarui 1 minggu yang lalu oleh","DAUD SUWITO (DDO) BRIGHTON","+628157...","WhatsApp","3","[object Object]","https://pic.rumah123.com/r123/100x100-fit/logo/20240304090052_brighton_winner_imam_bonjol_semarang.png","","",""
"https://www.rumah123.com/portal-img/_next/image/?url=https%3A%2F%2Fpicture.rumah123.com%2Fr123-images%2F720x420-crop%2Fcustomer%2F1799011%2F4e05875e5e2359801de93b9f7534a1ba.jpg&w=3840&q=75","https://www.rumah123.com/portal-img/_next/image/?url=https%3A%2F%2Fpicture.rumah123.com%2Fr123-images%2F720x420-crop%2Fcustomer%2F1799011%2Fa48d94fb55e4c39a754eb97245e64ad3.jpg&w=3840&q=75","https://www.rumah123.com/portal-img/_next/image/?url=https%3A%2F%2Fpicture.rumah123.com%2Fr123-images%2F720x420-crop%2Fcustomer%2F1799011%2F916c3dd719fd073af70db85a6e55ecbd.jpg&w=3840&q=75","[object Object]","9","[object Object]","Rumah","Premier","https://www.rumah123.com/jual/cari/?location=jawa-tengah&itm_medium=search-suggestions-lokasi&itm_source=organic&quickLabel=Dekat+Pusat+Perbelanjaan","Dekat Pusat Perbelanjaan","","","Rp 2 Miliar","Rp 9 Jutaan (Tenor 20 Tahun)","Rp 12 Jutaan (Tenor 15 Tahun)","https://www.rumah123.com/properti/klaten-ngawen/rumah-klaten-dijual-dekat-matahari-klaten-hos41320354/","Rumah Klaten Dijual Dekat Matahari Klaten","Ngawen, Klaten","Rumah Murah Klaten Dijual Lokasi Strategis SHM LT 900mm LB 200m LD 30m 2 KT, 2 KM 1300w Air Sumur  9 menit Matahari Klaten","2","[object Object]","2","[object Object]","900 m²","LT:","200 m²","LB:","https://picture.rumah123.com/r123-images/250x250-fit/customer/4447455/cd2d56a58293204a49666b405754d410.jpg","Diperbarui 1 minggu yang lalu oleh","Samuel Handoko","+628139...","WhatsApp","2","[object Object]","https://pic.rumah123.com/r123/100x100-fit/logo/20190701123328_irea_solo.jpeg","","",""
"https://www.rumah123.com/portal-img/_next/image/?url=https%3A%2F%2Fpicture.rumah123.com%2Fr123-images%2F720x420-crop%2Fcustomer%2F1701836%2F1284d950f3d1f3cfb1b109906afcce4a.jpg&w=3840&q=75","https://www.rumah123.com/portal-img/_next/image/?url=https%3A%2F%2Fpicture.rumah123.com%2Fr123-images%2F720x420-crop%2Fcustomer%2F1701836%2Fd04ff9c3f7b277770f935d63edf21920.jpg&w=3840&q=75","https://www.rumah123.com/portal-img/_next/image/?url=https%3A%2F%2Fpicture.rumah123.com%2Fr123-images%2F720x420-crop%2Fcustomer%2F1701836%2Fb6806989d90d16b7ad5ce6db92872a6d.jpg&w=3840&q=75","[object Object]","17","[object Object]","Rumah","Premier","https://www.rumah123.com/jual/cari/?location=jawa-tengah&itm_medium=search-suggestions-lokasi&itm_source=organic&quickLabel=Siap+Huni","Siap Huni","https://www.rumah123.com/jual/cari/?location=jawa-tengah&itm_medium=search-suggestions-lokasi&itm_source=organic&quickLabel=Bebas+Banjir","Bebas Banjir","Rp 750 Juta","Rp 3 Jutaan (Tenor 20 Tahun)","Rp 4 Jutaan (Tenor 15 Tahun)","https://www.rumah123.com/properti/solo-kartosuro/rumah-dijual-di-kartasura-dekat-ums-hos41325332/","Rumah Dijual di Kartasura Dekat Ums","Kartosuro, Solo","Rumah 2 lantai di Kartosuro, Solo.  Dijual rumah di wilayah yang tenang. Properti 2 lantai ini berada di lingkungan perumahan/komplek.  Spesifikasi...","4","[object Object]","3","[object Object]","84 m²","LT:","140 m²","LB:","https://picture.rumah123.com/r123-images/250x250-fit/customer/4438277/404c1b452aac85ebddf7a37afe00e3fa.jpg","Diperbarui 2 hari yang lalu oleh","Lia Imelda","+628821...","WhatsApp","1","[object Object]","https://pic.rumah123.com/r123/100x100-fit/logo/20190701123328_irea_solo.jpeg","https://www.rumah123.com/jual/cari/?location=jawa-tengah&itm_medium=search-suggestions-lokasi&itm_source=organic&quickLabel=Dekat+Sekolah","Dekat Sekolah",""
"https://www.rumah123.com/portal-img/_next/image/?url=https%3A%2F%2Fpicture.rumah123.com%2Fr123-images%2F720x420-crop%2Fcustomer%2F4466447%2F0aa4c255a829111ff3d64b876cd9f868.jpg&w=3840&q=75","https://www.rumah123.com/portal-img/_next/image/?url=https%3A%2F%2Fpicture.rumah123.com%2Fr123-images%2F720x420-crop%2Fcustomer%2F4466447%2F3d09e6103aaeb73f3c9dbca5f4f4fa3b.jpg&w=3840&q=75","https://www.rumah123.com/portal-img/_next/image/?url=https%3A%2F%2Fpicture.rumah123.com%2Fr123-images%2F720x420-crop%2Fcustomer%2F4466447%2Fffa3ad8c1585d6c28d425d4f32a18a4d.jpg&w=3840&q=75","[object Object]","11","[object Object]","Rumah","Premier","https://www.rumah123.com/jual/cari/?location=jawa-tengah&itm_medium=search-suggestions-lokasi&itm_source=organic&quickLabel=Dekat+Fasilitas+Kesehatan","Dekat Fasilitas Kesehatan","","","Rp 1,8 Miliar","Rp 8 Jutaan (Tenor 20 Tahun)","Rp 11 Jutaan (Tenor 15 Tahun)","https://www.rumah123.com/properti/semarang-semarang-selatan/rumah-bagus-pembayaran-mudah-di-pudakpayung-semarang-hos41543457/","Rumah Bagus Pembayaran Mudah di Pudakpayung Semarang","Semarang Selatan, Semarang","Rumah di Semarang kota, Milik Saya sendiri , luas tanah 297 m2 , bisa bayar 3 kali , atau TT dengan rumah lain atau sesuatu yang bernilai , asal sa...","4","[object Object]","2","[object Object]","297 m²","LT:","290 m²","LB:","","Diperbarui 1 minggu yang lalu oleh","SANITA","+628122...","WhatsApp","1 + 1","[object Object]","","","",""
"https://www.rumah123.com/portal-img/_next/image/?url=https%3A%2F%2Fpicture.rumah123.com%2Fr123-images%2F720x420-crop%2Fcustomer%2F1893423%2F2db83d778ad742964b76c0af2eaf6fa2.jpg&w=3840&q=75","https://www.rumah123.com/portal-img/_next/image/?url=https%3A%2F%2Fpicture.rumah123.com%2Fr123-images%2F720x420-crop%2Fcustomer%2F1893423%2F60c33137f36f964130a43ebb23c8ee42.jpg&w=3840&q=75","https://www.rumah123.com/portal-img/_next/image/?url=https%3A%2F%2Fpicture.rumah123.com%2Fr123-images%2F720x420-crop%2Fcustomer%2F1893423%2F496d016b5ce447906b6e8c64e17c3e40.jpg&w=3840&q=75","[object Object]","15","[object Object]","Rumah","Premier","","","","","Rp 4,3 Miliar","Rp 21 Jutaan (Tenor 20 Tahun)","Rp 27 Jutaan (Tenor 15 Tahun)","https://www.rumah123.com/properti/semarang-gajah-mungkur/dijual-rumah-murah-di-jl-menoreh-semarang-hos41395268/","Dijual Rumah Bagus Murah di Jl Menoreh Sampangan.semarang","Gajah Mungkur, Semarang","Lokasi rumah dekat jl Raya .","5","[object Object]","3","[object Object]","590 m²","LT:","350 m²","LB:","https://pic.rumah123.com/r123/250x250-fit/photo/1893423/18934231698569161.jpg","Diperbarui 1 minggu yang lalu oleh","Ratna","+628121...","WhatsApp","2 + 2","[object Object]","","","",""
"https://www.rumah123.com/portal-img/_next/image/?url=https%3A%2F%2Fpicture.rumah123.com%2Fr123-images%2F720x420-crop%2Fcustomer%2F2169486%2F30f70da84a0656556f804d13f20f3e7d.jpg&w=3840&q=75","","","","1","[object Object]","Rumah","Premier","https://www.rumah123.com/jual/cari/?location=jawa-tengah&itm_medium=search-suggestions-lokasi&itm_source=organic&quickLabel=Lelang","Lelang","","","Rp 7,35 Miliar","Rp 36 Jutaan (Tenor 20 Tahun)","Rp 46 Jutaan (Tenor 15 Tahun)","https://www.rumah123.com/properti/karanganyar-tawangmangu/rumah-lelang-permata-bank-tawangmangu-karanganyar-hos19484260/","Rumah Lelang Permata Bank Tawangmangu, Karanganyar","Tawangmangu, Karanganyar","Aset Property Lelang by Permata Bank","1","[object Object]","1","[object Object]","3198 m²","LT:","165 m²","LB:","https://pic.rumah123.com/r123/250x250-fit/photo/2169486/21694861740743464.jpg","Diperbarui 1 minggu yang lalu oleh","Permata Bank","+628128...","WhatsApp","","","https://pic.rumah123.com/r123/100x100-fit/logo/20240801040115_aset_bank.png","","",""
"https://www.rumah123.com/portal-img/_next/image/?url=https%3A%2F%2Fpicture.rumah123.com%2Fr123-images%2F720x420-crop%2Fcustomer%2F2169486%2F1c538da4c7a92f3d0ff41cd768432c35.jpg&w=3840&q=75","https://www.rumah123.com/portal-img/_next/image/?url=https%3A%2F%2Fpicture.rumah123.com%2Fr123-images%2F720x420-crop%2Fcustomer%2F2169486%2Fec68ebe1df0e5c6d4ac96b2f52271795.jpg&w=3840&q=75","","[object Object]","2","[object Object]","Rumah","Premier","https://www.rumah123.com/jual/cari/?location=jawa-tengah&itm_medium=search-suggestions-lokasi&itm_source=organic&quickLabel=Lelang","Lelang","","","Rp 4,34 Miliar","Rp 21 Jutaan (Tenor 20 Tahun)","Rp 27 Jutaan (Tenor 15 Tahun)","https://www.rumah123.com/properti/surakarta-serengan/rumah-lelang-permata-bank-serengan-kota-surakarta-hos19484261/","Rumah Lelang Permata Bank Serengan, Kota Surakarta","Serengan, Surakarta","Aset Property Lelang by Permata Bank","1","[object Object]","1","[object Object]","489 m²","LT:","541 m²","LB:","https://pic.rumah123.com/r123/250x250-fit/photo/2169486/21694861740743464.jpg","Diperbarui 1 minggu yang lalu oleh","Permata Bank","+628128...","WhatsApp","","","https://pic.rumah123.com/r123/100x100-fit/logo/20240801040115_aset_bank.png","","",""
"https://www.rumah123.com/portal-img/_next/image/?url=https%3A%2F%2Fpicture.rumah123.com%2Fr123-images%2F720x420-crop%2Fcustomer%2F2169486%2Fc485cce562405de8f097c949683780fd.jpg&w=3840&q=75","https://www.rumah123.com/portal-img/_next/image/?url=https%3A%2F%2Fpicture.rumah123.com%2Fr123-images%2F720x420-crop%2Fcustomer%2F2169486%2F84c3e93ec6c9ce90a39f28dfda1cd46a.jpg&w=3840&q=75","https://www.rumah123.com/portal-img/_next/image/?url=https%3A%2F%2Fpicture.rumah123.com%2Fr123-images%2F720x420-crop%2Fcustomer%2F2169486%2F6f657d61070d96764e408f22c07874b7.jpg&w=3840&q=75","[object Object]","4","[object Object]","Rumah","Premier","https://www.rumah123.com/jual/cari/?location=jawa-tengah&itm_medium=search-suggestions-lokasi&itm_source=organic&quickLabel=Lelang","Lelang","","","Rp 736 Juta","Rp 3 Jutaan (Tenor 20 Tahun)","Rp 4 Jutaan (Tenor 15 Tahun)","https://www.rumah123.com/properti/semarang-ngaliyan/rumah-tinggal-perum-kalasan-residence-hos38835218/","Rumah Tinggal Perum Kalasan Residence","Ngaliyan, Semarang","Aset Property Lelang by Bank Permata","","","","","194 m²","LT:","58 m²","LB:","https://pic.rumah123.com/r123/250x250-fit/photo/2169486/21694861740743464.jpg","Diperbarui 1 minggu yang lalu oleh","Permata Bank","+628128...","WhatsApp","","","https://pic.rumah123.com/r123/100x100-fit/logo/20240801040115_aset_bank.png","","",""
"https://www.rumah123.com/portal-img/_next/image/?url=https%3A%2F%2Fpicture.rumah123.com%2Fr123-images%2F720x420-crop%2Fcustomer%2F2169486%2F01fa2e2fe64a55adda0b39cd2c44e568.jpg&w=3840&q=75","https://www.rumah123.com/portal-img/_next/image/?url=https%3A%2F%2Fpicture.rumah123.com%2Fr123-images%2F720x420-crop%2Fcustomer%2F2169486%2F2b9fb4bfae1e87e8803b1471a5e742b9.jpg&w=3840&q=75","https://www.rumah123.com/portal-img/_next/image/?url=https%3A%2F%2Fpicture.rumah123.com%2Fr123-images%2F720x420-crop%2Fcustomer%2F2169486%2F2af2a77feffe3933e215b762cbf24992.jpg&w=3840&q=75","[object Object]","4","[object Object]","Rumah","Premier","https://www.rumah123.com/jual/cari/?location=jawa-tengah&itm_medium=search-suggestions-lokasi&itm_source=organic&quickLabel=Lelang","Lelang","","","Rp 1,15 Miliar","Rp 5 Jutaan (Tenor 20 Tahun)","Rp 7 Jutaan (Tenor 15 Tahun)","https://www.rumah123.com/properti/banyumas-purwokerto-timur/rumah-tinggal-perumahan-graha-timur-8-hos38996584/","Rumah Tinggal Perumahan Graha Timur 8","Purwokerto Timur, Banyumas","Aset Property Lelang by Bank Permata","","","","","94 m²","LT:","36 m²","LB:","https://pic.rumah123.com/r123/250x250-fit/photo/2169486/21694861740743464.jpg","Diperbarui 1 minggu yang lalu oleh","Permata Bank","+628128...","WhatsApp","","","https://pic.rumah123.com/r123/100x100-fit/logo/20240801040115_aset_bank.png","","",""
"https://www.rumah123.com/portal-img/_next/image/?url=https%3A%2F%2Fpicture.rumah123.com%2Fr123-images%2F720x420-crop%2Fcustomer%2F1162029%2F7bf65ec1ef10343eac908d99952de257.jpg&w=3840&q=85","","","[object Object]","3","[object Object]","Tanah","Premier","","","","","Rp 3 Miliar Total","Rp 14 Jutaan (Tenor 20 Tahun)","Rp 18 Jutaan (Tenor 15 Tahun)","https://www.rumah123.com/properti/semarang-semarang-barat/tanah-di-ariloka-semarang-jo-8527-las9143057/","Tanah di Ariloka , Semarang ( Jo 8527 )","Semarang Barat, Semarang","Tanah di Ariloka , Semarang ( Jo 8527 ) Lokasi strategis , Hadap Selatan Tanah siap bangun cocok untuk Kantor , Ruko , Gudang dll Dekat fasilitas u...","","","","","387 m²","LT:","","","","Diperbarui 3 hari yang lalu oleh","Emirita Redland","+628193...","WhatsApp","","","https://pic.rumah123.com/r123/100x100-fit/logo/20200122032448_redland.jpeg","","",""
"https://www.rumah123.com/portal-img/_next/image/?url=https%3A%2F%2Fpicture.rumah123.com%2Fr123-images%2F720x420-crop%2Fcustomer%2F1177237%2F321826f2b5e4772c17d5c40b35ee4f43.jpg&w=3840&q=75","","","[object Object]","3","[object Object]","Ruko","Premier","https://www.rumah123.com/jual/cari/?location=jawa-tengah&itm_medium=search-suggestions-lokasi&itm_source=organic&quickLabel=Siap+Huni","Siap Huni","https://www.rumah123.com/jual/cari/?location=jawa-tengah&itm_medium=search-suggestions-lokasi&itm_source=organic&quickLabel=Bebas+Banjir","Bebas Banjir","Rp 2,5 Miliar Total","Rp 12 Jutaan (Tenor 20 Tahun)","Rp 15 Jutaan (Tenor 15 Tahun)","https://www.rumah123.com/properti/semarang-ngaliyan/ruko-ngaliyan-square-ngaliyan-semarang-wn-8446-shs9896050/","Ruko Ngaliyan Square , Ngaliyan Semarang ( Wn 8446 )","Ngaliyan, Semarang","Ruko Ngaliyan Square , Ngaliyan Semarang ( Wn 8446 ) Lokasi strategis , lokasi bebas banjir Hadap Timur Ruko cocok untuk ruang usaha , kantor , tok...","2","[object Object]","","","105 m²","LT:","140 m²","LB:","","Diperbarui 3 hari yang lalu oleh","Emirita Redland","+628193...","WhatsApp","","","https://pic.rumah123.com/r123/100x100-fit/logo/20200122032448_redland.jpeg","","",""
"https://www.rumah123.com/portal-img/_next/image/?url=https%3A%2F%2Fpicture.rumah123.com%2Fr123-images%2F720x420-crop%2Fcustomer%2F4466975%2Flisting%2Fhos41579148%2Fenhanced%2F410dd857ce841df31ea6e74e83ce18a5.jpg&w=3840&q=75","","","[object Object]","10","[object Object]","Rumah","Premier","https://www.rumah123.com/jual/cari/?location=jawa-tengah&itm_medium=search-suggestions-lokasi&itm_source=organic&quickLabel=Siap+Huni","Siap Huni","https://www.rumah123.com/jual/cari/?location=jawa-tengah&itm_medium=search-suggestions-lokasi&itm_source=organic&quickLabel=Bebas+Banjir","Bebas Banjir","Rp 450 Juta","Rp 2 Jutaan (Tenor 20 Tahun)","Rp 2 Jutaan (Tenor 15 Tahun)","https://www.rumah123.com/properti/salatiga-argomulyo/rumah-1-lantai-shm-di-argomulyo-bebas-banjir-view-pegunungan-hos41579148/","Rumah, 1 Lantai, SHM, di Argomulyo, Bebas Banjir, View Pegunungan","Argomulyo, Salatiga","Rumah bergaya modern di Argomulyo.  Cek segera rumah 1 lantai yang nyaman ini,  dijual dengan pemandangan indah yang menambah nilai estetika di lin...","2","[object Object]","1","[object Object]","41 m²","LT:","84 m²","LB:","https://picture.rumah123.com/r123-images/250x250-fit/customer/4466975/210690e8d5dade118028919cc34eabac.jpg","Diperbarui 3 hari yang lalu oleh","Irnandia Martilana rizki","+628778...","WhatsApp","1","[object Object]","","https://www.rumah123.com/jual/cari/?location=jawa-tengah&itm_medium=search-suggestions-lokasi&itm_source=organic&quickLabel=Dekat+Sekolah","Dekat Sekolah",""
"https://www.rumah123.com/portal-img/_next/image/?url=https%3A%2F%2Fpicture.rumah123.com%2Fr123-images%2F720x420-crop%2Fcustomer%2F1556264%2F8badeee59632eee2cf855a8ac99c8827.jpg&w=3840&q=75","","","[object Object]","9","[object Object]","Rumah","Premier","https://www.rumah123.com/jual/cari/?location=jawa-tengah&itm_medium=search-suggestions-lokasi&itm_source=organic&quickLabel=Siap+Huni","Siap Huni","https://www.rumah123.com/jual/cari/?location=jawa-tengah&itm_medium=search-suggestions-lokasi&itm_source=organic&quickLabel=Dekat+Fasilitas+Kesehatan","Dekat Fasilitas Kesehatan","Rp 450 Juta","Rp 2 Jutaan (Tenor 20 Tahun)","Rp 2 Jutaan (Tenor 15 Tahun)","https://www.rumah123.com/properti/semarang-gayamsari/rumah-bagus-unfurnished-shm-siap-huni-di-sendangsari-semarang-hos19087775/","Rumah Bagus Unfurnished SHM Siap Huni di Sendangsari Semarang","Gayamsari, Semarang","Rumah siap huni yang terletak di kawasan Sendangsari, Semarang, menawarkan kenyamanan dan privasi dalam lingkungan yang tenang. Dengan kondisi bang...","3","[object Object]","1","[object Object]","140 m²","LT:","80 m²","LB:","https://pic.rumah123.com/r123/250x250-fit/photo/1556264/15562641737009365.jpg","Diperbarui 1 minggu yang lalu oleh","Agustinus Eko","+628213...","WhatsApp","1","[object Object]","https://pic.rumah123.com/r123/100x100-fit/logo/11318_logosubcomp.jpg","","",""
"https://www.rumah123.com/portal-img/_next/image/?url=https%3A%2F%2Fpicture.rumah123.com%2Fr123-images%2F720x420-crop%2Fcustomer%2F1640273%2F8943bd503a650e9d94313d9de5549fd4.jpg&w=3840&q=75","","","","1","[object Object]","Tanah","Premier","","","","","Rp 35 Miliar Total","Rp 171 Jutaan (Tenor 20 Tahun)","Rp 220 Jutaan (Tenor 15 Tahun)","https://www.rumah123.com/properti/semarang-ngaliyan/murah-tnh-komersil-raya-semarang-bojakel-ngaliyan-las4316151/","Murah Tnh Komersil Raya Semarang Bojakel Ngaliyan","Ngaliyan, Semarang","Tanah dengan bentuk bagus di jln Raya Semarang Boja. kel Ngaliyan. jalan sangat besar bs container . Jalan Utama menuju Kota Semarang. sangat komer...","","","","","6703 m²","LT:","","","https://pic.rumah123.com/r123/250x250-fit/photo/1640273/16402731681202054.jpg","Diperbarui 1 minggu yang lalu oleh","Yen ming","+628131...","WhatsApp","","","https://pic.rumah123.com/r123/100x100-fit/logo/20240217015141_gadingpro_pik.jpeg","","",""
"https://www.rumah123.com/portal-img/_next/image/?url=https%3A%2F%2Fpicture.rumah123.com%2Fr123-images%2F720x420-crop%2Fcustomer%2F71926%2F0cf53700f049d154c93762cd2124d397.jpg&w=3840&q=75","","","[object Object]","10","[object Object]","Ruang Usaha","Premier","","","","","Rp 14,5 Miliar Total","Rp 71 Jutaan (Tenor 20 Tahun)","Rp 91 Jutaan (Tenor 15 Tahun)","https://www.rumah123.com/properti/surakarta-serengan/ruang-usaha-dijual-di-solo-lotte-grosir-solo-css10009742/","Ruang Usaha Dijual di Solo Lotte Grosir Solo","Serengan, Surakarta","Dijual Ruang usaha di Serengan, Surakarta.
 
 Dengan kategorinya adalah sebagai berikut:
   - Kamar Mandi: 7
   - Sertifikat: SHM - Sertifikat Hak ...","7","[object Object]","","","767 m²","LT:","980 m²","LB:","https://pic.rumah123.com/r123/250x250-fit/photo/71926/719261741943742.jpg","Diperbarui 1 minggu yang lalu oleh","SUSANTO ERA","+628510...","WhatsApp","","","https://pic.rumah123.com/r123/100x100-fit/logo/20190701123328_irea_solo.jpeg","","",""
"https://www.rumah123.com/portal-img/_next/image/?url=https%3A%2F%2Fpicture.rumah123.com%2Fr123-images%2F720x420-crop%2Fcustomer%2F71926%2F1015a366b73b3463d737fa4f2d32145a.jpg&w=3840&q=75","","","[object Object]","20","[object Object]","Kost","Premier","https://www.rumah123.com/jual/cari/?location=jawa-tengah&itm_medium=search-suggestions-lokasi&itm_source=organic&quickLabel=Dekat+Sekolah","Dekat Sekolah","https://www.rumah123.com/jual/cari/?location=jawa-tengah&itm_medium=search-suggestions-lokasi&itm_source=organic&quickLabel=Dekat+Fasilitas+Kesehatan","Dekat Fasilitas Kesehatan","Rp 2,8 Miliar","Rp 13 Jutaan (Tenor 20 Tahun)","Rp 17 Jutaan (Tenor 15 Tahun)","https://www.rumah123.com/properti/solo-pabelan/kost-dijual-di-solo-dekat-kampus-ums-kss262384/","Kost Dijual di Solo Dekat Kampus Ums","Pabelan, Solo","Kost Solo Dijual Area Kampus UMS
 
 Spesifikasi Utama Properti:
   - Kamar Tidur: 20
   - Kamar Mandi: 5
   - Sertifikat: SHM - Sertifikat Hak Mili...","20","[object Object]","5","[object Object]","400 m²","LT:","700 m²","LB:","https://pic.rumah123.com/r123/250x250-fit/photo/71926/719261741943742.jpg","Diperbarui 1 minggu yang lalu oleh","SUSANTO ERA","+628510...","WhatsApp","1","[object Object]","https://pic.rumah123.com/r123/100x100-fit/logo/20190701123328_irea_solo.jpeg","","",""
"https://www.rumah123.com/portal-img/_next/image/?url=https%3A%2F%2Fpicture.rumah123.com%2Fr123-images%2F720x420-crop%2Fcustomer%2F1177245%2Fb5ecedf758d612858a68e9abc3bbba53.jpg&w=3840&q=75","","","[object Object]","5","[object Object]","Tanah","Premier","https://www.rumah123.com/jual/cari/?location=jawa-tengah&itm_medium=search-suggestions-lokasi&itm_source=organic&quickLabel=Bebas+Banjir","Bebas Banjir","https://www.rumah123.com/jual/cari/?location=jawa-tengah&itm_medium=search-suggestions-lokasi&itm_source=organic&quickLabel=Dekat+Pusat+Perbelanjaan","Dekat Pusat Perbelanjaan","Rp 1,2 Miliar Total","Rp 5 Jutaan (Tenor 20 Tahun)","Rp 7 Jutaan (Tenor 15 Tahun)","https://www.rumah123.com/properti/semarang-bsb-city/tanah-di-serena-hiill-bsb-city-semarang-vn-8361-las9114221/","Tanah di Serena Hiill Bsb City , Semarang ( Vn 8361 )","BSB City, Semarang","Tanah di Serena Hiill BSB City , Semarang ( Vn 8361 ) Lokasi strategis , bebas banjir Hadap Utara Timur Tanah siap bangun Dekat fasilitas umum lain...","","","","","179 m²","LT:","","","","Diperbarui 2 hari yang lalu oleh","Emirita Redland","+628193...","WhatsApp","","","https://pic.rumah123.com/r123/100x100-fit/logo/20200122032448_redland.jpeg","https://www.rumah123.com/jual/cari/?location=jawa-tengah&itm_medium=search-suggestions-lokasi&itm_source=organic&quickLabel=Dekat+Sekolah","Dekat Sekolah",""
"https://www.rumah123.com/portal-img/_next/image/?url=https%3A%2F%2Fpicture.rumah123.com%2Fr123-images%2F720x420-crop%2Fcustomer%2F1177245%2F87f8e0a717f6e709cc067033c813e654.jpg&w=3840&q=75","","","","1","[object Object]","Ruko","Premier","https://www.rumah123.com/jual/cari/?location=jawa-tengah&itm_medium=search-suggestions-lokasi&itm_source=organic&quickLabel=Bebas+Banjir","Bebas Banjir","","","Rp 3,4 Miliar Total","Rp 16 Jutaan (Tenor 20 Tahun)","Rp 21 Jutaan (Tenor 15 Tahun)","https://www.rumah123.com/properti/semarang-bsb-city/ruko-di-ivy-park-bsb-city-semarang-vn-8331-shs9896333/","Ruko di Ivy Park , Bsb City Semarang ( Vn 8331 )","BSB City, Semarang","Ruko di Ivy Park , BSB City Semarang ( Vn 8331 ) Lokasi strategis , Hadap Selatan , bebas banjir Cocok untuk ruang usaha , kantor , toko dll Dekat ...","2","[object Object]","","","100 m²","LT:","147 m²","LB:","","Diperbarui 3 hari yang lalu oleh","Emirita Redland","+628193...","WhatsApp","","","https://pic.rumah123.com/r123/100x100-fit/logo/20200122032448_redland.jpeg","","",""
"https://www.rumah123.com/portal-img/_next/image/?url=https%3A%2F%2Fpicture.rumah123.com%2Fr123-images%2F720x420-crop%2Fcustomer%2F1162029%2F5646417ba5879e0d7675fbd97b0eacc2.jpg&w=3840&q=75","","","[object Object]","9","[object Object]","Tanah","Premier","https://www.rumah123.com/jual/cari/?location=jawa-tengah&itm_medium=search-suggestions-lokasi&itm_source=organic&quickLabel=Bebas+Banjir","Bebas Banjir","https://www.rumah123.com/jual/cari/?location=jawa-tengah&itm_medium=search-suggestions-lokasi&itm_source=organic&quickLabel=Dekat+Fasilitas+Kesehatan","Dekat Fasilitas Kesehatan","Rp 4 Miliar Total","Rp 19 Jutaan (Tenor 20 Tahun)","Rp 25 Jutaan (Tenor 15 Tahun)","https://www.rumah123.com/properti/semarang-semarang-barat/tanah-di-wr-supratman-semarang-jo-8513-las9167936/","Tanah di Wr Supratman , Semarang ( Jo 8513 )","Semarang Barat, Semarang","Tanah di Wr Supratman , Semarang ( Jo 8513 ) Lokasi strategis , hadap Barat Daya Tanah ada bangunannya Daerah bebas banjir Dekat fasilitas umum lai...","","","","","375 m²","LT:","","","","Diperbarui 5 hari yang lalu oleh","Emirita Redland","+628193...","WhatsApp","","","https://pic.rumah123.com/r123/100x100-fit/logo/20200122032448_redland.jpeg","","",""
"https://www.rumah123.com/portal-img/_next/image/?url=https%3A%2F%2Fpicture.rumah123.com%2Fr123-images%2F720x420-crop%2Fcustomer%2F1963289%2F2024-04-15-17-11-34-84df1b78-77ed-4fb0-8e1a-21017529e348.jpg&w=3840&q=75","","","","1","[object Object]","Ruko","Premier","https://www.rumah123.com/jual/cari/?location=jawa-tengah&itm_medium=search-suggestions-lokasi&itm_source=organic&quickLabel=Siap+Huni","Siap Huni","","","Rp 2,8 Miliar Total","Rp 13 Jutaan (Tenor 20 Tahun)","Rp 17 Jutaan (Tenor 15 Tahun)","https://www.rumah123.com/properti/semarang-bsb-city/ruko-di-ivy-arcadia-bsb-city-semarang-me-6185-shs9895890/","Ruko di Ivy Arcadia Bsb City , Semarang Me 6185","BSB City, Semarang","Ruko di Ivy Arcadia BSB City , Semarang ( Me 6185 ) Letak strategis , jalan depan luas lebar dan ramai Cocok untuk ruang usaha , toko , kantor dll ...","2","[object Object]","","","100 m²","LT:","140 m²","LB:","","Diperbarui 3 hari yang lalu oleh","Emirita Redland","+628193...","WhatsApp","","","https://pic.rumah123.com/r123/100x100-fit/logo/20200122032448_redland.jpeg","","",""
"https://www.rumah123.com/portal-img/_next/image/?url=https%3A%2F%2Fpic.rumah123.com%2Fr123%2F720x420-crop%2Fhouse%2Fho95%2F9598689%2Foriginal%2Fhos9598689-rumah-di-jual-di-semarang-barat-di-semarang-16436136360342.jpg&w=3840&q=75","","","[object Object]","8","[object Object]","Rumah","Premier","","","","","Rp 1,35 Miliar","Rp 6 Jutaan (Tenor 20 Tahun)","Rp 8 Jutaan (Tenor 15 Tahun)","https://www.rumah123.com/properti/semarang-semarang-barat/rumah-di-sri-rejeki-semarang-barat-si-3504-hos41065251/","Rumah di Sri Rejeki , Semarang Barat ( Si 3504 )","Semarang Barat, Semarang","Rumah hadap selatan PAM , 1300W Carpot , Garasi SHM","4","[object Object]","2","[object Object]","241 m²","LT:","200 m²","LB:","","Diperbarui 5 hari yang lalu oleh","Emirita Redland","+628193...","WhatsApp","1 + 1","[object Object]","https://pic.rumah123.com/r123/100x100-fit/logo/20200122032448_redland.jpeg","","",""
"https://www.rumah123.com/portal-img/_next/image/?url=https%3A%2F%2Fpicture.rumah123.com%2Fr123-images%2F720x420-crop%2Fcustomer%2F1177245%2Fb02b7367b05ee1f5fa1174cdc5751ef6.jpg&w=3840&q=75","","","[object Object]","3","[object Object]","Gudang","Premier","https://www.rumah123.com/jual/cari/?location=jawa-tengah&itm_medium=search-suggestions-lokasi&itm_source=organic&quickLabel=Siap+Huni","Siap Huni","","","Rp 16,5 Miliar Total","Rp 81 Jutaan (Tenor 20 Tahun)","Rp 103 Jutaan (Tenor 15 Tahun)","https://www.rumah123.com/properti/semarang-ngaliyan/gudang-di-kic-gatot-subroto-semarang-vn-3786-was9896328/","Gudang di Kic Gatot Subroto, Semarang Vn 3786","Ngaliyan, Semarang","Gudang di Kic Gatot Subroto, Semarang  Vn 3786 Gudang siap pakai Hadap Barat daya Listrik 1 PASS = 5500 W , 3 pass=11000W ada ruang kantor","1","[object Object]","","","2193 m²","LT:","1600 m²","LB:","","Diperbarui 5 hari yang lalu oleh","Emirita Redland","+628193...","WhatsApp","","","https://pic.rumah123.com/r123/100x100-fit/logo/20200122032448_redland.jpeg","","",""
"https://www.rumah123.com/portal-img/_next/image/?url=https%3A%2F%2Fpicture.rumah123.com%2Fr123-images%2F720x420-crop%2Fcustomer%2F1963289%2F2024-04-11-03-49-16-740cc7c7-22b8-4e65-8f5d-c22206c87dc5.jpg&w=3840&q=75","","","[object Object]","4","[object Object]","Ruko","Premier","https://www.rumah123.com/jual/cari/?location=jawa-tengah&itm_medium=search-suggestions-lokasi&itm_source=organic&quickLabel=Siap+Huni","Siap Huni","https://www.rumah123.com/jual/cari/?location=jawa-tengah&itm_medium=search-suggestions-lokasi&itm_source=organic&quickLabel=Bebas+Banjir","Bebas Banjir","Rp 2,9 Miliar Total","Rp 14 Jutaan (Tenor 20 Tahun)","Rp 18 Jutaan (Tenor 15 Tahun)","https://www.rumah123.com/properti/semarang-bsb-city/ruko-di-taman-niaga-bsb-mijen-semarang-me-6398-shs9895894/","Ruko di Taman Niaga Bsb Mijen, Semarang Me 6398","BSB City, Semarang","Ruko di Taman Niaga BSB mijen, Semarang (me 6398) Cocok untuk ruang usaha, toko, kantor, dll letak strategis bebas banjir ruko bagus dan siap pakai...","1","[object Object]","","","120 m²","LT:","210 m²","LB:","","Diperbarui 3 hari yang lalu oleh","Emirita Redland","+628193...","WhatsApp","","","https://pic.rumah123.com/r123/100x100-fit/logo/20200122032448_redland.jpeg","","",""
"https://www.rumah123.com/portal-img/_next/image/?url=https%3A%2F%2Fpicture.rumah123.com%2Fr123-images%2F720x420-crop%2Fcustomer%2F1177243%2F2023-05-05-03-25-00-7ba339ed-c017-4fc5-80af-f340563c0e03.jpg&w=3840&q=75","","","[object Object]","5","[object Object]","Gudang","Premier","https://www.rumah123.com/jual/cari/?location=jawa-tengah&itm_medium=search-suggestions-lokasi&itm_source=organic&quickLabel=Siap+Huni","Siap Huni","https://www.rumah123.com/jual/cari/?location=jawa-tengah&itm_medium=search-suggestions-lokasi&itm_source=organic&quickLabel=Dekat+Akses+Transportasi","Dekat Akses Transportasi","Rp 4,5 Miliar Total","Rp 22 Jutaan (Tenor 20 Tahun)","Rp 28 Jutaan (Tenor 15 Tahun)","https://www.rumah123.com/properti/semarang-ngaliyan/gudang-di-gatot-subroto-semarang-vn-8450-was9896363/","Gudang di Gatot Subroto Semarang Vn 8450","Ngaliyan, Semarang","Gudang di Gatot Subroto Semarang ( Vn 8450  ) Lokasi strategis , jalan depan lebar , ramai Hadap Barat Gudang siap pakai Dekat Fasilitas umum lainn...","8","[object Object]","","","624 m²","LT:","420 m²","LB:","","Diperbarui 5 hari yang lalu oleh","Emirita Redland","+628193...","WhatsApp","","","https://pic.rumah123.com/r123/100x100-fit/logo/20200122032448_redland.jpeg","https://www.rumah123.com/jual/cari/?location=jawa-tengah&itm_medium=search-suggestions-lokasi&itm_source=organic&quickLabel=Dekat+Fasilitas+Kesehatan","Dekat Fasilitas Kesehatan",""
"https://www.rumah123.com/portal-img/_next/image/?url=https%3A%2F%2Fpicture.rumah123.com%2Fr123-images%2F720x420-crop%2Fcustomer%2F71783%2F0484e4e24ee748e66db6a4a6260a5c56.jpg&w=3840&q=75","","","[object Object]","2","[object Object]","Tanah","Premier","https://www.rumah123.com/jual/cari/?location=jawa-tengah&itm_medium=search-suggestions-lokasi&itm_source=organic&quickLabel=Dekat+Sekolah","Dekat Sekolah","","","Rp 79,2 Miliar Total","Rp 389 Jutaan (Tenor 20 Tahun)","Rp 498 Jutaan (Tenor 15 Tahun)","https://www.rumah123.com/properti/semarang-tembalang/dijual-cepat-dibawah-njop-property-di-jl-gombel-raya-semarang-luas-7200m-fisik-8000m-an-las4048670/","Dijual Cepat.. Dibawah Njop.. Property Di Jl Gombel Raya Semarang Luas 7200m, Fisik 8000m An","Tembalang, Semarang","Dijual property di JL Gombel Raya Semarang luas 7200m, Fisik 8000m an Lebar 100m an, bentuk tanah segitiga, enak untuk mall, kampus atau hotel, vie...","","","","","7200 m²","LT:","","","","Diperbarui 2 minggu yang lalu oleh","Denny Property Semarang","+628562...","WhatsApp","","","https://pic.rumah123.com/r123/100x100-fit/logo/20240130021107_peduli_property.jpeg","","",""
"https://www.rumah123.com/portal-img/_next/image/?url=https%3A%2F%2Fpicture.rumah123.com%2Fr123-images%2F720x420-crop%2Fcustomer%2F1823793%2F2023-06-14-07-53-45-ffe1f826-edb2-4721-8274-3183cd317cfb.jpg&w=3840&q=75","","","[object Object]","10","[object Object]","Tanah","Premier","","","","","Rp 67,1 Miliar Total","Rp 330 Jutaan (Tenor 20 Tahun)","Rp 422 Jutaan (Tenor 15 Tahun)","https://www.rumah123.com/properti/semarang-mranggen/dijual-property-di-jl-raya-semarang-godong-mranggen-las3915659/","Dijual Property Di Jl. Raya Semarang Godong Mranggen","Mranggen, Semarang","Dijual property di JL raya Semarang-Godong Mranggen Jawa tengah, deket dengan perumahan, mall, dll  Luas 16.791m SHM Lebar 25m ngantong Harga 4jt/m...","","","","","16791 m²","LT:","","","","Diperbarui 2 minggu yang lalu oleh","Denny Property Semarang","+628562...","WhatsApp","","","https://pic.rumah123.com/r123/100x100-fit/logo/20240130021107_peduli_property.jpeg","","",""
"https://www.rumah123.com/portal-img/_next/image/?url=https%3A%2F%2Fpicture.rumah123.com%2Fr123-images%2F720x420-crop%2Fcustomer%2F71783%2F7a349ac69cdcd26cb10bd04cebb93aca.jpg&w=3840&q=75","","","[object Object]","14","[object Object]","Rumah","Premier","","","","","Rp 130 Miliar","Rp 638 Jutaan (Tenor 20 Tahun)","Rp 818 Jutaan (Tenor 15 Tahun)","https://www.rumah123.com/properti/semarang-semarang-tengah/dijual-bu-property-di-jalan-pandanaran-raya-semarang-hos16960270/","Dijual, Bu Property di Jalan Pandanaran Raya Semarang","Semarang Tengah, Semarang","Dijual, BU... property di Jalan Pandanaran Raya Semarang, Luas +- 2.421m, lebar 33m, harga Rp 130.000.000.000 (52,8 juta/m) negotiable","20 + 1","[object Object]","6 + 2","[object Object]","2421 m²","LT:","1500 m²","LB:","","Diperbarui 2 minggu yang lalu oleh","Denny Property Semarang","+628562...","WhatsApp","2","[object Object]","https://pic.rumah123.com/r123/100x100-fit/logo/20240130021107_peduli_property.jpeg","","",""
"https://www.rumah123.com/portal-img/_next/image/?url=https%3A%2F%2Fpicture.rumah123.com%2Fr123-images%2F720x420-crop%2Fcustomer%2F4396297%2F2f51f74ed607b27a78deb09f3455a2e5.jpg&w=3840&q=75","","","[object Object]","16","[object Object]","Rumah","Premier","https://www.rumah123.com/jual/cari/?location=jawa-tengah&itm_medium=search-suggestions-lokasi&itm_source=organic&quickLabel=Siap+Huni","Siap Huni","https://www.rumah123.com/jual/cari/?location=jawa-tengah&itm_medium=search-suggestions-lokasi&itm_source=organic&quickLabel=Bebas+Banjir","Bebas Banjir","Rp 1,14 Miliar","Rp 5 Jutaan (Tenor 20 Tahun)","Rp 7 Jutaan (Tenor 15 Tahun)","https://www.rumah123.com/properti/semarang-banyumanik/rumah-mewah-2-lantai-banyumanik-semarang-ada-kolam-renang-shm-dekat-tol-hos41380819/","Rumah Mewah 2 Lantai Banyumanik Semarang - Ada Kolam Renang (Shm) - Dekat Tol","Banyumanik, Semarang","MEWAH & SIAP HUNI! RUMAH MODERN DENGAN FASILITAS KOLAM RENANG DI BANYUMANIK! ‍♂️✨ ​Mencari hunian yang tidak hanya sekadar tempat tinggal...","3","[object Object]","2","[object Object]","75 m²","LT:","104 m²","LB:","https://picture.rumah123.com/r123-images/250x250-fit/customer/4396297/0aa9bc88df1db20cfa7928812ca760e0.jpg","Diperbarui 2 minggu yang lalu oleh","Hesti Home","+628517...","WhatsApp","1","[object Object]","","https://www.rumah123.com/jual/cari/?location=jawa-tengah&itm_medium=search-suggestions-lokasi&itm_source=organic&quickLabel=Dekat+Sekolah","Dekat Sekolah",""
"https://www.rumah123.com/portal-img/_next/image/?url=https%3A%2F%2Fpicture.rumah123.com%2Fr123-images%2F720x420-crop%2Fcustomer%2F4368819%2F0a6af4136061639e1031092f2d2e5a62.jpg&w=3840&q=75","","","[object Object]","13","[object Object]","Rumah","Premier","https://www.rumah123.com/jual/cari/?location=jawa-tengah&itm_medium=search-suggestions-lokasi&itm_source=organic&quickLabel=Dekat+Sekolah","Dekat Sekolah","https://www.rumah123.com/jual/cari/?location=jawa-tengah&itm_medium=search-suggestions-lokasi&itm_source=organic&quickLabel=Dekat+Tempat+Wisata","Dekat Tempat Wisata","Rp 600 Juta","Rp 2 Jutaan (Tenor 20 Tahun)","Rp 3 Jutaan (Tenor 15 Tahun)","https://www.rumah123.com/properti/magelang-borobudur/rumah-semi-etnik-lokasi-strategis-kawasan-wisata-borobudur-magelang-hos41433252/","Rumah Semi Etnik Lokasi Strategis Kawasan Wisata Borobudur Magelang","Borobudur, Magelang","RUMAH SEMI ETNIK LOKASI STRATEGIS KAWASAN WISATA BOROBUDUR MAGELANG Lokasi: Tegalarum, Borobudur, Magelang, Jawa Tengah  Casa De Borobudur 2, Kini ...","3","[object Object]","2","[object Object]","116 m²","LT:","65 m²","LB:","https://pic.rumah123.com/r123/250x250-fit/photo/4368819/43688191750409537.jpg","Diperbarui 2 minggu yang lalu oleh","Sasa Wastu","+628234...","WhatsApp","","","https://pic.rumah123.com/r123/100x100-fit/logo/20170529015242_wastu_property.jpeg","https://www.rumah123.com/jual/cari/?location=jawa-tengah&itm_medium=search-suggestions-lokasi&itm_source=organic&quickLabel=Dekat+Tempat+Ibadah","Dekat Tempat Ibadah",""
"https://www.rumah123.com/portal-img/_next/image/?url=https%3A%2F%2Fpicture.rumah123.com%2Fr123-images%2F720x420-crop%2Fcustomer%2F1759876%2F41a74565865cfa0d83ca38d68c9043a6.jpg&w=3840&q=85","https://www.rumah123.com/portal-img/_next/image/?url=https%3A%2F%2Fpicture.rumah123.com%2Fr123-images%2F720x420-crop%2Fcustomer%2F1759876%2F06c7b261f276821352dfc528b558a9cf.jpg&w=3840&q=75","https://www.rumah123.com/portal-img/_next/image/?url=https%3A%2F%2Fpicture.rumah123.com%2Fr123-images%2F720x420-crop%2Fcustomer%2F1759876%2Fbc8d05681a827cce611027c39e26698d.jpg&w=3840&q=75","[object Object]","27","[object Object]","Rumah","Premier","","","","","Rp 5 Miliar","Rp 24 Jutaan (Tenor 20 Tahun)","Rp 31 Jutaan (Tenor 15 Tahun)","https://www.rumah123.com/properti/salatiga-salatiga/rumah-bagus-di-dukuh-salatiga-jawa-tengah-hos41444810/","Rumah Bagus di Dukuh, Salatiga, Jawa Tengah","Salatiga, Salatiga","- Sangat cocok untuk Slow Living - Lokasi Dekat Dengan Mountain View School, Salatiga","6","[object Object]","4","[object Object]","1439 m²","LT:","360 m²","LB:","https://picture.rumah123.com/r123-images/250x250-fit/customer/1759876/1d58a428768662e4c7f3c33e67d8e6aa.png","Diperbarui 3 minggu yang lalu oleh","Tjoa, Stephanie Sutanto","+628112...","WhatsApp","","","https://pic.rumah123.com/r123/100x100-fit/logo/20221220020003_galaxy_candi_sapphire.jpeg","","",""
"https://www.rumah123.com/portal-img/_next/image/?url=https%3A%2F%2Fpicture.rumah123.com%2Fr123-images%2F720x420-crop%2Fcustomer%2F4457615%2Fe0e2373105f2bd01bba7365a5e8b5580.png&w=3840&q=75","https://www.rumah123.com/portal-img/_next/image/?url=https%3A%2F%2Fpicture.rumah123.com%2Fr123-images%2F720x420-crop%2Fcustomer%2F4457615%2Fdc929c4fc57b404f8825436851656bec.png&w=3840&q=75","","[object Object]","2","[object Object]","Tanah","Premier","https://www.rumah123.com/jual/cari/?location=jawa-tengah&itm_medium=search-suggestions-lokasi&itm_source=organic&quickLabel=Lelang","Lelang","","","Rp 1,13 Triliun Total","Rp 5 Miliaran (Tenor 20 Tahun)","Rp 7 Miliaran (Tenor 15 Tahun)","https://www.rumah123.com/properti/wonogiri-girimarto/tanah-dijual-girimarto-las9177647/","Tanah Dijual Girimarto","Girimarto, Wonogiri","Tanah dijual Girimarto","","","","","3971 m²","LT:","","","https://picture.rumah123.com/r123-images/250x250-fit/customer/4457615/4c532fb0a7321624a63686d084b5e7c4.png","Diperbarui 6 hari yang lalu oleh","Bank Syariah Indonesia","+628128...","WhatsApp","","","https://pic.rumah123.com/r123/100x100-fit/logo/20240801040115_aset_bank.png","","",""
"https://www.rumah123.com/portal-img/_next/image/?url=https%3A%2F%2Fpicture.rumah123.com%2Fr123-images%2F720x420-crop%2Fcustomer%2F4457615%2F0aedb741acae06ffc38a5fc803d95aac.png&w=3840&q=75","https://www.rumah123.com/portal-img/_next/image/?url=https%3A%2F%2Fpicture.rumah123.com%2Fr123-images%2F720x420-crop%2Fcustomer%2F4457615%2F01354d189e5c73dd3986c2310f0fa79b.png&w=3840&q=75","","[object Object]","2","[object Object]","Tanah","Premier","https://www.rumah123.com/jual/cari/?location=jawa-tengah&itm_medium=search-suggestions-lokasi&itm_source=organic&quickLabel=Lelang","Lelang","","","Rp 1,2 Miliar Total","Rp 5 Jutaan (Tenor 20 Tahun)","Rp 7 Jutaan (Tenor 15 Tahun)","https://www.rumah123.com/properti/sukoharjo-sukoharjo/tanah-dijual-sukoharjo-las9171575/","Tanah Dijual Sukoharjo","Sukoharjo, Sukoharjo","Tanah dijual Sukoharjo","","","","","6985 m²","LT:","","","https://picture.rumah123.com/r123-images/250x250-fit/customer/4457615/4c532fb0a7321624a63686d084b5e7c4.png","Diperbarui 6 hari yang lalu oleh","Bank Syariah Indonesia","+628128...","WhatsApp","","","https://pic.rumah123.com/r123/100x100-fit/logo/20240801040115_aset_bank.png","","",""
"https://www.rumah123.com/portal-img/_next/image/?url=https%3A%2F%2Fpicture.rumah123.com%2Fr123-images%2F720x420-crop%2Fcustomer%2F4457615%2Febaca129f0dbda12f572598c68605271.png&w=3840&q=75","https://www.rumah123.com/portal-img/_next/image/?url=https%3A%2F%2Fpicture.rumah123.com%2Fr123-images%2F720x420-crop%2Fcustomer%2F4457615%2F457089ba69836147a71c39f137daebaa.png&w=3840&q=75","","[object Object]","2","[object Object]","Tanah","Premier","https://www.rumah123.com/jual/cari/?location=jawa-tengah&itm_medium=search-suggestions-lokasi&itm_source=organic&quickLabel=Lelang","Lelang","","","Rp 950 Juta Total","Rp 4 Jutaan (Tenor 20 Tahun)","Rp 5 Jutaan (Tenor 15 Tahun)","https://www.rumah123.com/properti/sragen-tanon/tanah-dijual-tanon-las9171574/","Tanah Dijual Tanon","Tanon, Sragen","Tanah dijual Tanon","","","","","1640 m²","LT:","","","https://picture.rumah123.com/r123-images/250x250-fit/customer/4457615/4c532fb0a7321624a63686d084b5e7c4.png","Diperbarui 6 hari yang lalu oleh","Bank Syariah Indonesia","+628128...","WhatsApp","","","https://pic.rumah123.com/r123/100x100-fit/logo/20240801040115_aset_bank.png","","",""
"https://www.rumah123.com/portal-img/_next/image/?url=https%3A%2F%2Fpicture.rumah123.com%2Fr123-images%2F720x420-crop%2Fcustomer%2F4457615%2F47c954939b7d758fbea31bc08e35ea7a.png&w=3840&q=75","https://www.rumah123.com/portal-img/_next/image/?url=https%3A%2F%2Fpicture.rumah123.com%2Fr123-images%2F720x420-crop%2Fcustomer%2F4457615%2Fbbfedf24b7e4760472cadcb39a51b385.png&w=3840&q=75","","[object Object]","2","[object Object]","Tanah","Premier","https://www.rumah123.com/jual/cari/?location=jawa-tengah&itm_medium=search-suggestions-lokasi&itm_source=organic&quickLabel=Lelang","Lelang","","","Rp 223 Juta Total","Rp 1 Jutaan (Tenor 20 Tahun)","Rp 1 Jutaan (Tenor 15 Tahun)","https://www.rumah123.com/properti/sragen-tanon/tanah-dijual-tanon-las9171573/","Tanah Dijual Tanon","Tanon, Sragen","Tanah dijual Tanon","","","","","1200 m²","LT:","","","https://picture.rumah123.com/r123-images/250x250-fit/customer/4457615/4c532fb0a7321624a63686d084b5e7c4.png","Diperbarui 6 hari yang lalu oleh","Bank Syariah Indonesia","+628128...","WhatsApp","","","https://pic.rumah123.com/r123/100x100-fit/logo/20240801040115_aset_bank.png","","",""
"https://www.rumah123.com/portal-img/_next/image/?url=https%3A%2F%2Fpicture.rumah123.com%2Fr123-images%2F720x420-crop%2Fcustomer%2F4457615%2F18aece271f98163c6881fc9786449355.png&w=3840&q=75","https://www.rumah123.com/portal-img/_next/image/?url=https%3A%2F%2Fpicture.rumah123.com%2Fr123-images%2F720x420-crop%2Fcustomer%2F4457615%2Fcf83f5ad07b5e21dee9adf2ae66dfb44.png&w=3840&q=75","","[object Object]","2","[object Object]","Tanah","Premier","https://www.rumah123.com/jual/cari/?location=jawa-tengah&itm_medium=search-suggestions-lokasi&itm_source=organic&quickLabel=Lelang","Lelang","","","Rp 112 Juta Total","Rp 560 Ribuan (Tenor 20 Tahun)","Rp 710 Ribuan (Tenor 15 Tahun)","https://www.rumah123.com/properti/karanganyar-jumantono/tanah-dijual-jumantono-las9171572/","Tanah Dijual Jumantono","Jumantono, Karanganyar","Tanah dijual Jumantono","","","","","940 m²","LT:","","","https://picture.rumah123.com/r123-images/250x250-fit/customer/4457615/4c532fb0a7321624a63686d084b5e7c4.png","Diperbarui 6 hari yang lalu oleh","Bank Syariah Indonesia","+628128...","WhatsApp","","","https://pic.rumah123.com/r123/100x100-fit/logo/20240801040115_aset_bank.png","","",""
"https://www.rumah123.com/portal-img/_next/image/?url=https%3A%2F%2Fpicture.rumah123.com%2Fr123-images%2F720x420-crop%2Fcustomer%2F4457615%2F3d26a9bbb0be6a9a7f00b44f00a4c3e0.png&w=3840&q=75","https://www.rumah123.com/portal-img/_next/image/?url=https%3A%2F%2Fpicture.rumah123.com%2Fr123-images%2F720x420-crop%2Fcustomer%2F4457615%2F64f649cc00ab59070e53c45e0bf1b384.png&w=3840&q=75","https://www.rumah123.com/portal-img/_next/image/?url=https%3A%2F%2Fpicture.rumah123.com%2Fr123-images%2F720x420-crop%2Fcustomer%2F4457615%2Ff91a74255065c740b74d354a2d065cb0.png&w=3840&q=75","[object Object]","3","[object Object]","Rumah","Premier","https://www.rumah123.com/jual/cari/?location=jawa-tengah&itm_medium=search-suggestions-lokasi&itm_source=organic&quickLabel=Lelang","Lelang","","","Rp 1,97 Miliar","Rp 9 Jutaan (Tenor 20 Tahun)","Rp 12 Jutaan (Tenor 15 Tahun)","https://www.rumah123.com/properti/surakarta-banjarsari/rumah-murah-aset-bsi-di-surakarta-jawa-tengah-hos41433782/","Rumah Murah Aset Bsi di Surakarta, Jawa Tengah","Banjarsari, Surakarta","Rumah Murah Aset BSI di Surakarta, Jawa Tengah","","","","","595 m²","LT:","686 m²","LB:","https://picture.rumah123.com/r123-images/250x250-fit/customer/4457615/4c532fb0a7321624a63686d084b5e7c4.png","Diperbarui 3 minggu yang lalu oleh","Bank Syariah Indonesia","+628128...","WhatsApp","","","https://pic.rumah123.com/r123/100x100-fit/logo/20240801040115_aset_bank.png","","",""
"https://www.rumah123.com/portal-img/_next/image/?url=https%3A%2F%2Fpicture.rumah123.com%2Fr123-images%2F720x420-crop%2Fcustomer%2F4457615%2F82c0bd62eaa94730102f027078ae3518.png&w=3840&q=75","https://www.rumah123.com/portal-img/_next/image/?url=https%3A%2F%2Fpicture.rumah123.com%2Fr123-images%2F720x420-crop%2Fcustomer%2F4457615%2Fbbf573ccb95925fb01ca4be4168444e5.png&w=3840&q=75","https://www.rumah123.com/portal-img/_next/image/?url=https%3A%2F%2Fpicture.rumah123.com%2Fr123-images%2F720x420-crop%2Fcustomer%2F4457615%2Fdd185619492f822201547139f4258ba7.png&w=3840&q=75","[object Object]","3","[object Object]","Rumah","Premier","https://www.rumah123.com/jual/cari/?location=jawa-tengah&itm_medium=search-suggestions-lokasi&itm_source=organic&quickLabel=Lelang","Lelang","","","Rp 5,2 Miliar","Rp 25 Jutaan (Tenor 20 Tahun)","Rp 32 Jutaan (Tenor 15 Tahun)","https://www.rumah123.com/properti/semarang-tembalang/rumah-murah-aset-bsi-di-semarang-jawa-tengah-hos41433770/","Rumah Murah Aset Bsi di Semarang, Jawa Tengah","Tembalang, Semarang","Rumah Murah Aset BSI di Semarang, Jawa Tengah","","","","","646 m²","LT:","221 m²","LB:","https://picture.rumah123.com/r123-images/250x250-fit/customer/4457615/4c532fb0a7321624a63686d084b5e7c4.png","Diperbarui 1 minggu yang lalu oleh","Bank Syariah Indonesia","+628128...","WhatsApp","","","https://pic.rumah123.com/r123/100x100-fit/logo/20240801040115_aset_bank.png","","",""
"https://www.rumah123.com/portal-img/_next/image/?url=https%3A%2F%2Fpicture.rumah123.com%2Fr123-images%2F720x420-crop%2Fcustomer%2F4457615%2Fecdd62fd223b58d0fbf2c2d8a5d90172.png&w=3840&q=75","https://www.rumah123.com/portal-img/_next/image/?url=https%3A%2F%2Fpicture.rumah123.com%2Fr123-images%2F720x420-crop%2Fcustomer%2F4457615%2F770bfd862368a28738ce190407bb1eff.png&w=3840&q=75","","[object Object]","2","[object Object]","Rumah","Premier","https://www.rumah123.com/jual/cari/?location=jawa-tengah&itm_medium=search-suggestions-lokasi&itm_source=organic&quickLabel=Lelang","Lelang","","","Rp 833 Juta","Rp 4 Jutaan (Tenor 20 Tahun)","Rp 5 Jutaan (Tenor 15 Tahun)","https://www.rumah123.com/properti/purbalingga-bojongsari/rumah-dijual-bojong-sari-hos41372607/","Rumah Dijual Bojong Sari","Bojongsari, Purbalingga","Rumah dijual Bojong Sari","","","","","117 m²","LT:","45 m²","LB:","https://picture.rumah123.com/r123-images/250x250-fit/customer/4457615/4c532fb0a7321624a63686d084b5e7c4.png","Diperbarui 3 minggu yang lalu oleh","Bank Syariah Indonesia","+628128...","WhatsApp","","","https://pic.rumah123.com/r123/100x100-fit/logo/20240801040115_aset_bank.png","","",""
"https://www.rumah123.com/portal-img/_next/image/?url=https%3A%2F%2Fpicture.rumah123.com%2Fr123-images%2F720x420-crop%2Fcustomer%2F4457615%2F1d193f5cdee480fc537d3c521a4823e4.png&w=3840&q=75","https://www.rumah123.com/portal-img/_next/image/?url=https%3A%2F%2Fpicture.rumah123.com%2Fr123-images%2F720x420-crop%2Fcustomer%2F4457615%2F70f42721950d72fbb46b7b032ca39f9e.png&w=3840&q=75","","[object Object]","2","[object Object]","Rumah","Premier","https://www.rumah123.com/jual/cari/?location=jawa-tengah&itm_medium=search-suggestions-lokasi&itm_source=organic&quickLabel=Lelang","Lelang","","","Rp 305 Juta","Rp 1 Jutaan (Tenor 20 Tahun)","Rp 1 Jutaan (Tenor 15 Tahun)","https://www.rumah123.com/properti/surakarta-jebres/rumah-dijual-jebres-hos41372263/","Rumah Dijual Jebres.","Jebres, Surakarta","Rumah dijual Jebres.","2","[object Object]","1","[object Object]","150 m²","LT:","110 m²","LB:","https://picture.rumah123.com/r123-images/250x250-fit/customer/4457615/4c532fb0a7321624a63686d084b5e7c4.png","Diperbarui 3 minggu yang lalu oleh","Bank Syariah Indonesia","+628128...","WhatsApp","","","https://pic.rumah123.com/r123/100x100-fit/logo/20240801040115_aset_bank.png","","",""
"https://www.rumah123.com/portal-img/_next/image/?url=https%3A%2F%2Fpicture.rumah123.com%2Fr123-images%2F720x420-crop%2Fcustomer%2F4457615%2F7de678b7e4921412ce26c7df1cc86c1a.png&w=3840&q=75","https://www.rumah123.com/portal-img/_next/image/?url=https%3A%2F%2Fpicture.rumah123.com%2Fr123-images%2F720x420-crop%2Fcustomer%2F4457615%2Fabb33c504c270f1174f0c9945cb74927.png&w=3840&q=75","","[object Object]","2","[object Object]","Rumah","Premier","https://www.rumah123.com/jual/cari/?location=jawa-tengah&itm_medium=search-suggestions-lokasi&itm_source=organic&quickLabel=Lelang","Lelang","","","Rp 1,44 Miliar","Rp 7 Jutaan (Tenor 20 Tahun)","Rp 9 Jutaan (Tenor 15 Tahun)","https://www.rumah123.com/properti/sukoharjo-kartasura/rumah-dijual-kartasura-hos41372262/","Rumah Dijual Kartasura","Kartasura, Sukoharjo","Rumah dijual Kartasura","4","[object Object]","4","[object Object]","182 m²","LT:","106 m²","LB:","https://picture.rumah123.com/r123-images/250x250-fit/customer/4457615/4c532fb0a7321624a63686d084b5e7c4.png","Diperbarui 3 minggu yang lalu oleh","Bank Syariah Indonesia","+628128...","WhatsApp","","","https://pic.rumah123.com/r123/100x100-fit/logo/20240801040115_aset_bank.png","","",""
"https://www.rumah123.com/portal-img/_next/image/?url=https%3A%2F%2Fpicture.rumah123.com%2Fr123-images%2F720x420-crop%2Fcustomer%2F4457615%2Fc909105f983e86ff027c81df0a1518fe.png&w=3840&q=75","","","","1","[object Object]","Rumah","Premier","https://www.rumah123.com/jual/cari/?location=jawa-tengah&itm_medium=search-suggestions-lokasi&itm_source=organic&quickLabel=Lelang","Lelang","","","Rp 208 Juta","Rp 1 Jutaan (Tenor 20 Tahun)","Rp 1 Jutaan (Tenor 15 Tahun)","https://www.rumah123.com/properti/ambarawa-ambarawa/rumah-dijual-ambarawa-hos41377120/","Rumah Dijual Ambarawa","Ambarawa, Ambarawa","Rumah dijual Ambarawa","2","[object Object]","1","[object Object]","204 m²","LT:","135 m²","LB:","https://picture.rumah123.com/r123-images/250x250-fit/customer/4457615/4c532fb0a7321624a63686d084b5e7c4.png","Diperbarui 3 minggu yang lalu oleh","Bank Syariah Indonesia","+628128...","WhatsApp","","","https://pic.rumah123.com/r123/100x100-fit/logo/20240801040115_aset_bank.png","","",""
"https://www.rumah123.com/portal-img/_next/image/?url=https%3A%2F%2Fpicture.rumah123.com%2Fr123-images%2F720x420-crop%2Fcustomer%2F4457615%2F5c5a8b726e11276795000d16a0b7425b.png&w=3840&q=75","https://www.rumah123.com/portal-img/_next/image/?url=https%3A%2F%2Fpicture.rumah123.com%2Fr123-images%2F720x420-crop%2Fcustomer%2F4457615%2F4b52966cb08a0ba01807606797400420.png&w=3840&q=75","","[object Object]","2","[object Object]","Rumah","Premier","https://www.rumah123.com/jual/cari/?location=jawa-tengah&itm_medium=search-suggestions-lokasi&itm_source=organic&quickLabel=Lelang","Lelang","","","Rp 579 Juta","Rp 2 Jutaan (Tenor 20 Tahun)","Rp 3 Jutaan (Tenor 15 Tahun)","https://www.rumah123.com/properti/klaten-pedan/rumah-dijual-pedan-hos41372141/","Rumah Dijual Pedan","Pedan, Klaten","Rumah dijual Pedan","","","","","670 m²","LT:","239 m²","LB:","https://picture.rumah123.com/r123-images/250x250-fit/customer/4457615/4c532fb0a7321624a63686d084b5e7c4.png","Diperbarui 3 minggu yang lalu oleh","Bank Syariah Indonesia","+628128...","WhatsApp","","","https://pic.rumah123.com/r123/100x100-fit/logo/20240801040115_aset_bank.png","","",""
"https://www.rumah123.com/portal-img/_next/image/?url=https%3A%2F%2Fpicture.rumah123.com%2Fr123-images%2F720x420-crop%2Fcustomer%2F4457615%2F290b13f8cd49e6682041090f7825884a.png&w=3840&q=75","https://www.rumah123.com/portal-img/_next/image/?url=https%3A%2F%2Fpicture.rumah123.com%2Fr123-images%2F720x420-crop%2Fcustomer%2F4457615%2F4b52966cb08a0ba01807606797400420.png&w=3840&q=75","","[object Object]","2","[object Object]","Rumah","Premier","https://www.rumah123.com/jual/cari/?location=jawa-tengah&itm_medium=search-suggestions-lokasi&itm_source=organic&quickLabel=Lelang","Lelang","","","Rp 774 Juta","Rp 3 Jutaan (Tenor 20 Tahun)","Rp 4 Jutaan (Tenor 15 Tahun)","https://www.rumah123.com/properti/klaten-pedan/rumah-dijual-pedan-hos41372140/","Rumah Dijual Pedan","Pedan, Klaten","Rumah dijual Pedan","3","[object Object]","1","[object Object]","600 m²","LT:","455 m²","LB:","https://picture.rumah123.com/r123-images/250x250-fit/customer/4457615/4c532fb0a7321624a63686d084b5e7c4.png","Diperbarui 3 minggu yang lalu oleh","Bank Syariah Indonesia","+628128...","WhatsApp","","","https://pic.rumah123.com/r123/100x100-fit/logo/20240801040115_aset_bank.png","","",""
"https://www.rumah123.com/portal-img/_next/image/?url=https%3A%2F%2Fpicture.rumah123.com%2Fr123-images%2F720x420-crop%2Fcustomer%2F4457615%2Fb7b3feea515099de100256466e502d7c.png&w=3840&q=75","https://www.rumah123.com/portal-img/_next/image/?url=https%3A%2F%2Fpicture.rumah123.com%2Fr123-images%2F720x420-crop%2Fcustomer%2F4457615%2Fab0024ebc24dbdd2a7aa74fd4810a744.png&w=3840&q=75","","[object Object]","2","[object Object]","Rumah","Premier","https://www.rumah123.com/jual/cari/?location=jawa-tengah&itm_medium=search-suggestions-lokasi&itm_source=organic&quickLabel=Lelang","Lelang","","","Rp 180 Juta","Rp 890 Ribuan (Tenor 20 Tahun)","Rp 1 Jutaan (Tenor 15 Tahun)","https://www.rumah123.com/properti/karanganyar-tasikmadu/rumah-dijual-tasikmadu-hos41372139/","Rumah Dijual Tasikmadu","Tasikmadu, Karanganyar","Rumah dijual Tasikmadu","2","[object Object]","1","[object Object]","84 m²","LT:","70 m²","LB:","https://picture.rumah123.com/r123-images/250x250-fit/customer/4457615/4c532fb0a7321624a63686d084b5e7c4.png","Diperbarui 3 minggu yang lalu oleh","Bank Syariah Indonesia","+628128...","WhatsApp","","","https://pic.rumah123.com/r123/100x100-fit/logo/20240801040115_aset_bank.png","","",""
"https://www.rumah123.com/portal-img/_next/image/?url=https%3A%2F%2Fpicture.rumah123.com%2Fr123-images%2F720x420-crop%2Fcustomer%2F4457615%2Fafcfa8be29fcabc1e9ef0e580f16adb8.png&w=3840&q=75","https://www.rumah123.com/portal-img/_next/image/?url=https%3A%2F%2Fpicture.rumah123.com%2Fr123-images%2F720x420-crop%2Fcustomer%2F4457615%2Ff26832ef248a14b6785454d4460a3144.png&w=3840&q=75","","[object Object]","2","[object Object]","Rumah","Premier","https://www.rumah123.com/jual/cari/?location=jawa-tengah&itm_medium=search-suggestions-lokasi&itm_source=organic&quickLabel=Lelang","Lelang","","","Rp 215 Juta","Rp 1 Jutaan (Tenor 20 Tahun)","Rp 1 Jutaan (Tenor 15 Tahun)","https://www.rumah123.com/properti/karanganyar-tasikmadu/rumah-dijual-tasikmadu-hos41372138/","Rumah Dijual Tasikmadu","Tasikmadu, Karanganyar","Rumah dijual Tasikmadu","2","[object Object]","1","[object Object]","80 m²","LT:","36 m²","LB:","https://picture.rumah123.com/r123-images/250x250-fit/customer/4457615/4c532fb0a7321624a63686d084b5e7c4.png","Diperbarui 3 minggu yang lalu oleh","Bank Syariah Indonesia","+628128...","WhatsApp","","","https://pic.rumah123.com/r123/100x100-fit/logo/20240801040115_aset_bank.png","","",""
"https://www.rumah123.com/portal-img/_next/image/?url=https%3A%2F%2Fpicture.rumah123.com%2Fr123-images%2F720x420-crop%2Fcustomer%2F4457615%2Fb43450b7da18d68db9c1ebaa42b903f9.png&w=3840&q=75","https://www.rumah123.com/portal-img/_next/image/?url=https%3A%2F%2Fpicture.rumah123.com%2Fr123-images%2F720x420-crop%2Fcustomer%2F4457615%2F64ab87002c4947760caedd36b0903452.png&w=3840&q=75","","[object Object]","2","[object Object]","Rumah","Premier","https://www.rumah123.com/jual/cari/?location=jawa-tengah&itm_medium=search-suggestions-lokasi&itm_source=organic&quickLabel=Lelang","Lelang","","","Rp 348 Juta","Rp 1 Jutaan (Tenor 20 Tahun)","Rp 2 Jutaan (Tenor 15 Tahun)","https://www.rumah123.com/properti/karanganyar-mojogedang/rumah-dijual-mojogedang-hos41372137/","Rumah Dijual Mojogedang","Mojogedang, Karanganyar","Rumah dijual Mojogedang","3","[object Object]","2","[object Object]","1278 m²","LT:","204 m²","LB:","https://picture.rumah123.com/r123-images/250x250-fit/customer/4457615/4c532fb0a7321624a63686d084b5e7c4.png","Diperbarui 2 minggu yang lalu oleh","Bank Syariah Indonesia","+628128...","WhatsApp","","","https://pic.rumah123.com/r123/100x100-fit/logo/20240801040115_aset_bank.png","","",""
"https://www.rumah123.com/portal-img/_next/image/?url=https%3A%2F%2Fpicture.rumah123.com%2Fr123-images%2F720x420-crop%2Fcustomer%2F4457615%2F0cd323459ea7063929fff1bcf5b35113.png&w=3840&q=75","https://www.rumah123.com/portal-img/_next/image/?url=https%3A%2F%2Fpicture.rumah123.com%2Fr123-images%2F720x420-crop%2Fcustomer%2F4457615%2Fa9958fae3bfed11c4b0b83fff79efe50.png&w=3840&q=75","","[object Object]","2","[object Object]","Rumah","Premier","https://www.rumah123.com/jual/cari/?location=jawa-tengah&itm_medium=search-suggestions-lokasi&itm_source=organic&quickLabel=Lelang","Lelang","","","Rp 270 Juta","Rp 1 Jutaan (Tenor 20 Tahun)","Rp 1 Jutaan (Tenor 15 Tahun)","https://www.rumah123.com/properti/boyolali-mojosongo/rumah-dijual-mojosongo-hos41372136/","Rumah Dijual Mojosongo.","Mojosongo, Boyolali","Rumah dijual Mojosongo.","2","[object Object]","1","[object Object]","69 m²","LT:","32 m²","LB:","https://picture.rumah123.com/r123-images/250x250-fit/customer/4457615/4c532fb0a7321624a63686d084b5e7c4.png","Diperbarui 3 minggu yang lalu oleh","Bank Syariah Indonesia","+628128...","WhatsApp","","","https://pic.rumah123.com/r123/100x100-fit/logo/20240801040115_aset_bank.png","","",""
"https://www.rumah123.com/portal-img/_next/image/?url=https%3A%2F%2Fpicture.rumah123.com%2Fr123-images%2F720x420-crop%2Fcustomer%2F4457615%2F2976aabada82eb02b5babe09422e078d.png&w=3840&q=75","https://www.rumah123.com/portal-img/_next/image/?url=https%3A%2F%2Fpicture.rumah123.com%2Fr123-images%2F720x420-crop%2Fcustomer%2F4457615%2F93e9e0211796c1c5f36c589acf621a3a.png&w=3840&q=75","","[object Object]","2","[object Object]","Rumah","Premier","https://www.rumah123.com/jual/cari/?location=jawa-tengah&itm_medium=search-suggestions-lokasi&itm_source=organic&quickLabel=Lelang","Lelang","","","Rp 745 Juta","Rp 3 Jutaan (Tenor 20 Tahun)","Rp 4 Jutaan (Tenor 15 Tahun)","https://www.rumah123.com/properti/blora-kedungtuban/rumah-dijual-kedungtuban-hos41372135/","Rumah Dijual Kedungtuban","Kedungtuban, Blora","Rumah dijual Kedungtuban","","","","","1900 m²","LT:","256 m²","LB:","https://picture.rumah123.com/r123-images/250x250-fit/customer/4457615/4c532fb0a7321624a63686d084b5e7c4.png","Diperbarui 3 minggu yang lalu oleh","Bank Syariah Indonesia","+628128...","WhatsApp","","","https://pic.rumah123.com/r123/100x100-fit/logo/20240801040115_aset_bank.png","","",""
"https://www.rumah123.com/portal-img/_next/image/?url=https%3A%2F%2Fpicture.rumah123.com%2Fr123-images%2F720x420-crop%2Fcustomer%2F1681746%2Ffc494de502687163a1d16a0545124611.jpg&w=3840&q=75","https://www.rumah123.com/portal-img/_next/image/?url=https%3A%2F%2Fpicture.rumah123.com%2Fr123-images%2F720x420-crop%2Fcustomer%2F1681746%2F66b95c3740bef0a0090cf28c75ce4d09.jpg&w=3840&q=75","https://www.rumah123.com/portal-img/_next/image/?url=https%3A%2F%2Fpicture.rumah123.com%2Fr123-images%2F720x420-crop%2Fcustomer%2F1681746%2F0be3f7214537f56784337a76a235e579.jpg&w=3840&q=75","[object Object]","16","[object Object]","Rumah","Premier","https://www.rumah123.com/jual/cari/?location=jawa-tengah&itm_medium=search-suggestions-lokasi&itm_source=organic&quickLabel=Dekat+Akses+Transportasi","Dekat Akses Transportasi","https://www.rumah123.com/jual/cari/?location=jawa-tengah&itm_medium=search-suggestions-lokasi&itm_source=organic&quickLabel=Dekat+Pusat+Perbelanjaan","Dekat Pusat Perbelanjaan","Rp 12 Miliar","Rp 58 Jutaan (Tenor 20 Tahun)","Rp 75 Jutaan (Tenor 15 Tahun)","https://www.rumah123.com/properti/semarang-semarang-barat/mewah-siap-huni-dekat-ke-binus-dan-bandara-hos41371912/","Mewah Murah American Classic Tengah Kota Semarang !","Semarang Barat, Semarang","LUXURY HOUSE SEMARANG ! FOR SALE  Rumah mewah American Classic di Puri Anjasmoro - Semarang Barat - dekat Binus Semarang - dekat ke Awanncosta dan ...","6 + 2","[object Object]","7 + 1","[object Object]","598 m²","LT:","900 m²","LB:","https://pic.rumah123.com/r123/250x250-fit/photo/1681746/16817461712498406.jpg","Diperbarui 4 hari yang lalu oleh","Julianto property Julianto","+628580...","WhatsApp","2 + 2","[object Object]","https://pic.rumah123.com/r123/100x100-fit/logo/20201202052029_hepi_property.jpeg","https://www.rumah123.com/jual/cari/?location=jawa-tengah&itm_medium=search-suggestions-lokasi&itm_source=organic&quickLabel=Dekat+Sekolah","Dekat Sekolah",""
"https://www.rumah123.com/portal-img/_next/image/?url=https%3A%2F%2Fpicture.rumah123.com%2Fr123-images%2F720x420-crop%2Fcustomer%2F1247174%2Flisting%2Fhos41571618%2Fenhanced%2Fd38d974a8e164586f42d02bc2a62555a.jpg&w=3840&q=85","","","[object Object]","6","[object Object]","Rumah","Premier","https://www.rumah123.com/jual/cari/?location=jawa-tengah&itm_medium=search-suggestions-lokasi&itm_source=organic&quickLabel=Siap+Huni","Siap Huni","","","Rp 735 Juta","Rp 3 Jutaan (Tenor 20 Tahun)","Rp 4 Jutaan (Tenor 15 Tahun)","https://www.rumah123.com/properti/semarang-mijen/rumah-dekat-jalan-raya-jatisari-semarang-hos41571618/","Rumah Dekat Jalan Raya Jatisari Semarang","Mijen, Semarang","Di jual rumah siap huni di jatisari mijen  Depan pasar Ace Mijen   Luas Tanah  140 m² Luas Bangunan 100 m²  Terdapat 3 kamar tidur  1 kamar mandi...","3","[object Object]","1","[object Object]","140 m²","LT:","100 m²","LB:","https://pic.rumah123.com/r123/250x250-fit/photo/1247174/12471741594679536.jpg","Diperbarui 5 hari yang lalu oleh","Priyanti","+628517...","WhatsApp","1 + 2","[object Object]","https://pic.rumah123.com/r123/100x100-fit/logo/20210105040349_spn_group.png","","",""
"https://www.rumah123.com/portal-img/_next/image/?url=https%3A%2F%2Fpicture.rumah123.com%2Fr123-images%2F720x420-crop%2Fcustomer%2F1819989%2F03cdf448d2aea4dd06e1b968f93cbeeb.jpg&w=3840&q=75","","","[object Object]","14","[object Object]","Rumah","Premier","","","","","Rp 950 Juta","Rp 4 Jutaan (Tenor 20 Tahun)","Rp 5 Jutaan (Tenor 15 Tahun)","https://www.rumah123.com/properti/semarang-bsb-city/bonus-furnished-rumah-forest-hill-citraland-bsb-city-hos19491555/","Bonus Furnished Rumah Forest Hill Citraland Bsb City","BSB City, Semarang","Dijual murah Bonus furnished rumah forest hill Citraland bsb   - luas tanah 120m2 - luas bangunan 48m2  - kamar tidur 2 - kamar mandi 1 - dapur 1 -...","2","[object Object]","1","[object Object]","120 m²","LT:","48 m²","LB:","https://picture.rumah123.com/r123-images/250x250-fit/customer/1819989/a1409baa76ff382cdda6ecea56e532a3.png","Diperbarui 6 hari yang lalu oleh","STEPHANUS AGUS DARDJITO","+628587...","WhatsApp","2","[object Object]","","","",""
"https://www.rumah123.com/portal-img/_next/image/?url=https%3A%2F%2Fpicture.rumah123.com%2Fr123-images%2F720x420-crop%2Fcustomer%2F1819989%2Fcd9f38e15799fa041e8b5908edc87ec7.jpg&w=3840&q=75","","","[object Object]","21","[object Object]","Rumah","Premier","","","","","Rp 11 Miliar","Rp 54 Jutaan (Tenor 20 Tahun)","Rp 69 Jutaan (Tenor 15 Tahun)","https://www.rumah123.com/properti/semarang-bsb-city/include-furnished-kolam-renang-rumah-mewah-puri-arga-golf-hos40425805/","Include furnished + kolam renang rumah mewah PURI ARGA GOLF","BSB City, Semarang","PURI ARGA GOLF - BSB City Semarang  Hunian mewah yang memadukan kenyamanan, teknologi, dan kemewahan di kawasan eksklusif dekat lapangan golf.  Coc...","4 + 1","[object Object]","4 + 1","[object Object]","450 m²","LT:","335 m²","LB:","https://picture.rumah123.com/r123-images/250x250-fit/customer/1819989/a1409baa76ff382cdda6ecea56e532a3.png","Diperbarui 1 minggu yang lalu oleh","STEPHANUS AGUS DARDJITO","+628587...","WhatsApp","2 + 3","[object Object]","","","",""
"https://www.rumah123.com/portal-img/_next/image/?url=https%3A%2F%2Fpicture.rumah123.com%2Fr123-images%2F720x420-crop%2Fcustomer%2F1017158%2F3cbb6edcaedd137647bcaa519c9b267e.jpg&w=3840&q=75","","","[object Object]","8","[object Object]","Pabrik","Premier","https://www.rumah123.com/jual/cari/?location=jawa-tengah&itm_medium=search-suggestions-lokasi&itm_source=organic&quickLabel=Siap+Huni","Siap Huni","","","Rp 35 Miliar Total","Rp 171 Jutaan (Tenor 20 Tahun)","Rp 220 Jutaan (Tenor 15 Tahun)","https://www.rumah123.com/properti/sragen-sragen/gudang-zona-industri-siap-pakai-area-sragen-fas10013525/","Gudang Zona Industri Siap Pakai Area Sragen","Sragen, Sragen","Lokasi sangat strategis, terletak di kawasan industri Sragen dan dekat dengan pintu tol. Akses Kontainer dan kendaraan berat lainnya. Cocok untuk i...","3","[object Object]","","","1 m²","LT:","3000 m²","LB:","https://pic.rumah123.com/r123/250x250-fit/photo/1017158/10171581622013410.jpg","Diperbarui 2 minggu yang lalu oleh","Happy Chrystiana","+628190...","WhatsApp","","","https://pic.rumah123.com/r123/100x100-fit/logo/20210518045109_level_up_realty_solo.png","","",""
"https://www.rumah123.com/portal-img/_next/image/?url=https%3A%2F%2Fpicture.rumah123.com%2Fr123-images%2F720x420-crop%2Fcustomer%2F1017158%2F49ec2b25e1efe15d12c4eca25bcb79d8.jpg&w=3840&q=75","","","[object Object]","21","[object Object]","Rumah","Premier","https://www.rumah123.com/jual/cari/?location=jawa-tengah&itm_medium=search-suggestions-lokasi&itm_source=organic&quickLabel=Dekat+Akses+Transportasi","Dekat Akses Transportasi","https://www.rumah123.com/jual/cari/?location=jawa-tengah&itm_medium=search-suggestions-lokasi&itm_source=organic&quickLabel=Dekat+Sekolah","Dekat Sekolah","Rp 14,5 Miliar","Rp 71 Jutaan (Tenor 20 Tahun)","Rp 91 Jutaan (Tenor 15 Tahun)","https://www.rumah123.com/properti/solo-colomadu/rumah-konsep-villa-ala-bali-area-colomadu-hos41483203/","Rumah Konsep Villa Ala Bali Area Colomadu","Colomadu, Solo","Lokasi sangat strategis, dekat dengan pintu tol dan akses ke Bandara. Tidak jauh dengan fasilitas publik lain seperti Supermarket, Rumah Sakit, Sek...","4","[object Object]","4","[object Object]","2000 m²","LT:","1000 m²","LB:","https://pic.rumah123.com/r123/250x250-fit/photo/1017158/10171581622013410.jpg","Diperbarui 2 minggu yang lalu oleh","Happy Chrystiana","+628190...","WhatsApp","5","[object Object]","https://pic.rumah123.com/r123/100x100-fit/logo/20210518045109_level_up_realty_solo.png","https://www.rumah123.com/jual/cari/?location=jawa-tengah&itm_medium=search-suggestions-lokasi&itm_source=organic&quickLabel=Dekat+Fasilitas+Kesehatan","Dekat Fasilitas Kesehatan",""
"https://www.rumah123.com/portal-img/_next/image/?url=https%3A%2F%2Fpicture.rumah123.com%2Fr123-images%2F720x420-crop%2Fcustomer%2F1017158%2F2023-08-27-14-49-12-9caefe08-dcff-4003-9feb-7a8fac73d599.jpg&w=3840&q=75","","","","1","[object Object]","Tanah","Premier","https://www.rumah123.com/jual/cari/?location=jawa-tengah&itm_medium=search-suggestions-lokasi&itm_source=organic&quickLabel=Dekat+Akses+Transportasi","Dekat Akses Transportasi","","","Rp 38 Miliar Total","Rp 186 Jutaan (Tenor 20 Tahun)","Rp 239 Jutaan (Tenor 15 Tahun)","https://www.rumah123.com/properti/karanganyar-kebakkramat/tanah-zona-industri-karanganyar-las3482167/","Tanah zona industri karanganyar","Kebakkramat, Karanganyar","Terletak di area industri karanganyar. Dekat dengan pintu tol kebakkramat karanganyar. Status SHM Kering siap bangun Akses Kontainer dan kendaraan ...","","","","","41160 m²","LT:","","","https://pic.rumah123.com/r123/250x250-fit/photo/1017158/10171581622013410.jpg","Diperbarui 2 minggu yang lalu oleh","Happy Chrystiana","+628190...","WhatsApp","","","https://pic.rumah123.com/r123/100x100-fit/logo/20210518045109_level_up_realty_solo.png","","",""
"https://www.rumah123.com/portal-img/_next/image/?url=https%3A%2F%2Fpicture.rumah123.com%2Fr123-images%2F720x420-crop%2Fcustomer%2F1076788%2Flisting%2Fhos41564207%2Fenhanced%2F30c354ddcf64322ff09f74d93647ad25.jpg&w=3840&q=75","","","[object Object]","7","[object Object]","Rumah","Premier","https://www.rumah123.com/jual/cari/?location=jawa-tengah&itm_medium=search-suggestions-lokasi&itm_source=organic&quickLabel=Bebas+Banjir","Bebas Banjir","https://www.rumah123.com/jual/cari/?location=jawa-tengah&itm_medium=search-suggestions-lokasi&itm_source=organic&quickLabel=Dekat+Akses+Transportasi","Dekat Akses Transportasi","Rp 775 Juta","Rp 3 Jutaan (Tenor 20 Tahun)","Rp 4 Jutaan (Tenor 15 Tahun)","https://www.rumah123.com/properti/semarang-ngaliyan/rumah-hook-dalam-cluster-ngaliyan-dekat-tol-dan-kawasan-industri-hos41564207/","Rumah Hook Dalam Cluster Ngaliyan Dekat Tol dan Kawasan Industri","Ngaliyan, Semarang","Rumah Hook 2 Muka Ngaliyan - Cluster Nyaman, SHM, Dekat Tol & Industri!  Hunian strategis di Semarang Barat - posisi hook 2 muka, lebih lega & flek...","2","[object Object]","1","[object Object]","120 m²","LT:","50 m²","LB:","https://pic.rumah123.com/r123/250x250-fit/photo/1076788/10767881562937467.jpg","Diperbarui 6 hari yang lalu oleh","Yudha Perdhana","+628562...","WhatsApp","1","[object Object]","","https://www.rumah123.com/jual/cari/?location=jawa-tengah&itm_medium=search-suggestions-lokasi&itm_source=organic&quickLabel=Dekat+Fasilitas+Kesehatan","Dekat Fasilitas Kesehatan",""
"https://www.rumah123.com/portal-img/_next/image/?url=https%3A%2F%2Fpicture.rumah123.com%2Fr123-images%2F720x420-crop%2Fcustomer%2F8300%2Flisting%2Fwas10036549%2Fenhanced%2F6d3c88b5bcd992066a7daed6c2becbdb.jpg&w=3840&q=75","","","","1","[object Object]","Gudang","Premier","https://www.rumah123.com/jual/cari/?location=jawa-tengah&itm_medium=search-suggestions-lokasi&itm_source=organic&quickLabel=Dekat+Sekolah","Dekat Sekolah","","","Rp 8 Miliar Total","Rp 39 Jutaan (Tenor 20 Tahun)","Rp 50 Jutaan (Tenor 15 Tahun)","https://www.rumah123.com/properti/pekalongan-pekalongan-timur/gudang-di-ki-mangunsarkoro-pekalongan-jawa-tengah-was10036549/","Gudang di Ki Mangunsarkoro Pekalongan Jawa Tengah","Pekalongan Timur, Pekalongan","Memiliki lebar 16m, panjang 72m, Sertifikat hak milik, Hadap utara, Kondisi bangunan terawat, Cocok untuk kebutuhan industri, gudang, maupun invest...","4","[object Object]","","","1158 m²","LT:","1192 m²","LB:","https://pic.rumah123.com/r123/250x250-fit/photo/8300/83001739775728.jpg","Diperbarui 6 hari yang lalu oleh","Winnie Winasis","+628122...","WhatsApp","","","https://pic.rumah123.com/r123/100x100-fit/logo/20241220051434_ljh_realty_candi.png","","",""
"https://www.rumah123.com/portal-img/_next/image/?url=https%3A%2F%2Fpicture.rumah123.com%2Fr123-images%2F720x420-crop%2Fcustomer%2F8300%2F809f3ed9778f2767d42f543c5d5177d6.jpg&w=3840&q=75","","","[object Object]","7","[object Object]","Rumah","Premier","https://www.rumah123.com/jual/cari/?location=jawa-tengah&itm_medium=search-suggestions-lokasi&itm_source=organic&quickLabel=Siap+Huni","Siap Huni","","","Rp 1,45 Miliar","Rp 7 Jutaan (Tenor 20 Tahun)","Rp 9 Jutaan (Tenor 15 Tahun)","https://www.rumah123.com/properti/semarang-banyumanik/rumah-bagus-di-sawunggaling-timur-semarang-hos40341617/","Rumah Bagus di Sawunggaling Timur Semarang","Banyumanik, Semarang","Rumah siap pakai, nyaman, indah, Harga bagus. Sertifikat hak milik, Hadap utara Lokasi bagus, akses mudah, jalan lebar Lingkungan tenang dan nyaman...","4","[object Object]","2","[object Object]","240 m²","LT:","190 m²","LB:","https://pic.rumah123.com/r123/250x250-fit/photo/8300/83001739775728.jpg","Diperbarui 6 hari yang lalu oleh","Winnie Winasis","+628122...","WhatsApp","","","https://pic.rumah123.com/r123/100x100-fit/logo/20241220051434_ljh_realty_candi.png","","",""
"https://www.rumah123.com/portal-img/_next/image/?url=https%3A%2F%2Fpicture.rumah123.com%2Fr123-images%2F720x420-crop%2Fcustomer%2F63420%2F2024-03-02-07-25-03-dac31c6c-b4dd-4148-bd3a-4042725f6556.jpg&w=3840&q=75","","","[object Object]","11","[object Object]","Rumah","Premier","https://www.rumah123.com/jual/cari/?location=jawa-tengah&itm_medium=search-suggestions-lokasi&itm_source=organic&quickLabel=Dekat+Sekolah","Dekat Sekolah","https://www.rumah123.com/jual/cari/?location=jawa-tengah&itm_medium=search-suggestions-lokasi&itm_source=organic&quickLabel=Dekat+Landmark","Dekat Landmark","Rp 2,4 Miliar","Rp 11 Jutaan (Tenor 20 Tahun)","Rp 15 Jutaan (Tenor 15 Tahun)","https://www.rumah123.com/properti/semarang-bsb-city/murah-banget-nih-rumah-di-naraya-bsb-lokasi-di-boulevard-include-furnished-hos16013255/","Murah Banget Nih Rumah di Naraya Bsb Lokasi di Boulevard Include Furnished","BSB City, Semarang","Dijual Rumah di Naraya BSB Semarang  Luas Tanah 177m² Luas Bangunan 135m² Kamar Tidur 3 Kamar Mandi 3 Listrik 5500 watt Carport 2 mobil Taman  - ...","3","[object Object]","3","[object Object]","177 m²","LT:","135 m²","LB:","https://pic.rumah123.com/r123/250x250-fit/photo/63420/634201709047468.jpg","Diperbarui 6 hari yang lalu oleh","Else Susilowaty","+628522...","WhatsApp","2","[object Object]","https://pic.rumah123.com/r123/100x100-fit/logo/20201202052029_hepi_property.jpeg","","",""
"https://www.rumah123.com/portal-img/_next/image/?url=https%3A%2F%2Fpicture.rumah123.com%2Fr123-images%2F720x420-crop%2Fcustomer%2F1196115%2F7eb3bc7d7f64fc43b1feee7d54abab31.jpg&w=3840&q=75","","","[object Object]","8","[object Object]","Rumah","Premier","https://www.rumah123.com/jual/cari/?location=jawa-tengah&itm_medium=search-suggestions-lokasi&itm_source=organic&quickLabel=Bisa+Nego","Bisa Nego","https://www.rumah123.com/jual/cari/?location=jawa-tengah&itm_medium=search-suggestions-lokasi&itm_source=organic&quickLabel=Siap+Huni","Siap Huni","Rp 675 Juta","Rp 3 Jutaan (Tenor 20 Tahun)","Rp 4 Jutaan (Tenor 15 Tahun)","https://www.rumah123.com/properti/boyolali-boyolali-kota/rumah-dijual-murah-boyolali-di-pulisen-boyolali-kota-3-menit-dari-kopi-mujur-boyolali-hos41195739/","Rumah Dijual Murah Boyolali di Pulisen Boyolali Kota 3 Menit Dari Kopi Mujur Boyolali","Boyolali Kota, Boyolali","Rumah bergaya minimalis di Boyolali Kota.  Cek segera rumah 1 lantai yang modern ini,  dijual dengan pemandangan asri yang menambah nilai estetika ...","4","[object Object]","2","[object Object]","243 m²","LT:","150 m²","LB:","https://picture.rumah123.com/r123-images/250x250-fit/customer/4447455/cd2d56a58293204a49666b405754d410.jpg","Diperbarui 6 hari yang lalu oleh","Samuel Handoko","+628139...","WhatsApp","1","[object Object]","https://pic.rumah123.com/r123/100x100-fit/logo/20190701123328_irea_solo.jpeg","https://www.rumah123.com/jual/cari/?location=jawa-tengah&itm_medium=search-suggestions-lokasi&itm_source=organic&quickLabel=Bebas+Banjir","Bebas Banjir",""
"https://www.rumah123.com/portal-img/_next/image/?url=https%3A%2F%2Fpicture.rumah123.com%2Fr123-images%2F720x420-crop%2Fcustomer%2F1196115%2Fa4accaea7d222033f108e11f2469cd23.jpg&w=3840&q=75","","","[object Object]","4","[object Object]","Tanah","Premier","https://www.rumah123.com/jual/cari/?location=jawa-tengah&itm_medium=search-suggestions-lokasi&itm_source=organic&quickLabel=Dekat+Sekolah","Dekat Sekolah","https://www.rumah123.com/jual/cari/?location=jawa-tengah&itm_medium=search-suggestions-lokasi&itm_source=organic&quickLabel=Cocok+untuk+kost","Cocok untuk kost","Rp 500 Juta Total","Rp 2 Jutaan (Tenor 20 Tahun)","Rp 3 Jutaan (Tenor 15 Tahun)","https://www.rumah123.com/properti/boyolali-boyolali-kota/tanah-boyolali-kota-bagus-strategis-cocok-untuk-kos-las9099348/","Tanah Boyolali Kota Bagus Strategis Cocok untuk Kos","Boyolali Kota, Boyolali","Luas tanah 489 m2
 Lebar depan 11 m
 Hadap selatan
 Status basah
 Zona kuning
 Cocok untuk kos/ rumah pribadi.
 3 menit ke Universitas Boyolali.
 6...","","","","","489 m²","LT:","","","https://picture.rumah123.com/r123-images/250x250-fit/customer/4438277/404c1b452aac85ebddf7a37afe00e3fa.jpg","Diperbarui 6 hari yang lalu oleh","Lia Imelda","+628821...","WhatsApp","","","https://pic.rumah123.com/r123/100x100-fit/logo/20190701123328_irea_solo.jpeg","","",""
"https://www.rumah123.com/portal-img/_next/image/?url=https%3A%2F%2Fpicture.rumah123.com%2Fr123-images%2F720x420-crop%2Fcustomer%2F4370712%2F9b12a477b6ea058ac51329eaa289b96b.jpg&w=3840&q=75","","","[object Object]","7","[object Object]","Tanah","Premier","https://www.rumah123.com/jual/cari/?location=jawa-tengah&itm_medium=search-suggestions-lokasi&itm_source=organic&quickLabel=Dekat+Akses+Transportasi","Dekat Akses Transportasi","https://www.rumah123.com/jual/cari/?location=jawa-tengah&itm_medium=search-suggestions-lokasi&itm_source=organic&quickLabel=Dekat+Pusat+Perbelanjaan","Dekat Pusat Perbelanjaan","Rp 4 Miliar Total","Rp 19 Jutaan (Tenor 20 Tahun)","Rp 25 Jutaan (Tenor 15 Tahun)","https://www.rumah123.com/properti/semarang-banyumanik/tanah-startegis-dekat-proyek-pakuwon-mall-semarang-di-jalan-gotong-royong-las8925396/","Tanah Startegis Dekat Proyek Pakuwon Mall Semarang di Jalan Gotong Royong","Banyumanik, Semarang","Tanah Startegis Dekat Proyek Pakuwon Mall Semarang di Jalan Gotong Royong GOMBEL LAMA  Lebar 23m SHM ( 2 Sertifikat ) Hadap Selatan  Simpang Lima S...","","","","","1064 m²","LT:","","","https://pic.rumah123.com/r123/250x250-fit/photo/4370712/43707121751468657.jpg","Diperbarui 6 hari yang lalu oleh","Fenny Lfang","+628122...","WhatsApp","","","https://pic.rumah123.com/r123/100x100-fit/logo/11318_logosubcomp.jpg","https://www.rumah123.com/jual/cari/?location=jawa-tengah&itm_medium=search-suggestions-lokasi&itm_source=organic&quickLabel=Dekat+Sekolah","Dekat Sekolah",""
"https://www.rumah123.com/portal-img/_next/image/?url=https%3A%2F%2Fpicture.rumah123.com%2Fr123-images%2F720x420-crop%2Fcustomer%2F1618966%2Flisting%2Fhos41564848%2Fenhanced%2F10c89915696b34f9dbdccc4bee5b72ab.jpg&w=3840&q=75","","","[object Object]","2","[object Object]","Rumah","Premier","https://www.rumah123.com/jual/cari/?location=jawa-tengah&itm_medium=search-suggestions-lokasi&itm_source=organic&quickLabel=Siap+Huni","Siap Huni","https://www.rumah123.com/jual/cari/?location=jawa-tengah&itm_medium=search-suggestions-lokasi&itm_source=organic&quickLabel=Dekat+Akses+Transportasi","Dekat Akses Transportasi","Rp 200 Miliar","Rp 982 Jutaan (Tenor 20 Tahun)","Rp 1 Miliaran (Tenor 15 Tahun)","https://www.rumah123.com/properti/semarang-gajah-mungkur/rumah-asri-bagus-di-argopuro-gajahmungkur-semarang-tt-3439-hos41564848/","Rumah Asri, Bagus di Argopuro, Gajahmungkur Semarang (Tt 3439)","Gajah Mungkur, Semarang","Kesempatan terbatas buat Anda dapatkan rumah nyaman dengan return investasi tinggi di Gajah Mungkur, Semarang.  Rumah ini menawarkan kelengkapan fa...","6 + 2","[object Object]","6 + 1","[object Object]","5500 m²","LT:","1800 m²","LB:","https://pic.rumah123.com/r123/250x250-fit/photo/1618966/16189661685419506.jpg","Diperbarui 6 hari yang lalu oleh","Emirita","+628193...","WhatsApp","6 + 10","[object Object]","https://pic.rumah123.com/r123/100x100-fit/logo/20200122032448_redland.jpeg","https://www.rumah123.com/jual/cari/?location=jawa-tengah&itm_medium=search-suggestions-lokasi&itm_source=organic&quickLabel=Dekat+Sekolah","Dekat Sekolah",""
"https://www.rumah123.com/portal-img/_next/image/?url=https%3A%2F%2Fpicture.rumah123.com%2Fr123-images%2F720x420-crop%2Fcustomer%2F8300%2F56e7c2f624162eaabf3b5d150e039cab.jpg&w=3840&q=75","","","[object Object]","7","[object Object]","Rumah","Premier","","","","","Rp 10 Miliar","Rp 49 Jutaan (Tenor 20 Tahun)","Rp 62 Jutaan (Tenor 15 Tahun)","https://www.rumah123.com/properti/semarang-sekayu/rumah-di-taman-beringin-semarang-tengah-hos39375555/","Rumah di Taman Beringin Semarang Tengah","Sekayu, Semarang","Property Murah, Dekat Kepiting Nyoto Roso, Bisa untuk Usaha, Guest House, Kos-kosan dll, Dekat Paragon. Memiliki dimensi Lebar 12m2, Panjang 64m2. ...","","","","","735 m²","LT:","","","https://pic.rumah123.com/r123/250x250-fit/photo/8300/83001739775728.jpg","Diperbarui 6 hari yang lalu oleh","Winnie Winasis","+628122...","WhatsApp","","","https://pic.rumah123.com/r123/100x100-fit/logo/20241220051434_ljh_realty_candi.png","","",""
"https://www.rumah123.com/portal-img/_next/image/?url=https%3A%2F%2Fpicture.rumah123.com%2Fr123-images%2F720x420-crop%2Fcustomer%2F1183566%2Fba56e4c60fa02e65d0b9ac8e953fc98e.jpg&w=3840&q=75","","","[object Object]","8","[object Object]","Tanah","Premier","https://www.rumah123.com/jual/cari/?location=jawa-tengah&itm_medium=search-suggestions-lokasi&itm_source=organic&quickLabel=Dekat+Sekolah","Dekat Sekolah","https://www.rumah123.com/jual/cari/?location=jawa-tengah&itm_medium=search-suggestions-lokasi&itm_source=organic&quickLabel=Cocok+untuk+kost","Cocok untuk kost","Rp 24 Miliar Total","Rp 117 Jutaan (Tenor 20 Tahun)","Rp 151 Jutaan (Tenor 15 Tahun)","https://www.rumah123.com/properti/semarang-tembalang/tanah-strategis-pinggir-jalan-raya-di-ngresep-tembalang-1-menit-ke-undip-las4276128/","Tanah Strategis Pinggir Jalan Raya Di Ngresep Tembalang 1 Menit Ke Undip","Tembalang, Semarang","Dijual hitung tanah di ngresep tembalang lokasi pinggir jalan raya  luas 2062  shm   cocok untuk dibikin usaha cafe dll","","","","","2062 m²","LT:","","","https://pic.rumah123.com/r123/250x250-fit/photo/1183566/11835661715592569.jpg","Diperbarui 1 minggu yang lalu oleh","Okta Property","+628213...","WhatsApp","","","https://pic.rumah123.com/r123/100x100-fit/logo/20201202052029_hepi_property.jpeg","","",""
"https://www.rumah123.com/portal-img/_next/image/?url=https%3A%2F%2Fpicture.rumah123.com%2Fr123-images%2F720x420-crop%2Fcustomer%2F1183566%2F4929e27ddfd896d567d254f1ae3a71ba.jpg&w=3840&q=75","","","[object Object]","6","[object Object]","Rumah","Premier","https://www.rumah123.com/jual/cari/?location=jawa-tengah&itm_medium=search-suggestions-lokasi&itm_source=organic&quickLabel=Dekat+Sekolah","Dekat Sekolah","","","Rp 8 Miliar","Rp 39 Jutaan (Tenor 20 Tahun)","Rp 50 Jutaan (Tenor 15 Tahun)","https://www.rumah123.com/properti/semarang-candi-golf/rumah-mewah-cornwall-di-cluster-royalle-candi-golf-semarang-view-bukit-hos39875336/","Rumah Mewah Cornwall Di Cluster Royalle Candi Golf Semarang View Bukit","Candi Golf, Semarang","*Clarence & Cornwall — Your Next Tranquil Home at Royalle*   Dengan bangga kami perkenalkan *Clarence & Cornwall*, tipe hunian terbaru di Cluster...","4","[object Object]","4","[object Object]","308 m²","LT:","328 m²","LB:","https://pic.rumah123.com/r123/250x250-fit/photo/1183566/11835661715592569.jpg","Diperbarui 1 minggu yang lalu oleh","Okta Property","+628213...","WhatsApp","1 + 2","[object Object]","https://pic.rumah123.com/r123/100x100-fit/logo/20201202052029_hepi_property.jpeg","","",""
"https://www.rumah123.com/portal-img/_next/image/?url=https%3A%2F%2Fpicture.rumah123.com%2Fr123-images%2F720x420-crop%2Fcustomer%2F1183566%2Fe44a88145f9337ba43fdd0ee199dfd8e.jpg&w=3840&q=75","","","","1","[object Object]","Tanah","Premier","https://www.rumah123.com/jual/cari/?location=jawa-tengah&itm_medium=search-suggestions-lokasi&itm_source=organic&quickLabel=Cocok+untuk+kost","Cocok untuk kost","","","Rp 6,79 Miliar Total","Rp 33 Jutaan (Tenor 20 Tahun)","Rp 42 Jutaan (Tenor 15 Tahun)","https://www.rumah123.com/properti/semarang-papandayan/tanah-strategis-di-papandayan-gajah-mungkur-semarang-pinggir-jalan-raya-las9089296/","Tanah Strategis di Papandayan Gajah Mungkur Semarang Pinggir Jalan Raya","papandayan, Semarang","Dijual tanah strategis di papandayan gajah Mungkur Semarang pinggir jalan raya   bisa dibeli 400m dan 399m","","","","","799 m²","LT:","","","https://pic.rumah123.com/r123/250x250-fit/photo/1183566/11835661715592569.jpg","Diperbarui 1 minggu yang lalu oleh","Okta Property","+628213...","WhatsApp","","","https://pic.rumah123.com/r123/100x100-fit/logo/20201202052029_hepi_property.jpeg","","",""
"https://www.rumah123.com/portal-img/_next/image/?url=https%3A%2F%2Fpicture.rumah123.com%2Fr123-images%2F720x420-crop%2Fcustomer%2F4465105%2Fce6e475837d54aa501c8d6d7d96f19f4.jpg&w=3840&q=75","","","[object Object]","9","[object Object]","Rumah","Premier","","","","","Rp 1,6 Miliar","Rp 7 Jutaan (Tenor 20 Tahun)","Rp 10 Jutaan (Tenor 15 Tahun)","https://www.rumah123.com/properti/cilacap-cilacap/rumah-mewah-pinggir-jalan-provinsi-cocok-usaha-investasi-hos41519840/","Rumah Mewah Pinggir Jalan Provinsi - Cocok Usaha / Investasi","Cilacap, Cilacap","LOKASI: Pinggir jalan provinsi (akses ramai & visibilitas tinggi)  Sangat cocok untuk usaha, kantor, atau investasi properti   KEUNGGULAN UTAMA...","4","[object Object]","4","[object Object]","320 m²","LT:","463 m²","LB:","","Diperbarui 2 minggu yang lalu oleh","Eka Saputri F.","+628213...","WhatsApp","1","[object Object]","","","",""
"https://www.rumah123.com/portal-img/_next/image/?url=https%3A%2F%2Fpicture.rumah123.com%2Fr123-images%2F720x420-crop%2Fcustomer%2F4451296%2F55911a7e0165e81258154aafc657b16e.png&w=3840&q=75","","","[object Object]","19","[object Object]","Rumah","Premier","https://www.rumah123.com/jual/cari/?location=jawa-tengah&itm_medium=search-suggestions-lokasi&itm_source=organic&quickLabel=Siap+Huni","Siap Huni","https://www.rumah123.com/jual/cari/?location=jawa-tengah&itm_medium=search-suggestions-lokasi&itm_source=organic&quickLabel=Bebas+Banjir","Bebas Banjir","Rp 849 Juta","Rp 4 Jutaan (Tenor 20 Tahun)","Rp 5 Jutaan (Tenor 15 Tahun)","https://www.rumah123.com/properti/solo-banjarsari/rumah-mewah-harga-affordable-di-adisumarmo-regency-colomadu-hos41283637/","Rumah Mewah Harga Affordable di Adisumarmo Regency Colomadu","Banjarsari, Solo","Kesempatan terbatas buat Anda dapatkan rumah strategis dengan return investasi tinggi dekat Bandara Adisumarmo , di Colomadu, Solo.  Rumah ini mena...","3","[object Object]","2","[object Object]","83 m²","LT:","150 m²","LB:","https://picture.rumah123.com/r123-images/250x250-fit/customer/4451296/94e76bb03b42f9446a0514b097b9cf82.jpg","Diperbarui 2 hari yang lalu oleh","PT. Wahyu Abadi Permai","+628123...","WhatsApp","1","[object Object]","","https://www.rumah123.com/jual/cari/?location=jawa-tengah&itm_medium=search-suggestions-lokasi&itm_source=organic&quickLabel=Dekat+Akses+Transportasi","Dekat Akses Transportasi",""
"https://www.rumah123.com/portal-img/_next/image/?url=https%3A%2F%2Fpicture.rumah123.com%2Fr123-images%2F720x420-crop%2Fcustomer%2F4462344%2Fb7b3a9a81c8d0bc99bc39e316b50e20c.jpg&w=3840&q=85","https://www.rumah123.com/portal-img/_next/image/?url=https%3A%2F%2Fpicture.rumah123.com%2Fr123-images%2F720x420-crop%2Fcustomer%2F4462344%2F2de13072f0fb6d8b4d15ecc26963cbef.jpg&w=3840&q=75","https://www.rumah123.com/portal-img/_next/image/?url=https%3A%2F%2Fpicture.rumah123.com%2Fr123-images%2F720x420-crop%2Fcustomer%2F4462344%2F1143bf77dd9fd5d86cc18f9d1378c35e.jpg&w=3840&q=75","[object Object]","41","[object Object]","Rumah","Premier","https://www.rumah123.com/jual/cari/?location=jawa-tengah&itm_medium=search-suggestions-lokasi&itm_source=organic&quickLabel=Bisa+Nego","Bisa Nego","https://www.rumah123.com/jual/cari/?location=jawa-tengah&itm_medium=search-suggestions-lokasi&itm_source=organic&quickLabel=Bebas+Banjir","Bebas Banjir","Rp 1,85 Miliar","Rp 9 Jutaan (Tenor 20 Tahun)","Rp 11 Jutaan (Tenor 15 Tahun)","https://www.rumah123.com/properti/banjarnegara-banjarnegara/rumah-mewah-di-perumahan-d-mapple-banjarnegara-hos41456836/","Rumah Mewah 3 Lantai Murah di Perumahan D'mapple Residence Banjarnegara Harga Nego Sampai Jadi","Banjarnegara, Banjarnegara","JUAL CEPAT HARGA NEGO SAMPAI JADI.....O858 83 OO I97I Perumahan D'Mapple Banjarnegara 3 lantai murah sekali Sertipikat SHGB bisa ditingkatkan menja...","10 + 1","[object Object]","10 + 1","[object Object]","492 m²","LT:","1000 m²","LB:","","Diperbarui 6 hari yang lalu oleh","Ian","+628588...","WhatsApp","10 + 1","[object Object]","","","",""
"https://www.rumah123.com/portal-img/_next/image/?url=https%3A%2F%2Fpicture.rumah123.com%2Fr123-images%2F720x420-crop%2Fcustomer%2F4350530%2F96a8eb9cd41756d0d5f9fd02b0293ecf.jpg&w=3840&q=75","https://www.rumah123.com/portal-img/_next/image/?url=https%3A%2F%2Fpicture.rumah123.com%2Fr123-images%2F720x420-crop%2Fcustomer%2F4350530%2Fe960a0e0daf1ef06d698177224fc6df3.jpg&w=3840&q=75","https://www.rumah123.com/portal-img/_next/image/?url=https%3A%2F%2Fpicture.rumah123.com%2Fr123-images%2F720x420-crop%2Fcustomer%2F2168093%2F26abfb0b6ef8bf6bb3bf12f2069d6f52.jpg&w=3840&q=75","[object Object]","19","[object Object]","Rumah","Premier","https://www.rumah123.com/jual/cari/?location=jawa-tengah&itm_medium=search-suggestions-lokasi&itm_source=organic&quickLabel=DP+0%25","DP 0%","https://www.rumah123.com/jual/cari/?location=jawa-tengah&itm_medium=search-suggestions-lokasi&itm_source=organic&quickLabel=Siap+Huni","Siap Huni","Rp 999 Juta","Rp 4 Jutaan (Tenor 20 Tahun)","Rp 6 Jutaan (Tenor 15 Tahun)","https://www.rumah123.com/properti/semarang-semarang-barat/jual-rumah-di-kota-semarang-tipe-48lt120m2-2-kamar-tidur-1-kamar-mandi-beranda-bali-payon-amartha-kota-semarang-hos39082690/","JUAL RUMAH DI KOTA SEMARANG | TIPE 48-LT.120m2 ( 2 kamar tidur + 1 kamar mandi ) | BERANDA BALI PAYON AMARTHA KOTA SEMARANG","Semarang Barat, Semarang","Kesempatan terbatas buat Anda dapatkan rumah strategis dengan return investasi tinggi di Semarang Barat, Semarang.  Rumah ini menawarkan kelengkapa...","2","[object Object]","1","[object Object]","120 m²","LT:","48 m²","LB:","https://picture.rumah123.com/r123-images/250x250-fit/customer/4350530/c935160a464e4c533c67bbc75a761412.jpg","Diperbarui 6 hari yang lalu oleh","Bagus","+628564...","WhatsApp","2","[object Object]","https://pic.rumah123.com/r123/100x100-fit/logo/20250228105356_pt_mikroland_property_development.jpeg","https://www.rumah123.com/jual/cari/?location=jawa-tengah&itm_medium=search-suggestions-lokasi&itm_source=organic&quickLabel=Bebas+Banjir","Bebas Banjir",""
"https://www.rumah123.com/portal-img/_next/image/?url=https%3A%2F%2Fpicture.rumah123.com%2Fr123-images%2F720x420-crop%2Fcustomer%2F63420%2F1b195a076abaee02f7ee81c6bcd5692f.jpg&w=3840&q=75","https://www.rumah123.com/portal-img/_next/image/?url=https%3A%2F%2Fpicture.rumah123.com%2Fr123-images%2F720x420-crop%2Fcustomer%2F63420%2F292d049fa518f20dd5e9afb8e99ddfc2.jpg&w=3840&q=75","https://www.rumah123.com/portal-img/_next/image/?url=https%3A%2F%2Fpicture.rumah123.com%2Fr123-images%2F720x420-crop%2Fcustomer%2F63420%2F4dcb165e5a40c4ea87ae75d9af6f082f.jpg&w=3840&q=75","[object Object]","10","[object Object]","Rumah","Premier","https://www.rumah123.com/jual/cari/?location=jawa-tengah&itm_medium=search-suggestions-lokasi&itm_source=organic&quickLabel=Dekat+Fasilitas+Kesehatan","Dekat Fasilitas Kesehatan","","","Rp 1,8 Miliar","Rp 8 Jutaan (Tenor 20 Tahun)","Rp 11 Jutaan (Tenor 15 Tahun)","https://www.rumah123.com/properti/semarang-semarang-barat/rumah-di-paramount-village-simongan-dekat-rs-karyadi-hos39673427/","Rumah di Paramount Village Simongan Dekat Rs Karyadi","Semarang Barat, Semarang","Dijual Rumah di Paramount Village Simongan Semarang. Type Potala L8  Luas Tanah 96m² Luas Bangunan 115m² Kamar Tidur 4 Kamar mandi 3  Harga 1,8M ...","4","[object Object]","3","[object Object]","96 m²","LT:","115 m²","LB:","https://pic.rumah123.com/r123/250x250-fit/photo/63420/634201709047468.jpg","Diperbarui 2 hari yang lalu oleh","Else Susilowaty","+628522...","WhatsApp","1","[object Object]","https://pic.rumah123.com/r123/100x100-fit/logo/20201202052029_hepi_property.jpeg","","",""
"https://www.rumah123.com/portal-img/_next/image/?url=https%3A%2F%2Fpicture.rumah123.com%2Fr123-images%2F720x420-crop%2Fcustomer%2F63420%2F1d55ecafa81e96a677bec2e889d4238c.jpg&w=3840&q=75","https://www.rumah123.com/portal-img/_next/image/?url=https%3A%2F%2Fpicture.rumah123.com%2Fr123-images%2F720x420-crop%2Fcustomer%2F63420%2Fa23f9ecfd2541d2a2ff961ac4e9dbb84.jpg&w=3840&q=75","https://www.rumah123.com/portal-img/_next/image/?url=https%3A%2F%2Fpicture.rumah123.com%2Fr123-images%2F720x420-crop%2Fcustomer%2F63420%2F011aa054a04954395da328d8ba149521.jpg&w=3840&q=75","[object Object]","19","[object Object]","Rumah","Premier","https://www.rumah123.com/jual/cari/?location=jawa-tengah&itm_medium=search-suggestions-lokasi&itm_source=organic&quickLabel=Dekat+Akses+Transportasi","Dekat Akses Transportasi","https://www.rumah123.com/jual/cari/?location=jawa-tengah&itm_medium=search-suggestions-lokasi&itm_source=organic&quickLabel=Dekat+Fasilitas+Kesehatan","Dekat Fasilitas Kesehatan","Rp 13 Miliar","Rp 63 Jutaan (Tenor 20 Tahun)","Rp 81 Jutaan (Tenor 15 Tahun)","https://www.rumah123.com/properti/semarang-gajah-mungkur/rumah-mewah-baru-di-gajahmungkur-semarang-hos40609178/","Rumah Mewah Baru di Gajahmungkur Semarang","Gajah Mungkur, Semarang","Dijual Rumah Baru di Gajahmungkur Semarang  Luas Tanah 715m² Luas Bangunan 380m² Kamar Tidur 6 Kamar Mandi 5 Air PDAM Listrik 3500 watt Sertifika...","6","[object Object]","5","[object Object]","715 m²","LT:","380 m²","LB:","https://pic.rumah123.com/r123/250x250-fit/photo/63420/634201709047468.jpg","Diperbarui 4 minggu yang lalu oleh","Else Susilowaty","+628522...","WhatsApp","","","https://pic.rumah123.com/r123/100x100-fit/logo/20201202052029_hepi_property.jpeg","","",""
"https://www.rumah123.com/portal-img/_next/image/?url=https%3A%2F%2Fpicture.rumah123.com%2Fr123-images%2F720x420-crop%2Fcustomer%2F71926%2F23148e02c1be5d33d60b98b2ffe27311.jpg&w=3840&q=75","https://www.rumah123.com/portal-img/_next/image/?url=https%3A%2F%2Fpicture.rumah123.com%2Fr123-images%2F720x420-crop%2Fcustomer%2F71926%2F1b12adedc4062458ae824d84cf201757.jpg&w=3840&q=75","","[object Object]","2","[object Object]","Tanah","","https://www.rumah123.com/jual/cari/?location=jawa-tengah&itm_medium=search-suggestions-lokasi&itm_source=organic&quickLabel=Bisa+Nego","Bisa Nego","https://www.rumah123.com/jual/cari/?location=jawa-tengah&itm_medium=search-suggestions-lokasi&itm_source=organic&quickLabel=Bebas+Banjir","Bebas Banjir","Rp 585 Juta Total","Rp 2 Jutaan (Tenor 20 Tahun)","Rp 3 Jutaan (Tenor 15 Tahun)","https://www.rumah123.com/properti/solo-jebres/tanah-dijual-solo-tengah-kota-dekat-rs-dr-moewardi-uns-las8946690/","Tanah Dijual Solo Tengah Kota Dekat Rs Dr Moewardi Uns","Jebres, Solo","Tanah di Tegalharjo, Jebres, Solo.
 
 Dijual di wilayah. Dengan kategorinya adalah sebagai berikut:
   - Sertifikat: SHM - Sertifikat Hak Milik
 
 ...","","","","","90 m²","LT:","","","https://pic.rumah123.com/r123/250x250-fit/photo/71926/719261741943742.jpg","Diperbarui 10 jam yang lalu oleh","SUSANTO ERA","+628510...","WhatsApp","","","https://pic.rumah123.com/r123/100x100-fit/logo/20190701123328_irea_solo.jpeg","https://www.rumah123.com/jual/cari/?location=jawa-tengah&itm_medium=search-suggestions-lokasi&itm_source=organic&quickLabel=Dekat+Akses+Transportasi","Dekat Akses Transportasi","Featured"
"https://www.rumah123.com/portal-img/_next/image/?url=https%3A%2F%2Fpicture.rumah123.com%2Fr123-images%2F720x420-crop%2Fcustomer%2F736603%2F2022-09-23-05-04-01-6b38a17a-c019-41f9-b86e-b714537982a4.jpg&w=3840&q=75","https://www.rumah123.com/portal-img/_next/image/?url=https%3A%2F%2Fpicture.rumah123.com%2Fr123-images%2F720x420-crop%2Fcustomer%2F736603%2F2022-09-23-05-04-01-a1916dd9-b318-46ff-87d4-778e594f72d3.jpg&w=3840&q=75","https://www.rumah123.com/portal-img/_next/image/?url=https%3A%2F%2Fpicture.rumah123.com%2Fr123-images%2F720x420-crop%2Fcustomer%2F736603%2F2022-09-23-05-04-03-22725139-6972-42fe-bc5e-9b95e7a1b552.jpg&w=3840&q=75","[object Object]","6","[object Object]","Ruko","","https://www.rumah123.com/jual/cari/?location=jawa-tengah&itm_medium=search-suggestions-lokasi&itm_source=organic&quickLabel=Siap+Huni","Siap Huni","https://www.rumah123.com/jual/cari/?location=jawa-tengah&itm_medium=search-suggestions-lokasi&itm_source=organic&quickLabel=Dekat+Akses+Transportasi","Dekat Akses Transportasi","Rp 4,55 Miliar Total","Rp 22 Jutaan (Tenor 20 Tahun)","Rp 28 Jutaan (Tenor 15 Tahun)","https://www.rumah123.com/properti/semarang-semarang-barat/ruko-di-bizzpark-madukoro-semarang-lz-4158-shs9896464/","Ruko di Bizzpark Madukoro , Semarang Lz 4158","Semarang Barat, Semarang","Ruko di Bizzpark Madukoro , Semarang ( Lz 4158 ) Hadap Timur Ruko siap pakai , Akses jalan depan lebar Letak strategis ,dekat Pelabuhan dan Bandara...","3","[object Object]","","","80 m²","LT:","195 m²","LB:","","Diperbarui 1 hari yang lalu oleh","Emirita Redland","+628193...","WhatsApp","","","https://pic.rumah123.com/r123/100x100-fit/logo/20200122032448_redland.jpeg","","","Featured"
"https://www.rumah123.com/portal-img/_next/image/?url=https%3A%2F%2Fpicture.rumah123.com%2Fr123-images%2F720x420-crop%2Fcustomer%2F75579%2F75444725dd4cc02f082e3ea89773af06.jpg&w=3840&q=75","","","","1","[object Object]","Rumah","","https://www.rumah123.com/jual/cari/?location=jawa-tengah&itm_medium=search-suggestions-lokasi&itm_source=organic&quickLabel=Siap+Huni","Siap Huni","https://www.rumah123.com/jual/cari/?location=jawa-tengah&itm_medium=search-suggestions-lokasi&itm_source=organic&quickLabel=Bebas+Banjir","Bebas Banjir","Rp 1,57 Miliar","Rp 7 Jutaan (Tenor 20 Tahun)","Rp 9 Jutaan (Tenor 15 Tahun)","https://www.rumah123.com/properti/sukoharjo-kartasura/dijual-rumah-siap-pakai-di-perumahan-cluster-kartasura-hos41088335/","Dijual Rumah Siap Pakai di Perumahan Cluster Kartasura","Kartasura, Sukoharjo","Dijual Rumah Siap Pakai Di Perumahan Cluster Kartasura  spesifikasi : luas tanah : 120 m² luas bangunan : 100 m² listik : 2.200w   bebas banjir, ...","3","[object Object]","3","[object Object]","120 m²","LT:","100 m²","LB:","https://pic.rumah123.com/r123/250x250-fit/photo/75579/755791674723969.jpg","Diperbarui 2 hari yang lalu oleh","Dewi Purnomosari (Ling-Ling)","+628783...","WhatsApp","","","https://pic.rumah123.com/r123/100x100-fit/logo/20160803055603_promex_solo_kota.jpeg","","","Featured"
"https://www.rumah123.com/portal-img/_next/image/?url=https%3A%2F%2Fpicture.rumah123.com%2Fr123-images%2F720x420-crop%2Fcustomer%2F1162029%2Fc5dafebea31c4d9c0388fe9a9bebd927.jpg&w=3840&q=75","https://www.rumah123.com/portal-img/_next/image/?url=https%3A%2F%2Fpicture.rumah123.com%2Fr123-images%2F720x420-crop%2Fcustomer%2F1162029%2Ff25618a78c727483435ebb4c64de1c1b.jpg&w=3840&q=75","https://www.rumah123.com/portal-img/_next/image/?url=https%3A%2F%2Fpicture.rumah123.com%2Fr123-images%2F720x420-crop%2Fcustomer%2F1162029%2F2da93a4e5e83091d98b7878c7ef1eed8.jpg&w=3840&q=75","[object Object]","3","[object Object]","Rumah","","https://www.rumah123.com/jual/cari/?location=jawa-tengah&itm_medium=search-suggestions-lokasi&itm_source=organic&quickLabel=Siap+Huni","Siap Huni","https://www.rumah123.com/jual/cari/?location=jawa-tengah&itm_medium=search-suggestions-lokasi&itm_source=organic&quickLabel=Bebas+Banjir","Bebas Banjir","Rp 3,7 Miliar","Rp 18 Jutaan (Tenor 20 Tahun)","Rp 23 Jutaan (Tenor 15 Tahun)","https://www.rumah123.com/properti/semarang-bsb-city/rumah-di-victoria-valley-bsb-city-semarang-me-7639-hos41067339/","Rumah di Victoria Valley , Bsb City Semarang ( Me 7639 )","BSB City, Semarang","Rumah di Victoria Valley , BSB City Semarang ( Me 7639 ) Lokasi strategis , Semi Furnished  Dekat fasilitas umum lainnya Rumah bagus dan siap huni ...","4 + 1","[object Object]","3 + 1","[object Object]","180 m²","LT:","200 m²","LB:","","Diperbarui 2 hari yang lalu oleh","Emirita Redland","+628193...","WhatsApp","1 + 2","[object Object]","https://pic.rumah123.com/r123/100x100-fit/logo/20200122032448_redland.jpeg","","","Featured"
"https://www.rumah123.com/portal-img/_next/image/?url=https%3A%2F%2Fpicture.rumah123.com%2Fr123-images%2F720x420-crop%2Fcustomer%2F4384761%2Fbc7ccf5e039b1231d2c37b1adedd002d.jpg&w=3840&q=75","https://www.rumah123.com/portal-img/_next/image/?url=https%3A%2F%2Fpicture.rumah123.com%2Fr123-images%2F720x420-crop%2Fcustomer%2F4384761%2Fa2c8ffc303880c4aa1ce42fdc607c6dc.jpg&w=3840&q=75","https://www.rumah123.com/portal-img/_next/image/?url=https%3A%2F%2Fpicture.rumah123.com%2Fr123-images%2F720x420-crop%2Fcustomer%2F4384761%2F242950b853d4c6fab72587a074f1b91f.jpg&w=3840&q=75","[object Object]","6","[object Object]","Rumah","","https://www.rumah123.com/jual/cari/?location=jawa-tengah&itm_medium=search-suggestions-lokasi&itm_source=organic&quickLabel=Siap+Huni","Siap Huni","https://www.rumah123.com/jual/cari/?location=jawa-tengah&itm_medium=search-suggestions-lokasi&itm_source=organic&quickLabel=Bebas+Banjir","Bebas Banjir","Rp 1,75 Miliar","Rp 8 Jutaan (Tenor 20 Tahun)","Rp 11 Jutaan (Tenor 15 Tahun)","https://www.rumah123.com/properti/purwokerto-purwokerto-timur/rumah-nyaman-lokasi-strategis-di-kranji-purwokerto-timur-hos39918260/","Rumah Nyaman Lokasi Strategis di Kranji, Purwokerto Timur","Purwokerto Timur, Purwokerto","Jalan Adiyaksa No 216 Kelurahan Kranji, Kecamatan Purwokerto Timur, Purwokerto
 
 Dapatkan rumah 1 lantai yang asri ini,  dijual dengan pemandangan...","4","[object Object]","3","[object Object]","370 m²","LT:","150 m²","LB:","","Diperbarui 3 hari yang lalu oleh","LS","+628111...","WhatsApp","2","[object Object]","","","","Featured"
"https://www.rumah123.com/portal-img/_next/image/?url=https%3A%2F%2Fpicture.rumah123.com%2Fr123-images%2F720x420-crop%2Fcustomer%2F1799011%2F9c85df6c838fe253987637a850692299.jpg&w=3840&q=75","https://www.rumah123.com/portal-img/_next/image/?url=https%3A%2F%2Fpicture.rumah123.com%2Fr123-images%2F720x420-crop%2Fcustomer%2F1799011%2F924f3bffe4809306ec51c7fbc1c2e293.jpg&w=3840&q=75","https://www.rumah123.com/portal-img/_next/image/?url=https%3A%2F%2Fpicture.rumah123.com%2Fr123-images%2F720x420-crop%2Fcustomer%2F1799011%2F584dceadb818bba9f2365e3e840d4e8f.jpg&w=3840&q=75","[object Object]","10","[object Object]","Rumah","","https://www.rumah123.com/jual/cari/?location=jawa-tengah&itm_medium=search-suggestions-lokasi&itm_source=organic&quickLabel=Dekat+Pusat+Perbelanjaan","Dekat Pusat Perbelanjaan","https://www.rumah123.com/jual/cari/?location=jawa-tengah&itm_medium=search-suggestions-lokasi&itm_source=organic&quickLabel=Dekat+Sekolah","Dekat Sekolah","Rp 2,55 Miliar","Rp 12 Jutaan (Tenor 20 Tahun)","Rp 16 Jutaan (Tenor 15 Tahun)","https://www.rumah123.com/properti/sukoharjo-kartasura/rumah-di-solo-dijual-murah-dekat-transmart-pabelan-hos40983673/","Rumah di Solo Dijual Murah Dekat Transmart Pabelan","Kartasura, Sukoharjo","Dijual Rumah 1 lantai di Kartasura, Sukoharjo.  Dijual rumah di wilayah yang nyaman dengan pemandangan perkotaan. Properti 1 lantai bergaya minimal...","3","[object Object]","2","[object Object]","340 m²","LT:","150 m²","LB:","https://picture.rumah123.com/r123-images/250x250-fit/customer/4438277/404c1b452aac85ebddf7a37afe00e3fa.jpg","Diperbarui 2 hari yang lalu oleh","Lia Imelda","+628821...","WhatsApp","1","[object Object]","https://pic.rumah123.com/r123/100x100-fit/logo/20190701123328_irea_solo.jpeg","https://www.rumah123.com/jual/cari/?location=jawa-tengah&itm_medium=search-suggestions-lokasi&itm_source=organic&quickLabel=Dekat+Fasilitas+Kesehatan","Dekat Fasilitas Kesehatan","Featured"
"https://www.rumah123.com/portal-img/_next/image/?url=https%3A%2F%2Fpicture.rumah123.com%2Fr123-images%2F720x420-crop%2Fcustomer%2F1196115%2Fb8a3d33349b08a6c4c48dc7721dadba1.jpg&w=3840&q=75","https://www.rumah123.com/portal-img/_next/image/?url=https%3A%2F%2Fpicture.rumah123.com%2Fr123-images%2F720x420-crop%2Fcustomer%2F1196115%2F4e24d6ea0fd767f7ff4f5bea0178bc8e.jpg&w=3840&q=75","https://www.rumah123.com/portal-img/_next/image/?url=https%3A%2F%2Fpicture.rumah123.com%2Fr123-images%2F720x420-crop%2Fcustomer%2F1196115%2Ff7e593b3f7d1495046dd016087ed6495.jpg&w=3840&q=75","[object Object]","15","[object Object]","Rumah","","https://www.rumah123.com/jual/cari/?location=jawa-tengah&itm_medium=search-suggestions-lokasi&itm_source=organic&quickLabel=Siap+Huni","Siap Huni","https://www.rumah123.com/jual/cari/?location=jawa-tengah&itm_medium=search-suggestions-lokasi&itm_source=organic&quickLabel=Dekat+Sekolah","Dekat Sekolah","Rp 750 Juta","Rp 3 Jutaan (Tenor 20 Tahun)","Rp 4 Jutaan (Tenor 15 Tahun)","https://www.rumah123.com/properti/sukoharjo-kartasura/dijual-rumah-cluster-kartasura-solo-dekat-kampus-uin-hos41199304/","Dijual Rumah Cluster Kartasura Solo Dekat Kampus Uin","Kartasura, Sukoharjo","Luas tanah 99 m2 Luas bangunan 90 m2 Lebar depan 10 m  SHM  Hadap timur  3 KT, 2 KM  RT, RK, RM  Dapur  Teras  Carport  Listrik 1300 VA  Air sumur ...","3","[object Object]","2","[object Object]","99 m²","LT:","90 m²","LB:","https://picture.rumah123.com/r123-images/250x250-fit/customer/4438277/404c1b452aac85ebddf7a37afe00e3fa.jpg","Diperbarui 3 hari yang lalu oleh","Lia Imelda","+628821...","WhatsApp","1","[object Object]","https://pic.rumah123.com/r123/100x100-fit/logo/20190701123328_irea_solo.jpeg","","","Featured"
"https://www.rumah123.com/portal-img/_next/image/?url=https%3A%2F%2Fpicture.rumah123.com%2Fr123-images%2F720x420-crop%2Fcustomer%2F1324847%2F2023-04-20-02-03-47-099bd85a-0e61-4302-acd3-291129855505.jpg&w=3840&q=75","https://www.rumah123.com/portal-img/_next/image/?url=https%3A%2F%2Fpicture.rumah123.com%2Fr123-images%2F720x420-crop%2Fcustomer%2F1324847%2F2023-04-20-02-03-46-8c17df38-d039-4cf3-94fd-ef1e5357b134.jpg&w=3840&q=75","https://www.rumah123.com/portal-img/_next/image/?url=https%3A%2F%2Fpicture.rumah123.com%2Fr123-images%2F720x420-crop%2Fcustomer%2F1324847%2F2023-04-20-02-03-47-bef4804b-46eb-4b83-b3f2-e626d3ac33b4.jpg&w=3840&q=75","[object Object]","17","[object Object]","Rumah","","","","","","Rp 12 Miliar","Rp 58 Jutaan (Tenor 20 Tahun)","Rp 75 Jutaan (Tenor 15 Tahun)","https://www.rumah123.com/properti/semarang-semarang-selatan/rumah-di-jalan-tentara-pelajar-semarang-si-4918-hos41065263/","Rumah di Jalan Tentara Pelajar, Semarang Si 4918","Semarang Selatan, Semarang","Rumah di JL.Tentara Pelajar, Semarang ( Si 4918 ) Lokasi strategis, jalan depan luas dan ramai Berada di pinggir jalan raya , bisa untuk tempat usa...","2","[object Object]","1","[object Object]","385 m²","LT:","650 m²","LB:","","Diperbarui 3 hari yang lalu oleh","Emirita Redland","+628193...","WhatsApp","","","https://pic.rumah123.com/r123/100x100-fit/logo/20200122032448_redland.jpeg","","","Featured"
"https://www.rumah123.com/portal-img/_next/image/?url=https%3A%2F%2Fpic.rumah123.com%2Fr123%2F720x420-crop%2Fapartment%2Fap25%2F2535546%2Foriginal%2Faps2535546-apartemen-di-jual-di-semarang-tengah-di-semarang-16393771612851.jpg&w=3840&q=75","https://www.rumah123.com/portal-img/_next/image/?url=https%3A%2F%2Fpic.rumah123.com%2Fr123%2F720x420-crop%2Fapartment%2Fap25%2F2535546%2Foriginal%2Faps2535546-apartemen-di-jual-di-semarang-tengah-di-semarang-16393771623467.jpg&w=3840&q=75","https://www.rumah123.com/portal-img/_next/image/?url=https%3A%2F%2Fpic.rumah123.com%2Fr123%2F720x420-crop%2Fapartment%2Fap25%2F2535546%2Foriginal%2Faps2535546-apartemen-di-jual-di-semarang-tengah-di-semarang-16393771642777.jpg&w=3840&q=75","[object Object]","9","[object Object]","Apartemen","","","","","","Rp 8,75 Miliar","Rp 43 Jutaan (Tenor 20 Tahun)","Rp 55 Jutaan (Tenor 15 Tahun)","https://www.rumah123.com/properti/semarang-semarang-tengah/apartemen-tentrem-semarang-lt-8-vnks-3113-aps7607177/","Apartemen Tentrem ,Semarang LT 8 Vnks 3113","Semarang Tengah, Semarang","Apartemen tengah kota Hadap Utara ( View jln M, Sutoyo + Gajahmada ) 13.200W PAM Full Furnished","3 + 1","[object Object]","2 + 1","[object Object]","149 m²","LB:","","","","Diperbarui 3 hari yang lalu oleh","Emirita Redland","+628193...","WhatsApp","","","https://pic.rumah123.com/r123/100x100-fit/logo/20200122032448_redland.jpeg","","","Featured"
"https://www.rumah123.com/portal-img/_next/image/?url=https%3A%2F%2Fpicture.rumah123.com%2Fr123-images%2F720x420-crop%2Fcustomer%2F71741%2F6c8bdc8b636d510cd893dd7740c8fb80.jpg&w=3840&q=75","https://www.rumah123.com/portal-img/_next/image/?url=https%3A%2F%2Fpicture.rumah123.com%2Fr123-images%2F720x420-crop%2Fcustomer%2F71741%2F27a555eada111ea5e7a6ab5594df2d82.jpg&w=3840&q=75","https://www.rumah123.com/portal-img/_next/image/?url=https%3A%2F%2Fpicture.rumah123.com%2Fr123-images%2F720x420-crop%2Fcustomer%2F71741%2F1bfbc2c7c6bcbf124618faf92302efcb.jpg&w=3840&q=75","[object Object]","6","[object Object]","Ruko","","https://www.rumah123.com/jual/cari/?location=jawa-tengah&itm_medium=search-suggestions-lokasi&itm_source=organic&quickLabel=Bisa+Nego","Bisa Nego","https://www.rumah123.com/jual/cari/?location=jawa-tengah&itm_medium=search-suggestions-lokasi&itm_source=organic&quickLabel=Siap+Huni","Siap Huni","Rp 1 Miliar Total","Rp 4 Jutaan (Tenor 20 Tahun)","Rp 6 Jutaan (Tenor 15 Tahun)","https://www.rumah123.com/properti/sukoharjo-sukoharjo/dijual-ruko-2-lantai-di-solo-bulakrejo-samping-rs-nirmala-suri-shs9930571/","Dijual Ruko 2 Lantai di Solo Bulakrejo Samping Rs Nirmala Suri","Sukoharjo, Sukoharjo","Ruko di Bulakrejo, Sukoharjo.  For sale di wilayah yang strategis. Dengan kategorinya adalah sebagai berikut:   - Kamar Mandi: 2   - Sertifikat: SH...","2","[object Object]","","","105 m²","LT:","210 m²","LB:","https://picture.rumah123.com/r123-images/250x250-fit/customer/4438277/404c1b452aac85ebddf7a37afe00e3fa.jpg","Diperbarui 3 hari yang lalu oleh","Lia Imelda","+628821...","WhatsApp","","","https://pic.rumah123.com/r123/100x100-fit/logo/20190701123328_irea_solo.jpeg","https://www.rumah123.com/jual/cari/?location=jawa-tengah&itm_medium=search-suggestions-lokasi&itm_source=organic&quickLabel=Bebas+Banjir","Bebas Banjir","Featured"
"https://www.rumah123.com/portal-img/_next/image/?url=https%3A%2F%2Fpicture.rumah123.com%2Fr123-images%2F720x420-crop%2Fcustomer%2F1963289%2F13f71e5eb9792e27d783ca5533eb72d7.jpg&w=3840&q=75","","","","1","[object Object]","Hotel","","https://www.rumah123.com/jual/cari/?location=jawa-tengah&itm_medium=search-suggestions-lokasi&itm_source=organic&quickLabel=Dekat+Pusat+Perbelanjaan","Dekat Pusat Perbelanjaan","https://www.rumah123.com/jual/cari/?location=jawa-tengah&itm_medium=search-suggestions-lokasi&itm_source=organic&quickLabel=Dekat+Fasilitas+Kesehatan","Dekat Fasilitas Kesehatan","Rp 6,75 Miliar","Rp 33 Jutaan (Tenor 20 Tahun)","Rp 42 Jutaan (Tenor 15 Tahun)","https://www.rumah123.com/properti/semarang-semarang-tengah/hotel-di-jl-di-panjaitan-semarang-si-8419-hts225656/","Hotel di Jl D.i Panjaitan , Semarang ( Si 8419 )","Semarang Tengah, Semarang","Hotel di Jl D.I Panjaitan , Semarang ( Si 8419 ) Lokasi strategis , jalan depan lebar ramai Berada ditengah kota  Full Furnished ada AC Dekat fasil...","30","[object Object]","","","100 m²","LT:","300 m²","LB:","","Diperbarui 3 hari yang lalu oleh","Emirita Redland","+628193...","WhatsApp","","","https://pic.rumah123.com/r123/100x100-fit/logo/20200122032448_redland.jpeg","","","Featured"
"https://www.rumah123.com/portal-img/_next/image/?url=https%3A%2F%2Fpicture.rumah123.com%2Fr123-images%2F720x420-crop%2Fcustomer%2F1196115%2Fd27c539df85ee97b0fa0f241545489ce.jpg&w=3840&q=75","https://www.rumah123.com/portal-img/_next/image/?url=https%3A%2F%2Fpicture.rumah123.com%2Fr123-images%2F720x420-crop%2Fcustomer%2F1196115%2F4f718236e94903f3a1018f41e22234e7.jpg&w=3840&q=75","https://www.rumah123.com/portal-img/_next/image/?url=https%3A%2F%2Fpicture.rumah123.com%2Fr123-images%2F720x420-crop%2Fcustomer%2F1196115%2F4dce1a0cb6a0e3507807ed39036d93c8.jpg&w=3840&q=75","[object Object]","12","[object Object]","Rumah","","https://www.rumah123.com/jual/cari/?location=jawa-tengah&itm_medium=search-suggestions-lokasi&itm_source=organic&quickLabel=Dekat+Pusat+Perbelanjaan","Dekat Pusat Perbelanjaan","","","Rp 1,4 Miliar","Rp 6 Jutaan (Tenor 20 Tahun)","Rp 8 Jutaan (Tenor 15 Tahun)","https://www.rumah123.com/properti/sukoharjo-kartasura/rumah-baru-minimalis-modern-gumpang-kartasura-solo-hos41199305/","Rumah Baru Minimalis Modern Gumpang Kartasura Solo","Kartasura, Sukoharjo","Luas tanah 125 m2  Luas bangunan 250 m2 Lebar depan 11 m  Hadap timur  4 KT, 3 KM  RT, RK, RM Dapur  Teras. Carport Air sumur & PDAM Listrik 4400 V...","4","[object Object]","3","[object Object]","125 m²","LT:","250 m²","LB:","https://picture.rumah123.com/r123-images/250x250-fit/customer/4438277/404c1b452aac85ebddf7a37afe00e3fa.jpg","Diperbarui 3 hari yang lalu oleh","Lia Imelda","+628821...","WhatsApp","1","[object Object]","https://pic.rumah123.com/r123/100x100-fit/logo/20190701123328_irea_solo.jpeg","","","Featured"
"https://www.rumah123.com/portal-img/_next/image/?url=https%3A%2F%2Fpicture.rumah123.com%2Fr123-images%2F720x420-crop%2Fcustomer%2F657921%2Ff21e7995b6380befe4e989c8cfa75281.jpg&w=3840&q=75","https://www.rumah123.com/portal-img/_next/image/?url=https%3A%2F%2Fpicture.rumah123.com%2Fr123-images%2F720x420-crop%2Fcustomer%2F657921%2F580e144f59ab12a8592af03e9533310a.jpg&w=3840&q=75","https://www.rumah123.com/portal-img/_next/image/?url=https%3A%2F%2Fpicture.rumah123.com%2Fr123-images%2F720x420-crop%2Fcustomer%2F657921%2F3e65fe08458ff214283ddc52f5683834.jpg&w=3840&q=75","[object Object]","12","[object Object]","Rumah","","https://www.rumah123.com/jual/cari/?location=jawa-tengah&itm_medium=search-suggestions-lokasi&itm_source=organic&quickLabel=Dekat+Sekolah","Dekat Sekolah","https://www.rumah123.com/jual/cari/?location=jawa-tengah&itm_medium=search-suggestions-lokasi&itm_source=organic&quickLabel=Dekat+Fasilitas+Kesehatan","Dekat Fasilitas Kesehatan","Rp 600 Juta","Rp 2 Jutaan (Tenor 20 Tahun)","Rp 3 Jutaan (Tenor 15 Tahun)","https://www.rumah123.com/properti/sukoharjo-mojolaban/dijual-rumah-di-solo-dekat-kampus-uns-hos41199355/","Dijual Rumah di Solo Dekat Kampus Uns","Mojolaban, Sukoharjo","Dijual Rumah 2 lantai di Mojolaban, Sukoharjo.   Rinciannya adalah sebagai berikut:    - Kamar Tidur: 3   - Kamar Mandi: 2   - Sertifikat: SHM - Se...","3","[object Object]","2","[object Object]","81 m²","LT:","130 m²","LB:","https://picture.rumah123.com/r123-images/250x250-fit/customer/4438277/404c1b452aac85ebddf7a37afe00e3fa.jpg","Diperbarui 3 hari yang lalu oleh","Lia Imelda","+628821...","WhatsApp","1","[object Object]","https://pic.rumah123.com/r123/100x100-fit/logo/20190701123328_irea_solo.jpeg","","","Featured"
"https://www.rumah123.com/portal-img/_next/image/?url=https%3A%2F%2Fpicture.rumah123.com%2Fr123-images%2F720x420-crop%2Fcustomer%2F1196115%2Fc687a53e944384cffc262bfe16896cd4.jpg&w=3840&q=75","https://www.rumah123.com/portal-img/_next/image/?url=https%3A%2F%2Fpicture.rumah123.com%2Fr123-images%2F720x420-crop%2Fcustomer%2F1196115%2Ff280faa07f4d2d8b15e9f17a94a40068.jpg&w=3840&q=75","https://www.rumah123.com/portal-img/_next/image/?url=https%3A%2F%2Fpicture.rumah123.com%2Fr123-images%2F720x420-crop%2Fcustomer%2F1196115%2Fb1efeb076dd32bfe0529b4c08cbe19b8.jpg&w=3840&q=75","[object Object]","8","[object Object]","Tanah","","https://www.rumah123.com/jual/cari/?location=jawa-tengah&itm_medium=search-suggestions-lokasi&itm_source=organic&quickLabel=Dekat+Pusat+Perbelanjaan","Dekat Pusat Perbelanjaan","","","Rp 592 Juta Total","Rp 2 Jutaan (Tenor 20 Tahun)","Rp 3 Jutaan (Tenor 15 Tahun)","https://www.rumah123.com/properti/sukoharjo-kartasura/tanah-kartasura-murah-dekat-jalan-solo-jogja-las9099343/","Tanah Kartasura Murah Dekat Jalan Solo Jogja","Kartasura, Sukoharjo","Luas tanah 269 m2 Lebar depan 15 m Hadap barat SHM. Akses jalan 2 mobil simpangan. 150 meter dari Jl Solo Jogja. 5 menit ke Pasar Kartasura.","","","","","269 m²","LT:","","","https://picture.rumah123.com/r123-images/250x250-fit/customer/4438277/404c1b452aac85ebddf7a37afe00e3fa.jpg","Diperbarui 3 hari yang lalu oleh","Lia Imelda","+628821...","WhatsApp","","","https://pic.rumah123.com/r123/100x100-fit/logo/20190701123328_irea_solo.jpeg","","","Featured"
"https://www.rumah123.com/portal-img/_next/image/?url=https%3A%2F%2Fpicture.rumah123.com%2Fr123-images%2F720x420-crop%2Fcustomer%2F657921%2F0fb376ea0fda2392d443dcfd5616ac55.jpg&w=3840&q=75","https://www.rumah123.com/portal-img/_next/image/?url=https%3A%2F%2Fpicture.rumah123.com%2Fr123-images%2F720x420-crop%2Fcustomer%2F657921%2F8e844250ad35d11633db288e4a4e3a21.jpg&w=3840&q=75","https://www.rumah123.com/portal-img/_next/image/?url=https%3A%2F%2Fpicture.rumah123.com%2Fr123-images%2F720x420-crop%2Fcustomer%2F657921%2F5b7f2cc7696a835757ae917d9eba8792.jpg&w=3840&q=75","[object Object]","6","[object Object]","Rumah","","https://www.rumah123.com/jual/cari/?location=jawa-tengah&itm_medium=search-suggestions-lokasi&itm_source=organic&quickLabel=Siap+Huni","Siap Huni","https://www.rumah123.com/jual/cari/?location=jawa-tengah&itm_medium=search-suggestions-lokasi&itm_source=organic&quickLabel=Bebas+Banjir","Bebas Banjir","Rp 750 Juta","Rp 3 Jutaan (Tenor 20 Tahun)","Rp 4 Jutaan (Tenor 15 Tahun)","https://www.rumah123.com/properti/sukoharjo-gatak/dijual-rumah-solo-dekat-masjid-al-aqsha-hos41199350/","Dijual Rumah Solo Dekat Masjid Al Aqsha","Gatak, Sukoharjo","Rumah bergaya minimalist modern di Gatak.  Cek segera rumah 2 lantai yang modern ini,  dijual dengan pemandangan asri yang menambah nilai estetika ...","2","[object Object]","2","[object Object]","90 m²","LT:","120 m²","LB:","https://picture.rumah123.com/r123-images/250x250-fit/customer/4438277/404c1b452aac85ebddf7a37afe00e3fa.jpg","Diperbarui 3 hari yang lalu oleh","Lia Imelda","+628821...","WhatsApp","1","[object Object]","https://pic.rumah123.com/r123/100x100-fit/logo/20190701123328_irea_solo.jpeg","https://www.rumah123.com/jual/cari/?location=jawa-tengah&itm_medium=search-suggestions-lokasi&itm_source=organic&quickLabel=Dekat+Tempat+Ibadah","Dekat Tempat Ibadah","Featured"
"https://www.rumah123.com/portal-img/_next/image/?url=https%3A%2F%2Fpicture.rumah123.com%2Fr123-images%2F720x420-crop%2Fcustomer%2F2156741%2F93b17e9effb99f88a20363b5baada669.jpg&w=3840&q=75","https://www.rumah123.com/portal-img/_next/image/?url=https%3A%2F%2Fpicture.rumah123.com%2Fr123-images%2F720x420-crop%2Fcustomer%2F2156741%2F8753ce8f209f3a7809aade513ebfbc86.jpg&w=3840&q=75","https://www.rumah123.com/portal-img/_next/image/?url=https%3A%2F%2Fpicture.rumah123.com%2Fr123-images%2F720x420-crop%2Fcustomer%2F2156741%2Fc2b4d39f4aa5153474c3ec682772b159.jpg&w=3840&q=75","[object Object]","8","[object Object]","Rumah","","https://www.rumah123.com/jual/cari/?location=jawa-tengah&itm_medium=search-suggestions-lokasi&itm_source=organic&quickLabel=Siap+Huni","Siap Huni","https://www.rumah123.com/jual/cari/?location=jawa-tengah&itm_medium=search-suggestions-lokasi&itm_source=organic&quickLabel=Dekat+Akses+Transportasi","Dekat Akses Transportasi","Rp 529 Juta","Rp 2 Jutaan (Tenor 20 Tahun)","Rp 3 Jutaan (Tenor 15 Tahun)","https://www.rumah123.com/properti/salatiga-salatiga/rumah-siap-huni-lokasi-strategis-di-cluster-greenwood-residence-argomulyo-salatiga-hos19169433/","Rumah Siap Huni Lokasi Strategis di Cluster Greenwood Residence, Argomulyo, Salatiga","Salatiga, Salatiga","Rumah dijual di lingkungan asri dan tenang serta udara sejuk wilayah Tegalrejo, Salatiga, Jawa Tengah. Cocok untuk keluarga kecil atau pensiunan. H...","2","[object Object]","1","[object Object]","95 m²","LT:","60 m²","LB:","","Diperbarui 3 hari yang lalu oleh","M ARIF BUDIMAN","+628118...","WhatsApp","1","[object Object]","","https://www.rumah123.com/jual/cari/?location=jawa-tengah&itm_medium=search-suggestions-lokasi&itm_source=organic&quickLabel=Dekat+Tempat+Wisata","Dekat Tempat Wisata","Featured"
"https://www.rumah123.com/portal-img/_next/image/?url=https%3A%2F%2Fpicture.rumah123.com%2Fr123-images%2F720x420-crop%2Fcustomer%2F4370712%2F70a35670685da9a314f75a59816b0dee.jpg&w=3840&q=85","https://www.rumah123.com/portal-img/_next/image/?url=https%3A%2F%2Fpicture.rumah123.com%2Fr123-images%2F720x420-crop%2Fcustomer%2F4370712%2F8949008a93920d1cbcb668a95902a441.jpg&w=3840&q=75","https://www.rumah123.com/portal-img/_next/image/?url=https%3A%2F%2Fpicture.rumah123.com%2Fr123-images%2F720x420-crop%2Fcustomer%2F4370712%2F9c1f865f92b791623f683a7021766af4.jpg&w=3840&q=75","[object Object]","8","[object Object]","Ruang Usaha","","https://www.rumah123.com/jual/cari/?location=jawa-tengah&itm_medium=search-suggestions-lokasi&itm_source=organic&quickLabel=Bisa+Nego","Bisa Nego","https://www.rumah123.com/jual/cari/?location=jawa-tengah&itm_medium=search-suggestions-lokasi&itm_source=organic&quickLabel=Siap+Huni","Siap Huni","Rp 20 Miliar Total","Rp 98 Jutaan (Tenor 20 Tahun)","Rp 125 Jutaan (Tenor 15 Tahun)","https://www.rumah123.com/properti/semarang-semarang-barat/bangunan-komersial-startegis-di-jalan-pamularsih-css9508206/","Bangunan Komersial Startegis Di Jalan Pamularsih","Semarang Barat, Semarang","Ruang usaha di Semarang Barat.  Cek segera ruang usaha yang nyaman ini,  dijual menawarkan lingkungan fasilitas yang lengkap, cocok untuk Anda yang...","3","[object Object]","","","966 m²","LT:","400 m²","LB:","https://pic.rumah123.com/r123/250x250-fit/photo/4370712/43707121751468657.jpg","Diperbarui 2 minggu yang lalu oleh","Fenny Lfang","+628122...","WhatsApp","","","https://pic.rumah123.com/r123/100x100-fit/logo/11318_logosubcomp.jpg","https://www.rumah123.com/jual/cari/?location=jawa-tengah&itm_medium=search-suggestions-lokasi&itm_source=organic&quickLabel=Bebas+Banjir","Bebas Banjir","Featured"
"https://www.rumah123.com/portal-img/_next/image/?url=https%3A%2F%2Fpicture.rumah123.com%2Fr123-images%2F720x420-crop%2Fcustomer%2F4410744%2F7a5a8e771892472fb974a37b650713b3.jpg&w=3840&q=75","https://www.rumah123.com/portal-img/_next/image/?url=https%3A%2F%2Fpicture.rumah123.com%2Fr123-images%2F720x420-crop%2Fcustomer%2F4410744%2F7a7e8fe89367ac7f2f935f9362706e14.jpg&w=3840&q=75","https://www.rumah123.com/portal-img/_next/image/?url=https%3A%2F%2Fpicture.rumah123.com%2Fr123-images%2F720x420-crop%2Fcustomer%2F4410744%2Fa2c9aa08d3fc92b8b6763a7582dfd1f6.jpg&w=3840&q=75","[object Object]","5","[object Object]","Rumah","","https://www.rumah123.com/jual/cari/?location=jawa-tengah&itm_medium=search-suggestions-lokasi&itm_source=organic&quickLabel=Siap+Huni","Siap Huni","https://www.rumah123.com/jual/cari/?location=jawa-tengah&itm_medium=search-suggestions-lokasi&itm_source=organic&quickLabel=Dekat+Akses+Transportasi","Dekat Akses Transportasi","Rp 1 Miliar","Rp 4 Jutaan (Tenor 20 Tahun)","Rp 6 Jutaan (Tenor 15 Tahun)","https://www.rumah123.com/properti/solo-gentan/kalila-residence-mangesti-raya-hos40353214/","Kalila Residence Mangesti Raya","Gentan, Solo","Rumah di Gentan.  Temukan rumah 2 lantai yang asri ini,  dijual dengan pemandangan asri yang menambah nilai estetika di lingkungan hunian. Rumah in...","3","[object Object]","2","[object Object]","96 m²","LT:","70 m²","LB:","https://picture.rumah123.com/r123-images/250x250-fit/customer/4410744/a2e725efb0abdeae2f33a3516cb07b24.jpg","Diperbarui 2 minggu yang lalu oleh","Kalila Residence Mangesti","+628510...","WhatsApp","2","[object Object]","https://pic.rumah123.com/r123/100x100-fit/logo/nologo.jpg","","","Featured"
"https://www.rumah123.com/portal-img/_next/image/?url=https%3A%2F%2Fpicture.rumah123.com%2Fr123-images%2F720x420-crop%2Fcustomer%2F1250888%2F29e554f5971028a9ca755a67d554ff31.jpg&w=3840&q=75","https://www.rumah123.com/portal-img/_next/image/?url=https%3A%2F%2Fpicture.rumah123.com%2Fr123-images%2F720x420-crop%2Fcustomer%2F1250888%2F4f1be4c4e5fb5f5839e87f46aa036339.jpg&w=3840&q=75","https://www.rumah123.com/portal-img/_next/image/?url=https%3A%2F%2Fpicture.rumah123.com%2Fr123-images%2F720x420-crop%2Fcustomer%2F1250888%2Fc3b159c231c8a09879ffea4ededad8c6.jpg&w=3840&q=75","[object Object]","11","[object Object]","Rumah","","https://www.rumah123.com/jual/cari/?location=jawa-tengah&itm_medium=search-suggestions-lokasi&itm_source=organic&quickLabel=Siap+Huni","Siap Huni","","","Rp 399 Juta","Rp 1 Jutaan (Tenor 20 Tahun)","Rp 2 Jutaan (Tenor 15 Tahun)","https://www.rumah123.com/properti/semarang-banyumanik/rumah-siap-huni-serasa-baru-di-pudakpayung-banyumanik-hos41246303/","Rumah Siap Huni Serasa Baru, di Pudakpayung Banyumanik","Banyumanik, Semarang","Dijual Rumah Siap Huni, Renovasi Baru.   Perum P4A Pudakpayung Banyumanik Semarang   Legalitas a.n sendiri, SHM & IMB.  # LT. : 70 m²  # Full bang...","2","[object Object]","1","[object Object]","70 m²","LT:","70 m²","LB:","https://pic.rumah123.com/r123/250x250-fit/photo/1250888/12508881601475579.jpg","Diperbarui 2 minggu yang lalu oleh","JONI BUDIARTO","+628564...","WhatsApp","2","[object Object]","https://pic.rumah123.com/r123/100x100-fit/logo/20210928082029_jb_property_investment.png","","","Featured"
"https://www.rumah123.com/portal-img/_next/image/?url=https%3A%2F%2Fpicture.rumah123.com%2Fr123-images%2F720x420-crop%2Fcustomer%2F1250888%2F0acd30c8d47f86aa5a55fe9a5db920cc.jpg&w=3840&q=75","https://www.rumah123.com/portal-img/_next/image/?url=https%3A%2F%2Fpicture.rumah123.com%2Fr123-images%2F720x420-crop%2Fcustomer%2F1250888%2F10e4acf0ff1af9a693a9c59d4058700c.jpg&w=3840&q=75","https://www.rumah123.com/portal-img/_next/image/?url=https%3A%2F%2Fpicture.rumah123.com%2Fr123-images%2F720x420-crop%2Fcustomer%2F1250888%2F7f0480a41f1888212c5562ff2d75b5b7.jpg&w=3840&q=75","[object Object]","7","[object Object]","Gudang","","https://www.rumah123.com/jual/cari/?location=jawa-tengah&itm_medium=search-suggestions-lokasi&itm_source=organic&quickLabel=Dekat+Pusat+Perbelanjaan","Dekat Pusat Perbelanjaan","","","Rp 9,99 Miliar Total","Rp 49 Jutaan (Tenor 20 Tahun)","Rp 62 Jutaan (Tenor 15 Tahun)","https://www.rumah123.com/properti/semarang-ngaliyan/dijual-disewakan-gudang-newbaru-di-kawasan-industri-candi-gatot-subroto-ngaliyan-semarang-was9941626/","Dijual / Disewakan Gudang New/Baru di Kawasan Industri Candi Gatot Subroto Ngaliyan Semarang","Ngaliyan, Semarang","DIJUAL / DISEWAKAN GUDANG NEW / BARU :   Lokasi di Kawasan Industri Candi KIC Gatot Subroto Ngaliyan Semarang   ️ Gatsu Blok G Tahap V  # LT.  : ...","1","[object Object]","","","1400 m²","LT:","1300 m²","LB:","https://pic.rumah123.com/r123/250x250-fit/photo/1250888/12508881601475579.jpg","Diperbarui 2 minggu yang lalu oleh","JONI BUDIARTO","+628564...","WhatsApp","","","https://pic.rumah123.com/r123/100x100-fit/logo/20210928082029_jb_property_investment.png","","","Featured"
"https://www.rumah123.com/portal-img/_next/image/?url=https%3A%2F%2Fpicture.rumah123.com%2Fr123-images%2F720x420-crop%2Fcustomer%2F1616292%2Ff739b2b508b0eb36bfaf64e11f24083a.jpg&w=3840&q=75","","","","1","[object Object]","Rumah","","","","","","Rp 3,35 Miliar","Rp 16 Jutaan (Tenor 20 Tahun)","Rp 21 Jutaan (Tenor 15 Tahun)","https://www.rumah123.com/properti/semarang-tembalang/rumah-permata-hijau-tembalang-semarang-hos39246830/","Rumah Permata Hijau Tembalang, Semarang","Tembalang, Semarang","Dijual Rumah di Permata Hijau Tembalang Semarang  Luas Tanah 369m² Luas Bangunan 372m² Kamar Tidur 5 KamAR Mandi 4 Listrik 4400 watt Air Artetis ...","5","[object Object]","4","[object Object]","369 m²","LT:","372 m²","LB:","https://pic.rumah123.com/r123/250x250-fit/photo/1616292/16162921736264317.jpg","Diperbarui 1 minggu yang lalu oleh","siti nur kolimah","+628572...","WhatsApp","1","[object Object]","https://pic.rumah123.com/r123/100x100-fit/logo/20201202052029_hepi_property.jpeg","","","Featured"
"https://www.rumah123.com/portal-img/_next/image/?url=https%3A%2F%2Fpicture.rumah123.com%2Fr123-images%2F720x420-crop%2Fcustomer%2F1250888%2F336bd16ff3942da76d6454025dfd8711.jpg&w=3840&q=75","https://www.rumah123.com/portal-img/_next/image/?url=https%3A%2F%2Fpicture.rumah123.com%2Fr123-images%2F720x420-crop%2Fcustomer%2F1250888%2F020b31db3c2097305d514e11418a31d8.jpg&w=3840&q=75","https://www.rumah123.com/portal-img/_next/image/?url=https%3A%2F%2Fpicture.rumah123.com%2Fr123-images%2F720x420-crop%2Fcustomer%2F1250888%2F0f7745f508c1c586807eb078c17299c2.jpg&w=3840&q=75","[object Object]","6","[object Object]","Tanah","","https://www.rumah123.com/jual/cari/?location=jawa-tengah&itm_medium=search-suggestions-lokasi&itm_source=organic&quickLabel=Cocok+untuk+kost","Cocok untuk kost","","","Rp 499 Juta Total","Rp 2 Jutaan (Tenor 20 Tahun)","Rp 3 Jutaan (Tenor 15 Tahun)","https://www.rumah123.com/properti/semarang-ungaran-barat/tanah-kavling-siap-bangun-di-candirejo-ungaran-barat-las9192084/","Tanah Kavling Siap Bangun di Candirejo Ungaran Barat","Ungaran Barat, Semarang","Dijual Tanah Siap Bangun Bisa untuk Kavling Perumahan.   Lokasi Candirejo, Ungaran Barat.  Akses jalan mobil SHM Luas 275 m²   Harga 500 jt (nego)...","","","","","275 m²","LT:","","","https://pic.rumah123.com/r123/250x250-fit/photo/1250888/12508881601475579.jpg","Diperbarui 2 minggu yang lalu oleh","JONI BUDIARTO","+628564...","WhatsApp","","","https://pic.rumah123.com/r123/100x100-fit/logo/20210928082029_jb_property_investment.png","","","Featured"
"https://www.rumah123.com/portal-img/_next/image/?url=https%3A%2F%2Fpicture.rumah123.com%2Fr123-images%2F720x420-crop%2Fcustomer%2F1250888%2Fa75fa75b146a52b3b9f077785006f333.jpg&w=3840&q=75","https://www.rumah123.com/portal-img/_next/image/?url=https%3A%2F%2Fpicture.rumah123.com%2Fr123-images%2F720x420-crop%2Fcustomer%2F1250888%2F3b71235130ec19daa4829bcd8d5b3ff0.jpg&w=3840&q=75","https://www.rumah123.com/portal-img/_next/image/?url=https%3A%2F%2Fpicture.rumah123.com%2Fr123-images%2F720x420-crop%2Fcustomer%2F1250888%2Fafca9e2bdeb883287944327e6ca5e4dc.jpg&w=3840&q=75","[object Object]","9","[object Object]","Tanah","","","","","","Rp 62,9 Miliar Total","Rp 309 Jutaan (Tenor 20 Tahun)","Rp 395 Jutaan (Tenor 15 Tahun)","https://www.rumah123.com/properti/temanggung-temanggung/tanah-industri-untuk-pabrik-gudang-di-temanggung-jawa-tengah-las9197878/","Tanah Industri untuk Pabrik & Gudang di Temanggung Jawa Tengah","Temanggung, Temanggung","Dijual Tanah Industri untuk Pabrik / Gudang  di Temanggung, Jawa Tengah.  # Luas 9 Hektare. # Sertifikat SHM  # Lebar muka depan 100 meter.  ●~ a...","","","","","90000 m²","LT:","","","https://pic.rumah123.com/r123/250x250-fit/photo/1250888/12508881601475579.jpg","Diperbarui 2 minggu yang lalu oleh","JONI BUDIARTO","+628564...","WhatsApp","","","https://pic.rumah123.com/r123/100x100-fit/logo/20210928082029_jb_property_investment.png","","","Featured"
"https://www.rumah123.com/portal-img/_next/image/?url=https%3A%2F%2Fpicture.rumah123.com%2Fr123-images%2F720x420-crop%2Fcustomer%2F1017158%2Fce14de51d0acdf23f947985e4d8f3730.jpg&w=3840&q=75","https://www.rumah123.com/portal-img/_next/image/?url=https%3A%2F%2Fpicture.rumah123.com%2Fr123-images%2F720x420-crop%2Fcustomer%2F1017158%2Fe4e468e8c4c3b513e170b853ea6e31d4.jpg&w=3840&q=75","https://www.rumah123.com/portal-img/_next/image/?url=https%3A%2F%2Fpicture.rumah123.com%2Fr123-images%2F720x420-crop%2Fcustomer%2F1017158%2Fa4e7911d1ddb0e920c20e02ba103a2d5.jpg&w=3840&q=75","[object Object]","10","[object Object]","Rumah","","https://www.rumah123.com/jual/cari/?location=jawa-tengah&itm_medium=search-suggestions-lokasi&itm_source=organic&quickLabel=Dekat+Akses+Transportasi","Dekat Akses Transportasi","https://www.rumah123.com/jual/cari/?location=jawa-tengah&itm_medium=search-suggestions-lokasi&itm_source=organic&quickLabel=Dekat+Sekolah","Dekat Sekolah","Rp 950 Miliar","Rp 4 Miliaran (Tenor 20 Tahun)","Rp 5 Miliaran (Tenor 15 Tahun)","https://www.rumah123.com/properti/karanganyar-colomadu/rumah-baru-gress-di-perum-cluster-colomadu-dekat-dengan-pintu-tol-hos38945379/","Rumah Baru Gress di Perum Cluster Colomadu Dekat dengan Pintu Tol","Colomadu, Solo","Lokasi sangat strategis, tidak jauh dari akses tol dan bandara. Terletak di Perumahan Cluster Exclusive di Colomadu. Dekat dengan fasilitas publik....","3","[object Object]","3","[object Object]","100 m²","LT:","101 m²","LB:","https://pic.rumah123.com/r123/250x250-fit/photo/1017158/10171581622013410.jpg","Diperbarui 2 minggu yang lalu oleh","Happy Chrystiana","+628190...","WhatsApp","2","[object Object]","https://pic.rumah123.com/r123/100x100-fit/logo/20210518045109_level_up_realty_solo.png","","","Featured"
"https://www.rumah123.com/portal-img/_next/image/?url=https%3A%2F%2Fpicture.rumah123.com%2Fr123-images%2F720x420-crop%2Fcustomer%2F1017158%2Fa255a9cfa548f3c12ed872f44cb92bf8.jpg&w=3840&q=75","https://www.rumah123.com/portal-img/_next/image/?url=https%3A%2F%2Fpicture.rumah123.com%2Fr123-images%2F720x420-crop%2Fcustomer%2F1017158%2F8c099018d317c26c9ec62090c8fd3d64.jpg&w=3840&q=75","https://www.rumah123.com/portal-img/_next/image/?url=https%3A%2F%2Fpicture.rumah123.com%2Fr123-images%2F720x420-crop%2Fcustomer%2F1017158%2F5b65318f4b8dc956fe1027e4079b6547.jpg&w=3840&q=75","[object Object]","5","[object Object]","Rumah","","https://www.rumah123.com/jual/cari/?location=jawa-tengah&itm_medium=search-suggestions-lokasi&itm_source=organic&quickLabel=Bebas+Banjir","Bebas Banjir","https://www.rumah123.com/jual/cari/?location=jawa-tengah&itm_medium=search-suggestions-lokasi&itm_source=organic&quickLabel=Dekat+Akses+Transportasi","Dekat Akses Transportasi","Rp 800 Juta","Rp 3 Jutaan (Tenor 20 Tahun)","Rp 5 Jutaan (Tenor 15 Tahun)","https://www.rumah123.com/properti/solo-colomadu/rumah-baru-area-colomadu-hos41511423/","Rumah Baru Minimalis Lokasi Strategis di Colomadu Dekat Akses Tol","Colomadu, Solo","Rumah di Colomadu, Solo. Lokasi di komplek perumahan area colomadu. Dekat dengan akses tol dan fasilitas publik lain. Lingkungan aman nyaman dan be...","3","[object Object]","1","[object Object]","110 m²","LT:","120 m²","LB:","https://pic.rumah123.com/r123/250x250-fit/photo/1017158/10171581622013410.jpg","Diperbarui 2 minggu yang lalu oleh","Happy Chrystiana","+628190...","WhatsApp","1","[object Object]","https://pic.rumah123.com/r123/100x100-fit/logo/20210518045109_level_up_realty_solo.png","https://www.rumah123.com/jual/cari/?location=jawa-tengah&itm_medium=search-suggestions-lokasi&itm_source=organic&quickLabel=Dekat+Sekolah","Dekat Sekolah","Featured"
"https://www.rumah123.com/portal-img/_next/image/?url=https%3A%2F%2Fpicture.rumah123.com%2Fr123-images%2F720x420-crop%2Fcustomer%2F2120042%2Fb5e0477416eaaf1413067cff9b964e68.jpg&w=3840&q=75","https://www.rumah123.com/portal-img/_next/image/?url=https%3A%2F%2Fpicture.rumah123.com%2Fr123-images%2F720x420-crop%2Fcustomer%2F2120042%2Fe9d672296c89e77cc7cb17d156c0ce37.png&w=3840&q=75","https://www.rumah123.com/portal-img/_next/image/?url=https%3A%2F%2Fpicture.rumah123.com%2Fr123-images%2F720x420-crop%2Fcustomer%2F2120042%2F080558cd6dad7673ad5861fb8b7e1ca0.jpg&w=3840&q=75","[object Object]","5","[object Object]","Tanah","","","","","","Rp 3,69 Miliar Total","Rp 18 Jutaan (Tenor 20 Tahun)","Rp 23 Jutaan (Tenor 15 Tahun)","https://www.rumah123.com/properti/semarang-bukit-sari/dijual-tanah-di-bukit-sari-las9200048/","Dijual Tanah di Bukit Sari","Bukit Sari, Semarang","Kondisi lahan sudah diratakan.","","","","","435 m²","LT:","","","https://pic.rumah123.com/r123/250x250-fit/photo/2120042/21200421733598948.jpg","Diperbarui 2 minggu yang lalu oleh","Stephen Konsultan Properti","+628112...","WhatsApp","","","https://pic.rumah123.com/r123/100x100-fit/logo/20201202052029_hepi_property.jpeg","","","Featured"
"https://www.rumah123.com/portal-img/_next/image/?url=https%3A%2F%2Fpicture.rumah123.com%2Fr123-images%2F720x420-crop%2Fcustomer%2F1799011%2F79b306975959c423e29d4150f7d109da.jpg&w=3840&q=75","https://www.rumah123.com/portal-img/_next/image/?url=https%3A%2F%2Fpicture.rumah123.com%2Fr123-images%2F720x420-crop%2Fcustomer%2F1799011%2Feeb7384926a17830c6c823dd38694ca1.jpg&w=3840&q=75","https://www.rumah123.com/portal-img/_next/image/?url=https%3A%2F%2Fpicture.rumah123.com%2Fr123-images%2F720x420-crop%2Fcustomer%2F1799011%2F6b87ba09c27ec2872c615d1900adb261.jpg&w=3840&q=75","[object Object]","7","[object Object]","Rumah","","https://www.rumah123.com/jual/cari/?location=jawa-tengah&itm_medium=search-suggestions-lokasi&itm_source=organic&quickLabel=Dekat+Akses+Transportasi","Dekat Akses Transportasi","https://www.rumah123.com/jual/cari/?location=jawa-tengah&itm_medium=search-suggestions-lokasi&itm_source=organic&quickLabel=Dekat+Pusat+Perbelanjaan","Dekat Pusat Perbelanjaan","Rp 1,1 Miliar","Rp 5 Jutaan (Tenor 20 Tahun)","Rp 6 Jutaan (Tenor 15 Tahun)","https://www.rumah123.com/properti/klaten-klaten-tengah/rumah-klaten-kota-dekat-alunalun-klaten-hos41260281/","Rumah Klaten Dijual, Dekat Alun-Alun Klaten","Klaten Tengah, Klaten","Rumah bergaya minimalist modern di Klaten Tengah.
 
 Spesifikasi Utama Properti:
 
   - Kamar Tidur: 3
   - Kamar Mandi: 2
   - Sertifikat: SHM - S...","3","[object Object]","2","[object Object]","140 m²","LT:","90 m²","LB:","https://picture.rumah123.com/r123-images/250x250-fit/customer/1799011/da2a9b0ae834f2c6506549b27332804d.jpg","Diperbarui 2 minggu yang lalu oleh","Andreas ERA iREA","+628899...","WhatsApp","1","[object Object]","https://pic.rumah123.com/r123/100x100-fit/logo/20190701123328_irea_solo.jpeg","https://www.rumah123.com/jual/cari/?location=jawa-tengah&itm_medium=search-suggestions-lokasi&itm_source=organic&quickLabel=Dekat+Tempat+Wisata","Dekat Tempat Wisata","Featured"
"https://www.rumah123.com/portal-img/_next/image/?url=https%3A%2F%2Fpicture.rumah123.com%2Fr123-images%2F720x420-crop%2Fcustomer%2F1196115%2F8f4eedcbd3930b90c36f3726890642c5.jpg&w=3840&q=75","https://www.rumah123.com/portal-img/_next/image/?url=https%3A%2F%2Fpicture.rumah123.com%2Fr123-images%2F720x420-crop%2Fcustomer%2F1196115%2F384a595ba7d1e6457066bdc46e622ac4.jpg&w=3840&q=75","https://www.rumah123.com/portal-img/_next/image/?url=https%3A%2F%2Fpicture.rumah123.com%2Fr123-images%2F720x420-crop%2Fcustomer%2F1196115%2F7b2877822054ca75f296430960e119b4.jpg&w=3840&q=75","[object Object]","10","[object Object]","Gudang","","https://www.rumah123.com/jual/cari/?location=jawa-tengah&itm_medium=search-suggestions-lokasi&itm_source=organic&quickLabel=Bisa+Nego","Bisa Nego","https://www.rumah123.com/jual/cari/?location=jawa-tengah&itm_medium=search-suggestions-lokasi&itm_source=organic&quickLabel=Siap+Huni","Siap Huni","Rp 7 Miliar Total","Rp 34 Jutaan (Tenor 20 Tahun)","Rp 44 Jutaan (Tenor 15 Tahun)","https://www.rumah123.com/properti/boyolali-ngemplak/gudang-boyolali-dijual-murah-akses-kontainer-dekat-bandara-solo-was9855523/","Gudang Dijual Boyolali Murah Akses Kontainer Dekat Bandara Solo Lokasi Boyolali Jawa Tengah","Ngemplak, Boyolali","Gudang di Ngemplak, Boyolali.
 
 For sale di wilayah yang tenang. Dengan spesifikasinya adalah sebagai berikut:
   - Kamar Mandi: 1
   - Sertifikat...","1","[object Object]","","","1888 m²","LT:","1400 m²","LB:","https://picture.rumah123.com/r123-images/250x250-fit/customer/4437713/5d836b2b48a672db0826ca0aa804a987.jpg","Diperbarui 4 minggu yang lalu oleh","Samudra Era Irea","+628154...","WhatsApp","","","https://pic.rumah123.com/r123/100x100-fit/logo/20190701123328_irea_solo.jpeg","https://www.rumah123.com/jual/cari/?location=jawa-tengah&itm_medium=search-suggestions-lokasi&itm_source=organic&quickLabel=Bebas+Banjir","Bebas Banjir","Featured"
"https://www.rumah123.com/portal-img/_next/image/?url=https%3A%2F%2Fpicture.rumah123.com%2Fr123-images%2F720x420-crop%2Fcustomer%2F71926%2F13fe3c98dfabf8131fcf66eda0a3c527.jpg&w=3840&q=75","https://www.rumah123.com/portal-img/_next/image/?url=https%3A%2F%2Fpicture.rumah123.com%2Fr123-images%2F720x420-crop%2Fcustomer%2F71926%2Fa7f63722f81399c62cfa3f222defb28d.jpg&w=3840&q=75","https://www.rumah123.com/portal-img/_next/image/?url=https%3A%2F%2Fpicture.rumah123.com%2Fr123-images%2F720x420-crop%2Fcustomer%2F71926%2F8a79971aa3bdeb46b143e0445a982f6c.jpg&w=3840&q=75","[object Object]","17","[object Object]","Rumah","","https://www.rumah123.com/jual/cari/?location=jawa-tengah&itm_medium=search-suggestions-lokasi&itm_source=organic&quickLabel=Dekat+Akses+Transportasi","Dekat Akses Transportasi","https://www.rumah123.com/jual/cari/?location=jawa-tengah&itm_medium=search-suggestions-lokasi&itm_source=organic&quickLabel=Dekat+Pusat+Perbelanjaan","Dekat Pusat Perbelanjaan","Rp 12,5 Miliar","Rp 61 Jutaan (Tenor 20 Tahun)","Rp 78 Jutaan (Tenor 15 Tahun)","https://www.rumah123.com/properti/surakarta-laweyan/rumah-mewah-dijual-di-solo-dekat-solo-grand-mall-hos41417109/","Rumah Mewah Dijual di Solo Dekat Solo Grand Mall","Laweyan, Surakarta","Rumah Mewah di Solo Kota
 
 Spesifikasi Utama Properti:
 
   - Kamar Tidur: 5
   - Kamar Mandi: 3
   - Sertifikat: SHM - Sertifikat Hak Milik
   - ...","5 + 1","[object Object]","3 + 1","[object Object]","630 m²","LT:","600 m²","LB:","https://pic.rumah123.com/r123/250x250-fit/photo/71926/719261741943742.jpg","Diperbarui 4 minggu yang lalu oleh","SUSANTO ERA","+628510...","WhatsApp","3 + 3","[object Object]","https://pic.rumah123.com/r123/100x100-fit/logo/20190701123328_irea_solo.jpeg","","","Featured"
"https://www.rumah123.com/portal-img/_next/image/?url=https%3A%2F%2Fpicture.rumah123.com%2Fr123-images%2F720x420-crop%2Fcustomer%2F71926%2F5bb6c86542a0898cdca93d558cb9ab06.jpg&w=3840&q=75","https://www.rumah123.com/portal-img/_next/image/?url=https%3A%2F%2Fpicture.rumah123.com%2Fr123-images%2F720x420-crop%2Fcustomer%2F71926%2F0297f949feb69205905f82f2d2a76099.jpg&w=3840&q=75","https://www.rumah123.com/portal-img/_next/image/?url=https%3A%2F%2Fpicture.rumah123.com%2Fr123-images%2F720x420-crop%2Fcustomer%2F71926%2F86b51b682169e0bdddb5b5e0289674a4.jpg&w=3840&q=75","[object Object]","12","[object Object]","Rumah","","https://www.rumah123.com/jual/cari/?location=jawa-tengah&itm_medium=search-suggestions-lokasi&itm_source=organic&quickLabel=Dekat+Fasilitas+Kesehatan","Dekat Fasilitas Kesehatan","","","Rp 1,2 Miliar","Rp 5 Jutaan (Tenor 20 Tahun)","Rp 7 Jutaan (Tenor 15 Tahun)","https://www.rumah123.com/properti/solo-jebres/rumah-baru-dijual-di-solo-dekat-taman-jaya-wijaya-hos41416926/","Rumah Baru Dijual di Solo Dekat Taman Jaya Wijaya","Jebres, Solo","Rumah 2 lantai di Jebres, Solo.
 
 Dijual rumah di wilayah yang asri dengan pemandangan perkotaan. Properti 2 lantai bergaya modern ini berada di l...","3","[object Object]","3","[object Object]","98 m²","LT:","150 m²","LB:","https://pic.rumah123.com/r123/250x250-fit/photo/71926/719261741943742.jpg","Diperbarui 4 minggu yang lalu oleh","SUSANTO ERA","+628510...","WhatsApp","1","[object Object]","https://pic.rumah123.com/r123/100x100-fit/logo/20190701123328_irea_solo.jpeg","","","Featured"
"https://www.rumah123.com/portal-img/_next/image/?url=https%3A%2F%2Fpicture.rumah123.com%2Fr123-images%2F720x420-crop%2Fcustomer%2F71926%2Fb5c55cbebf01eacd0085139cb82f64b1.jpg&w=3840&q=75","https://www.rumah123.com/portal-img/_next/image/?url=https%3A%2F%2Fpicture.rumah123.com%2Fr123-images%2F720x420-crop%2Fcustomer%2F71926%2F09f3fa48eff2500cabcb7583fdad1f83.jpg&w=3840&q=75","https://www.rumah123.com/portal-img/_next/image/?url=https%3A%2F%2Fpicture.rumah123.com%2Fr123-images%2F720x420-crop%2Fcustomer%2F71926%2F523494db63dff22fe2e1509e858003ce.jpg&w=3840&q=75","[object Object]","9","[object Object]","Gudang","","https://www.rumah123.com/jual/cari/?location=jawa-tengah&itm_medium=search-suggestions-lokasi&itm_source=organic&quickLabel=Siap+Huni","Siap Huni","https://www.rumah123.com/jual/cari/?location=jawa-tengah&itm_medium=search-suggestions-lokasi&itm_source=organic&quickLabel=Dekat+Akses+Transportasi","Dekat Akses Transportasi","Rp 6 Miliar Total","Rp 29 Jutaan (Tenor 20 Tahun)","Rp 37 Jutaan (Tenor 15 Tahun)","https://www.rumah123.com/properti/karanganyar-gondangrejo/gudang-dan-rumah-dijual-murah-dekat-solo-dan-dekat-pintu-tol-gondangrejo-was9574299/","Gudang dan Rumah Dijual Murah Dekat Solo dan Dekat Pintu Tol Gondangrejo","Gondangrejo, Karanganyar","Gudang di Gondangrejo, Karanganyar.
 
 Dijual di wilayah yang asri. Dengan spesifikasinya adalah sebagai berikut:
   - Kamar Mandi: 3
   - Sertifik...","3","[object Object]","","","1160 m²","LT:","881 m²","LB:","https://pic.rumah123.com/r123/250x250-fit/photo/71926/719261741943742.jpg","Diperbarui 4 minggu yang lalu oleh","SUSANTO ERA","+628510...","WhatsApp","","","https://pic.rumah123.com/r123/100x100-fit/logo/20190701123328_irea_solo.jpeg","https://www.rumah123.com/jual/cari/?location=jawa-tengah&itm_medium=search-suggestions-lokasi&itm_source=organic&quickLabel=Dekat+Sekolah","Dekat Sekolah","Featured"
"https://www.rumah123.com/portal-img/_next/image/?url=https%3A%2F%2Fpicture.rumah123.com%2Fr123-images%2F720x420-crop%2Fcustomer%2F71926%2F2024-03-09-09-29-30-bd532db3-6d4a-425b-b8bb-d9b91158739c.jpg&w=3840&q=75","https://www.rumah123.com/portal-img/_next/image/?url=https%3A%2F%2Fpicture.rumah123.com%2Fr123-images%2F720x420-crop%2Fcustomer%2F71926%2F2024-03-09-09-29-48-c0a29198-c7fa-4fd1-a699-a11e45e65382.jpg&w=3840&q=75","https://www.rumah123.com/portal-img/_next/image/?url=https%3A%2F%2Fpicture.rumah123.com%2Fr123-images%2F720x420-crop%2Fcustomer%2F71926%2F2024-03-09-09-30-02-b389f80b-2952-4491-9c65-a4615b56a8aa.jpg&w=3840&q=75","[object Object]","8","[object Object]","Rumah","","https://www.rumah123.com/jual/cari/?location=jawa-tengah&itm_medium=search-suggestions-lokasi&itm_source=organic&quickLabel=Dekat+Pusat+Perbelanjaan","Dekat Pusat Perbelanjaan","","","Rp 1,25 Miliar","Rp 6 Jutaan (Tenor 20 Tahun)","Rp 7 Jutaan (Tenor 15 Tahun)","https://www.rumah123.com/properti/solo-laweyan/rumah-baru-solo-murah-dekat-lottemart-hos16625161/","Rumah Baru Solo Murah Dekat Lottemart","Laweyan, Solo","LI
 
 Dijual Rumah di Panularan Laweyan Solo
 LT/LB. 111/60m2, LD. 12m, 3 KT, 1 KM, Sumur, 1300VA, SHM, Hdp Timur
 
 Cluster One Gate System
 3 Men...","3","[object Object]","1","[object Object]","111 m²","LT:","60 m²","LB:","https://pic.rumah123.com/r123/250x250-fit/photo/71926/719261741943742.jpg","Diperbarui 4 minggu yang lalu oleh","SUSANTO ERA","+628510...","WhatsApp","1","[object Object]","https://pic.rumah123.com/r123/100x100-fit/logo/20190701123328_irea_solo.jpeg","","","Featured"
"https://www.rumah123.com/portal-img/_next/image/?url=https%3A%2F%2Fpicture.rumah123.com%2Fr123-images%2F720x420-crop%2Fcustomer%2F71926%2F7f69b259c7260d558d47c8f5b9045d39.jpg&w=3840&q=75","https://www.rumah123.com/portal-img/_next/image/?url=https%3A%2F%2Fpicture.rumah123.com%2Fr123-images%2F720x420-crop%2Fcustomer%2F71926%2Fd6c14c6ef09bec481020160e16a5938e.jpg&w=3840&q=75","https://www.rumah123.com/portal-img/_next/image/?url=https%3A%2F%2Fpicture.rumah123.com%2Fr123-images%2F720x420-crop%2Fcustomer%2F71926%2F304167f58e2035ec0889466ffc4fc2a1.jpg&w=3840&q=75","[object Object]","10","[object Object]","Rumah","","https://www.rumah123.com/jual/cari/?location=jawa-tengah&itm_medium=search-suggestions-lokasi&itm_source=organic&quickLabel=Dekat+Pusat+Perbelanjaan","Dekat Pusat Perbelanjaan","","","Rp 12,5 Miliar","Rp 61 Jutaan (Tenor 20 Tahun)","Rp 78 Jutaan (Tenor 15 Tahun)","https://www.rumah123.com/properti/surakarta-laweyan/rumah-dijual-di-solo-dekat-solo-paragon-mall-hos41418168/","Rumah Dijual di Solo Dekat Solo Paragon Mall","Laweyan, Surakarta","Rumah dijual di solo kota Area solo paragon mall
 Spesifikasi Utama Properti:
 
   - Kamar Tidur: 8
   - Kamar Mandi: 4
   - Sertifikat: SHM - Sert...","8","[object Object]","4","[object Object]","963 m²","LT:","200 m²","LB:","https://pic.rumah123.com/r123/250x250-fit/photo/71926/719261741943742.jpg","Diperbarui 4 minggu yang lalu oleh","SUSANTO ERA","+628510...","WhatsApp","1","[object Object]","https://pic.rumah123.com/r123/100x100-fit/logo/20190701123328_irea_solo.jpeg","","","Featured"
"https://www.rumah123.com/portal-img/_next/image/?url=https%3A%2F%2Fpicture.rumah123.com%2Fr123-images%2F720x420-crop%2Fcustomer%2F71926%2Fdb511a61dad0aa001b9776616f716c5b.jpg&w=3840&q=75","","","","1","[object Object]","Tanah","","https://www.rumah123.com/jual/cari/?location=jawa-tengah&itm_medium=search-suggestions-lokasi&itm_source=organic&quickLabel=Bisa+Nego","Bisa Nego","https://www.rumah123.com/jual/cari/?location=jawa-tengah&itm_medium=search-suggestions-lokasi&itm_source=organic&quickLabel=Dekat+Akses+Transportasi","Dekat Akses Transportasi","Rp 1,37 Miliar Total","Rp 6 Jutaan (Tenor 20 Tahun)","Rp 8 Jutaan (Tenor 15 Tahun)","https://www.rumah123.com/properti/solo-banjarsari/tanah-solo-dijual-murah-tengah-kota-dekat-paragon-las8951372/","Tanah Solo Dijual Murah Tengah Kota Dekat Paragon","Banjarsari, Solo","Tanah di Mangkubumen, Banjarsari, Solo.
 
 Dijual di wilayah yang tenang. Dengan rinciannya adalah sebagai berikut:
   - Sertifikat: SHM - Sertifik...","","","","","172 m²","LT:","","","https://pic.rumah123.com/r123/250x250-fit/photo/71926/719261741943742.jpg","Diperbarui 4 minggu yang lalu oleh","SUSANTO ERA","+628510...","WhatsApp","","","https://pic.rumah123.com/r123/100x100-fit/logo/20190701123328_irea_solo.jpeg","","","Featured"
"https://www.rumah123.com/portal-img/_next/image/?url=https%3A%2F%2Fpicture.rumah123.com%2Fr123-images%2F720x420-crop%2Fcustomer%2F71926%2Ffbdb2a391085f67ea67562f44d31bdf4.jpg&w=3840&q=75","https://www.rumah123.com/portal-img/_next/image/?url=https%3A%2F%2Fpicture.rumah123.com%2Fr123-images%2F720x420-crop%2Fcustomer%2F71926%2Fec254be676fe750d842a189548fcd620.jpg&w=3840&q=75","https://www.rumah123.com/portal-img/_next/image/?url=https%3A%2F%2Fpicture.rumah123.com%2Fr123-images%2F720x420-crop%2Fcustomer%2F71926%2F8c9952bc699db3a0c3aa5280bb7d51fb.jpg&w=3840&q=75","[object Object]","13","[object Object]","Rumah","","https://www.rumah123.com/jual/cari/?location=jawa-tengah&itm_medium=search-suggestions-lokasi&itm_source=organic&quickLabel=Bisa+Nego","Bisa Nego","https://www.rumah123.com/jual/cari/?location=jawa-tengah&itm_medium=search-suggestions-lokasi&itm_source=organic&quickLabel=Siap+Huni","Siap Huni","Rp 1,8 Miliar","Rp 8 Jutaan (Tenor 20 Tahun)","Rp 11 Jutaan (Tenor 15 Tahun)","https://www.rumah123.com/properti/solo-banjarsari/dijual-cepat-rumah-murah-di-solo-dekat-pasar-nusukan-hos40146237/","Dijual Cepat Rumah Murah di Solo Dekat Pasar Nusukan","Banjarsari, Solo","Rumah di Nusukan, Banjarsari.
 
 Temukan rumah 1 lantai yang nyaman ini,  dijual dengan pemandangan indah yang menambah nilai estetika di lingkunga...","3 + 1","[object Object]","3","[object Object]","173 m²","LT:","220 m²","LB:","https://pic.rumah123.com/r123/250x250-fit/photo/71926/719261741943742.jpg","Diperbarui 4 minggu yang lalu oleh","SUSANTO ERA","+628510...","WhatsApp","1 + 2","[object Object]","https://pic.rumah123.com/r123/100x100-fit/logo/20190701123328_irea_solo.jpeg","https://www.rumah123.com/jual/cari/?location=jawa-tengah&itm_medium=search-suggestions-lokasi&itm_source=organic&quickLabel=Bebas+Banjir","Bebas Banjir","Featured"
"https://www.rumah123.com/portal-img/_next/image/?url=https%3A%2F%2Fpicture.rumah123.com%2Fr123-images%2F720x420-crop%2Fcustomer%2F71926%2F739cf8e6b59d7a4952fc2b954e5cbd0f.jpg&w=3840&q=75","https://www.rumah123.com/portal-img/_next/image/?url=https%3A%2F%2Fpicture.rumah123.com%2Fr123-images%2F720x420-crop%2Fcustomer%2F71926%2F7acf181aedcaa2a0aabe579db602566a.jpg&w=3840&q=75","https://www.rumah123.com/portal-img/_next/image/?url=https%3A%2F%2Fpicture.rumah123.com%2Fr123-images%2F720x420-crop%2Fcustomer%2F71926%2F2420cdd6b5c26876766efb22496c6bfa.jpg&w=3840&q=75","[object Object]","16","[object Object]","Rumah","","https://www.rumah123.com/jual/cari/?location=jawa-tengah&itm_medium=search-suggestions-lokasi&itm_source=organic&quickLabel=Dekat+Pusat+Perbelanjaan","Dekat Pusat Perbelanjaan","","","Rp 680 Juta","Rp 3 Jutaan (Tenor 20 Tahun)","Rp 4 Jutaan (Tenor 15 Tahun)","https://www.rumah123.com/properti/sukoharjo-sukoharjo/rumah-solo-dijual-dekat-luwes-palur-hos41416722/","Rumah Solo Dijual Dekat Luwes Palur","Sukoharjo, Sukoharjo","Rumah 1 lantai di Sukoharjo, Sukoharjo.
 
 Dijual rumah di wilayah yang tenang dengan pemandangan perkotaan. Properti 1 lantai bergaya minimalist m...","2","[object Object]","1","[object Object]","100 m²","LT:","75 m²","LB:","https://pic.rumah123.com/r123/250x250-fit/photo/71926/719261741943742.jpg","Diperbarui 4 minggu yang lalu oleh","SUSANTO ERA","+628510...","WhatsApp","1","[object Object]","https://pic.rumah123.com/r123/100x100-fit/logo/20190701123328_irea_solo.jpeg","","","Featured"
"https://www.rumah123.com/portal-img/_next/image/?url=https%3A%2F%2Fpicture.rumah123.com%2Fr123-images%2F720x420-crop%2Fcustomer%2F71926%2Fb855c82f5286e77531873bdc0c0eef69.jpg&w=3840&q=85","https://www.rumah123.com/portal-img/_next/image/?url=https%3A%2F%2Fpicture.rumah123.com%2Fr123-images%2F720x420-crop%2Fcustomer%2F71926%2F6b33432be7ca94a70597c56b1f58bf46.jpg&w=3840&q=75","https://www.rumah123.com/portal-img/_next/image/?url=https%3A%2F%2Fpicture.rumah123.com%2Fr123-images%2F720x420-crop%2Fcustomer%2F71926%2Fab77ee33cf718db7b53783569b41aaeb.jpg&w=3840&q=75","[object Object]","16","[object Object]","Rumah","","https://www.rumah123.com/jual/cari/?location=jawa-tengah&itm_medium=search-suggestions-lokasi&itm_source=organic&quickLabel=Dekat+Akses+Transportasi","Dekat Akses Transportasi","https://www.rumah123.com/jual/cari/?location=jawa-tengah&itm_medium=search-suggestions-lokasi&itm_source=organic&quickLabel=Dekat+Sekolah","Dekat Sekolah","Rp 425 Juta","Rp 2 Jutaan (Tenor 20 Tahun)","Rp 2 Jutaan (Tenor 15 Tahun)","https://www.rumah123.com/properti/sukoharjo-mojolaban/rumah-dijual-di-solo-dekat-indogrosir-palur-hos41393103/","Rumah Dijual di Solo Dekat Indogrosir Palur","Mojolaban, Sukoharjo","Dijual Rumah di Mojolaban, Sukoharjo.
 
 Kategorinya adalah sebagai berikut:
 
   - Kamar Tidur: 2
   - Kamar Mandi: 1
   - Sertifikat: SHM - Serti...","2","[object Object]","1","[object Object]","90 m²","LT:","45 m²","LB:","https://pic.rumah123.com/r123/250x250-fit/photo/71926/719261741943742.jpg","Diperbarui 4 minggu yang lalu oleh","SUSANTO ERA","+628510...","WhatsApp","1","[object Object]","https://pic.rumah123.com/r123/100x100-fit/logo/20190701123328_irea_solo.jpeg","","","Featured"
"https://www.rumah123.com/portal-img/_next/image/?url=https%3A%2F%2Fpicture.rumah123.com%2Fr123-images%2F720x420-crop%2Fcustomer%2F71926%2F2023-12-23-06-22-50-fca92c6f-1b41-4068-93bb-20d2c4385bb2.jpg&w=3840&q=75","https://www.rumah123.com/portal-img/_next/image/?url=https%3A%2F%2Fpicture.rumah123.com%2Fr123-images%2F720x420-crop%2Fcustomer%2F71926%2F2023-12-22-02-59-11-d1336fd4-3b65-418c-b30e-1acbc7fbbdb1.jpg&w=3840&q=75","https://www.rumah123.com/portal-img/_next/image/?url=https%3A%2F%2Fpicture.rumah123.com%2Fr123-images%2F720x420-crop%2Fcustomer%2F71926%2F2023-12-22-02-59-14-58b58fa9-4e18-49c6-bb95-83c828696729.jpg&w=3840&q=75","[object Object]","10","[object Object]","Rumah","","https://www.rumah123.com/jual/cari/?location=jawa-tengah&itm_medium=search-suggestions-lokasi&itm_source=organic&quickLabel=Dekat+Sekolah","Dekat Sekolah","https://www.rumah123.com/jual/cari/?location=jawa-tengah&itm_medium=search-suggestions-lokasi&itm_source=organic&quickLabel=Dekat+Fasilitas+Kesehatan","Dekat Fasilitas Kesehatan","Rp 1,3 Miliar","Rp 6 Jutaan (Tenor 20 Tahun)","Rp 8 Jutaan (Tenor 15 Tahun)","https://www.rumah123.com/properti/solo-jebres/rumah-dijual-di-solo-dekat-kampus-uns-cluster-exclusive-hos15848959/","Rumah Dijual di Solo Dekat Kampus Uns Cluster Exclusive","Jebres, Solo","Dijual Rumah  Cluster Eksklusif murah di Pucangsawit Jebres Solo
 LT/LB. 98/120, Ld. 7m, Hdp Selatan, 3 KT, 3 KM, 1 KT+1KM.Pemb, RT, RM, Dapur, Car...","3","[object Object]","3","[object Object]","98 m²","LT:","120 m²","LB:","https://pic.rumah123.com/r123/250x250-fit/photo/71926/719261741943742.jpg","Diperbarui 3 minggu yang lalu oleh","SUSANTO ERA","+628510...","WhatsApp","1","[object Object]","https://pic.rumah123.com/r123/100x100-fit/logo/20190701123328_irea_solo.jpeg","","","Featured"
"https://www.rumah123.com/portal-img/_next/image/?url=https%3A%2F%2Fpicture.rumah123.com%2Fr123-images%2F720x420-crop%2Fcustomer%2F71926%2F452b10024712dc60c8c1389c42670f64.jpg&w=3840&q=75","https://www.rumah123.com/portal-img/_next/image/?url=https%3A%2F%2Fpicture.rumah123.com%2Fr123-images%2F720x420-crop%2Fcustomer%2F71926%2F54c83135c24de00481b16e52fd1eec3f.jpg&w=3840&q=75","https://www.rumah123.com/portal-img/_next/image/?url=https%3A%2F%2Fpicture.rumah123.com%2Fr123-images%2F720x420-crop%2Fcustomer%2F71926%2Fb587fb005557e3df7b39630192cc69de.jpg&w=3840&q=75","[object Object]","7","[object Object]","Tanah","","https://www.rumah123.com/jual/cari/?location=jawa-tengah&itm_medium=search-suggestions-lokasi&itm_source=organic&quickLabel=Dekat+Akses+Transportasi","Dekat Akses Transportasi","https://www.rumah123.com/jual/cari/?location=jawa-tengah&itm_medium=search-suggestions-lokasi&itm_source=organic&quickLabel=Dekat+Pusat+Perbelanjaan","Dekat Pusat Perbelanjaan","Rp 300 Juta Total","Rp 1 Jutaan (Tenor 20 Tahun)","Rp 1 Jutaan (Tenor 15 Tahun)","https://www.rumah123.com/properti/sukoharjo-kartasura/tanah-dijual-di-solo-dekat-de-tjolomadoe-las9179408/","Tanah Dijual di Solo Dekat De Tjolomadoe","Kartasura, Sukoharjo","Tanah dijual di solo dekat de tjolomadoe
 
 Spesifikasi Utama Properti:
   - Sertifikat: SHM
   - luas 100m, Ld 8m
 
 Selling Point
 - 5 menit Exit...","","","","","100 m²","LT:","","","https://pic.rumah123.com/r123/250x250-fit/photo/71926/719261741943742.jpg","Diperbarui 4 minggu yang lalu oleh","SUSANTO ERA","+628510...","WhatsApp","","","https://pic.rumah123.com/r123/100x100-fit/logo/20190701123328_irea_solo.jpeg","https://www.rumah123.com/jual/cari/?location=jawa-tengah&itm_medium=search-suggestions-lokasi&itm_source=organic&quickLabel=Dekat+Sekolah","Dekat Sekolah","Featured"
"https://www.rumah123.com/portal-img/_next/image/?url=https%3A%2F%2Fpicture.rumah123.com%2Fr123-images%2F720x420-crop%2Fcustomer%2F71926%2F8933c0a3269525224d8e7c836cded4d8.jpg&w=3840&q=75","https://www.rumah123.com/portal-img/_next/image/?url=https%3A%2F%2Fpicture.rumah123.com%2Fr123-images%2F720x420-crop%2Fcustomer%2F71926%2Fce7d79290dbb880314e650feee12507b.jpg&w=3840&q=75","https://www.rumah123.com/portal-img/_next/image/?url=https%3A%2F%2Fpicture.rumah123.com%2Fr123-images%2F720x420-crop%2Fcustomer%2F71926%2Fd8158f90c73c606a61c3b84447ab03c6.jpg&w=3840&q=75","[object Object]","8","[object Object]","Rumah","","https://www.rumah123.com/jual/cari/?location=jawa-tengah&itm_medium=search-suggestions-lokasi&itm_source=organic&quickLabel=Bisa+Nego","Bisa Nego","https://www.rumah123.com/jual/cari/?location=jawa-tengah&itm_medium=search-suggestions-lokasi&itm_source=organic&quickLabel=Siap+Huni","Siap Huni","Rp 490 Juta","Rp 2 Jutaan (Tenor 20 Tahun)","Rp 3 Jutaan (Tenor 15 Tahun)","https://www.rumah123.com/properti/solo-colomadu/rumah-cluster-murah-dekat-pintu-tol-colomadu-hos40141410/","Dijual Rumah di Solo Barat Cluster Dekat Pintu Tol Colomadu","Colomadu, Solo","Rumah 1 lantai di Colomadu, Solo.
 
 For sale rumah 1 lantai ini berada di lingkungan yang mudah dijangkau.
 
 Rinciannya adalah sebagai berikut:
 ...","2","[object Object]","1","[object Object]","100 m²","LT:","55 m²","LB:","https://pic.rumah123.com/r123/250x250-fit/photo/71926/719261741943742.jpg","Diperbarui 4 minggu yang lalu oleh","SUSANTO ERA","+628510...","WhatsApp","1","[object Object]","https://pic.rumah123.com/r123/100x100-fit/logo/20190701123328_irea_solo.jpeg","https://www.rumah123.com/jual/cari/?location=jawa-tengah&itm_medium=search-suggestions-lokasi&itm_source=organic&quickLabel=Bebas+Banjir","Bebas Banjir","Featured"
"https://www.rumah123.com/portal-img/_next/image/?url=https%3A%2F%2Fpicture.rumah123.com%2Fr123-images%2F720x420-crop%2Fcustomer%2F4365042%2F66923270549cad7ba57663dea0256add.jpg&w=3840&q=75","https://www.rumah123.com/portal-img/_next/image/?url=https%3A%2F%2Fpicture.rumah123.com%2Fr123-images%2F720x420-crop%2Fcustomer%2F4365042%2F12a51251acb550695638f54fa16b4e89.jpg&w=3840&q=75","https://www.rumah123.com/portal-img/_next/image/?url=https%3A%2F%2Fpicture.rumah123.com%2Fr123-images%2F720x420-crop%2Fcustomer%2F4365042%2F1cad8d173425a7e397ebb34b1c2f6d38.jpg&w=3840&q=75","[object Object]","6","[object Object]","Rumah","","https://www.rumah123.com/jual/cari/?location=jawa-tengah&itm_medium=search-suggestions-lokasi&itm_source=organic&quickLabel=Dekat+Fasilitas+Kesehatan","Dekat Fasilitas Kesehatan","","","Rp 725 Juta","Rp 3 Jutaan (Tenor 20 Tahun)","Rp 4 Jutaan (Tenor 15 Tahun)","https://www.rumah123.com/properti/cilacap-jeruklegi/rumah-baru-shm-2-lantai-dekat-rawa-bendungan-dan-kota-cilacap-hos39548860/","Rumah Baru Shm 2 Lantai Dekat Rawa Bendungan Dan Kota Cilacap","Jeruklegi, Cilacap","Rumah baru di bangun 2 lantai di lokasi yang superstrategis di pemukiman padat penduduk, bangunan kokoh dengan kualitas material bangunan Grade A d...","3 + 1","[object Object]","2 + 1","[object Object]","78 m²","LT:","108 m²","LB:","https://pic.rumah123.com/r123/250x250-fit/photo/4365042/43650421749563162.jpg","Diperbarui 22 jam yang lalu oleh","Anton Budiharyono","+628132...","WhatsApp","1 + 1","[object Object]","","","","Featured"
"https://www.rumah123.com/portal-img/_next/image/?url=https%3A%2F%2Fpicture.rumah123.com%2Fr123-images%2F720x420-crop%2Fcustomer%2F59842%2F7e924508e78fa273883b428f51875cd6.jpg&w=3840&q=75","https://www.rumah123.com/portal-img/_next/image/?url=https%3A%2F%2Fpicture.rumah123.com%2Fr123-images%2F720x420-crop%2Fcustomer%2F59842%2F3b98115a4b0a4b3a75b617a73452c6ad.jpg&w=3840&q=75","https://www.rumah123.com/portal-img/_next/image/?url=https%3A%2F%2Fpicture.rumah123.com%2Fr123-images%2F720x420-crop%2Fcustomer%2F59842%2F05f30e842437784d639df3ff60f488f0.jpg&w=3840&q=75","[object Object]","8","[object Object]","Rumah","","https://www.rumah123.com/jual/cari/?location=jawa-tengah&itm_medium=search-suggestions-lokasi&itm_source=organic&quickLabel=Dekat+Sekolah","Dekat Sekolah","","","Rp 1,6 Miliar","Rp 7 Jutaan (Tenor 20 Tahun)","Rp 10 Jutaan (Tenor 15 Tahun)","https://www.rumah123.com/properti/semarang-tembalang/dijual-rumah-di-dalam-kawasan-elit-yellow-leaf-citragrand-semarang-hos41544311/","Dijual Rumah di Dalam Kawasan Elit Yellow Leaf Citragrand Semarang","Tembalang, Semarang","RUMAH DIJUAL  Bangunan bagus dekat dengan lokasi RSU KRMT WONGSONEGORO, berada di kawasan perumahan mewah citragrand. Jarak lokasi dengan kampus UN...","2","[object Object]","1","[object Object]","120 m²","LT:","69 m²","LB:","https://pic.rumah123.com/r123/250x250-fit/photo/59842/598421631003579.jpg","Diperbarui 1 hari yang lalu oleh","Melly Ks","+628213...","WhatsApp","","","https://pic.rumah123.com/r123/100x100-fit/logo/20221205054844_royal_property..png","","","Featured"
"https://www.rumah123.com/portal-img/_next/image/?url=https%3A%2F%2Fpicture.rumah123.com%2Fr123-images%2F720x420-crop%2Fcustomer%2F59842%2F21cc4ff006a7bf7a7b599f067783bc3d.jpg&w=3840&q=75","https://www.rumah123.com/portal-img/_next/image/?url=https%3A%2F%2Fpicture.rumah123.com%2Fr123-images%2F720x420-crop%2Fcustomer%2F59842%2Fe86cb5afef97cd8bd99c0b34d3d84740.jpg&w=3840&q=75","https://www.rumah123.com/portal-img/_next/image/?url=https%3A%2F%2Fpicture.rumah123.com%2Fr123-images%2F720x420-crop%2Fcustomer%2F59842%2Fda2b823e755bcc0415110d36ff76d055.jpg&w=3840&q=75","[object Object]","8","[object Object]","Rumah","","https://www.rumah123.com/jual/cari/?location=jawa-tengah&itm_medium=search-suggestions-lokasi&itm_source=organic&quickLabel=Dekat+Pusat+Perbelanjaan","Dekat Pusat Perbelanjaan","https://www.rumah123.com/jual/cari/?location=jawa-tengah&itm_medium=search-suggestions-lokasi&itm_source=organic&quickLabel=Dekat+Sekolah","Dekat Sekolah","Rp 800 Juta","Rp 3 Jutaan (Tenor 20 Tahun)","Rp 5 Jutaan (Tenor 15 Tahun)","https://www.rumah123.com/properti/semarang-pedurungan/dijual-rumah-semi-furnish-di-perum-griya-medoho-semarang-hos41104797/","Dijual Rumah Semi Furnish di Perum Griya Medoho Semarang","Pedurungan, Semarang","RUMAH DIJUAL  Kondisi bangunan baik, lokasi strategis di Perum Griya Medoho Semarang, dekat dengan jalan utama Jl. Soekarno Hatta Semarang, dekat d...","4","[object Object]","1","[object Object]","111 m²","LT:","1 m²","LB:","https://pic.rumah123.com/r123/250x250-fit/photo/59842/598421631003579.jpg","Diperbarui 1 hari yang lalu oleh","Melly Ks","+628213...","WhatsApp","1","[object Object]","https://pic.rumah123.com/r123/100x100-fit/logo/20221205054844_royal_property..png","https://www.rumah123.com/jual/cari/?location=jawa-tengah&itm_medium=search-suggestions-lokasi&itm_source=organic&quickLabel=Dekat+Fasilitas+Kesehatan","Dekat Fasilitas Kesehatan","Featured"
"https://www.rumah123.com/portal-img/_next/image/?url=https%3A%2F%2Fpicture.rumah123.com%2Fr123-images%2F720x420-crop%2Fcustomer%2F2053435%2F6bd34b77dcb5201221779a4661d8a42b.jpg&w=3840&q=75","https://www.rumah123.com/portal-img/_next/image/?url=https%3A%2F%2Fpicture.rumah123.com%2Fr123-images%2F720x420-crop%2Fcustomer%2F2053435%2F2e386ffa4cde235558ec2b9ae4fc59e6.jpg&w=3840&q=75","https://www.rumah123.com/portal-img/_next/image/?url=https%3A%2F%2Fpicture.rumah123.com%2Fr123-images%2F720x420-crop%2Fcustomer%2F2053435%2Fc87fc3832a4ecd4582dd03059feae5af.jpg&w=3840&q=75","[object Object]","6","[object Object]","Tanah","","","","","","Rp 16,5 Miliar Total","Rp 81 Jutaan (Tenor 20 Tahun)","Rp 104 Jutaan (Tenor 15 Tahun)","https://www.rumah123.com/properti/purwokerto-purwokerto/dijual-tanah-matang-shm-luas-tanah-27541-m2-di-wangon-banyumas-purwokerto-jawa-tengah-rp-600000m2-las4298678/","Dijual Tanah Matang SHM Luas Tanah 27.541 m2 di Wangon, Banyumas Purwokerto Jawa Tengah - Rp 600.000/m2","Purwokerto , Purwokerto","Dijual Tanah Matang SHM Luas Tanah 27.541 m2 di Wangon, Banyumas Purwokerto Jawa Tengah - Rp 600.000/m2  Lokasi tanah: - Pinggir jalan raya Purwoke...","","","","","27541 m²","LT:","","","","Diperbarui 1 hari yang lalu oleh","Hendi","+628129...","WhatsApp","","","","","","Featured"
"https://www.rumah123.com/portal-img/_next/image/?url=https%3A%2F%2Fpicture.rumah123.com%2Fr123-images%2F720x420-crop%2Fcustomer%2F4455079%2F674df1068bf70d900c397834cd28e45b.jpg&w=3840&q=75","https://www.rumah123.com/portal-img/_next/image/?url=https%3A%2F%2Fpicture.rumah123.com%2Fr123-images%2F720x420-crop%2Fcustomer%2F4455079%2Fc77d57f43bd2eb7f2a18e6e70861b440.jpg&w=3840&q=75","https://www.rumah123.com/portal-img/_next/image/?url=https%3A%2F%2Fpicture.rumah123.com%2Fr123-images%2F720x420-crop%2Fcustomer%2F4455079%2F8c949e4b7ce731011f5406dafaa5ad6d.jpg&w=3840&q=75","[object Object]","6","[object Object]","Rumah","","https://www.rumah123.com/jual/cari/?location=jawa-tengah&itm_medium=search-suggestions-lokasi&itm_source=organic&quickLabel=Dekat+Akses+Transportasi","Dekat Akses Transportasi","https://www.rumah123.com/jual/cari/?location=jawa-tengah&itm_medium=search-suggestions-lokasi&itm_source=organic&quickLabel=Dekat+Pusat+Perbelanjaan","Dekat Pusat Perbelanjaan","Rp 600 Juta","Rp 2 Jutaan (Tenor 20 Tahun)","Rp 3 Jutaan (Tenor 15 Tahun)","https://www.rumah123.com/properti/klaten-klaten-tengah/rumah-mewah-2-lantai-dekat-jl-jogja-solo-dan-pemda-klaten-hos41430277/","Rumah Mewah 2 Lantai Dekat Jl. Jogja Solo dan Pemda Klaten","Klaten Tengah, Klaten","BONUS BULAN INI !!!!!  - Free BPHTB, AJB & BBN - Bonus Kitchen Set - Bonus Backdrop TV - Bonus Dipan - Bonus AC  *S&K Berlaku  Bosstania Imperial T...","3","[object Object]","2","[object Object]","91 m²","LT:","95 m²","LB:","https://picture.rumah123.com/r123-images/250x250-fit/customer/4455079/a05a0be8bd0512cf561fa91c4087f95f.png","Diperbarui 1 hari yang lalu oleh","Ridwan","+628132...","WhatsApp","1 + 1","[object Object]","https://pic.rumah123.com/r123/100x100-fit/logo/nologo.jpg","https://www.rumah123.com/jual/cari/?location=jawa-tengah&itm_medium=search-suggestions-lokasi&itm_source=organic&quickLabel=Dekat+Sekolah","Dekat Sekolah","Featured"
"https://www.rumah123.com/portal-img/_next/image/?url=https%3A%2F%2Fpicture.rumah123.com%2Fr123-images%2F720x420-crop%2Fcustomer%2F1177243%2Ffacbda47e9960408969322e709968b7e.jpg&w=3840&q=75","https://www.rumah123.com/portal-img/_next/image/?url=https%3A%2F%2Fpicture.rumah123.com%2Fr123-images%2F720x420-crop%2Fcustomer%2F1177243%2Ff9396a5baec4ce96ece820eb4e668424.jpg&w=3840&q=75","https://www.rumah123.com/portal-img/_next/image/?url=https%3A%2F%2Fpicture.rumah123.com%2Fr123-images%2F720x420-crop%2Fcustomer%2F1177243%2F9d56b93dba36b17a7142b1a0435b0eed.jpg&w=3840&q=75","[object Object]","8","[object Object]","Gudang","","https://www.rumah123.com/jual/cari/?location=jawa-tengah&itm_medium=search-suggestions-lokasi&itm_source=organic&quickLabel=Siap+Huni","Siap Huni","","","Rp 5,5 Miliar Total","Rp 27 Jutaan (Tenor 20 Tahun)","Rp 34 Jutaan (Tenor 15 Tahun)","https://www.rumah123.com/properti/semarang-semarang-barat/gudang-di-puri-diamond-semarang-ln-8056-was9792273/","Gudang di Puri Diamond , Semarang ( Ln 8056 )","Semarang Barat, Semarang","Gudang di Puri Diamond , Semarang ( Ln 8056 ) Lokasi strategis  Hadap Timur  Gudang bagus dan siap pakai Dekat fasilitas umum lainnya","3","[object Object]","","","570 m²","LT:","510 m²","LB:","https://pic.rumah123.com/r123/250x250-fit/photo/1162029/11620291607654223.jpg","Diperbarui 1 hari yang lalu oleh","Teguh Redland","+628967...","WhatsApp","","","https://pic.rumah123.com/r123/100x100-fit/logo/20200122032448_redland.jpeg","","","Featured"
"https://www.rumah123.com/portal-img/_next/image/?url=https%3A%2F%2Fpicture.rumah123.com%2Fr123-images%2F720x420-crop%2Fcustomer%2F1162029%2Fa2da8faf94d573ce0ea4fa67e10454cf.jpg&w=3840&q=75","https://www.rumah123.com/portal-img/_next/image/?url=https%3A%2F%2Fpicture.rumah123.com%2Fr123-images%2F720x420-crop%2Fcustomer%2F1162029%2F273130e36b4807da52af8d4ea57d681a.jpg&w=3840&q=75","","[object Object]","2","[object Object]","Ruko","","https://www.rumah123.com/jual/cari/?location=jawa-tengah&itm_medium=search-suggestions-lokasi&itm_source=organic&quickLabel=Siap+Huni","Siap Huni","","","Rp 3,5 Miliar Total","Rp 17 Jutaan (Tenor 20 Tahun)","Rp 22 Jutaan (Tenor 15 Tahun)","https://www.rumah123.com/properti/semarang-gayamsari/ruko-di-gajah-raya-semarang-jo-8500-shs9893743/","Ruko di Gajah Raya , Semarang ( Jo 8500 )","Gayamsari, Semarang","Ruko di Gajah Raya , Semarang ( Jo 8500 ) Lokasi strategis , Hadap Barat Dekat fasilitas umum lainnya  Cocok untuk ruang usaha , Kantor , Toko dll ...","3","[object Object]","","","163 m²","LT:","192 m²","LB:","https://pic.rumah123.com/r123/250x250-fit/photo/1162029/11620291607654223.jpg","Diperbarui 1 hari yang lalu oleh","Teguh Redland","+628967...","WhatsApp","","","https://pic.rumah123.com/r123/100x100-fit/logo/20200122032448_redland.jpeg","","","Featured"
"https://www.rumah123.com/portal-img/_next/image/?url=https%3A%2F%2Fpicture.rumah123.com%2Fr123-images%2F720x420-crop%2Fcustomer%2F1162029%2Fc58c4497020745745c128aeb126ddaf4.jpg&w=3840&q=75","https://www.rumah123.com/portal-img/_next/image/?url=https%3A%2F%2Fpicture.rumah123.com%2Fr123-images%2F720x420-crop%2Fcustomer%2F1162029%2F4334de18262d1d0db21d3891ceef6049.jpg&w=3840&q=75","https://www.rumah123.com/portal-img/_next/image/?url=https%3A%2F%2Fpicture.rumah123.com%2Fr123-images%2F720x420-crop%2Fcustomer%2F1162029%2Fdca1e872ee349ddd1a86c9224466620a.jpg&w=3840&q=75","[object Object]","14","[object Object]","Gudang","","https://www.rumah123.com/jual/cari/?location=jawa-tengah&itm_medium=search-suggestions-lokasi&itm_source=organic&quickLabel=Dekat+Akses+Transportasi","Dekat Akses Transportasi","https://www.rumah123.com/jual/cari/?location=jawa-tengah&itm_medium=search-suggestions-lokasi&itm_source=organic&quickLabel=Dekat+Fasilitas+Kesehatan","Dekat Fasilitas Kesehatan","Rp 31 Juta /m²","Rp 160 Ribuan /m² (Tenor 20 Tahun)","Rp 200 Ribuan /m² (Tenor 15 Tahun)","https://www.rumah123.com/properti/semarang-pedurungan/gudang-di-jl-majapahit-semarang-jo-8485-was9879866/","Gudang di Jl Majapahit , Semarang ( Jo 8485 )","Pedurungan, Semarang","Gudang di Jl Majapahit , Semarang ( Jo 8485 ) Lokasi strategis , jalan depan lebar , ramai Hadap Timur Laut  ada ruang kantornya  Dekat fasilitas u...","","","","","1500 m²","LT:","700 m²","LB:","https://pic.rumah123.com/r123/250x250-fit/photo/1162029/11620291607654223.jpg","Diperbarui 1 hari yang lalu oleh","Teguh Redland","+628967...","WhatsApp","","","https://pic.rumah123.com/r123/100x100-fit/logo/20200122032448_redland.jpeg","","","Featured"
"https://www.rumah123.com/portal-img/_next/image/?url=https%3A%2F%2Fpicture.rumah123.com%2Fr123-images%2F720x420-crop%2Fcustomer%2F1162029%2F6556d69e30dfde0ca931c5cd1bf75554.jpg&w=3840&q=75","https://www.rumah123.com/portal-img/_next/image/?url=https%3A%2F%2Fpicture.rumah123.com%2Fr123-images%2F720x420-crop%2Fcustomer%2F1162029%2F1863142fe93e2b5478581b40a367ddb4.jpg&w=3840&q=75","https://www.rumah123.com/portal-img/_next/image/?url=https%3A%2F%2Fpicture.rumah123.com%2Fr123-images%2F720x420-crop%2Fcustomer%2F1162029%2F6f487ae16aa1e8c50b70ab3f91af132f.jpg&w=3840&q=75","[object Object]","10","[object Object]","Tanah","","https://www.rumah123.com/jual/cari/?location=jawa-tengah&itm_medium=search-suggestions-lokasi&itm_source=organic&quickLabel=Dekat+Fasilitas+Kesehatan","Dekat Fasilitas Kesehatan","","","Rp 9,5 Miliar Total","Rp 46 Jutaan (Tenor 20 Tahun)","Rp 59 Jutaan (Tenor 15 Tahun)","https://www.rumah123.com/properti/semarang-pedurungan/tanah-di-daerah-majapahit-semarang-jo-8453-las9085595/","Tanah di Daerah Majapahit , Semarang ( Jo 8453)","Pedurungan, Semarang","Tanah di daerah Majapahit , Semarang ( Jo 8453) Letak strategis , Jalan dpn lebar  Dekat fasilitas umum lainnya seperti  Swalayan , SPBU , RS dll C...","","","","","708 m²","LT:","","","https://pic.rumah123.com/r123/250x250-fit/photo/1162029/11620291607654223.jpg","Diperbarui 1 hari yang lalu oleh","Teguh Redland","+628967...","WhatsApp","","","https://pic.rumah123.com/r123/100x100-fit/logo/20200122032448_redland.jpeg","","","Featured"
"https://www.rumah123.com/portal-img/_next/image/?url=https%3A%2F%2Fpicture.rumah123.com%2Fr123-images%2F720x420-crop%2Fcustomer%2F1286139%2F93054e1bd5abcd81848fb4c0a52784da.jpg&w=3840&q=75","https://www.rumah123.com/portal-img/_next/image/?url=https%3A%2F%2Fpicture.rumah123.com%2Fr123-images%2F720x420-crop%2Fcustomer%2F1286139%2Fff059c68073c3087f6789ceb72535ba9.jpg&w=3840&q=75","https://www.rumah123.com/portal-img/_next/image/?url=https%3A%2F%2Fpicture.rumah123.com%2Fr123-images%2F720x420-crop%2Fcustomer%2F1286139%2F432c50a07588f92948c1b29195506e55.jpg&w=3840&q=75","[object Object]","3","[object Object]","Tanah","","","","","","Rp 750 Juta Total","Rp 3 Jutaan (Tenor 20 Tahun)","Rp 4 Jutaan (Tenor 15 Tahun)","https://www.rumah123.com/properti/solo-solo-baru/tanah-kavling-lokasi-bagus-di-solo-baru-las9168491/","Tanah Kavling Murah Lokasi Bagus di Solo Baru","Solo Baru, Solo","Dijual tanah Solobaru 4 menit pakuwon mall 2 menit The patk mall  Lt 132 shm Lebar depan 8 Orientasi barat 750 juta nego","","","","","132 m²","LT:","","","https://picture.rumah123.com/r123-images/250x250-fit/customer/1286139/022f1128ed85a9b378504ccbc9786e90.png","Diperbarui 1 hari yang lalu oleh","Silvia Ika (*buyer bebas fee)","+628985...","WhatsApp","","","https://pic.rumah123.com/r123/100x100-fit/logo/20201009042657_xavier_marks_solo.jpeg","","","Featured"
"https://www.rumah123.com/portal-img/_next/image/?url=https%3A%2F%2Fpicture.rumah123.com%2Fr123-images%2F720x420-crop%2Fcustomer%2F1669789%2F369f6c8cdc465a7b9fac5469dfec7147.jpg&w=3840&q=75","","","","1","[object Object]","Gudang","","","","","","Rp 13,5 Miliar Total","Rp 66 Jutaan (Tenor 20 Tahun)","Rp 84 Jutaan (Tenor 15 Tahun)","https://www.rumah123.com/properti/semarang-ngaliyan/gudang-murah-di-kic-gatsu-semarang-barat-was9927586/","Gudang Murah di Kic Gatsu Semarang Barat","Ngaliyan, Semarang","Dijual / Disewakan gudang baru di KIC Gatsu Semarang Barat   Gudang On Progress  Ready September 2026  Ada kantor  Ada loading dock  Price List jua...","1","[object Object]","","","1586 m²","LT:","1104 m²","LB:","https://picture.rumah123.com/r123-images/250x250-fit/customer/1669789/e80fc33c3438984c11057691b65cac42.jpg","Diperbarui 2 hari yang lalu oleh","Okta","+628213...","WhatsApp","","","https://pic.rumah123.com/r123/100x100-fit/logo/20201202052029_hepi_property.jpeg","","","Featured"
"https://www.rumah123.com/portal-img/_next/image/?url=https%3A%2F%2Fpicture.rumah123.com%2Fr123-images%2F720x420-crop%2Fcustomer%2F1259882%2F6f755cc3551687ade6ffc46ff461e4ef.jpg&w=3840&q=75","https://www.rumah123.com/portal-img/_next/image/?url=https%3A%2F%2Fpicture.rumah123.com%2Fr123-images%2F720x420-crop%2Fcustomer%2F1259882%2F84aa22e41f18946f33b16c16781119c5.jpg&w=3840&q=75","https://www.rumah123.com/portal-img/_next/image/?url=https%3A%2F%2Fpicture.rumah123.com%2Fr123-images%2F720x420-crop%2Fcustomer%2F1259882%2F43b1a64a0d1080601ee28a71be0ab61e.jpg&w=3840&q=75","[object Object]","10","[object Object]","Rumah","","","","","","Rp 644 Juta","Rp 3 Jutaan (Tenor 20 Tahun)","Rp 4 Jutaan (Tenor 15 Tahun)","https://www.rumah123.com/properti/semarang-banyumanik/perumahan-mewah-termurah-dekat-kodam-banyumanik-semarang-atas-hos40001301/","Perumahan Mewah Termurah Dekat Kodam Banyumanik Semarang Atas","Banyumanik, Semarang","MASIH PROMO FREE ALL BIAYA  *PROMO TERBATAS*  DE VILLA GARDEN II Jl. Siroto Pudak Payung Banyumanik Semarang Kota.  promo kuoata 2 Unit  harga 644J...","3","[object Object]","2","[object Object]","60 m²","LT:","72 m²","LB:","https://pic.rumah123.com/r123/250x250-fit/photo/1259882/12598821731075736.jpg","Diperbarui 1 minggu yang lalu oleh","Reztu Property","+628125...","WhatsApp","2","[object Object]","","","","Featured"
"https://www.rumah123.com/portal-img/_next/image/?url=https%3A%2F%2Fpicture.rumah123.com%2Fr123-images%2F720x420-crop%2Fcustomer%2F1259882%2Ffd82cbe7225ead35bd532c2f4162b14f.jpg&w=3840&q=75","https://www.rumah123.com/portal-img/_next/image/?url=https%3A%2F%2Fpicture.rumah123.com%2Fr123-images%2F720x420-crop%2Fcustomer%2F1259882%2F7c8f5a5ccf480b3328ba68612192f4b0.jpg&w=3840&q=75","https://www.rumah123.com/portal-img/_next/image/?url=https%3A%2F%2Fpicture.rumah123.com%2Fr123-images%2F720x420-crop%2Fcustomer%2F1259882%2F2e716888a5961c6e02146ac72125f85f.jpg&w=3840&q=75","[object Object]","12","[object Object]","Rumah","","https://www.rumah123.com/jual/cari/?location=jawa-tengah&itm_medium=search-suggestions-lokasi&itm_source=organic&quickLabel=Dekat+Akses+Transportasi","Dekat Akses Transportasi","https://www.rumah123.com/jual/cari/?location=jawa-tengah&itm_medium=search-suggestions-lokasi&itm_source=organic&quickLabel=Dekat+Tempat+Wisata","Dekat Tempat Wisata","Rp 1,85 Miliar","Rp 9 Jutaan (Tenor 20 Tahun)","Rp 11 Jutaan (Tenor 15 Tahun)","https://www.rumah123.com/properti/semarang-pedurungan/rumah-baru-palebon-majapahit-raya-deket-banget-tengah-kota-semarang-hos41543182/","Rumah Baru Palebon Majapahit Raya Deket Banget Tengah Kota Semarang","Pedurungan, Semarang","Rumah Baru Ready Unit di Tengah Kota  Alamat : Jalan Palebon Raya, Pedurungan - Semarang ( 50m dr jalan raya majapahit)  Spesifikasi : 3lantai LB 1...","3","[object Object]","3","[object Object]","80 m²","LT:","162 m²","LB:","https://pic.rumah123.com/r123/250x250-fit/photo/1259882/12598821731075736.jpg","Diperbarui 1 minggu yang lalu oleh","Reztu Property","+628125...","WhatsApp","2","[object Object]","","","","Featured"
"https://www.rumah123.com/portal-img/_next/image/?url=https%3A%2F%2Fpicture.rumah123.com%2Fr123-images%2F720x420-crop%2Fcustomer%2F681736%2F81d5d30606a6c7b07ee0118892e4cde4.jpg&w=3840&q=75","","","","1","[object Object]","Tanah","","https://www.rumah123.com/jual/cari/?location=jawa-tengah&itm_medium=search-suggestions-lokasi&itm_source=organic&quickLabel=Cocok+untuk+peternakan","Cocok untuk peternakan","","","Rp 9,75 Miliar Total","Rp 47 Jutaan (Tenor 20 Tahun)","Rp 61 Jutaan (Tenor 15 Tahun)","https://www.rumah123.com/properti/semarang-ungaran-barat/dijual-cepat-danmurah-tanah-di-kalisidiungaransemarang-las9189230/","Dijual Cepat dan Murah Tanah di Kalisidi,Ungaran,Semarang","Ungaran Barat, Semarang","Dijual Cepat dan Murah tanah di Kalisidi, Ungaran, Kabupaten Semarang LT 2,6 hektare  Ada PDAM dan listrik Row Jalan 2 mobil SHM Harga jual Rp 375 ...","","","","","26000 m²","LT:","","","https://picture.rumah123.com/r123-images/250x250-fit/customer/681736/a308a84ca1e7d42374e7bfe771e82dad.jpg","Diperbarui 3 minggu yang lalu oleh","Christine Anggraini","+628223...","WhatsApp","","","https://pic.rumah123.com/r123/100x100-fit/logo/20220317101316_propnex_dharmahusada.jpeg","","","Featured"
"https://www.rumah123.com/portal-img/_next/image/?url=https%3A%2F%2Fpicture.rumah123.com%2Fr123-images%2F720x420-crop%2Fcustomer%2F71926%2F2024-07-08-07-23-34-fed239d9-0f69-4456-b986-91c3364f83d5.jpg&w=3840&q=75","https://www.rumah123.com/portal-img/_next/image/?url=https%3A%2F%2Fpicture.rumah123.com%2Fr123-images%2F720x420-crop%2Fcustomer%2F71926%2F2024-07-08-07-23-25-9fa8c448-f984-410c-ba4b-7087aef15d14.jpg&w=3840&q=75","https://www.rumah123.com/portal-img/_next/image/?url=https%3A%2F%2Fpicture.rumah123.com%2Fr123-images%2F720x420-crop%2Fcustomer%2F71926%2F2024-07-08-07-23-29-aafad64a-046f-46bb-a4ae-c637078aabd3.jpg&w=3840&q=75","[object Object]","11","[object Object]","Rumah","","https://www.rumah123.com/jual/cari/?location=jawa-tengah&itm_medium=search-suggestions-lokasi&itm_source=organic&quickLabel=Dekat+Pusat+Perbelanjaan","Dekat Pusat Perbelanjaan","","","Rp 7 Miliar","Rp 34 Jutaan (Tenor 20 Tahun)","Rp 44 Jutaan (Tenor 15 Tahun)","https://www.rumah123.com/properti/surakarta-laweyan/rumah-mewah-dijual-di-solo-tengah-kota-hos17541073/","Rumah Mewah Dijual di Solo Tengah Kota","Laweyan, Surakarta","Dijual Rumah di Sriwedari Solo Kota
 LT/LB. 373/500m2, LD. 17m, 6 KT, 6 KM, 1 KT+1KM.Pemb, RT, RK, RM, Dapur, 2 Garasi, 6 Carport, PAM, 3500VA, Gra...","6","[object Object]","6","[object Object]","372 m²","LT:","500 m²","LB:","https://pic.rumah123.com/r123/250x250-fit/photo/71926/719261741943742.jpg","Diperbarui 3 hari yang lalu oleh","SUSANTO ERA","+628510...","WhatsApp","","","https://pic.rumah123.com/r123/100x100-fit/logo/20190701123328_irea_solo.jpeg","","","Featured"
"https://www.rumah123.com/portal-img/_next/image/?url=https%3A%2F%2Fpicture.rumah123.com%2Fr123-images%2F720x420-crop%2Fcustomer%2F1247174%2Fc5fa2e4917548a5696a76f560acca47d.jpg&w=3840&q=75","https://www.rumah123.com/portal-img/_next/image/?url=https%3A%2F%2Fpicture.rumah123.com%2Fr123-images%2F720x420-crop%2Fcustomer%2F1247174%2F6381e7a3c3d9b1589cc821910b33ac79.jpg&w=3840&q=75","https://www.rumah123.com/portal-img/_next/image/?url=https%3A%2F%2Fpicture.rumah123.com%2Fr123-images%2F720x420-crop%2Fcustomer%2F1247174%2F2c8620f96c2d3c1d034dd3baecbe87be.jpg&w=3840&q=75","[object Object]","11","[object Object]","Rumah","","https://www.rumah123.com/jual/cari/?location=jawa-tengah&itm_medium=search-suggestions-lokasi&itm_source=organic&quickLabel=Dekat+Pusat+Perbelanjaan","Dekat Pusat Perbelanjaan","https://www.rumah123.com/jual/cari/?location=jawa-tengah&itm_medium=search-suggestions-lokasi&itm_source=organic&quickLabel=Dekat+Sekolah","Dekat Sekolah","Rp 675 Juta","Rp 3 Jutaan (Tenor 20 Tahun)","Rp 4 Jutaan (Tenor 15 Tahun)","https://www.rumah123.com/properti/semarang-mijen/rumah-minimalis-dekat-town-mall-bsb-mijen-hos41210688/","Rumah Murah Dekat Town Mall Bsb Mijen","Mijen, Semarang","PROMO RAMADHAN DISKON UP TO 50jt Khusus pembelian CASH  Rumah bergaya Tropis Minimalis di Mijen  ----- Bumi Balakosa  LT : 120 LB : 60 3 KT | 2 KM ...","3","[object Object]","2","[object Object]","120 m²","LT:","60 m²","LB:","https://pic.rumah123.com/r123/250x250-fit/photo/1247174/12471741594679536.jpg","Diperbarui 3 minggu yang lalu oleh","Priyanti","+628517...","WhatsApp","1","[object Object]","https://pic.rumah123.com/r123/100x100-fit/logo/20210105040349_spn_group.png","https://www.rumah123.com/jual/cari/?location=jawa-tengah&itm_medium=search-suggestions-lokasi&itm_source=organic&quickLabel=Dekat+Fasilitas+Kesehatan","Dekat Fasilitas Kesehatan","Featured"
"https://www.rumah123.com/portal-img/_next/image/?url=https%3A%2F%2Fpicture.rumah123.com%2Fr123-images%2F720x420-crop%2Fcustomer%2F71926%2F30ed6440593f9e2111f02bd83eca6483.jpg&w=3840&q=85","","","[object Object]","5","[object Object]","Rumah","","https://www.rumah123.com/jual/cari/?location=jawa-tengah&itm_medium=search-suggestions-lokasi&itm_source=organic&quickLabel=Bisa+Nego","Bisa Nego","https://www.rumah123.com/jual/cari/?location=jawa-tengah&itm_medium=search-suggestions-lokasi&itm_source=organic&quickLabel=Dekat+Akses+Transportasi","Dekat Akses Transportasi","Rp 775 Juta","Rp 3 Jutaan (Tenor 20 Tahun)","Rp 4 Jutaan (Tenor 15 Tahun)","https://www.rumah123.com/properti/boyolali-ngemplak/dijual-rumah-full-furnished-dekat-pintu-tol-klodran-hos41319987/","Dijual Rumah Full Furnished Dekat Pintu Tol Klodran","Ngemplak, Boyolali","Rumah 2 lantai di Ngemplak, Boyolali.  Dijual rumah di wilayah yang nyaman. Properti 2 lantai ini berada di lingkungan yang mudah dijangkau.  Rinci...","3 + 2","[object Object]","2","[object Object]","90 m²","LT:","150 m²","LB:","https://picture.rumah123.com/r123-images/250x250-fit/customer/4447455/cd2d56a58293204a49666b405754d410.jpg","Diperbarui 1 minggu yang lalu oleh","Samuel Handoko","+628139...","WhatsApp","1","[object Object]","https://pic.rumah123.com/r123/100x100-fit/logo/20190701123328_irea_solo.jpeg","https://www.rumah123.com/jual/cari/?location=jawa-tengah&itm_medium=search-suggestions-lokasi&itm_source=organic&quickLabel=Dekat+Sekolah","Dekat Sekolah","Featured"
"https://www.rumah123.com/portal-img/_next/image/?url=https%3A%2F%2Fpicture.rumah123.com%2Fr123-images%2F720x420-crop%2Fcustomer%2F1196115%2Fa4accaea7d222033f108e11f2469cd23.jpg&w=3840&q=75","","","[object Object]","4","[object Object]","Tanah","","https://www.rumah123.com/jual/cari/?location=jawa-tengah&itm_medium=search-suggestions-lokasi&itm_source=organic&quickLabel=Dekat+Sekolah","Dekat Sekolah","https://www.rumah123.com/jual/cari/?location=jawa-tengah&itm_medium=search-suggestions-lokasi&itm_source=organic&quickLabel=Cocok+untuk+kost","Cocok untuk kost","Rp 500 Juta Total","Rp 2 Jutaan (Tenor 20 Tahun)","Rp 3 Jutaan (Tenor 15 Tahun)","https://www.rumah123.com/properti/boyolali-boyolali-kota/tanah-boyolali-kota-bagus-strategis-cocok-untuk-kos-las9137899/","Tanah Boyolali Kota Bagus Strategis Cocok untuk Kos","Boyolali Kota, Boyolali","Luas tanah 489 m2
 Lebar depan 11 m
 Hadap selatan
 Status basah
 Zona kuning
 Cocok untuk kos/ rumah pribadi.
 3 menit ke Universitas Boyolali.
 6...","","","","","489 m²","LT:","","","https://picture.rumah123.com/r123-images/250x250-fit/customer/4447455/cd2d56a58293204a49666b405754d410.jpg","Diperbarui 1 minggu yang lalu oleh","Samuel Handoko","+628139...","WhatsApp","","","https://pic.rumah123.com/r123/100x100-fit/logo/20190701123328_irea_solo.jpeg","","","Featured"
"https://www.rumah123.com/portal-img/_next/image/?url=https%3A%2F%2Fpicture.rumah123.com%2Fr123-images%2F720x420-crop%2Fcustomer%2F71744%2Febf1b1d530952b3fad0f693a50a69db4.jpg&w=3840&q=75","","","[object Object]","6","[object Object]","Ruang Usaha","","","","","","Rp 7 Miliar Total","Rp 34 Jutaan (Tenor 20 Tahun)","Rp 44 Jutaan (Tenor 15 Tahun)","https://www.rumah123.com/properti/karanganyar-jaten/ruang-usaha-dijual-solo-area-bisnis-palur-di-ngringo-jaten-karanganyar-css9967176/","Ruang Usaha Dijual Solo Area Bisnis Palur di Ngringo Jaten Karanganyar","Jaten, Karanganyar","Ruang usaha dijual solo di Ngringo jaten Karanganyar, di area bisnis Palur, luas tanah 668, lebar 11, luas bangunan 2lantai, 2kamar mandi, ruang ka...","2","[object Object]","3","[object Object]","668 m²","LT:","961 m²","LB:","https://picture.rumah123.com/r123-images/250x250-fit/customer/4447455/cd2d56a58293204a49666b405754d410.jpg","Diperbarui 1 minggu yang lalu oleh","Samuel Handoko","+628139...","WhatsApp","","","https://pic.rumah123.com/r123/100x100-fit/logo/20190701123328_irea_solo.jpeg","","","Featured"
"https://www.rumah123.com/portal-img/_next/image/?url=https%3A%2F%2Fpicture.rumah123.com%2Fr123-images%2F720x420-crop%2Fcustomer%2F695384%2F2c8ef397ebf04fe7cad5fbfd51861b80.jpg&w=3840&q=75","","","[object Object]","14","[object Object]","Rumah","","https://www.rumah123.com/jual/cari/?location=jawa-tengah&itm_medium=search-suggestions-lokasi&itm_source=organic&quickLabel=Dekat+Pusat+Perbelanjaan","Dekat Pusat Perbelanjaan","https://www.rumah123.com/jual/cari/?location=jawa-tengah&itm_medium=search-suggestions-lokasi&itm_source=organic&quickLabel=Dekat+Sekolah","Dekat Sekolah","Rp 500 Juta","Rp 2 Jutaan (Tenor 20 Tahun)","Rp 3 Jutaan (Tenor 15 Tahun)","https://www.rumah123.com/properti/solo-solo-baru/rumah-baru-murah-di-solo-baru-dekat-grogol-solo-hos39344609/","Rumah Baru Murah di Solo Baru Dekat Grogol Solo","Solo Baru, Solo","Rumah baru murah dekat solo baru, lingkungan amam dan nyaman, cocok untuk keluraga muda  Luas tanah 80m2 Lebar depan 6m Luas bangunan 45m2 2 kamar ...","2","[object Object]","1","[object Object]","80 m²","LT:","45 m²","LB:","https://pic.rumah123.com/r123/250x250-fit/photo/557751/5577511671437167.jpg","Diperbarui 1 minggu yang lalu oleh","Ruby Setiawan","+628783...","WhatsApp","1 + 1","[object Object]","https://pic.rumah123.com/r123/100x100-fit/logo/20181031035159_harcourts_solo_raya.jpeg","","","Featured"
"https://www.rumah123.com/portal-img/_next/image/?url=https%3A%2F%2Fpicture.rumah123.com%2Fr123-images%2F720x420-crop%2Fcustomer%2F695384%2F2024-03-22-21-36-08-0a7cabbf-288b-4dfa-8455-31d115c8ad0d.jpg&w=3840&q=75","","","[object Object]","5","[object Object]","Rumah","","https://www.rumah123.com/jual/cari/?location=jawa-tengah&itm_medium=search-suggestions-lokasi&itm_source=organic&quickLabel=Siap+Huni","Siap Huni","https://www.rumah123.com/jual/cari/?location=jawa-tengah&itm_medium=search-suggestions-lokasi&itm_source=organic&quickLabel=Dekat+Pusat+Perbelanjaan","Dekat Pusat Perbelanjaan","Rp 700 Juta","Rp 3 Jutaan (Tenor 20 Tahun)","Rp 4 Jutaan (Tenor 15 Tahun)","https://www.rumah123.com/properti/solo-solo-baru/rumah-siap-huni-gedangan-permai-dekat-solo-baru-hos16815918/","Rumah siap huni gedangan permai dekat solo baru","Solo Baru, Solo","UPDATE DISEWAKAN / Di JUAL RUMAH SIAP HUNI GEDANGAN PERMAI  Luas Tanah 90 Luas Bangunan 70 Listrik 1200 W Air Pam KM : 1 KM Tdr : 2 Iuran Perumahan...","1","[object Object]","2","[object Object]","90 m²","LT:","70 m²","LB:","https://pic.rumah123.com/r123/250x250-fit/photo/557751/5577511671437167.jpg","Diperbarui 1 minggu yang lalu oleh","Ruby Setiawan","+628783...","WhatsApp","","","https://pic.rumah123.com/r123/100x100-fit/logo/20181031035159_harcourts_solo_raya.jpeg","https://www.rumah123.com/jual/cari/?location=jawa-tengah&itm_medium=search-suggestions-lokasi&itm_source=organic&quickLabel=Dekat+Fasilitas+Kesehatan","Dekat Fasilitas Kesehatan","Featured"
"https://www.rumah123.com/portal-img/_next/image/?url=https%3A%2F%2Fpicture.rumah123.com%2Fr123-images%2F720x420-crop%2Fcustomer%2F1669789%2Fdb719d0bc3ad162db85cbb02792d94e1.jpg&w=3840&q=75","","","","1","[object Object]","Gudang","","https://www.rumah123.com/jual/cari/?location=jawa-tengah&itm_medium=search-suggestions-lokasi&itm_source=organic&quickLabel=Siap+Huni","Siap Huni","","","Rp 11 Miliar Total","Rp 54 Jutaan (Tenor 20 Tahun)","Rp 69 Jutaan (Tenor 15 Tahun)","https://www.rumah123.com/properti/semarang-simongan/gudang-strategis-di-simongan-raya-semarang-barat-was9946129/","Gudang Strategis di Simongan Raya Semarang Barat","Simongan, Semarang","*Dijual Gudang Siap Pakai Jl.Simongan Raya Semarang Barat*  Luas tanah ±500m² Luas bangunan 220m² 1 Kamar mandi Untuk office ada 3 ruangan Listr...","1","[object Object]","","","500 m²","LT:","220 m²","LB:","https://picture.rumah123.com/r123-images/250x250-fit/customer/1669789/e80fc33c3438984c11057691b65cac42.jpg","Diperbarui 1 minggu yang lalu oleh","Okta","+628213...","WhatsApp","","","https://pic.rumah123.com/r123/100x100-fit/logo/20201202052029_hepi_property.jpeg","","","Featured"
"https://www.rumah123.com/portal-img/_next/image/?url=https%3A%2F%2Fpicture.rumah123.com%2Fr123-images%2F720x420-crop%2Fcustomer%2F1845945%2Fb447fb8188118f6598a334a43937a3ef.jpg&w=3840&q=75","","","[object Object]","8","[object Object]","Rumah","","https://www.rumah123.com/jual/cari/?location=jawa-tengah&itm_medium=search-suggestions-lokasi&itm_source=organic&quickLabel=Siap+Huni","Siap Huni","https://www.rumah123.com/jual/cari/?location=jawa-tengah&itm_medium=search-suggestions-lokasi&itm_source=organic&quickLabel=Bebas+Banjir","Bebas Banjir","Rp 4,5 Miliar","Rp 22 Jutaan (Tenor 20 Tahun)","Rp 28 Jutaan (Tenor 15 Tahun)","https://www.rumah123.com/properti/semarang-candi-golf/dijual-rumah-bagus-2-lt-shm-siap-huni-montana-golf-hos41452015/","Dijual Rumah Bagus 2 LT SHM Siap Huni Montana Golf","Candi Golf, Semarang","Rumah 2 lantai di Candi Golf, Semarang.  Dijual rumah di wilayah yang nyaman dengan pemandangan Lokasi dipusat kota. Properti 2 lantai ini berada d...","3 + 1","[object Object]","3 + 1","[object Object]","160 m²","LT:","145 m²","LB:","https://pic.rumah123.com/r123/250x250-fit/photo/1845945/18459451690976210.jpg","Diperbarui 3 minggu yang lalu oleh","Yusliana Dewi","+628213...","WhatsApp","1","[object Object]","https://pic.rumah123.com/r123/100x100-fit/logo/20160222075358_era_merlion.jpeg","https://www.rumah123.com/jual/cari/?location=jawa-tengah&itm_medium=search-suggestions-lokasi&itm_source=organic&quickLabel=Dekat+Sekolah","Dekat Sekolah","Featured"
"https://www.rumah123.com/portal-img/_next/image/?url=https%3A%2F%2Fpicture.rumah123.com%2Fr123-images%2F720x420-crop%2Fcustomer%2F558147%2F879dc8cb072965ab9edab9a58afea328.jpg&w=3840&q=75","","","[object Object]","6","[object Object]","Gudang","","","","","","Rp 10,5 Miliar Total","Rp 51 Jutaan (Tenor 20 Tahun)","Rp 66 Jutaan (Tenor 15 Tahun)","https://www.rumah123.com/properti/salatiga-argomulyo/dijual-gudang-lokasi-strategis-di-jl-soekarno-hatta-salatiga-was9769141/","Dijual Gudang Lokasi Strategis di Jl. Soekarno Hatta Salatiga","Argomulyo, Salatiga","GUDANG DIJUAL  Lokasi di Jl. Soekarno Hatta Salatiga. trerletak di Jl. raya salatiga-surakarta kawasan pergudangan Dekat dengan  pertokoan, transp...","4","[object Object]","","","2895 m²","LT:","1221 m²","LB:","https://pic.rumah123.com/r123/250x250-fit/photo/558147/5581471460686594.jpg","Diperbarui 1 bulan yang lalu oleh","Fang Fang","+628174...","WhatsApp","","","https://pic.rumah123.com/r123/100x100-fit/logo/20221205054844_royal_property..png","","","Featured"
"https://www.rumah123.com/portal-img/_next/image/?url=https%3A%2F%2Fpicture.rumah123.com%2Fr123-images%2F720x420-crop%2Fcustomer%2F1723820%2F9d8115a20acc8c5599905dc96a8f59a3.jpg&w=3840&q=75","","","[object Object]","23","[object Object]","Ruang Usaha","","https://www.rumah123.com/jual/cari/?location=jawa-tengah&itm_medium=search-suggestions-lokasi&itm_source=organic&quickLabel=Dekat+Akses+Transportasi","Dekat Akses Transportasi","https://www.rumah123.com/jual/cari/?location=jawa-tengah&itm_medium=search-suggestions-lokasi&itm_source=organic&quickLabel=Dekat+Landmark","Dekat Landmark","Rp 16 Miliar Total","Rp 78 Jutaan (Tenor 20 Tahun)","Rp 100 Jutaan (Tenor 15 Tahun)","https://www.rumah123.com/properti/semarang-manyaran/gedung-usaha-3-lantai-multifungsi-jluntung-suropati-kalipancur-semarang-css9358215/","Gedung Usaha 3 Lantai Multifungsi Jl.untung Suropati Kalipancur Semarang","Manyaran, Semarang","Gedung Multifungsi Buat Bisnis : Supermarket, Game Online Site, Kantor  Lokasi Super Strategis Di Area Keramaian JL.Raya Untung Suropati, Kalipancu...","5","[object Object]","","","903 m²","LT:","2000 m²","LB:","https://pic.rumah123.com/r123/250x250-fit/photo/1723820/17238201746620107.jpg","Diperbarui 3 hari yang lalu oleh","Jimmy San","+628224...","WhatsApp","","","https://pic.rumah123.com/r123/100x100-fit/logo/20201202052029_hepi_property.jpeg","","","Featured"
"https://www.rumah123.com/portal-img/_next/image/?url=https%3A%2F%2Fpicture.rumah123.com%2Fr123-images%2F720x420-crop%2Fcustomer%2F4400822%2F5f2d735ab7e07786bb453f13ed6f5ed2.jpg&w=3840&q=75","","","[object Object]","10","[object Object]","Rumah","","https://www.rumah123.com/jual/cari/?location=jawa-tengah&itm_medium=search-suggestions-lokasi&itm_source=organic&quickLabel=Bisa+Nego","Bisa Nego","https://www.rumah123.com/jual/cari/?location=jawa-tengah&itm_medium=search-suggestions-lokasi&itm_source=organic&quickLabel=Siap+Huni","Siap Huni","Rp 400 Juta","Rp 1 Jutaan (Tenor 20 Tahun)","Rp 2 Jutaan (Tenor 15 Tahun)","https://www.rumah123.com/properti/solo-jebres/rumah-hook-murah-di-solo-dekat-taman-jaya-wijaya-mojosongo-hos41274437/","Rumah Hook Murah di Solo Dekat Taman Jaya Wijaya Mojosongo","Jebres, Solo","Rumah 2 lantai di Mojosongio, Jebres, Solo.  For sale rumah di wilayah yang nyaman. Properti ini berada di lingkungan strategis.  Rinciannya adalah...","2","[object Object]","2","[object Object]","83 m²","LT:","120 m²","LB:","https://pic.rumah123.com/r123/250x250-fit/photo/4400822/44008221759118782.jpg","Diperbarui 3 hari yang lalu oleh","Samuel Handoko","+628139...","WhatsApp","","","https://pic.rumah123.com/r123/100x100-fit/logo/20190701123328_irea_solo.jpeg","https://www.rumah123.com/jual/cari/?location=jawa-tengah&itm_medium=search-suggestions-lokasi&itm_source=organic&quickLabel=Bebas+Banjir","Bebas Banjir","Featured"
"https://www.rumah123.com/portal-img/_next/image/?url=https%3A%2F%2Fpicture.rumah123.com%2Fr123-images%2F720x420-crop%2Fcustomer%2F705141%2Flisting%2Fhos41578102%2Fenhanced%2F38fee82a60c66c8ea7dc792f503db0bf.jpg&w=3840&q=75","","","[object Object]","7","[object Object]","Rumah","","https://www.rumah123.com/jual/cari/?location=jawa-tengah&itm_medium=search-suggestions-lokasi&itm_source=organic&quickLabel=Bisa+Nego","Bisa Nego","https://www.rumah123.com/jual/cari/?location=jawa-tengah&itm_medium=search-suggestions-lokasi&itm_source=organic&quickLabel=Siap+Huni","Siap Huni","Rp 925 Juta","Rp 4 Jutaan (Tenor 20 Tahun)","Rp 5 Jutaan (Tenor 15 Tahun)","https://www.rumah123.com/properti/solo-colomadu/rumah-dijual-di-solo-colomadu-dekat-rs-jih-solo-hos41578102/","Rumah Dijual di Solo Colomadu Dekat Rs Jih Solo","Colomadu, Solo","Rumah 1,5 lantai di Baturan, Colomadu, Solo.  Dijual rumah di wilayah berada di lingkungan strategis. Kategorinya adalah sebagai berikut:    - Kama...","2","[object Object]","2","[object Object]","120 m²","LT:","100 m²","LB:","https://pic.rumah123.com/r123/250x250-fit/photo/705141/7051411742187855.jpg","Diperbarui 3 hari yang lalu oleh","Samuel Handoko ERA iREA Solobaru","+628112...","WhatsApp","1","[object Object]","https://pic.rumah123.com/r123/100x100-fit/logo/20190701123328_irea_solo.jpeg","https://www.rumah123.com/jual/cari/?location=jawa-tengah&itm_medium=search-suggestions-lokasi&itm_source=organic&quickLabel=Bebas+Banjir","Bebas Banjir","Featured"
"https://www.rumah123.com/portal-img/_next/image/?url=https%3A%2F%2Fpicture.rumah123.com%2Fr123-images%2F720x420-crop%2Fcustomer%2F1286139%2F2024-06-19-07-31-28-3d4c5ee5-227a-4635-975f-14f96d191828.jpg&w=3840&q=75","","","[object Object]","7","[object Object]","Gudang","","https://www.rumah123.com/jual/cari/?location=jawa-tengah&itm_medium=search-suggestions-lokasi&itm_source=organic&quickLabel=Siap+Huni","Siap Huni","","","Rp 20 Miliar Total","Rp 98 Jutaan (Tenor 20 Tahun)","Rp 125 Jutaan (Tenor 15 Tahun)","https://www.rumah123.com/properti/sukoharjo-kartosuro/gudang-bisa-untuk-ruang-usaha-siap-pakai-akses-kontainer-di-kartasura-dekat-solo-was4211727/","Turun Harga Gudang bisa untuk Ruang Usaha Siap Pakai Akses Kontainer di Kartasura Dekat Solo","Kartosuro, Sukoharjo","Jual Gudang Kartasura: LT 3682 LB 2000 Listrik 16500 Akses full kontainer  Jalan raya  Solo - Semarang  Kontainer bisa loading di dalam gudang  Let...","","","","","3682 m²","LT:","2000 m²","LB:","https://picture.rumah123.com/r123-images/250x250-fit/customer/1286139/022f1128ed85a9b378504ccbc9786e90.png","Diperbarui 3 hari yang lalu oleh","Silvia Ika (*buyer bebas fee)","+628985...","WhatsApp","","","https://pic.rumah123.com/r123/100x100-fit/logo/20201009042657_xavier_marks_solo.jpeg","","","Featured"
"https://www.rumah123.com/portal-img/_next/image/?url=https%3A%2F%2Fpicture.rumah123.com%2Fr123-images%2F720x420-crop%2Fcustomer%2F1888519%2F1999393763faca0e46a21c7ea01025b6.jpg&w=3840&q=75","","","[object Object]","7","[object Object]","Rumah","","https://www.rumah123.com/jual/cari/?location=jawa-tengah&itm_medium=search-suggestions-lokasi&itm_source=organic&quickLabel=Siap+Huni","Siap Huni","https://www.rumah123.com/jual/cari/?location=jawa-tengah&itm_medium=search-suggestions-lokasi&itm_source=organic&quickLabel=Dekat+Akses+Transportasi","Dekat Akses Transportasi","Rp 2,85 Miliar","Rp 14 Jutaan (Tenor 20 Tahun)","Rp 17 Jutaan (Tenor 15 Tahun)","https://www.rumah123.com/properti/semarang-ungaran-timur/rumah-di-ungaran-hl-7285-hos40035768/","Rumah di Ungaran Hl 7285","Ungaran Timur, Semarang","Rumah di Ungaran ( HL 7285 ) Lokasi strategis , Hadap Utara Bangunan rumah 1,5 lt Dekat fasilitas umum lainnya seperti Sekolah , Exit Tol Ungaran d...","5","[object Object]","2","[object Object]","374 m²","LT:","250 m²","LB:","https://pic.rumah123.com/r123/250x250-fit/photo/1162029/11620291607654223.jpg","Diperbarui 3 hari yang lalu oleh","Teguh Redland","+628967...","WhatsApp","3","[object Object]","https://pic.rumah123.com/r123/100x100-fit/logo/20200122032448_redland.jpeg","","","Featured"
"https://www.rumah123.com/portal-img/_next/image/?url=https%3A%2F%2Fpicture.rumah123.com%2Fr123-images%2F720x420-crop%2Fcustomer%2F1286139%2F2023-07-31-01-53-09-c59e067b-dadf-4854-b3ab-0d3b5d74eeee.jpg&w=3840&q=75","","","[object Object]","4","[object Object]","Gudang","","","","","","Rp 3,7 Miliar Total","Rp 18 Jutaan (Tenor 20 Tahun)","Rp 23 Jutaan (Tenor 15 Tahun)","https://www.rumah123.com/properti/sukoharjo-sukoharjo/gudang-harga-miring-akses-kontainer-di-sonorejo-sukoharjo-was3662395/","Gudang Harga Miring Akses Kontainer Di Sonorejo Sukoharjo","Sukoharjo, Sukoharjo","For Sale Gudang di Sonorejo LT 1321 LD 13.5 luas gudang di depan 500 tanah kosong di blakang pos satpam 1 akses kontainer tinggi pintu 3.9 lebar pi...","1","[object Object]","2","[object Object]","1321 m²","LT:","500 m²","LB:","https://picture.rumah123.com/r123-images/250x250-fit/customer/1286139/022f1128ed85a9b378504ccbc9786e90.png","Diperbarui 3 hari yang lalu oleh","Silvia Ika (*buyer bebas fee)","+628985...","WhatsApp","","","https://pic.rumah123.com/r123/100x100-fit/logo/20201009042657_xavier_marks_solo.jpeg","","","Featured"
"https://www.rumah123.com/portal-img/_next/image/?url=https%3A%2F%2Fpicture.rumah123.com%2Fr123-images%2F720x420-crop%2Fcustomer%2F1286139%2F2023-12-28-08-37-07-d7e374b7-e6a8-4243-acf5-eee8e301a3a2.jpg&w=3840&q=75","","","[object Object]","10","[object Object]","Rumah","","https://www.rumah123.com/jual/cari/?location=jawa-tengah&itm_medium=search-suggestions-lokasi&itm_source=organic&quickLabel=Bisa+Nego","Bisa Nego","","","Rp 725 Juta","Rp 3 Jutaan (Tenor 20 Tahun)","Rp 4 Jutaan (Tenor 15 Tahun)","https://www.rumah123.com/properti/karanganyar-colomadu/rumah-cantik-di-cluster-elite-colomadu-solo-barat-hos15894416/","Rumah cantik di Cluster elite Colomadu Solo Barat","Colomadu, Karanganyar","Rumah cluster Solo barat utara hotel Alana one gate system security 24 jam akses simpangan 2 mobil  SHM LT :  103 m2 LB : 60m2 kamar tidur : 2 kmr ...","2","[object Object]","1","[object Object]","103 m²","LT:","70 m²","LB:","https://picture.rumah123.com/r123-images/250x250-fit/customer/1286139/022f1128ed85a9b378504ccbc9786e90.png","Diperbarui 3 hari yang lalu oleh","Silvia Ika (*buyer bebas fee)","+628985...","WhatsApp","1","[object Object]","https://pic.rumah123.com/r123/100x100-fit/logo/20201009042657_xavier_marks_solo.jpeg","","","Featured"
"https://www.rumah123.com/portal-img/_next/image/?url=https%3A%2F%2Fpicture.rumah123.com%2Fr123-images%2F720x420-crop%2Fcustomer%2F1286139%2F2024-07-24-05-58-44-c0cc9c07-2687-430a-b404-e03f8805963c.jpg&w=3840&q=75","","","[object Object]","5","[object Object]","Tanah","","https://www.rumah123.com/jual/cari/?location=jawa-tengah&itm_medium=search-suggestions-lokasi&itm_source=organic&quickLabel=Dekat+Tempat+Ibadah","Dekat Tempat Ibadah","","","Rp 19,9 Miliar Total","Rp 98 Jutaan (Tenor 20 Tahun)","Rp 125 Jutaan (Tenor 15 Tahun)","https://www.rumah123.com/properti/sukoharjo-kartosuro/tanah-murah-bonus-bangunan-dekat-luwes-kartasura-dekat-solo-las4037885/","Tanah Murah Bonus Bangunan Dekat Luwes Kartasura Dekat Solo","Kartosuro, Sukoharjo","Jual tanah bonus bangunan di Kartasura  LT 5700 m2 LD -/+ 55 Ada bangunan2: masjid, kantor, banguan ruang2 keliling lahan.  Bangunan sisi timur 2 l...","","","","","5700 m²","LT:","","","https://picture.rumah123.com/r123-images/250x250-fit/customer/1286139/022f1128ed85a9b378504ccbc9786e90.png","Diperbarui 3 hari yang lalu oleh","Silvia Ika (*buyer bebas fee)","+628985...","WhatsApp","","","https://pic.rumah123.com/r123/100x100-fit/logo/20201009042657_xavier_marks_solo.jpeg","","","Featured"
"https://www.rumah123.com/portal-img/_next/image/?url=https%3A%2F%2Fpicture.rumah123.com%2Fr123-images%2F720x420-crop%2Fcustomer%2F1162029%2F8554b0169cb50776ec17141369884f8b.jpg&w=3840&q=75","","","[object Object]","14","[object Object]","Apartemen","","https://www.rumah123.com/jual/cari/?location=jawa-tengah&itm_medium=search-suggestions-lokasi&itm_source=organic&quickLabel=Dekat+Pusat+Perbelanjaan","Dekat Pusat Perbelanjaan","https://www.rumah123.com/jual/cari/?location=jawa-tengah&itm_medium=search-suggestions-lokasi&itm_source=organic&quickLabel=Dekat+Sekolah","Dekat Sekolah","Rp 1,4 Miliar","Rp 6 Jutaan (Tenor 20 Tahun)","Rp 8 Jutaan (Tenor 15 Tahun)","https://www.rumah123.com/properti/semarang-semarang-tengah/apartemen-louise-kienne-pemuda-lt-a-semarang-hl-6101-aps7551239/","Apartemen Louise Kienne Pemuda Lt A , Semarang ( Hl 6101 )","Semarang Tengah, Semarang","Apartemen Louise Kienne Pemuda Lt  A , Semarang ( HL 6101 ) Lokasi strategis  Dekat fasilitas umum lainnya spt Mall , Universitas , RS , Sekolah dl...","2","[object Object]","1","[object Object]","53 m²","LB:","","","https://pic.rumah123.com/r123/250x250-fit/photo/1162029/11620291607654223.jpg","Diperbarui 3 hari yang lalu oleh","Teguh Redland","+628967...","WhatsApp","","","https://pic.rumah123.com/r123/100x100-fit/logo/20200122032448_redland.jpeg","https://www.rumah123.com/jual/cari/?location=jawa-tengah&itm_medium=search-suggestions-lokasi&itm_source=organic&quickLabel=Dekat+Fasilitas+Kesehatan","Dekat Fasilitas Kesehatan","Featured"
"https://www.rumah123.com/portal-img/_next/image/?url=https%3A%2F%2Fpicture.rumah123.com%2Fr123-images%2F720x420-crop%2Fcustomer%2F1183566%2F5370103e6e7faa6674ee2fcb1a6cb202.jpg&w=3840&q=75","","","[object Object]","5","[object Object]","Apartemen","","https://www.rumah123.com/jual/cari/?location=jawa-tengah&itm_medium=search-suggestions-lokasi&itm_source=organic&quickLabel=Dekat+Sekolah","Dekat Sekolah","","","Rp 1,4 Miliar","Rp 6 Jutaan (Tenor 20 Tahun)","Rp 8 Jutaan (Tenor 15 Tahun)","https://www.rumah123.com/properti/semarang-pemuda/apartemen-bagus-marquise-de-laffayete-louis-kiene-pemuda-2br-aps7521154/","Apartemen Bagus Marquise De Laffayete Louis Kiene Pemuda 2br","Pemuda, Semarang","Dijual apartment marquise de laffayete louis kiene pemuda 2BR full furnish listrik 5500 KM 1","2","[object Object]","1","[object Object]","63 m²","LB:","","","https://pic.rumah123.com/r123/250x250-fit/photo/1183566/11835661715592569.jpg","Diperbarui 3 hari yang lalu oleh","Okta Property","+628213...","WhatsApp","","","https://pic.rumah123.com/r123/100x100-fit/logo/20201202052029_hepi_property.jpeg","","","Featured"
"https://www.rumah123.com/portal-img/_next/image/?url=https%3A%2F%2Fpicture.rumah123.com%2Fr123-images%2F720x420-crop%2Fcustomer%2F1183566%2F2024-05-17-16-37-17-84a18fc5-6cbc-4303-a9bb-36aacc064157.jpg&w=3840&q=75","","","[object Object]","10","[object Object]","Rumah","","https://www.rumah123.com/jual/cari/?location=jawa-tengah&itm_medium=search-suggestions-lokasi&itm_source=organic&quickLabel=Dekat+Pusat+Perbelanjaan","Dekat Pusat Perbelanjaan","https://www.rumah123.com/jual/cari/?location=jawa-tengah&itm_medium=search-suggestions-lokasi&itm_source=organic&quickLabel=Dekat+Sekolah","Dekat Sekolah","Rp 8,5 Miliar","Rp 41 Jutaan (Tenor 20 Tahun)","Rp 53 Jutaan (Tenor 15 Tahun)","https://www.rumah123.com/properti/semarang-sampangan/rumah-dan-toko-strategis-pinggir-jalan-raya-di-kelud-shm-hos17135913/","Rumah Dan Toko Strategis Pinggir Jalan Raya Di Kelud Shm","Sampangan, Semarang","Dijual Rumah di Kelud Gajahmungkur  Semarang (Hitung tanah )
 
 Lokasi STRATEGIS didepan jalan raya ,cocok untuk usaha 
 
 Dekat dengan :
 -RS Kari...","6","[object Object]","5","[object Object]","700 m²","LT:","350 m²","LB:","https://pic.rumah123.com/r123/250x250-fit/photo/1183566/11835661715592569.jpg","Diperbarui 3 hari yang lalu oleh","Okta Property","+628213...","WhatsApp","2","[object Object]","https://pic.rumah123.com/r123/100x100-fit/logo/20201202052029_hepi_property.jpeg","","","Featured"
"https://www.rumah123.com/portal-img/_next/image/?url=https%3A%2F%2Fpicture.rumah123.com%2Fr123-images%2F720x420-crop%2Fcustomer%2F632999%2F2024-04-19-18-51-01-8c62063c-95cb-44e0-828a-506765ed24c3.jpg&w=3840&q=75","","","[object Object]","10","[object Object]","Rumah","","https://www.rumah123.com/jual/cari/?location=jawa-tengah&itm_medium=search-suggestions-lokasi&itm_source=organic&quickLabel=Dekat+Akses+Transportasi","Dekat Akses Transportasi","https://www.rumah123.com/jual/cari/?location=jawa-tengah&itm_medium=search-suggestions-lokasi&itm_source=organic&quickLabel=Dekat+Pusat+Perbelanjaan","Dekat Pusat Perbelanjaan","Rp 2,2 Miliar","Rp 10 Jutaan (Tenor 20 Tahun)","Rp 13 Jutaan (Tenor 15 Tahun)","https://www.rumah123.com/properti/sukoharjo-baki/rumah-second-cluster-mewah-furnish-gentan-baki-hos16912981/","Rumah Mewah 2 LT Furnish Cluster Gentan Skh","Baki, Sukoharjo","Kode MA : TY / 009285  Type Listing: Jual Cepat  Type Property : Rumah Cluster Mewah Furnished Lokasi: Gentan Baki Sukoharjo  Spesifikasi: Luas Tan...","4","[object Object]","3","[object Object]","153 m²","LT:","181 m²","LB:","https://picture.rumah123.com/r123-images/250x250-fit/customer/632999/784e1757f79fd187ce2477e2518aeaa7.jpg","Diperbarui 3 hari yang lalu oleh","Darmadi Buyer Bebas Fee","+628121...","WhatsApp","1","[object Object]","https://pic.rumah123.com/r123/100x100-fit/logo/4770_logosubcomp.jpg","https://www.rumah123.com/jual/cari/?location=jawa-tengah&itm_medium=search-suggestions-lokasi&itm_source=organic&quickLabel=Dekat+Fasilitas+Kesehatan","Dekat Fasilitas Kesehatan","Featured"
"https://www.rumah123.com/portal-img/_next/image/?url=https%3A%2F%2Fpicture.rumah123.com%2Fr123-images%2F720x420-crop%2Fcustomer%2F925959%2Fab7ef718ade18a3095c5e8c3ee11552f.jpg&w=3840&q=85","","","[object Object]","13","[object Object]","Rumah","","","","","","Rp 3,5 Miliar","Rp 17 Jutaan (Tenor 20 Tahun)","Rp 22 Jutaan (Tenor 15 Tahun)","https://www.rumah123.com/properti/semarang-gajah-mungkur/dijual-perumahan-palm-hill-semarang-dt-hos41351746/","Dijual Perumahan Palm Hill, Semarang (Dt)","Gajah Mungkur, Semarang","Dijual :  Perumahan PALM HILL - Semarang  2 Lantai LT 201 LB 246 KT 4+2 KM 2+1 4 AC SHM Harga 3,5M nego","6","[object Object]","3","[object Object]","201 m²","LT:","246 m²","LB:","https://pic.rumah123.com/r123/250x250-fit/photo/925959/9259591630476062.jpg","Diperbarui 3 hari yang lalu oleh","Deasy XMCB","+628385...","WhatsApp","1 + 1","[object Object]","https://pic.rumah123.com/r123/100x100-fit/logo/20170125013005_xavier_marks_citraland_boulevard.jpeg","","","Featured"
"https://www.rumah123.com/portal-img/_next/image/?url=https%3A%2F%2Fpicture.rumah123.com%2Fr123-images%2F720x420-crop%2Fcustomer%2F997844%2F2024-06-02-21-02-50-44c6b421-37db-481f-9a58-e1315d44336b.jpg&w=3840&q=75","","","[object Object]","10","[object Object]","Rumah","","https://www.rumah123.com/jual/cari/?location=jawa-tengah&itm_medium=search-suggestions-lokasi&itm_source=organic&quickLabel=Dekat+Sekolah","Dekat Sekolah","https://www.rumah123.com/jual/cari/?location=jawa-tengah&itm_medium=search-suggestions-lokasi&itm_source=organic&quickLabel=Dekat+Fasilitas+Kesehatan","Dekat Fasilitas Kesehatan","Rp 1,25 Miliar","Rp 6 Jutaan (Tenor 20 Tahun)","Rp 7 Jutaan (Tenor 15 Tahun)","https://www.rumah123.com/properti/purwokerto-purwokerto-utara/jual-murah-bu-rumah-perum-sapphire-estate-sumampir-dekat-kampus-unsoed-purwokerto-hos17221731/","Jual Murah Bu Rumah Perum Sapphire Estate Sumampir Dekat Kampus Unsoed Purwokerto","Purwokerto Utara, Purwokerto","Turun harga jual dibawah harga pasaran BU   Rumah HOOK perum di Sumampir dekat kampus Unsoed, SPN, Amikom,UIN, pasar Cermai, Kapolresta, SMP 9, 
 5...","4","[object Object]","3","[object Object]","248 m²","LT:","140 m²","LB:","https://pic.rumah123.com/r123/250x250-fit/photo/997844/9978441655991394.jpg","Diperbarui 3 hari yang lalu oleh","Heru  Kuswoyo","+628222...","WhatsApp","1 + 2","[object Object]","","https://www.rumah123.com/jual/cari/?location=jawa-tengah&itm_medium=search-suggestions-lokasi&itm_source=organic&quickLabel=Dekat+Tempat+Ibadah","Dekat Tempat Ibadah","Featured"
"https://www.rumah123.com/portal-img/_next/image/?url=https%3A%2F%2Fpicture.rumah123.com%2Fr123-images%2F720x420-crop%2Fcustomer%2F1183566%2F38260958168aa4225265882aa0a3d754.jpg&w=3840&q=75","","","[object Object]","5","[object Object]","Rumah","","","","","","Rp 2,9 Miliar","Rp 14 Jutaan (Tenor 20 Tahun)","Rp 18 Jutaan (Tenor 15 Tahun)","https://www.rumah123.com/properti/semarang-candi-golf/rumah-baru-cluster-buverly-di-candi-golf-semarang-hos18982979/","Rumah Baru Cluster Buverly Di Candi Golf Semarang","Candi Golf, Semarang","Rumah Baru Cluster Buverly Di Candi Golf Semarang   cluster buverly hills  Franklin  7x14   lokasi dekat dengan gate  listrik underground  free bia...","4","[object Object]","3","[object Object]","98 m²","LT:","145 m²","LB:","https://pic.rumah123.com/r123/250x250-fit/photo/1183566/11835661715592569.jpg","Diperbarui 3 hari yang lalu oleh","Okta Property","+628213...","WhatsApp","2","[object Object]","https://pic.rumah123.com/r123/100x100-fit/logo/20201202052029_hepi_property.jpeg","","","Featured"
"https://www.rumah123.com/portal-img/_next/image/?url=https%3A%2F%2Fpicture.rumah123.com%2Fr123-images%2F720x420-crop%2Fcustomer%2F1183566%2F19e9538254157c96632df628326c3785.jpg&w=3840&q=75","","","","1","[object Object]","Rumah","","https://www.rumah123.com/jual/cari/?location=jawa-tengah&itm_medium=search-suggestions-lokasi&itm_source=organic&quickLabel=Dekat+Sekolah","Dekat Sekolah","","","Rp 14 Miliar","Rp 68 Jutaan (Tenor 20 Tahun)","Rp 88 Jutaan (Tenor 15 Tahun)","https://www.rumah123.com/properti/semarang-tembalang/rumah-mewah-bagus-di-durenan-mangunharjo-semarang-15-menit-ke-undip-hos40291359/","Rumah Mewah Bagus Di Durenan Mangunharjo Semarang 15 Menit Ke Undip","Tembalang, Semarang","Dijual Rumah di Durenan Mangunharjo Semarang  Luas Tanah 1940m² Luas Bangunan 764m² Kamar Tidur 5+1 Kamar Mandi 3+1 Listrik 11000+5500 watt Air A...","5","[object Object]","3","[object Object]","1940 m²","LT:","764 m²","LB:","https://pic.rumah123.com/r123/250x250-fit/photo/1183566/11835661715592569.jpg","Diperbarui 1 minggu yang lalu oleh","Okta Property","+628213...","WhatsApp","1 + 2","[object Object]","https://pic.rumah123.com/r123/100x100-fit/logo/20201202052029_hepi_property.jpeg","","","Featured"
"https://www.rumah123.com/portal-img/_next/image/?url=https%3A%2F%2Fpicture.rumah123.com%2Fr123-images%2F720x420-crop%2Fcustomer%2F1183566%2F44d9c789db9621b83dabad44a22c9396.jpg&w=3840&q=75","","","","1","[object Object]","Rumah","","","","","","Rp 8,5 Miliar","Rp 41 Jutaan (Tenor 20 Tahun)","Rp 53 Jutaan (Tenor 15 Tahun)","https://www.rumah123.com/properti/semarang-gajah-mungkur/rumah-dan-tempat-usaha-di-jalan-raya-kelud-gajah-mungkur-semarang-cocok-untuk-toko-hos39731117/","Rumah Dan Tempat Usaha Di Jalan Raya Kelud Gajah Mungkur Semarang Cocok Untuk Toko","Gajah Mungkur, Semarang","Rumah Dan Tempat Usaha Di Jalan Raya Kelud Gajah Mungkur Semarang Cocok Untuk Toko  cocok untuk petshop,rumah makan ,toko aksesoris dll","5","[object Object]","4","[object Object]","700 m²","LT:","350 m²","LB:","https://pic.rumah123.com/r123/250x250-fit/photo/1183566/11835661715592569.jpg","Diperbarui 1 minggu yang lalu oleh","Okta Property","+628213...","WhatsApp","2","[object Object]","https://pic.rumah123.com/r123/100x100-fit/logo/20201202052029_hepi_property.jpeg","","","Featured"
"https://www.rumah123.com/portal-img/_next/image/?url=https%3A%2F%2Fpicture.rumah123.com%2Fr123-images%2F720x420-crop%2Fcustomer%2F4350530%2Fb16574537d7276d49537c4c20b664496.jpg&w=3840&q=75","","","[object Object]","9","[object Object]","Rumah","","https://www.rumah123.com/jual/cari/?location=jawa-tengah&itm_medium=search-suggestions-lokasi&itm_source=organic&quickLabel=Bisa+Nego","Bisa Nego","https://www.rumah123.com/jual/cari/?location=jawa-tengah&itm_medium=search-suggestions-lokasi&itm_source=organic&quickLabel=DP+0%25","DP 0%","Rp 800 Juta","Rp 3 Jutaan (Tenor 20 Tahun)","Rp 5 Jutaan (Tenor 15 Tahun)","https://www.rumah123.com/properti/semarang-mijen/di-jual-rumah-cluster-tipe-51-luas-tanah-120m-perumahan-teras-bali-mijen-kota-semarang-hos39082678/","Di Jual Rumah Cluster Tipe 51- Luas Tanah 120m² | Perumahan TERAS BALI Mijen Kota Semarang","Mijen, Semarang","Rumah 1 lantai di Mijen, Semarang.  For sale rumah di wilayah yang nyaman dengan pemandangan Dekat Kawasan Bisnis & Industri. Properti 1 lantai ini...","2","[object Object]","2","[object Object]","120 m²","LT:","51 m²","LB:","https://picture.rumah123.com/r123-images/250x250-fit/customer/4350530/c935160a464e4c533c67bbc75a761412.jpg","Diperbarui 6 hari yang lalu oleh","Bagus","+628564...","WhatsApp","2","[object Object]","https://pic.rumah123.com/r123/100x100-fit/logo/20250228105356_pt_mikroland_property_development.jpeg","https://www.rumah123.com/jual/cari/?location=jawa-tengah&itm_medium=search-suggestions-lokasi&itm_source=organic&quickLabel=Siap+Huni","Siap Huni","Featured"
"https://www.rumah123.com/portal-img/_next/image/?url=https%3A%2F%2Fpicture.rumah123.com%2Fr123-images%2F720x420-crop%2Fcustomer%2F895751%2F1aa47afe397afe0b491b5251395dc351.jpg&w=3840&q=75","","","[object Object]","16","[object Object]","Rumah","","https://www.rumah123.com/jual/cari/?location=jawa-tengah&itm_medium=search-suggestions-lokasi&itm_source=organic&quickLabel=Dekat+Pusat+Perbelanjaan","Dekat Pusat Perbelanjaan","https://www.rumah123.com/jual/cari/?location=jawa-tengah&itm_medium=search-suggestions-lokasi&itm_source=organic&quickLabel=Dekat+Fasilitas+Kesehatan","Dekat Fasilitas Kesehatan","Rp 440 Juta","Rp 2 Jutaan (Tenor 20 Tahun)","Rp 2 Jutaan (Tenor 15 Tahun)","https://www.rumah123.com/properti/solo-semanggi/rumah-cantik-desain-tropical-modern-deket-semanggi-pasar-kliwon-hos10781491/","Rumah Cantik Desain Tropical Modern Deket Semanggi Pasar Kliwon","Semanggi, Solo","Dipasarkan
 Type Property : Rumah cantik desain tropical modern home di dekat Semanggi pasar Kliwon
 Lokasi: Mojolaban Kab. Sukoharjo
 
 *Spesifika...","2","[object Object]","1","[object Object]","81 m²","LT:","45 m²","LB:","https://pic.rumah123.com/r123/250x250-fit/photo/895751/8957511658233328.jpg","Diperbarui 1 minggu yang lalu oleh","yoedha property solo buyer bebas fee","+628190...","WhatsApp","1","[object Object]","https://pic.rumah123.com/r123/100x100-fit/logo/4770_logosubcomp.jpg","https://www.rumah123.com/jual/cari/?location=jawa-tengah&itm_medium=search-suggestions-lokasi&itm_source=organic&quickLabel=Dekat+Tempat+Wisata","Dekat Tempat Wisata","Featured"
"https://www.rumah123.com/portal-img/_next/image/?url=https%3A%2F%2Fpicture.rumah123.com%2Fr123-images%2F720x420-crop%2Fcustomer%2F1878797%2Ff6cbaed4319ffa59c0343ecf059428de.jpg&w=3840&q=75","","","[object Object]","6","[object Object]","Kost","","https://www.rumah123.com/jual/cari/?location=jawa-tengah&itm_medium=search-suggestions-lokasi&itm_source=organic&quickLabel=Dekat+Sekolah","Dekat Sekolah","","","Rp 750 Juta","Rp 3 Jutaan (Tenor 20 Tahun)","Rp 4 Jutaan (Tenor 15 Tahun)","https://www.rumah123.com/properti/sukoharjo-kartasura/kost-baru-fasilitas-komplit-dekat-ums-kss219070/","Kost Baru Fasilitas Komplit Dekat Ums","Kartasura, Sukoharjo","Kost baru masih fres jual cepat dekat kampus UMS dan Aisyiah dengan spek dan fasilitas LT 77 MTR 5 KAMAR TIDUR 5 KAMAR MANDI DALAM AC TIAP KAMAR TO...","7","[object Object]","7","[object Object]","77 m²","LT:","77 m²","LB:","https://picture.rumah123.com/r123-images/250x250-fit/customer/1878797/d07985cc3cd5b8fbbacecd37cc981892.jpg","Diperbarui 1 minggu yang lalu oleh","SRIYANTO (VZYK)","+628232...","WhatsApp","1","[object Object]","https://pic.rumah123.com/r123/100x100-fit/logo/20240304043639_brighton_crown_yos_sudarso_solo.png","","","Featured"
"https://www.rumah123.com/portal-img/_next/image/?url=https%3A%2F%2Fpicture.rumah123.com%2Fr123-images%2F720x420-crop%2Fcustomer%2F71926%2Fb71a2fc9f3c88460a910f8c53571d16e.jpg&w=3840&q=75","","","[object Object]","6","[object Object]","Tanah","","https://www.rumah123.com/jual/cari/?location=jawa-tengah&itm_medium=search-suggestions-lokasi&itm_source=organic&quickLabel=Dekat+Pusat+Perbelanjaan","Dekat Pusat Perbelanjaan","","","Rp 7 Miliar Total","Rp 34 Jutaan (Tenor 20 Tahun)","Rp 44 Jutaan (Tenor 15 Tahun)","https://www.rumah123.com/properti/solo-kartosuro/tanah-dijual-di-kartasura-area-pergudangan-las4027156/","Tanah Dijual di Kartasura Area Pergudangan","Kartosuro, Solo","LI
 
 Dijual Tanah di Penumping Laweyan Solo
 LT. 341m2, LD. 10m, SHM, Hdp selatan
 
 800 meter dari Jl. Slamet Riyadi
 1 Menit ke Solo Grand Mall","","","","","2029 m²","LT:","","","https://pic.rumah123.com/r123/250x250-fit/photo/71926/719261741943742.jpg","Diperbarui 1 hari yang lalu oleh","SUSANTO ERA","+628510...","WhatsApp","","","https://pic.rumah123.com/r123/100x100-fit/logo/20190701123328_irea_solo.jpeg","","","Featured"
"https://www.rumah123.com/portal-img/_next/image/?url=https%3A%2F%2Fpicture.rumah123.com%2Fr123-images%2F720x420-crop%2Fcustomer%2F657921%2Fa6b7c4e6783d800d5912a821cf41a52c.jpg&w=3840&q=75","","","[object Object]","21","[object Object]","Rumah","","https://www.rumah123.com/jual/cari/?location=jawa-tengah&itm_medium=search-suggestions-lokasi&itm_source=organic&quickLabel=Dekat+Akses+Transportasi","Dekat Akses Transportasi","","","Rp 5,9 Miliar","Rp 28 Jutaan (Tenor 20 Tahun)","Rp 37 Jutaan (Tenor 15 Tahun)","https://www.rumah123.com/properti/solo-banjarsari/rumah-dijual-di-solo-dekat-akper-husada-hos41411486/","Rumah Dijual di Solo Kadipiro Banjarsari Dekat Taman Jaya Wijaya","Banjarsari, Solo","Dijual Rumah di Solo Kota
 
 Spesifikasi Utama Properti:
 
   - Kamar Tidur: 4
   - Kamar Mandi: 4
   - Sertifikat: SHM - Sertifikat Hak Milik
   -...","4","[object Object]","4","[object Object]","525 m²","LT:","450 m²","LB:","https://pic.rumah123.com/r123/250x250-fit/photo/657921/6579211579496160.jpg","Diperbarui 1 minggu yang lalu oleh","Selvi Liem ERA iREA Solo","+628224...","WhatsApp","5","[object Object]","https://pic.rumah123.com/r123/100x100-fit/logo/20190701123328_irea_solo.jpeg","","","Featured"
"https://www.rumah123.com/portal-img/_next/image/?url=https%3A%2F%2Fpicture.rumah123.com%2Fr123-images%2F720x420-crop%2Fcustomer%2F1878797%2F61d2697e1483eacd0b80a8a1adbcff99.jpg&w=3840&q=75","","","[object Object]","5","[object Object]","Gudang","","https://www.rumah123.com/jual/cari/?location=jawa-tengah&itm_medium=search-suggestions-lokasi&itm_source=organic&quickLabel=Siap+Huni","Siap Huni","","","Rp 2,55 Miliar Total","Rp 12 Jutaan (Tenor 20 Tahun)","Rp 16 Jutaan (Tenor 15 Tahun)","https://www.rumah123.com/properti/solo-jebres/gudang-jual-cepat-jebres-was9836405/","Gudang Luas Jual Cepat dengan Lokasi Strategis di Tengah Kota Solo","Jebres, Solo","Gudang muuurah jual CEPAT siap pakai lokasi ditengah kota  solo .  LUAS TANAH 1085 METER LUAS BANGUNAN 1050 METER","2","[object Object]","","","1085 m²","LT:","1050 m²","LB:","https://picture.rumah123.com/r123-images/250x250-fit/customer/1878797/d07985cc3cd5b8fbbacecd37cc981892.jpg","Diperbarui 1 minggu yang lalu oleh","SRIYANTO (VZYK)","+628232...","WhatsApp","","","https://pic.rumah123.com/r123/100x100-fit/logo/20240304043639_brighton_crown_yos_sudarso_solo.png","","","Featured"
"https://www.rumah123.com/portal-img/_next/image/?url=https%3A%2F%2Fpicture.rumah123.com%2Fr123-images%2F720x420-crop%2Fcustomer%2F657921%2F4844c6a4cd5d813f90e7e9052dc45219.jpg&w=3840&q=75","","","[object Object]","11","[object Object]","Rumah","","https://www.rumah123.com/jual/cari/?location=jawa-tengah&itm_medium=search-suggestions-lokasi&itm_source=organic&quickLabel=Dekat+Sekolah","Dekat Sekolah","","","Rp 700 Juta","Rp 3 Jutaan (Tenor 20 Tahun)","Rp 4 Jutaan (Tenor 15 Tahun)","https://www.rumah123.com/properti/solo-jebres/rumah-murah-solo-dekat-kampus-uns-hos40983927/","Rumah Murah Solo Dekat Kampus Uns","Jebres, Solo","Dijual Rumah Solo Murah Dekat Kampus UNS  Kategorinya adalah sebagai berikut:    - Kamar Tidur: 3   - Kamar Mandi: 2   - Sertifikat: SHM - Sertifik...","3","[object Object]","2","[object Object]","156 m²","LT:","156 m²","LB:","https://picture.rumah123.com/r123-images/250x250-fit/customer/4438277/404c1b452aac85ebddf7a37afe00e3fa.jpg","Diperbarui 1 minggu yang lalu oleh","Lia Imelda","+628821...","WhatsApp","1 + 1","[object Object]","https://pic.rumah123.com/r123/100x100-fit/logo/20190701123328_irea_solo.jpeg","","","Featured"
"https://www.rumah123.com/portal-img/_next/image/?url=https%3A%2F%2Fpicture.rumah123.com%2Fr123-images%2F720x420-crop%2Fcustomer%2F1799011%2F2024-01-05-07-22-31-a4f676ad-e6e3-4132-ad7f-2e89ac9ded13.jpg&w=3840&q=75","","","[object Object]","3","[object Object]","Tanah","","https://www.rumah123.com/jual/cari/?location=jawa-tengah&itm_medium=search-suggestions-lokasi&itm_source=organic&quickLabel=Dekat+Akses+Transportasi","Dekat Akses Transportasi","","","Rp 700 Juta Total","Rp 3 Jutaan (Tenor 20 Tahun)","Rp 4 Jutaan (Tenor 15 Tahun)","https://www.rumah123.com/properti/solo-banjarsari/tanah-murah-gilingan-banjarsari-surakarta-dekat-stasiun-balapan-las9138410/","Tanah Murah Gilingan Banjarsari Surakarta Dekat Stasiun Balapan","Banjarsari, Solo","Tanah Murah Gilingan Banjarsari Surakarta Dekat Stasiun Balapan SHM LT 163m LD 10m Hadap Utara  3 menit Terminal Tirtonadi 5 menit Stasiun Balapan","","","","","163 m²","LT:","","","https://picture.rumah123.com/r123-images/250x250-fit/customer/4438277/404c1b452aac85ebddf7a37afe00e3fa.jpg","Diperbarui 1 minggu yang lalu oleh","Lia Imelda","+628821...","WhatsApp","","","https://pic.rumah123.com/r123/100x100-fit/logo/20190701123328_irea_solo.jpeg","","","Featured"
"https://www.rumah123.com/portal-img/_next/image/?url=https%3A%2F%2Fpicture.rumah123.com%2Fr123-images%2F720x420-crop%2Fcustomer%2F1701836%2F999e7e7f05b530b75cf3dc079db953d0.jpg&w=3840&q=75","","","[object Object]","16","[object Object]","Kost","","https://www.rumah123.com/jual/cari/?location=jawa-tengah&itm_medium=search-suggestions-lokasi&itm_source=organic&quickLabel=Bisa+Nego","Bisa Nego","https://www.rumah123.com/jual/cari/?location=jawa-tengah&itm_medium=search-suggestions-lokasi&itm_source=organic&quickLabel=Siap+Huni","Siap Huni","Rp 1,7 Miliar","Rp 8 Jutaan (Tenor 20 Tahun)","Rp 10 Jutaan (Tenor 15 Tahun)","https://www.rumah123.com/properti/solo-kartosuro/kos-strategis-area-ums-tinggal-meneruskan-lingkungan-kampus-kedokteran-kss233379/","Kos Strategis Area Ums Tinggal Meneruskan Lingkungan Kampus Kedokteran","Kartosuro, Solo","Kesempatan terbatas buat Anda dapatkan kost strategis dengan return investasi tinggi di Kartosuro, Solo.  Kost ini menawarkan kelengkapan fasilitas...","10","[object Object]","10","[object Object]","100 m²","LT:","210 m²","LB:","https://picture.rumah123.com/r123-images/250x250-fit/customer/4438277/404c1b452aac85ebddf7a37afe00e3fa.jpg","Diperbarui 1 minggu yang lalu oleh","Lia Imelda","+628821...","WhatsApp","","","https://pic.rumah123.com/r123/100x100-fit/logo/20190701123328_irea_solo.jpeg","https://www.rumah123.com/jual/cari/?location=jawa-tengah&itm_medium=search-suggestions-lokasi&itm_source=organic&quickLabel=Bebas+Banjir","Bebas Banjir","Featured"
"https://www.rumah123.com/portal-img/_next/image/?url=https%3A%2F%2Fpicture.rumah123.com%2Fr123-images%2F720x420-crop%2Fcustomer%2F657909%2F6b321d0bbb69e460c3ef9b8e3243bec9.jpg&w=3840&q=75","","","[object Object]","6","[object Object]","Tanah","","https://www.rumah123.com/jual/cari/?location=jawa-tengah&itm_medium=search-suggestions-lokasi&itm_source=organic&quickLabel=Dekat+Akses+Transportasi","Dekat Akses Transportasi","","","Rp 3,2 Miliar Total","Rp 15 Jutaan (Tenor 20 Tahun)","Rp 20 Jutaan (Tenor 15 Tahun)","https://www.rumah123.com/properti/klaten-jogonalan/tanah-dijual-di-klaten-dekat-exit-tol-prambanan-las9099365/","Tanah Dijual di Klaten Dekat Exit Tol Prambanan","Jogonalan, Klaten","Dijual Tanah di Jogonalan Klaten  Spesifikasi Utama Properti:   - Sertifikat: SHM - Sertifikat Hak Milik   - Luas Tanah 2.570m   - Lebar Depan 80m ...","","","","","2570 m²","LT:","","","https://picture.rumah123.com/r123-images/250x250-fit/customer/4438277/404c1b452aac85ebddf7a37afe00e3fa.jpg","Diperbarui 1 minggu yang lalu oleh","Lia Imelda","+628821...","WhatsApp","","","https://pic.rumah123.com/r123/100x100-fit/logo/20190701123328_irea_solo.jpeg","","","Featured"
"https://www.rumah123.com/portal-img/_next/image/?url=https%3A%2F%2Fpicture.rumah123.com%2Fr123-images%2F720x420-crop%2Fcustomer%2F705141%2Fd32a75132c42a8530cafe4127a624d17.jpg&w=3840&q=75","","","[object Object]","6","[object Object]","Tanah","","https://www.rumah123.com/jual/cari/?location=jawa-tengah&itm_medium=search-suggestions-lokasi&itm_source=organic&quickLabel=Bisa+Nego","Bisa Nego","https://www.rumah123.com/jual/cari/?location=jawa-tengah&itm_medium=search-suggestions-lokasi&itm_source=organic&quickLabel=Bebas+Banjir","Bebas Banjir","Rp 1,43 Miliar Total","Rp 7 Jutaan (Tenor 20 Tahun)","Rp 9 Jutaan (Tenor 15 Tahun)","https://www.rumah123.com/properti/solo-banjarsari/dijual-tanah-bonus-bangunan-solo-cocok-untuk-kost-area-kampus-las9138382/","Dijual Tanah Bonus Bangunan Solo Cocok untuk Kost Area Kampus","Banjarsari, Solo","Tanah di Banjarsari, Solo.  Dijual di wilayah yang strategis. Dengan rinciannya adalah sebagai berikut:   - Sertifikat: SHM - Sertifikat Hak Milik ...","","","","","569 m²","LT:","","","https://picture.rumah123.com/r123-images/250x250-fit/customer/4438277/404c1b452aac85ebddf7a37afe00e3fa.jpg","Diperbarui 1 minggu yang lalu oleh","Lia Imelda","+628821...","WhatsApp","","","https://pic.rumah123.com/r123/100x100-fit/logo/20190701123328_irea_solo.jpeg","https://www.rumah123.com/jual/cari/?location=jawa-tengah&itm_medium=search-suggestions-lokasi&itm_source=organic&quickLabel=Dekat+Sekolah","Dekat Sekolah","Featured"
"https://www.rumah123.com/portal-img/_next/image/?url=https%3A%2F%2Fpicture.rumah123.com%2Fr123-images%2F720x420-crop%2Fcustomer%2F71744%2F9e9661244d3b31d05fc8e966cef1c641.jpg&w=3840&q=75","","","[object Object]","14","[object Object]","Rumah","","","","","","Rp 7 Miliar","Rp 34 Jutaan (Tenor 20 Tahun)","Rp 44 Jutaan (Tenor 15 Tahun)","https://www.rumah123.com/properti/solo-banjarsari/rumah-mewah-dijual-solo-di-sumber-banjarsari-surakarta-hos41191294/","Rumah Mewah Dijual Solo di Sumber Banjarsari Surakarta","Banjarsari, Solo","Rumah dijual  solo tetangga  Pak jokowi Di Sumber Banjarsari Surakarta,  luas tanah  295, bangunan  2lantai, 5kamar,  5kamar  mandi, 2dapur, garasi...","5 + 1","[object Object]","5 + 1","[object Object]","295 m²","LT:","400 m²","LB:","https://picture.rumah123.com/r123-images/250x250-fit/customer/4438277/404c1b452aac85ebddf7a37afe00e3fa.jpg","Diperbarui 1 minggu yang lalu oleh","Lia Imelda","+628821...","WhatsApp","1 + 1","[object Object]","https://pic.rumah123.com/r123/100x100-fit/logo/20190701123328_irea_solo.jpeg","","","Featured"
"https://www.rumah123.com/portal-img/_next/image/?url=https%3A%2F%2Fpicture.rumah123.com%2Fr123-images%2F720x420-crop%2Fcustomer%2F71741%2F74713f3e43816eac24feb59e70faf929.jpg&w=3840&q=75","","","[object Object]","9","[object Object]","Apartemen","","https://www.rumah123.com/jual/cari/?location=jawa-tengah&itm_medium=search-suggestions-lokasi&itm_source=organic&quickLabel=Siap+Huni","Siap Huni","https://www.rumah123.com/jual/cari/?location=jawa-tengah&itm_medium=search-suggestions-lokasi&itm_source=organic&quickLabel=Dekat+Sekolah","Dekat Sekolah","Rp 550 Juta","Rp 2 Jutaan (Tenor 20 Tahun)","Rp 3 Jutaan (Tenor 15 Tahun)","https://www.rumah123.com/properti/solo-jebres/apartemen-area-kampus-uns-solo-full-furnished-aps7602762/","Apartemen Area Kampus Uns Solo Full Furnished","Jebres, Solo","Apartemen di Jebres.  Temukan apartemen 1 lantai yang asri ini,  dijual menghadirkan lingkungan fasilitas yang lengkap, cocok untuk Anda yang mengi...","1","[object Object]","1","[object Object]","22 m²","LB:","","","https://picture.rumah123.com/r123-images/250x250-fit/customer/4438277/404c1b452aac85ebddf7a37afe00e3fa.jpg","Diperbarui 1 minggu yang lalu oleh","Lia Imelda","+628821...","WhatsApp","","","https://pic.rumah123.com/r123/100x100-fit/logo/20190701123328_irea_solo.jpeg","https://www.rumah123.com/jual/cari/?location=jawa-tengah&itm_medium=search-suggestions-lokasi&itm_source=organic&quickLabel=Dekat+Fasilitas+Kesehatan","Dekat Fasilitas Kesehatan","Featured"
"https://www.rumah123.com/portal-img/_next/image/?url=https%3A%2F%2Fpicture.rumah123.com%2Fr123-images%2F720x420-crop%2Fcustomer%2F4400821%2F330f7e7ab7ea90cabd0e0c23d85d31bb.jpg&w=3840&q=75","","","[object Object]","6","[object Object]","Tanah","","https://www.rumah123.com/jual/cari/?location=jawa-tengah&itm_medium=search-suggestions-lokasi&itm_source=organic&quickLabel=Dekat+Akses+Transportasi","Dekat Akses Transportasi","","","Rp 1,9 Miliar Total","Rp 9 Jutaan (Tenor 20 Tahun)","Rp 11 Jutaan (Tenor 15 Tahun)","https://www.rumah123.com/properti/klaten-delanggu/tanah-klaten-dekat-exit-tol-klaten-las9136994/","Tanah Klaten Dekat Exit Tol Klaten","Delanggu, Klaten","Dijual Tanah Tanah di Delanggu Klaten  Spesifikasi Utama Properti:   - Sertifikat: SHM - Sertifikat Hak Milik   - Luas tanah 2.900m   - LD 17m  Sel...","","","","","2900 m²","LT:","","","https://picture.rumah123.com/r123-images/250x250-fit/customer/4447455/cd2d56a58293204a49666b405754d410.jpg","Diperbarui 1 minggu yang lalu oleh","Samuel Handoko","+628139...","WhatsApp","","","https://pic.rumah123.com/r123/100x100-fit/logo/20190701123328_irea_solo.jpeg","","","Featured"
"https://www.rumah123.com/portal-img/_next/image/?url=https%3A%2F%2Fpicture.rumah123.com%2Fr123-images%2F720x420-crop%2Fcustomer%2F4400820%2F294a8f529112472dcf62b1ed7fe38343.jpg&w=3840&q=75","","","","1","[object Object]","Rumah","","https://www.rumah123.com/jual/cari/?location=jawa-tengah&itm_medium=search-suggestions-lokasi&itm_source=organic&quickLabel=Dekat+Akses+Transportasi","Dekat Akses Transportasi","","","Rp 1,8 Miliar","Rp 8 Jutaan (Tenor 20 Tahun)","Rp 11 Jutaan (Tenor 15 Tahun)","https://www.rumah123.com/properti/klaten-klaten-utara/rumah-dijual-klaten-kota-dekat-gor-gelarsena-hos41191241/","Rumah Dijual Klaten Kota Dekat Gor Gelarsena","Klaten Utara, Klaten","Rumah dijual klaten kota , luas 280, luas bangunan  200, lebar  11, hm, hadap selatan,  3kamar,  2kamar mandi,  dapur,  garasi,  carport,  Harga 1,...","3","[object Object]","2","[object Object]","280 m²","LT:","200 m²","LB:","https://picture.rumah123.com/r123-images/250x250-fit/customer/4447455/cd2d56a58293204a49666b405754d410.jpg","Diperbarui 1 minggu yang lalu oleh","Samuel Handoko","+628139...","WhatsApp","1 + 1","[object Object]","https://pic.rumah123.com/r123/100x100-fit/logo/20190701123328_irea_solo.jpeg","","","Featured"
"https://www.rumah123.com/portal-img/_next/image/?url=https%3A%2F%2Fpicture.rumah123.com%2Fr123-images%2F720x420-crop%2Fcustomer%2F4437713%2F7e7edd581addcc7042f3932af12de8bc.jpg&w=3840&q=85","https://www.rumah123.com/portal-img/_next/image/?url=https%3A%2F%2Fpicture.rumah123.com%2Fr123-images%2F720x420-crop%2Fcustomer%2F4437713%2F6e9e405095c73eeb0cc5d4500800b319.jpg&w=3840&q=75","https://www.rumah123.com/portal-img/_next/image/?url=https%3A%2F%2Fpicture.rumah123.com%2Fr123-images%2F720x420-crop%2Fcustomer%2F4437713%2F81daf6cfccb3b71aebe55266645dd391.jpg&w=3840&q=75","[object Object]","3","[object Object]","Tanah","","https://www.rumah123.com/jual/cari/?location=jawa-tengah&itm_medium=search-suggestions-lokasi&itm_source=organic&quickLabel=Bisa+Nego","Bisa Nego","https://www.rumah123.com/jual/cari/?location=jawa-tengah&itm_medium=search-suggestions-lokasi&itm_source=organic&quickLabel=Bebas+Banjir","Bebas Banjir","Rp 7,1 Miliar Total","Rp 34 Jutaan (Tenor 20 Tahun)","Rp 44 Jutaan (Tenor 15 Tahun)","https://www.rumah123.com/properti/boyolali-boyolali-kota/tanah-dijual-lokasi-di-boyolali-jalan-pandanaran-boyolali-solo-jawa-tengah-las9160692/","Tanah Dijual Lokasi di Boyolali Jalan Pandanaran Boyolali Solo Jawa Tengah","Boyolali Kota, Boyolali","Tanah di Siswodipuran, Boyolali.  For sale di wilayah yang strategis. Dengan spesifikasinya adalah sebagai berikut:   - Sertifikat: SHM - Sertifika...","","","","","955 m²","LT:","","","https://picture.rumah123.com/r123-images/250x250-fit/customer/4447455/cd2d56a58293204a49666b405754d410.jpg","Diperbarui 1 minggu yang lalu oleh","Samuel Handoko","+628139...","WhatsApp","","","https://pic.rumah123.com/r123/100x100-fit/logo/20190701123328_irea_solo.jpeg","https://www.rumah123.com/jual/cari/?location=jawa-tengah&itm_medium=search-suggestions-lokasi&itm_source=organic&quickLabel=Dekat+Tempat+Ibadah","Dekat Tempat Ibadah","Featured"
"https://www.rumah123.com/portal-img/_next/image/?url=https%3A%2F%2Fpicture.rumah123.com%2Fr123-images%2F720x420-crop%2Fcustomer%2F657909%2F08767f0ef49be89b06881a2a0b7e052a.jpg&w=3840&q=75","https://www.rumah123.com/portal-img/_next/image/?url=https%3A%2F%2Fpicture.rumah123.com%2Fr123-images%2F720x420-crop%2Fcustomer%2F657909%2Faa8d6aa615f68460b7176d905ec68526.jpg&w=3840&q=75","https://www.rumah123.com/portal-img/_next/image/?url=https%3A%2F%2Fpicture.rumah123.com%2Fr123-images%2F720x420-crop%2Fcustomer%2F657909%2Fc14c2946c2080a980fc3da5dfdfcf02e.jpg&w=3840&q=75","[object Object]","3","[object Object]","Tanah","","","","","","Rp 2,2 Miliar Total","Rp 10 Jutaan (Tenor 20 Tahun)","Rp 13 Jutaan (Tenor 15 Tahun)","https://www.rumah123.com/properti/klaten-tulung/tanah-klaten-dekat-umbul-cokro-las9160626/","Tanah Klaten Dekat Umbul Cokro","Tulung, Klaten","Dijual Tanah di Klaten  Spesifikasi Utama Properti:   - Sertifikat: SHM - Sertifikat Hak Milik   - Luas Tanah 1.850m   - LD 21m  Selling Point - 5 ...","","","","","1850 m²","LT:","","","https://picture.rumah123.com/r123-images/250x250-fit/customer/4447455/cd2d56a58293204a49666b405754d410.jpg","Diperbarui 1 minggu yang lalu oleh","Samuel Handoko","+628139...","WhatsApp","","","https://pic.rumah123.com/r123/100x100-fit/logo/20190701123328_irea_solo.jpeg","","","Featured"
"https://www.rumah123.com/portal-img/_next/image/?url=https%3A%2F%2Fpicture.rumah123.com%2Fr123-images%2F720x420-crop%2Fcustomer%2F657921%2F6c633b17666d4fe4ce8ae500541c8c68.jpg&w=3840&q=75","https://www.rumah123.com/portal-img/_next/image/?url=https%3A%2F%2Fpicture.rumah123.com%2Fr123-images%2F720x420-crop%2Fcustomer%2F657921%2F1a75e8dcb20d7969f2a6cbab1047c61f.jpg&w=3840&q=75","https://www.rumah123.com/portal-img/_next/image/?url=https%3A%2F%2Fpicture.rumah123.com%2Fr123-images%2F720x420-crop%2Fcustomer%2F657921%2Feb29bd86e6ebed1e56e35646091e0aca.jpg&w=3840&q=75","[object Object]","9","[object Object]","Rumah","","https://www.rumah123.com/jual/cari/?location=jawa-tengah&itm_medium=search-suggestions-lokasi&itm_source=organic&quickLabel=Dekat+Pusat+Perbelanjaan","Dekat Pusat Perbelanjaan","https://www.rumah123.com/jual/cari/?location=jawa-tengah&itm_medium=search-suggestions-lokasi&itm_source=organic&quickLabel=Dekat+Tempat+Wisata","Dekat Tempat Wisata","Rp 525 Juta","Rp 2 Jutaan (Tenor 20 Tahun)","Rp 3 Jutaan (Tenor 15 Tahun)","https://www.rumah123.com/properti/boyolali-pulisen/dijual-rumah-boyolali-dekat-simpang-lima-boyolali-hos41191555/","Dijual Rumah Boyolali Dekat Simpang Lima Boyolali","Pulisen, Boyolali","Rumah Dijual di Boyolali Dekat Simpang Lima Boyolali  Detail Properti ini adalah:    - Kamar Tidur: 3   - Kamar Mandi: 2   - Sertifikat: SHM - Sert...","3","[object Object]","2","[object Object]","205 m²","LT:","142 m²","LB:","https://picture.rumah123.com/r123-images/250x250-fit/customer/4447455/cd2d56a58293204a49666b405754d410.jpg","Diperbarui 1 minggu yang lalu oleh","Samuel Handoko","+628139...","WhatsApp","1 + 2","[object Object]","https://pic.rumah123.com/r123/100x100-fit/logo/20190701123328_irea_solo.jpeg","","","Featured"
"https://www.rumah123.com/portal-img/_next/image/?url=https%3A%2F%2Fpicture.rumah123.com%2Fr123-images%2F720x420-crop%2Fcustomer%2F657909%2F6b321d0bbb69e460c3ef9b8e3243bec9.jpg&w=3840&q=75","https://www.rumah123.com/portal-img/_next/image/?url=https%3A%2F%2Fpicture.rumah123.com%2Fr123-images%2F720x420-crop%2Fcustomer%2F657909%2F64f700482a84622e8fef53525e7426d0.jpg&w=3840&q=75","https://www.rumah123.com/portal-img/_next/image/?url=https%3A%2F%2Fpicture.rumah123.com%2Fr123-images%2F720x420-crop%2Fcustomer%2F657909%2F8245d1f35d0476d07cea78dcf9310621.jpg&w=3840&q=75","[object Object]","6","[object Object]","Tanah","","https://www.rumah123.com/jual/cari/?location=jawa-tengah&itm_medium=search-suggestions-lokasi&itm_source=organic&quickLabel=Dekat+Akses+Transportasi","Dekat Akses Transportasi","","","Rp 3,2 Miliar Total","Rp 15 Jutaan (Tenor 20 Tahun)","Rp 20 Jutaan (Tenor 15 Tahun)","https://www.rumah123.com/properti/klaten-jogonalan/tanah-dijual-di-klaten-dekat-exit-tol-prambanan-las9137099/","Tanah Dijual di Klaten Dekat Exit Tol Prambanan","Jogonalan, Klaten","Dijual Tanah di Jogonalan Klaten  Spesifikasi Utama Properti:   - Sertifikat: SHM - Sertifikat Hak Milik   - Luas Tanah 2.570m   - Lebar Depan 80m ...","","","","","2570 m²","LT:","","","https://picture.rumah123.com/r123-images/250x250-fit/customer/4447455/cd2d56a58293204a49666b405754d410.jpg","Diperbarui 1 minggu yang lalu oleh","Samuel Handoko","+628139...","WhatsApp","","","https://pic.rumah123.com/r123/100x100-fit/logo/20190701123328_irea_solo.jpeg","","","Featured"
"https://www.rumah123.com/portal-img/_next/image/?url=https%3A%2F%2Fpicture.rumah123.com%2Fr123-images%2F720x420-crop%2Fcustomer%2F4400821%2Fe2cd9f414f5904118075fbfceb881673.jpg&w=3840&q=75","https://www.rumah123.com/portal-img/_next/image/?url=https%3A%2F%2Fpicture.rumah123.com%2Fr123-images%2F720x420-crop%2Fcustomer%2F4400821%2F72620120e38393b3ba0e5e645a8f4b1c.jpg&w=3840&q=75","https://www.rumah123.com/portal-img/_next/image/?url=https%3A%2F%2Fpicture.rumah123.com%2Fr123-images%2F720x420-crop%2Fcustomer%2F4400821%2Fa31cf4363beb0e2d5f629570c17ebe69.jpg&w=3840&q=75","[object Object]","4","[object Object]","Tanah","","https://www.rumah123.com/jual/cari/?location=jawa-tengah&itm_medium=search-suggestions-lokasi&itm_source=organic&quickLabel=Dekat+Fasilitas+Kesehatan","Dekat Fasilitas Kesehatan","","","Rp 2,7 Miliar Total","Rp 13 Jutaan (Tenor 20 Tahun)","Rp 17 Jutaan (Tenor 15 Tahun)","https://www.rumah123.com/properti/karanganyar-jaten/dijual-tanah-solo-dekat-rs-husada-las9160689/","Dijual Tanah Solo Dekat Rs Husada","Jaten, Karanganyar","Dijual Tanah di Jaten Karanganyar  Spesifikasi Utama Properti:   - Sertifikat: SHM - Sertifikat Hak Milik   - Luas Tanah 600m   - hadap barat, Sela...","","","","","600 m²","LT:","","","https://picture.rumah123.com/r123-images/250x250-fit/customer/4447455/cd2d56a58293204a49666b405754d410.jpg","Diperbarui 5 hari yang lalu oleh","Samuel Handoko","+628139...","WhatsApp","","","https://pic.rumah123.com/r123/100x100-fit/logo/20190701123328_irea_solo.jpeg","","","Featured"
"https://www.rumah123.com/portal-img/_next/image/?url=https%3A%2F%2Fpicture.rumah123.com%2Fr123-images%2F720x420-crop%2Fcustomer%2F4437713%2F1df13e85b74ef835518a9747a1d18bd8.jpg&w=3840&q=75","https://www.rumah123.com/portal-img/_next/image/?url=https%3A%2F%2Fpicture.rumah123.com%2Fr123-images%2F720x420-crop%2Fcustomer%2F4437713%2Fcd9e51591206b209e74d8922266b0299.jpg&w=3840&q=75","https://www.rumah123.com/portal-img/_next/image/?url=https%3A%2F%2Fpicture.rumah123.com%2Fr123-images%2F720x420-crop%2Fcustomer%2F4437713%2F340a0177eaf7a91a4d8c5d9bd446b8ff.jpg&w=3840&q=75","[object Object]","12","[object Object]","Rumah","","https://www.rumah123.com/jual/cari/?location=jawa-tengah&itm_medium=search-suggestions-lokasi&itm_source=organic&quickLabel=Bisa+Nego","Bisa Nego","https://www.rumah123.com/jual/cari/?location=jawa-tengah&itm_medium=search-suggestions-lokasi&itm_source=organic&quickLabel=Siap+Huni","Siap Huni","Rp 1,2 Miliar","Rp 5 Jutaan (Tenor 20 Tahun)","Rp 7 Jutaan (Tenor 15 Tahun)","https://www.rumah123.com/properti/boyolali-winong/dijual-rumah-vintage-di-solo-area-kecamatan-boyolali-hos41195831/","Dijual Rumah Vintage di Solo Area Kecamatan Boyolali","Winong, Boyolali","Rumah 1 lantai di Winong, Boyolali.  Dijual rumah di wilayah yang nyaman. Properti 1 lantai ini berada di lingkungan yang mudah dijangkau.  Spesifi...","5","[object Object]","2","[object Object]","200 m²","LT:","200 m²","LB:","https://picture.rumah123.com/r123-images/250x250-fit/customer/4447455/cd2d56a58293204a49666b405754d410.jpg","Diperbarui 1 minggu yang lalu oleh","Samuel Handoko","+628139...","WhatsApp","1","[object Object]","https://pic.rumah123.com/r123/100x100-fit/logo/20190701123328_irea_solo.jpeg","https://www.rumah123.com/jual/cari/?location=jawa-tengah&itm_medium=search-suggestions-lokasi&itm_source=organic&quickLabel=Bebas+Banjir","Bebas Banjir","Featured"
"https://www.rumah123.com/portal-img/_next/image/?url=https%3A%2F%2Fpicture.rumah123.com%2Fr123-images%2F720x420-crop%2Fcustomer%2F1823793%2F2023-10-21-15-44-50-8abce3dd-dd44-4a32-b04f-d8b0b9eb844e.jpg&w=3840&q=75","https://www.rumah123.com/portal-img/_next/image/?url=https%3A%2F%2Fpicture.rumah123.com%2Fr123-images%2F720x420-crop%2Fcustomer%2F1823793%2F2023-10-21-15-42-55-cd38cdfd-b838-424b-90d6-dab5597520d1.jpg&w=3840&q=75","https://www.rumah123.com/portal-img/_next/image/?url=https%3A%2F%2Fpicture.rumah123.com%2Fr123-images%2F720x420-crop%2Fcustomer%2F1823793%2F2023-10-21-15-44-49-480b224e-647b-4b5b-b327-e0b949dcac2c.jpg&w=3840&q=75","[object Object]","8","[object Object]","Tanah","","https://www.rumah123.com/jual/cari/?location=jawa-tengah&itm_medium=search-suggestions-lokasi&itm_source=organic&quickLabel=Dekat+Sekolah","Dekat Sekolah","","","Rp 18,1 Miliar Total","Rp 88 Jutaan (Tenor 20 Tahun)","Rp 113 Jutaan (Tenor 15 Tahun)","https://www.rumah123.com/properti/salatiga-sidorejo/dijual-termurah-property-di-jl-diponegoro-kota-salatiga-las3916327/","Dijual Termurah Property Di Jl Diponegoro Kota Salatiga","Sidorejo, Salatiga","Property di JL Diponegoro  Raya Salatiga. luas 3292m, SHM, lebar 35m, harga 5.5jt/m nego Sangat2 bagus untuk usaha anda.. Depan nya nasmoco, deket ...","","","","","3292 m²","LT:","","","","Diperbarui 2 minggu yang lalu oleh","Denny Property Semarang","+628562...","WhatsApp","","","https://pic.rumah123.com/r123/100x100-fit/logo/20240130021107_peduli_property.jpeg","","","Featured"
"https://www.rumah123.com/portal-img/_next/image/?url=https%3A%2F%2Fpicture.rumah123.com%2Fr123-images%2F720x420-crop%2Fcustomer%2F71783%2F833aa15546f23d71d4fb9fc35feeb405.jpg&w=3840&q=75","https://www.rumah123.com/portal-img/_next/image/?url=https%3A%2F%2Fpicture.rumah123.com%2Fr123-images%2F720x420-crop%2Fcustomer%2F71783%2F30b55b32c87025ef52cbde37376b8815.jpg&w=3840&q=75","https://www.rumah123.com/portal-img/_next/image/?url=https%3A%2F%2Fpicture.rumah123.com%2Fr123-images%2F720x420-crop%2Fcustomer%2F71783%2F36ced62ed6a557b205458b001107f3bd.jpg&w=3840&q=75","[object Object]","6","[object Object]","Rumah","","","","","","Rp 11,5 Miliar","Rp 56 Jutaan (Tenor 20 Tahun)","Rp 72 Jutaan (Tenor 15 Tahun)","https://www.rumah123.com/properti/semarang-semarang-tengah/dijual-dibawah-njop-rumah-di-jl-mt-haryono-raya-semarang-hadap-timur-hos40123282/","Dijual Dibawah NJOP Rumah di Jl. Mt. Haryono (Mataram) Semarang (Hadap Timur)","Semarang Tengah, Semarang","Dijual rumah di Jl. MT. HARYONO Raya  SEMARANG (hadap Timur)  #. LUAS 488m,  lebar 12m #. SERTIFIKAT HM dan  HGB (2027) #. LISTRIK 2200watt (pasca ...","4","[object Object]","3","[object Object]","488 m²","LT:","600 m²","LB:","","Diperbarui 2 minggu yang lalu oleh","Denny Property Semarang","+628562...","WhatsApp","1 + 1","[object Object]","https://pic.rumah123.com/r123/100x100-fit/logo/20240130021107_peduli_property.jpeg","","","Featured"
"https://www.rumah123.com/portal-img/_next/image/?url=https%3A%2F%2Fpicture.rumah123.com%2Fr123-images%2F720x420-crop%2Fcustomer%2F71783%2F4f2747933501f853518fe18c2a42d640.jpg&w=3840&q=75","https://www.rumah123.com/portal-img/_next/image/?url=https%3A%2F%2Fpicture.rumah123.com%2Fr123-images%2F720x420-crop%2Fcustomer%2F1823793%2F2023-10-12-05-23-56-4efc345e-2cce-42c5-bfbd-3fdf7586add2.jpg&w=3840&q=75","https://www.rumah123.com/portal-img/_next/image/?url=https%3A%2F%2Fpicture.rumah123.com%2Fr123-images%2F720x420-crop%2Fcustomer%2F1823793%2F2023-10-12-05-23-49-ccd5cebc-3cbf-405b-a704-021ffa4f7868.jpg&w=3840&q=75","[object Object]","14","[object Object]","Gudang","","https://www.rumah123.com/jual/cari/?location=jawa-tengah&itm_medium=search-suggestions-lokasi&itm_source=organic&quickLabel=Siap+Huni","Siap Huni","https://www.rumah123.com/jual/cari/?location=jawa-tengah&itm_medium=search-suggestions-lokasi&itm_source=organic&quickLabel=Dekat+Pusat+Perbelanjaan","Dekat Pusat Perbelanjaan","Rp 12 Miliar Total","Rp 58 Jutaan (Tenor 20 Tahun)","Rp 75 Jutaan (Tenor 15 Tahun)","https://www.rumah123.com/properti/semarang-genuk/dijual-gudang-di-kh-zaenudin-karang-roto-semarang-was4126320/","Dijual Gudang di Kh Zaenudin Karangroto Sayung Kaligawe Semarang","Genuk, Semarang","Dijual gudang di KH Zaenudin Karang Roto Semarang luas 3100m, bangunan 2200m, SHM bagus dan siap pakai, deket dengan pasar Sayung, LIK, SuperIndo  ...","4","[object Object]","","","3100 m²","LT:","2200 m²","LB:","","Diperbarui 2 minggu yang lalu oleh","Denny Property Semarang","+628562...","WhatsApp","","","https://pic.rumah123.com/r123/100x100-fit/logo/20240130021107_peduli_property.jpeg","","","Featured"
"https://www.rumah123.com/portal-img/_next/image/?url=https%3A%2F%2Fpicture.rumah123.com%2Fr123-images%2F720x420-crop%2Fcustomer%2F71783%2Fb8979efed91b65c945f6abbc31ddf564.jpg&w=3840&q=75","https://www.rumah123.com/portal-img/_next/image/?url=https%3A%2F%2Fpicture.rumah123.com%2Fr123-images%2F720x420-crop%2Fcustomer%2F71783%2Fdf75c7b357ecee28ec1d50d8e12ab54e.jpg&w=3840&q=75","https://www.rumah123.com/portal-img/_next/image/?url=https%3A%2F%2Fpicture.rumah123.com%2Fr123-images%2F720x420-crop%2Fcustomer%2F71783%2Fa9466a8d9fa3ce185fd81740fb25b493.jpg&w=3840&q=75","[object Object]","6","[object Object]","Rumah","","","","","","Rp 32 Miliar","Rp 157 Jutaan (Tenor 20 Tahun)","Rp 201 Jutaan (Tenor 15 Tahun)","https://www.rumah123.com/properti/semarang-kampung-kali/dijual-cepat-termurah-rumah-ngantong-di-jl-mayjend-sutoyo-kampung-kali-semarang-luasnya-865m-hos40261603/","Dijual Cepat (Termurah) Rumah Ngantong di Jl Mayjend Sutoyo (Kampung Kali) Semarang Luasnya 865M","Kampung Kali, Semarang","Dijual rumah di JL Mayjen sutoyo (KP Kali) semarang  luasnya  865 m2, SHM,. . . Harga 32M Negotiable  . . Minat ?? Telp : 0856266xxxx . .  @dennypr...","3","[object Object]","1","[object Object]","865 m²","LT:","600 m²","LB:","","Diperbarui 2 minggu yang lalu oleh","Denny Property Semarang","+628562...","WhatsApp","1 + 1","[object Object]","https://pic.rumah123.com/r123/100x100-fit/logo/20240130021107_peduli_property.jpeg","","","Featured"
"https://www.rumah123.com/portal-img/_next/image/?url=https%3A%2F%2Fpicture.rumah123.com%2Fr123-images%2F720x420-crop%2Fcustomer%2F71783%2F818beef80ba7adcd8d755854d4da0513.jpg&w=3840&q=75","https://www.rumah123.com/portal-img/_next/image/?url=https%3A%2F%2Fpicture.rumah123.com%2Fr123-images%2F720x420-crop%2Fcustomer%2F71783%2F1fcfd4ad39ae7db215c0ac2c4d6a35a7.jpg&w=3840&q=75","https://www.rumah123.com/portal-img/_next/image/?url=https%3A%2F%2Fpicture.rumah123.com%2Fr123-images%2F720x420-crop%2Fcustomer%2F71783%2F15d66cd12e8764267c5b2bca9f24f1eb.jpg&w=3840&q=75","[object Object]","5","[object Object]","Rumah","","","","","","Rp 35 Miliar","Rp 171 Jutaan (Tenor 20 Tahun)","Rp 220 Jutaan (Tenor 15 Tahun)","https://www.rumah123.com/properti/semarang-simpang-lima/dijual-rumah-ruko-di-jl-ahmad-yani-raya-s-e-m-a-r-a-n-g-hos39254499/","Dijual Rumah / Ruko Di Jl Ahmad Yani Raya... S E M A R A N G","Simpang Lima, Semarang","Dijual rumah / ruko di JL Ahmad Yani Raya... Semarang  Luas 578m . . Harga 35M Negotiable  . . .  Bertempat ditempat yg enak dan tidak banjir  @den...","2","[object Object]","3","[object Object]","578 m²","LT:","400 m²","LB:","","Diperbarui 2 minggu yang lalu oleh","Denny Property Semarang","+628562...","WhatsApp","2 + 1","[object Object]","https://pic.rumah123.com/r123/100x100-fit/logo/20240130021107_peduli_property.jpeg","","","Featured"
"https://www.rumah123.com/portal-img/_next/image/?url=https%3A%2F%2Fpicture.rumah123.com%2Fr123-images%2F720x420-crop%2Fcustomer%2F71783%2F977166e3858c6bd6861517993c0660be.jpg&w=3840&q=75","https://www.rumah123.com/portal-img/_next/image/?url=https%3A%2F%2Fpicture.rumah123.com%2Fr123-images%2F720x420-crop%2Fcustomer%2F71783%2Fffe404ed4a44d8b42366fb2becdcd800.jpg&w=3840&q=75","https://www.rumah123.com/portal-img/_next/image/?url=https%3A%2F%2Fpicture.rumah123.com%2Fr123-images%2F720x420-crop%2Fcustomer%2F71783%2F2024-04-28-09-16-51-6f456c44-1b96-45b5-b6ca-88577e6d6bf4.jpg&w=3840&q=75","[object Object]","9","[object Object]","Gudang","","https://www.rumah123.com/jual/cari/?location=jawa-tengah&itm_medium=search-suggestions-lokasi&itm_source=organic&quickLabel=Dekat+Pusat+Perbelanjaan","Dekat Pusat Perbelanjaan","https://www.rumah123.com/jual/cari/?location=jawa-tengah&itm_medium=search-suggestions-lokasi&itm_source=organic&quickLabel=Dekat+Sekolah","Dekat Sekolah","Rp 12 Juta /m²","Rp 60 Ribuan /m² (Tenor 20 Tahun)","Rp 80 Ribuan /m² (Tenor 15 Tahun)","https://www.rumah123.com/properti/semarang-semarang-tengah/dijual-murah-bu-property-di-jl-jendral-sudirman-raya-semarang-was4127962/","Dijual Jauh Dibawah NJOP, Property.. di Jl Jendral Sudirman Raya Semarang","Semarang Tengah, Semarang","Dijual murah ... BU property sangat strategies.. di JL Jendral Sudirman Raya Semarang luas 2868m, SHM, Deket dengan SuperIndo, Bank BRI, BCA dll . ...","2","[object Object]","1","[object Object]","2868 m²","LT:","1000 m²","LB:","","Diperbarui 2 minggu yang lalu oleh","Denny Property Semarang","+628562...","WhatsApp","","","https://pic.rumah123.com/r123/100x100-fit/logo/20240130021107_peduli_property.jpeg","","","Featured"
"https://www.rumah123.com/portal-img/_next/image/?url=https%3A%2F%2Fpicture.rumah123.com%2Fr123-images%2F720x420-crop%2Fcustomer%2F1183566%2Fbf1c80edc085c69d6d4ec7d0cc9fd420.jpg&w=3840&q=75","","","","1","[object Object]","Tanah","","https://www.rumah123.com/jual/cari/?location=jawa-tengah&itm_medium=search-suggestions-lokasi&itm_source=organic&quickLabel=Cocok+untuk+kost","Cocok untuk kost","","","Rp 12,1 Miliar Total","Rp 59 Jutaan (Tenor 20 Tahun)","Rp 76 Jutaan (Tenor 15 Tahun)","https://www.rumah123.com/properti/semarang-ngaliyan/tanah-strategis-kawasan-industri-candi-semarang-blok-depan-las8926570/","Tanah Strategis Kawasan Industri Candi Semarang Blok Depan","Ngaliyan, Semarang","Dijual Tanah di KIC Gatsu Semarang  Luas Tanah 2693m²  Harga 4,5 juta/meter","","","","","2693 m²","LT:","","","https://pic.rumah123.com/r123/250x250-fit/photo/1183566/11835661715592569.jpg","Diperbarui 5 hari yang lalu oleh","Okta Property","+628213...","WhatsApp","","","https://pic.rumah123.com/r123/100x100-fit/logo/20201202052029_hepi_property.jpeg","","","Featured"
"https://www.rumah123.com/portal-img/_next/image/?url=https%3A%2F%2Fpicture.rumah123.com%2Fr123-images%2F720x420-crop%2Fcustomer%2F632999%2Ffd8549e36012f3b22eba517f4105dff7.jpg&w=3840&q=75","https://www.rumah123.com/portal-img/_next/image/?url=https%3A%2F%2Fpicture.rumah123.com%2Fr123-images%2F720x420-crop%2Fcustomer%2F632999%2Fd8f0c6acf94fd709e3e94d48acef49d3.jpg&w=3840&q=75","https://www.rumah123.com/portal-img/_next/image/?url=https%3A%2F%2Fpicture.rumah123.com%2Fr123-images%2F720x420-crop%2Fcustomer%2F632999%2F49e7db716e0a7a87b8bd36cef3bc5b57.jpg&w=3840&q=75","[object Object]","19","[object Object]","Rumah","","https://www.rumah123.com/jual/cari/?location=jawa-tengah&itm_medium=search-suggestions-lokasi&itm_source=organic&quickLabel=Dekat+Pusat+Perbelanjaan","Dekat Pusat Perbelanjaan","https://www.rumah123.com/jual/cari/?location=jawa-tengah&itm_medium=search-suggestions-lokasi&itm_source=organic&quickLabel=Clean+%26+Clear","Clean & Clear","Rp 2,2 Miliar","Rp 10 Jutaan (Tenor 20 Tahun)","Rp 13 Jutaan (Tenor 15 Tahun)","https://www.rumah123.com/properti/solo-banjarsari/rumah-mewah-modern-2lt-dekat-paragon-mall-mangkubumen-solo-hos15375654/","Rumah Mewah 2 LT Baru Selangkah Mall Paragon Solo","Banjarsari, Solo","Kode MA : ER  005764  Type Listing: Jual Cepat  Type Property : Rumah Baru Mewah Modern Tengah Solo Kota Dekat Solo Paragon Mall Lokasi: Mangkubume...","4 + 1","[object Object]","4 + 1","[object Object]","110 m²","LT:","185 m²","LB:","https://picture.rumah123.com/r123-images/250x250-fit/customer/632999/784e1757f79fd187ce2477e2518aeaa7.jpg","Diperbarui 1 minggu yang lalu oleh","Darmadi Buyer Bebas Fee","+628121...","WhatsApp","1 + 1","[object Object]","https://pic.rumah123.com/r123/100x100-fit/logo/4770_logosubcomp.jpg","","","Featured"
"https://www.rumah123.com/portal-img/_next/image/?url=https%3A%2F%2Fpicture.rumah123.com%2Fr123-images%2F720x420-crop%2Fcustomer%2F632999%2F2024-03-13-01-00-07-0e71c4ee-c691-42a5-9a8e-d9f4575d85ac.jpg&w=3840&q=75","https://www.rumah123.com/portal-img/_next/image/?url=https%3A%2F%2Fpicture.rumah123.com%2Fr123-images%2F720x420-crop%2Fcustomer%2F632999%2F2024-03-13-01-00-07-7f8262a0-76fd-441f-9f30-eb8c77c77efa.jpg&w=3840&q=75","https://www.rumah123.com/portal-img/_next/image/?url=https%3A%2F%2Fpicture.rumah123.com%2Fr123-images%2F720x420-crop%2Fcustomer%2F632999%2F2024-03-13-01-00-08-1f2791c3-eb38-43dd-975a-fac2644bce05.jpg&w=3840&q=75","[object Object]","11","[object Object]","Ruang Usaha","","https://www.rumah123.com/jual/cari/?location=jawa-tengah&itm_medium=search-suggestions-lokasi&itm_source=organic&quickLabel=Bisa+Nego","Bisa Nego","https://www.rumah123.com/jual/cari/?location=jawa-tengah&itm_medium=search-suggestions-lokasi&itm_source=organic&quickLabel=Clean+%26+Clear","Clean & Clear","Rp 7 Miliar Total","Rp 34 Jutaan (Tenor 20 Tahun)","Rp 44 Jutaan (Tenor 15 Tahun)","https://www.rumah123.com/properti/sukoharjo-polokarto/usaha-ternak-ayam-aktif-luas-2-ha-murah-di-polokarto-sukoharjo-css4062244/","Usaha Ternak Ayam Aktif Luas ± 2 Ha Murah di Polokarto Sukoharjo","Polokarto, Sukoharjo","HARGA TURUN  || USAHA TERNAK AYAM AKTIF LT 17.371 m²  HARGA NEGO DI POLOKARTO MOJOLABAN SUKOHARJO   Kode : DR 013130  Type : JUAL CEPAT  Type : Us...","3","[object Object]","4","[object Object]","17351 m²","LT:","5000 m²","LB:","https://picture.rumah123.com/r123-images/250x250-fit/customer/632999/784e1757f79fd187ce2477e2518aeaa7.jpg","Diperbarui 1 minggu yang lalu oleh","Darmadi Buyer Bebas Fee","+628121...","WhatsApp","","","https://pic.rumah123.com/r123/100x100-fit/logo/4770_logosubcomp.jpg","","","Featured"
"https://www.rumah123.com/portal-img/_next/image/?url=https%3A%2F%2Fpicture.rumah123.com%2Fr123-images%2F720x420-crop%2Fcustomer%2F632999%2F61b1def72e47937a02fda5c42f5eeb5f.jpg&w=3840&q=75","https://www.rumah123.com/portal-img/_next/image/?url=https%3A%2F%2Fpicture.rumah123.com%2Fr123-images%2F720x420-crop%2Fcustomer%2F632999%2Fe8c261e4eb0d651800b95d97be5071a0.jpg&w=3840&q=75","https://www.rumah123.com/portal-img/_next/image/?url=https%3A%2F%2Fpicture.rumah123.com%2Fr123-images%2F720x420-crop%2Fcustomer%2F632999%2F3caec3e9a2aa829390b1a434b1325e14.jpg&w=3840&q=75","[object Object]","8","[object Object]","Gudang","","https://www.rumah123.com/jual/cari/?location=jawa-tengah&itm_medium=search-suggestions-lokasi&itm_source=organic&quickLabel=Dekat+Akses+Transportasi","Dekat Akses Transportasi","https://www.rumah123.com/jual/cari/?location=jawa-tengah&itm_medium=search-suggestions-lokasi&itm_source=organic&quickLabel=Dekat+Sekolah","Dekat Sekolah","Rp 7,5 Miliar Total","Rp 36 Jutaan (Tenor 20 Tahun)","Rp 47 Jutaan (Tenor 15 Tahun)","https://www.rumah123.com/properti/boyolali-ngemplak/gudang-strategis-hitung-tanah-dekat-exit-tol-solo-was9696654/","Gudang Strategis Hitung Tanah Dekat Exit Tol Solo","Ngemplak, Boyolali","#Super Hot List..   Kode MA : YA 016341  Type Listing : JUAL CEPAT Type Properti : Gudang produksi akses container bonus mesin pelet dekat tol gate...","2","[object Object]","","","1600 m²","LT:","1300 m²","LB:","https://picture.rumah123.com/r123-images/250x250-fit/customer/632999/784e1757f79fd187ce2477e2518aeaa7.jpg","Diperbarui 1 minggu yang lalu oleh","Darmadi Buyer Bebas Fee","+628121...","WhatsApp","","","https://pic.rumah123.com/r123/100x100-fit/logo/4770_logosubcomp.jpg","","","Featured"
"https://www.rumah123.com/portal-img/_next/image/?url=https%3A%2F%2Fpicture.rumah123.com%2Fr123-images%2F720x420-crop%2Fcustomer%2F4370712%2F1c324713a1b49c1f9eda9ab26d90e308.jpg&w=3840&q=75","https://www.rumah123.com/portal-img/_next/image/?url=https%3A%2F%2Fpicture.rumah123.com%2Fr123-images%2F720x420-crop%2Fcustomer%2F4370712%2F2bc9d4b2ef442994df7aba9adc828abe.png&w=3840&q=75","https://www.rumah123.com/portal-img/_next/image/?url=https%3A%2F%2Fpicture.rumah123.com%2Fr123-images%2F720x420-crop%2Fcustomer%2F4370712%2Fedf0f04ddc58576f59f3b2be49b7ba44.png&w=3840&q=75","[object Object]","4","[object Object]","Tanah","","https://www.rumah123.com/jual/cari/?location=jawa-tengah&itm_medium=search-suggestions-lokasi&itm_source=organic&quickLabel=Siap+Huni","Siap Huni","https://www.rumah123.com/jual/cari/?location=jawa-tengah&itm_medium=search-suggestions-lokasi&itm_source=organic&quickLabel=Dekat+Akses+Transportasi","Dekat Akses Transportasi","Rp 3,63 Miliar Total","Rp 17 Jutaan (Tenor 20 Tahun)","Rp 22 Jutaan (Tenor 15 Tahun)","https://www.rumah123.com/properti/salatiga-argomulyo/tanah-bagus-luas-siap-pakai-di-jalan-raya-salatiga-las9163977/","Tanah Bagus Luas Siap Pakai di Jalan Raya Salatiga","Argomulyo, Salatiga","Tanah Bagus Luas Siap Pakai di Jalan Raya Salatiga  Luas Tanah 726 (12 x 60,5)  SHM Hadap Timur   Universitas Universitas Dian Nuswantoro - 20 meni...","","","","","726 m²","LT:","","","https://pic.rumah123.com/r123/250x250-fit/photo/4370712/43707121751468657.jpg","Diperbarui 1 minggu yang lalu oleh","Fenny Lfang","+628122...","WhatsApp","","","https://pic.rumah123.com/r123/100x100-fit/logo/11318_logosubcomp.jpg","https://www.rumah123.com/jual/cari/?location=jawa-tengah&itm_medium=search-suggestions-lokasi&itm_source=organic&quickLabel=Dekat+Pusat+Perbelanjaan","Dekat Pusat Perbelanjaan","Featured"
"https://www.rumah123.com/portal-img/_next/image/?url=https%3A%2F%2Fpicture.rumah123.com%2Fr123-images%2F720x420-crop%2Fcustomer%2F4370712%2F74c226566eae45341a82fd0c7ef92de2.jpg&w=3840&q=75","https://www.rumah123.com/portal-img/_next/image/?url=https%3A%2F%2Fpicture.rumah123.com%2Fr123-images%2F720x420-crop%2Fcustomer%2F4370712%2F47177bf062adce77f0cef5c74d6ef73e.jpg&w=3840&q=75","https://www.rumah123.com/portal-img/_next/image/?url=https%3A%2F%2Fpicture.rumah123.com%2Fr123-images%2F720x420-crop%2Fcustomer%2F4370712%2Ff42b94fb8a96e97abd2ce493d227e260.jpg&w=3840&q=75","[object Object]","5","[object Object]","Tanah","","https://www.rumah123.com/jual/cari/?location=jawa-tengah&itm_medium=search-suggestions-lokasi&itm_source=organic&quickLabel=Dekat+Pusat+Perbelanjaan","Dekat Pusat Perbelanjaan","https://www.rumah123.com/jual/cari/?location=jawa-tengah&itm_medium=search-suggestions-lokasi&itm_source=organic&quickLabel=Cocok+untuk+usaha","Cocok untuk usaha","Rp 4 Miliar Total","Rp 19 Jutaan (Tenor 20 Tahun)","Rp 25 Jutaan (Tenor 15 Tahun)","https://www.rumah123.com/properti/semarang-semarang-timur/tanah-lokasi-startegis-hook-di-jalan-citarum-semarang-las8851385/","Tanah Lokasi Startegis Hook Di Jalan Citarum Semarang","Semarang Timur, Semarang","Tanah Lokasi Strategis Hook di Jalan Citarum Jl. Citarum, Semarang Timur  SHM Posisi Hook Tanah Kotak Hadap Timur Laut  Dekat Panti Wilasa Citarum ...","","","","","441 m²","LT:","","","https://pic.rumah123.com/r123/250x250-fit/photo/4370712/43707121751468657.jpg","Diperbarui 1 minggu yang lalu oleh","Fenny Lfang","+628122...","WhatsApp","","","https://pic.rumah123.com/r123/100x100-fit/logo/11318_logosubcomp.jpg","","","Featured"
"https://www.rumah123.com/portal-img/_next/image/?url=https%3A%2F%2Fpicture.rumah123.com%2Fr123-images%2F720x420-crop%2Fcustomer%2F1262588%2F0674f874ed88b8c99124b3f100e22c70.jpg&w=3840&q=75","https://www.rumah123.com/portal-img/_next/image/?url=https%3A%2F%2Fpicture.rumah123.com%2Fr123-images%2F720x420-crop%2Fcustomer%2F1262588%2Fc5287ba58abc7b8c704d5529b50a7f7a.jpg&w=3840&q=75","https://www.rumah123.com/portal-img/_next/image/?url=https%3A%2F%2Fpicture.rumah123.com%2Fr123-images%2F720x420-crop%2Fcustomer%2F1262588%2Ff5e56861a5e8feba626e588bc3c361ca.jpg&w=3840&q=75","[object Object]","8","[object Object]","Rumah","","","","","","Rp 5,5 Miliar","Rp 27 Jutaan (Tenor 20 Tahun)","Rp 34 Jutaan (Tenor 15 Tahun)","https://www.rumah123.com/properti/semarang-boja/rumah-dijual-beserta-toko-dekat-pasar-boja-kendal-semarang-hos18442616/","Rumah Dijual Beserta Toko Dekat Pasar Boja Kendal Semarang","Boja, Semarang","Dijual Rumah Beserta Toko Di Jl.Raya Boja Kendal Semarang  Lokasi Strategis Di jln Utama, Dekat Pasar Boja Kendal  Luas tanah 1065m² (Lebar Muka �...","6 + 1","[object Object]","3 + 2","[object Object]","1065 m²","LT:","600 m²","LB:","https://picture.rumah123.com/r123-images/250x250-fit/customer/1262588/2e5a69a596ec02a0687a0f7b9b39ade0.jpg","Diperbarui 1 minggu yang lalu oleh","Maya","+628966...","WhatsApp","1 + 1","[object Object]","https://pic.rumah123.com/r123/100x100-fit/logo/20201202052029_hepi_property.jpeg","","","Featured"
"https://www.rumah123.com/portal-img/_next/image/?url=https%3A%2F%2Fpicture.rumah123.com%2Fr123-images%2F720x420-crop%2Fcustomer%2F4417250%2F934a516486d10d00d1a91e387fbe24ee.jpg&w=3840&q=75","https://www.rumah123.com/portal-img/_next/image/?url=https%3A%2F%2Fpicture.rumah123.com%2Fr123-images%2F720x420-crop%2Fcustomer%2F4417250%2Fb844513455b35bee0a187a246faadaf3.jpg&w=3840&q=75","https://www.rumah123.com/portal-img/_next/image/?url=https%3A%2F%2Fpicture.rumah123.com%2Fr123-images%2F720x420-crop%2Fcustomer%2F4417250%2Fe76e24390cac5ec41a9be8cbdf10bf40.jpg&w=3840&q=75","[object Object]","5","[object Object]","Tanah","","","","","","Rp 950 Juta Total","Rp 4 Jutaan (Tenor 20 Tahun)","Rp 5 Jutaan (Tenor 15 Tahun)","https://www.rumah123.com/properti/semarang-ngaliyan/dijual-tanah-daerah-ngaliyan-semarang-bray-las9096135/","Dijual Tanah Daerah Ngaliyan, Semarang (Bray)","Ngaliyan, Semarang","Dijual Tanah Daerah Ngaliyan, Semarang Lt : 347","","","","","347 m²","LT:","","","","Diperbarui 2 minggu yang lalu oleh","J A Propertindo","+628953...","WhatsApp","","","https://pic.rumah123.com/r123/100x100-fit/logo/20250701012550_jasa_agung_propertindo.jpeg","","","Featured"
"https://www.rumah123.com/portal-img/_next/image/?url=https%3A%2F%2Fpicture.rumah123.com%2Fr123-images%2F720x420-crop%2Fcustomer%2F1076788%2F53b00469825ea2d380f23762258743df.jpg&w=3840&q=85","","","[object Object]","11","[object Object]","Rumah","","https://www.rumah123.com/jual/cari/?location=jawa-tengah&itm_medium=search-suggestions-lokasi&itm_source=organic&quickLabel=Siap+Huni","Siap Huni","https://www.rumah123.com/jual/cari/?location=jawa-tengah&itm_medium=search-suggestions-lokasi&itm_source=organic&quickLabel=Dekat+Akses+Transportasi","Dekat Akses Transportasi","Rp 5,8 Miliar","Rp 28 Jutaan (Tenor 20 Tahun)","Rp 36 Jutaan (Tenor 15 Tahun)","https://www.rumah123.com/properti/semarang-tembalang/rumah-luas-nyaman-tenang-dan-eksklusif-graha-estetika-dekat-tol-tembalang-hos41343245/","Rumah Luas Nyaman Tenang dan Eksklusif Graha Estetika Dekat Tol Tembalang","Tembalang, Semarang","Rumah Luas Graha Esteika Banyumanik - Full Furnished Siap Huni  Hunian lega di Graha Esteika Banyumanik, Semarang, lingkungan nyaman dan strategis....","5 + 1","[object Object]","3 + 1","[object Object]","300 m²","LT:","300 m²","LB:","https://pic.rumah123.com/r123/250x250-fit/photo/1076788/10767881562937467.jpg","Diperbarui 6 hari yang lalu oleh","Yudha Perdhana","+628562...","WhatsApp","1 + 2","[object Object]","","","","Featured"
"https://www.rumah123.com/portal-img/_next/image/?url=https%3A%2F%2Fpicture.rumah123.com%2Fr123-images%2F720x420-crop%2Fcustomer%2F1076788%2Fccd458f8f53e69d508b647f9b57d48cd.jpg&w=3840&q=75","","","[object Object]","5","[object Object]","Rumah","","https://www.rumah123.com/jual/cari/?location=jawa-tengah&itm_medium=search-suggestions-lokasi&itm_source=organic&quickLabel=Siap+Huni","Siap Huni","https://www.rumah123.com/jual/cari/?location=jawa-tengah&itm_medium=search-suggestions-lokasi&itm_source=organic&quickLabel=Dekat+Sekolah","Dekat Sekolah","Rp 430 Juta","Rp 2 Jutaan (Tenor 20 Tahun)","Rp 2 Jutaan (Tenor 15 Tahun)","https://www.rumah123.com/properti/semarang-tembalang/rumah-dalam-cluster-bukit-kencana-jaya-bisa-jual-atau-sewa-hos41541700/","Rumah Dalam Cluster Bukit Kencana Jaya bisa Jual atau Sewa","Tembalang, Semarang","Rumah Dalam Cluster Bukit Kencana Jaya - Dekat Undip, Siap Huni, Bisa Jual / Sewa!  Hunian praktis di kawasan perumahan matang - cocok untuk keluar...","2 + 1","[object Object]","1","[object Object]","72 m²","LT:","36 m²","LB:","https://pic.rumah123.com/r123/250x250-fit/photo/1076788/10767881562937467.jpg","Diperbarui 6 hari yang lalu oleh","Yudha Perdhana","+628562...","WhatsApp","1","[object Object]","","","","Featured"
"https://www.rumah123.com/portal-img/_next/image/?url=https%3A%2F%2Fpicture.rumah123.com%2Fr123-images%2F720x420-crop%2Fcustomer%2F1076788%2Flisting%2Fhos41563882%2Fenhanced%2F4492bca57061a9ab30dc9ee33e0bd9bc.jpg&w=3840&q=75","","","[object Object]","5","[object Object]","Rumah","","https://www.rumah123.com/jual/cari/?location=jawa-tengah&itm_medium=search-suggestions-lokasi&itm_source=organic&quickLabel=Dekat+Sekolah","Dekat Sekolah","https://www.rumah123.com/jual/cari/?location=jawa-tengah&itm_medium=search-suggestions-lokasi&itm_source=organic&quickLabel=Dekat+Fasilitas+Kesehatan","Dekat Fasilitas Kesehatan","Rp 950 Juta","Rp 4 Jutaan (Tenor 20 Tahun)","Rp 5 Jutaan (Tenor 15 Tahun)","https://www.rumah123.com/properti/semarang-sambiroto/rumah-hook-tenang-dan-nyaman-bumi-wanamukti-sambiroto-tembalang-hos41563882/","Rumah Hook Tenang dan Nyaman Bumi Wanamukti Sambiroto Tembalang","Sambiroto, Semarang","Rumah Hook Sambiroto Tembalang - 5 KT, Siap Kost, Dekat RS & Kampus!  Peluang investasi di area padat sewa - posisi hook, lingkungan ramai tenaga m...","5","[object Object]","2","[object Object]","175 m²","LT:","175 m²","LB:","https://pic.rumah123.com/r123/250x250-fit/photo/1076788/10767881562937467.jpg","Diperbarui 6 hari yang lalu oleh","Yudha Perdhana","+628562...","WhatsApp","2","[object Object]","","","","Featured"
"https://www.rumah123.com/portal-img/_next/image/?url=https%3A%2F%2Fpicture.rumah123.com%2Fr123-images%2F720x420-crop%2Fcustomer%2F1177240%2Fde09e59e32d21f8b0023c5507e4508f7.jpg&w=3840&q=75","","","[object Object]","19","[object Object]","Rumah","","https://www.rumah123.com/jual/cari/?location=jawa-tengah&itm_medium=search-suggestions-lokasi&itm_source=organic&quickLabel=Bebas+Banjir","Bebas Banjir","","","Rp 1,5 Miliar","Rp 7 Jutaan (Tenor 20 Tahun)","Rp 9 Jutaan (Tenor 15 Tahun)","https://www.rumah123.com/properti/semarang-semarang-barat/rumah-di-perum-graha-padma-semarang-ls-7995-hos41225911/","Rumah di Perum Graha Padma , Semarang ( Ls 7995 )","Semarang Barat, Semarang","Rumah di Perum Graha Padma , Semarang ( Ls 7995 ) Lokasi strategis , akses jalan depan lebar Bangunan rumah 1,5 lt Semi furnished , ada AC Dekat fa...","3","[object Object]","1","[object Object]","120 m²","LT:","120 m²","LB:","","Diperbarui 6 hari yang lalu oleh","Emirita Redland","+628193...","WhatsApp","","","https://pic.rumah123.com/r123/100x100-fit/logo/20200122032448_redland.jpeg","","","Featured"
"https://www.rumah123.com/portal-img/_next/image/?url=https%3A%2F%2Fpicture.rumah123.com%2Fr123-images%2F720x420-crop%2Fcustomer%2F1963289%2F2024-02-23-15-40-22-c708d0e3-17f9-4d83-a364-527d79f31f35.jpg&w=3840&q=75","","","[object Object]","5","[object Object]","Gudang","","https://www.rumah123.com/jual/cari/?location=jawa-tengah&itm_medium=search-suggestions-lokasi&itm_source=organic&quickLabel=Siap+Huni","Siap Huni","","","Rp 30 Miliar Total","Rp 147 Jutaan (Tenor 20 Tahun)","Rp 188 Jutaan (Tenor 15 Tahun)","https://www.rumah123.com/properti/semarang-ngaliyan/gudang-kic-gatot-subroto-semarang-fe-3906-was9895836/","Gudang Kic Gatot Subroto , Semarang Fe 3906","Ngaliyan, Semarang","Gudang siap pakai 2 lantai , Sumur HGB","2","[object Object]","","","5800 m²","LT:","4000 m²","LB:","","Diperbarui 6 hari yang lalu oleh","Emirita Redland","+628193...","WhatsApp","","","https://pic.rumah123.com/r123/100x100-fit/logo/20200122032448_redland.jpeg","","","Featured"
"https://www.rumah123.com/portal-img/_next/image/?url=https%3A%2F%2Fpicture.rumah123.com%2Fr123-images%2F720x420-crop%2Fcustomer%2F1177245%2Fed6626d17701d8b14dfdffd0c4a1cdca.jpg&w=3840&q=75","","","[object Object]","16","[object Object]","Rumah","","https://www.rumah123.com/jual/cari/?location=jawa-tengah&itm_medium=search-suggestions-lokasi&itm_source=organic&quickLabel=Siap+Huni","Siap Huni","https://www.rumah123.com/jual/cari/?location=jawa-tengah&itm_medium=search-suggestions-lokasi&itm_source=organic&quickLabel=Dekat+Fasilitas+Kesehatan","Dekat Fasilitas Kesehatan","Rp 1,9 Miliar","Rp 9 Jutaan (Tenor 20 Tahun)","Rp 11 Jutaan (Tenor 15 Tahun)","https://www.rumah123.com/properti/semarang-semarang-barat/rumah-di-daerah-semarang-barat-vn-7331-hos41225982/","Rumah di Daerah Semarang Barat Vn 7331","Semarang Barat, Semarang","Rumah di daerah Semarang Barat ( Vn 7331 ) Lokasi strategis , Hadap Utara Dekat fasilitas umum lainnya seperti Sekolah , RS dll Rumah bagus dan sia...","4","[object Object]","2","[object Object]","230 m²","LT:","194 m²","LB:","","Diperbarui 6 hari yang lalu oleh","Emirita Redland","+628193...","WhatsApp","","","https://pic.rumah123.com/r123/100x100-fit/logo/20200122032448_redland.jpeg","","","Featured"
"https://www.rumah123.com/portal-img/_next/image/?url=https%3A%2F%2Fpicture.rumah123.com%2Fr123-images%2F720x420-crop%2Fcustomer%2F1177237%2F63e77d7bf9d8fa0e217d2bc423c5f8d7.jpg&w=3840&q=75","","","[object Object]","11","[object Object]","Rumah","","https://www.rumah123.com/jual/cari/?location=jawa-tengah&itm_medium=search-suggestions-lokasi&itm_source=organic&quickLabel=Dekat+Pusat+Perbelanjaan","Dekat Pusat Perbelanjaan","https://www.rumah123.com/jual/cari/?location=jawa-tengah&itm_medium=search-suggestions-lokasi&itm_source=organic&quickLabel=Dekat+Fasilitas+Kesehatan","Dekat Fasilitas Kesehatan","Rp 1,2 Miliar","Rp 5 Jutaan (Tenor 20 Tahun)","Rp 7 Jutaan (Tenor 15 Tahun)","https://www.rumah123.com/properti/semarang-semarang-barat/rumah-murah-view-di-daerah-simongan-semarang-wn-7159-hos41066436/","Rumah Murah+ View di Daerah Simongan, Semarang Wn 7159","Semarang Barat, Semarang","Rumah Murah Di Daerah Simongan, Semarang Wn 7159  Lokasi Strategis , Ada view kota,  1 lantai + basement.  Hadap Timur, Jalan depan Lebar Dekat Fas...","4","[object Object]","2","[object Object]","234 m²","LT:","120 m²","LB:","","Diperbarui 6 hari yang lalu oleh","Emirita Redland","+628193...","WhatsApp","2","[object Object]","https://pic.rumah123.com/r123/100x100-fit/logo/20200122032448_redland.jpeg","https://www.rumah123.com/jual/cari/?location=jawa-tengah&itm_medium=search-suggestions-lokasi&itm_source=organic&quickLabel=Dekat+Tempat+Wisata","Dekat Tempat Wisata","Featured"
"https://www.rumah123.com/portal-img/_next/image/?url=https%3A%2F%2Fpicture.rumah123.com%2Fr123-images%2F720x420-crop%2Fcustomer%2F10144%2Flisting%2Fkss266829%2Fenhanced%2F0959e47298422813d629a34dd90dbb24.jpg&w=3840&q=75","","","[object Object]","16","[object Object]","Kost","","https://www.rumah123.com/jual/cari/?location=jawa-tengah&itm_medium=search-suggestions-lokasi&itm_source=organic&quickLabel=Dekat+Akses+Transportasi","Dekat Akses Transportasi","https://www.rumah123.com/jual/cari/?location=jawa-tengah&itm_medium=search-suggestions-lokasi&itm_source=organic&quickLabel=Dekat+Sekolah","Dekat Sekolah","Rp 2,5 Miliar","Rp 12 Jutaan (Tenor 20 Tahun)","Rp 15 Jutaan (Tenor 15 Tahun)","https://www.rumah123.com/properti/sukoharjo-sukoharjo/kost-dekat-fakultas-kedokteran-ums-kss266829/","Kost Dekat Fakultas Kedokteran Ums","Sukoharjo, Sukoharjo","Kode MA : IR / 008668  Type Listing : Jual Cepat Type Properti : Rumah  Lokasi : Gonilan Kartosuro Sukoharjo  Spesifikasi :  Luas Tanah : ± 445 m�...","8","[object Object]","2","[object Object]","440 m²","LT:","400 m²","LB:","https://pic.rumah123.com/r123/250x250-fit/photo/10144/101441611567152.jpg","Diperbarui 6 hari yang lalu oleh","Irwan Point Pro","+628572...","WhatsApp","1","[object Object]","https://pic.rumah123.com/r123/100x100-fit/logo/4770_logosubcomp.jpg","","","Featured"
"https://www.rumah123.com/portal-img/_next/image/?url=https%3A%2F%2Fpicture.rumah123.com%2Fr123-images%2F720x420-crop%2Fcustomer%2F1618966%2Flisting%2Fhos15368760%2Fenhanced%2F2cf09d06537b79f8667fe4e8c900f26f.jpg&w=3840&q=75","","","[object Object]","19","[object Object]","Rumah","","https://www.rumah123.com/jual/cari/?location=jawa-tengah&itm_medium=search-suggestions-lokasi&itm_source=organic&quickLabel=Siap+Huni","Siap Huni","https://www.rumah123.com/jual/cari/?location=jawa-tengah&itm_medium=search-suggestions-lokasi&itm_source=organic&quickLabel=Dekat+Akses+Transportasi","Dekat Akses Transportasi","Rp 28 Miliar","Rp 137 Jutaan (Tenor 20 Tahun)","Rp 176 Jutaan (Tenor 15 Tahun)","https://www.rumah123.com/properti/tegal-tegal-timur/rumah-di-arhakim-tegal-tt-5659-hos15368760/","Rumah Asri, Luas, Tengah Kota di Ar. Hakim, Tegal Tt 5659","Tegal Timur, Tegal","Kesempatan terbatas buat Anda dapatkan rumah strategis dengan return investasi tinggi di Tegal Timur, Tegal.  Rumah ini menawarkan kelengkapan fasi...","5","[object Object]","4","[object Object]","1850 m²","LT:","1500 m²","LB:","https://pic.rumah123.com/r123/250x250-fit/photo/1618966/16189661685419506.jpg","Diperbarui 6 hari yang lalu oleh","Emirita","+628193...","WhatsApp","","","https://pic.rumah123.com/r123/100x100-fit/logo/20200122032448_redland.jpeg","https://www.rumah123.com/jual/cari/?location=jawa-tengah&itm_medium=search-suggestions-lokasi&itm_source=organic&quickLabel=Dekat+Sekolah","Dekat Sekolah","Featured"
"https://www.rumah123.com/portal-img/_next/image/?url=https%3A%2F%2Fpicture.rumah123.com%2Fr123-images%2F720x420-crop%2Fcustomer%2F4451044%2F370835e9438557dbdbec42d581d6303b.jpg&w=3840&q=75","","","[object Object]","10","[object Object]","Rumah","","","","","","Rp 9,5 Miliar","Rp 46 Jutaan (Tenor 20 Tahun)","Rp 59 Jutaan (Tenor 15 Tahun)","https://www.rumah123.com/properti/semarang-kedungmundu/rumah-hunian-nyaman-tentara-pelajar-cocok-untuk-keluarga-besar-hos41519495/","Rumah Hunian Nyaman & Tempat Usaha Tentara Pelajar Cocok untuk Keluarga Besar Lokasi Strategis","Kedungmundu, Semarang","RUMAH DI JALAN TENTARA PELAJAR  SEMARANG  LT: 449 M² (18x25 m²) LB: 300 M²  Kontur Tanah : datar Legalitas : SHM Hadap : Selatan Posisi : Hoek  ...","4","[object Object]","3 + 1","[object Object]","449 m²","LT:","300 m²","LB:","","Diperbarui 1 minggu yang lalu oleh","Peduli Property Smg","+628995...","WhatsApp","2","[object Object]","https://pic.rumah123.com/r123/100x100-fit/logo/20240130021107_peduli_property.jpeg","","","Featured"
"https://www.rumah123.com/portal-img/_next/image/?url=https%3A%2F%2Fpicture.rumah123.com%2Fr123-images%2F720x420-crop%2Fcustomer%2F1183566%2F49609fe9b76e6c12a8311216c4c65f00.jpg&w=3840&q=75","","","[object Object]","3","[object Object]","Rumah","","https://www.rumah123.com/jual/cari/?location=jawa-tengah&itm_medium=search-suggestions-lokasi&itm_source=organic&quickLabel=Dekat+Tempat+Ibadah","Dekat Tempat Ibadah","","","Rp 16 Miliar","Rp 78 Jutaan (Tenor 20 Tahun)","Rp 100 Jutaan (Tenor 15 Tahun)","https://www.rumah123.com/properti/semarang-bsb-city/rumah-mewah-asri-ada-swimmingpoll-di-hillago-bsb-city-2-menit-ke-sekolah-al-azhar-hos39137289/","Rumah Mewah Asri Ada Swimmingpoll di Hillago Bsb City 2 Menit ke Sekolah Al Azhar","BSB City, Semarang","Rumah mewah asri di hillago BSB city Semarang   harga 16Man  ada Swimming poll   2 menit ke sekolah Al Azhar  1 menit ke gereja","3","[object Object]","5","[object Object]","400 m²","LT:","408 m²","LB:","https://pic.rumah123.com/r123/250x250-fit/photo/1183566/11835661715592569.jpg","Diperbarui 1 minggu yang lalu oleh","Okta Property","+628213...","WhatsApp","1 + 2","[object Object]","https://pic.rumah123.com/r123/100x100-fit/logo/20201202052029_hepi_property.jpeg","","","Featured"
"https://www.rumah123.com/portal-img/_next/image/?url=https%3A%2F%2Fpicture.rumah123.com%2Fr123-images%2F720x420-crop%2Fcustomer%2F4350530%2Fea1c030321e8e8e0a9c29af9fdd23827.jpg&w=3840&q=75","","","[object Object]","16","[object Object]","Rumah","","https://www.rumah123.com/jual/cari/?location=jawa-tengah&itm_medium=search-suggestions-lokasi&itm_source=organic&quickLabel=DP+0%25","DP 0%","https://www.rumah123.com/jual/cari/?location=jawa-tengah&itm_medium=search-suggestions-lokasi&itm_source=organic&quickLabel=Siap+Huni","Siap Huni","Rp 990 Juta","Rp 4 Jutaan (Tenor 20 Tahun)","Rp 6 Jutaan (Tenor 15 Tahun)","https://www.rumah123.com/properti/semarang-semarang-barat/rumah-siap-huni-type-48120-semarang-konsep-villa-bali-lingkungan-eksklusif-dan-nyaman-lokasi-strategis-hos41507101/","Rumah Siap Huni Type 48/120 Semarang - Konsep Villa Bali, Lingkungan Eksklusif dan Nyaman, Lokasi Strategis.","Semarang Barat, Semarang","Kesempatan terbatas buat Anda dapatkan rumah strategis dengan return investasi tinggi di Semarang Barat, Semarang.  Rumah ini menawarkan lokasi yan...","2","[object Object]","1","[object Object]","120 m²","LT:","48 m²","LB:","https://picture.rumah123.com/r123-images/250x250-fit/customer/4350530/c935160a464e4c533c67bbc75a761412.jpg","Diperbarui 1 minggu yang lalu oleh","Bagus","+628564...","WhatsApp","1","[object Object]","https://pic.rumah123.com/r123/100x100-fit/logo/20250228105356_pt_mikroland_property_development.jpeg","https://www.rumah123.com/jual/cari/?location=jawa-tengah&itm_medium=search-suggestions-lokasi&itm_source=organic&quickLabel=Bebas+Banjir","Bebas Banjir","Featured"
"https://www.rumah123.com/portal-img/_next/image/?url=https%3A%2F%2Fpicture.rumah123.com%2Fr123-images%2F720x420-crop%2Fcustomer%2F2168096%2F226c34177e66ad483e2fbbb72922a642.jpg&w=3840&q=75","","","[object Object]","14","[object Object]","Rumah","","https://www.rumah123.com/jual/cari/?location=jawa-tengah&itm_medium=search-suggestions-lokasi&itm_source=organic&quickLabel=Siap+Huni","Siap Huni","https://www.rumah123.com/jual/cari/?location=jawa-tengah&itm_medium=search-suggestions-lokasi&itm_source=organic&quickLabel=Bebas+Banjir","Bebas Banjir","Rp 378 Juta","Rp 1 Jutaan (Tenor 20 Tahun)","Rp 2 Jutaan (Tenor 15 Tahun)","https://www.rumah123.com/properti/semarang-bsb-city/rumah-2-kamar-mulai-300jt-an-kpr-dp-5jt-all-in-di-perumahan-taman-kayangan-hos39082741/","Rumah 2 Kamar Mulai 300jt An Kpr Dp 5jt All In Di Perumahan Taman Kayangan","BSB City, Semarang","Kesempatan terbatas buat Anda dapatkan rumah strategis dengan return investasi tinggi di Perumahan Taman Kayangan  Rumah ini menawarkan lokasi yang...","2","[object Object]","1","[object Object]","60 m²","LT:","32 m²","LB:","https://picture.rumah123.com/r123-images/250x250-fit/customer/4350530/c935160a464e4c533c67bbc75a761412.jpg","Diperbarui 6 hari yang lalu oleh","Bagus","+628564...","WhatsApp","1","[object Object]","https://pic.rumah123.com/r123/100x100-fit/logo/20250228105356_pt_mikroland_property_development.jpeg","https://www.rumah123.com/jual/cari/?location=jawa-tengah&itm_medium=search-suggestions-lokasi&itm_source=organic&quickLabel=Dekat+Sekolah","Dekat Sekolah","Featured"
"https://www.rumah123.com/portal-img/_next/image/?url=https%3A%2F%2Fpicture.rumah123.com%2Fr123-images%2F720x420-crop%2Fcustomer%2F63420%2Fce07b7c631270bd981f263722d020392.jpg&w=3840&q=75","","","[object Object]","12","[object Object]","Rumah","","","","","","Rp 18 Miliar","Rp 88 Jutaan (Tenor 20 Tahun)","Rp 113 Jutaan (Tenor 15 Tahun)","https://www.rumah123.com/properti/semarang-gajah-mungkur/rumah-mewah-di-telagabodas-semi-furnished-ada-kolam-renang-hos40590998/","Rumah Mewah di Telagabodas Semi Furnished Ada Kolam Renang","Gajah Mungkur, Semarang","Dijual rumah mewah baru gress  Type tropical modern  Telaga bodas  Luas tanah 560m² Luas bangunan 800m² Bangunan 3 lantai +1 basement untuk room ...","5 + 2","[object Object]","5 + 1","[object Object]","560 m²","LT:","800 m²","LB:","https://pic.rumah123.com/r123/250x250-fit/photo/63420/634201709047468.jpg","Diperbarui 3 minggu yang lalu oleh","Else Susilowaty","+628522...","WhatsApp","5","[object Object]","https://pic.rumah123.com/r123/100x100-fit/logo/20201202052029_hepi_property.jpeg","","","Featured"
"https://www.rumah123.com/portal-img/_next/image/?url=https%3A%2F%2Fpicture.rumah123.com%2Fr123-images%2F720x420-crop%2Fcustomer%2F1743209%2Fa7864ad0fb35705d83a7bd51d857cd1b.jpg&w=3840&q=75","","","[object Object]","9","[object Object]","Tanah","","https://www.rumah123.com/jual/cari/?location=jawa-tengah&itm_medium=search-suggestions-lokasi&itm_source=organic&quickLabel=Dekat+Sekolah","Dekat Sekolah","https://www.rumah123.com/jual/cari/?location=jawa-tengah&itm_medium=search-suggestions-lokasi&itm_source=organic&quickLabel=Dekat+Fasilitas+Kesehatan","Dekat Fasilitas Kesehatan","Rp 324 Juta Total","Rp 1 Jutaan (Tenor 20 Tahun)","Rp 2 Jutaan (Tenor 15 Tahun)","https://www.rumah123.com/properti/semarang-banyumanik/tanahbagus-dekat-kampus-unnes-di-patemon-las9179917/","Tanahbagus Dekat Kampus Unnes di Patemon","Banyumanik, Semarang","Bismillah projek baru bersodara property 24 patemon unnes   kavling 3 enit ke Kampus unnes Semarang    di *PATEMON UNNES *  Dapatkan Tanah Eksklusi...","","","","","120 m²","LT:","","","https://pic.rumah123.com/r123/250x250-fit/photo/1743209/17432091687602191.jpg","Diperbarui 3 minggu yang lalu oleh","Achmad Yusuf","+628213...","WhatsApp","","","","","","Featured"
"https://www.rumah123.com/portal-img/_next/image/?url=https%3A%2F%2Fpicture.rumah123.com%2Fr123-images%2F720x420-crop%2Fcustomer%2F63420%2F98bef06a122c8358d0ac5b2a6b8071ad.jpg&w=3840&q=75","","","[object Object]","13","[object Object]","Rumah","","https://www.rumah123.com/jual/cari/?location=jawa-tengah&itm_medium=search-suggestions-lokasi&itm_source=organic&quickLabel=Dekat+Akses+Transportasi","Dekat Akses Transportasi","https://www.rumah123.com/jual/cari/?location=jawa-tengah&itm_medium=search-suggestions-lokasi&itm_source=organic&quickLabel=Dekat+Pusat+Perbelanjaan","Dekat Pusat Perbelanjaan","Rp 4,5 Miliar","Rp 22 Jutaan (Tenor 20 Tahun)","Rp 28 Jutaan (Tenor 15 Tahun)","https://www.rumah123.com/properti/semarang-candi-golf/rumah-mewah-semi-furnished-di-graha-candi-golf-hos40285304/","Rumah Mewah Semi Furnished di Graha Candi Golf","Candi Golf, Semarang","Dijual Rumah mewah semi furnished di Candi Golf  Luas Tanah 144m² Luas Bangunan 200m² Kamar Tidur 3+1 Kamar Mandi 3+1 Listrik 2200 watt Air Artet...","3","[object Object]","3","[object Object]","144 m²","LT:","200 m²","LB:","https://pic.rumah123.com/r123/250x250-fit/photo/63420/634201709047468.jpg","Diperbarui 4 minggu yang lalu oleh","Else Susilowaty","+628522...","WhatsApp","1 + 1","[object Object]","https://pic.rumah123.com/r123/100x100-fit/logo/20201202052029_hepi_property.jpeg","https://www.rumah123.com/jual/cari/?location=jawa-tengah&itm_medium=search-suggestions-lokasi&itm_source=organic&quickLabel=Dekat+Sekolah","Dekat Sekolah","Featured"
"https://www.rumah123.com/portal-img/_next/image/?url=https%3A%2F%2Fpicture.rumah123.com%2Fr123-images%2F720x420-crop%2Fcustomer%2F2150791%2Ffb18cf992e46f84dc34ce39a363c605a.jpg&w=3840&q=75","","","[object Object]","21","[object Object]","Rumah","","https://www.rumah123.com/jual/cari/?location=jawa-tengah&itm_medium=search-suggestions-lokasi&itm_source=organic&quickLabel=Dekat+Akses+Transportasi","Dekat Akses Transportasi","https://www.rumah123.com/jual/cari/?location=jawa-tengah&itm_medium=search-suggestions-lokasi&itm_source=organic&quickLabel=Dekat+Pusat+Perbelanjaan","Dekat Pusat Perbelanjaan","Rp 856 Juta","Rp 4 Jutaan (Tenor 20 Tahun)","Rp 5 Jutaan (Tenor 15 Tahun)","https://www.rumah123.com/properti/semarang-ngaliyan/rumah-mewah-cluster-amarilis-garden-gondorio-tol-ngaliyan-beringin-semarang-barat-mijen-hos41070535/","Rumah Mewah Cluster Amarilis Garden Gondorio Tol Ngaliyan Beringin Semarang Barat Mijen","Ngaliyan, Semarang","AMARILIS GARDEN Bukit Gondorio, Ngaliyan, Kota Semarang  _CLUSTER One Gate System  _POS Security (CCTV 24 JAM) _UNDERGROUND System _SMART Door Lock...","3","[object Object]","2","[object Object]","120 m²","LT:","80 m²","LB:","https://picture.rumah123.com/r123-images/250x250-fit/customer/2150791/12c7bc9551d9541c3876df2f6878c48d.jpg","Diperbarui 6 menit yang lalu oleh","Dias DeVilla","+628133...","WhatsApp","2","[object Object]","","https://www.rumah123.com/jual/cari/?location=jawa-tengah&itm_medium=search-suggestions-lokasi&itm_source=organic&quickLabel=Dekat+Sekolah","Dekat Sekolah",""
"https://www.rumah123.com/portal-img/_next/image/?url=https%3A%2F%2Fpicture.rumah123.com%2Fr123-images%2F720x420-crop%2Fcustomer%2F2150791%2Ff6f9264b9a2e061163e2b27ecb25c76c.jpg&w=3840&q=75","","","[object Object]","12","[object Object]","Rumah","","https://www.rumah123.com/jual/cari/?location=jawa-tengah&itm_medium=search-suggestions-lokasi&itm_source=organic&quickLabel=Dekat+Akses+Transportasi","Dekat Akses Transportasi","https://www.rumah123.com/jual/cari/?location=jawa-tengah&itm_medium=search-suggestions-lokasi&itm_source=organic&quickLabel=Dekat+Pusat+Perbelanjaan","Dekat Pusat Perbelanjaan","Rp 658 Juta","Rp 3 Jutaan (Tenor 20 Tahun)","Rp 4 Jutaan (Tenor 15 Tahun)","https://www.rumah123.com/properti/semarang-pudak-payung/cluster-banyumanik-de-villa-garden-2-pudak-payung-semarang-hos40624376/","Cluster Banyumanik De Villa Garden 2 Pudak Payung Semarang","Pudak Payung, Semarang","DE VILLA GARDEN II Pudak Payung, Banyumanik Semarang Kota  TERSEDIA 50 UNIT ● Cluster One Gate System ● Pos Security ● Playground ● Balai W...","3","[object Object]","2","[object Object]","68 m²","LT:","72 m²","LB:","https://picture.rumah123.com/r123-images/250x250-fit/customer/2150791/12c7bc9551d9541c3876df2f6878c48d.jpg","Diperbarui 6 menit yang lalu oleh","Dias DeVilla","+628133...","WhatsApp","2","[object Object]","","https://www.rumah123.com/jual/cari/?location=jawa-tengah&itm_medium=search-suggestions-lokasi&itm_source=organic&quickLabel=Dekat+Sekolah","Dekat Sekolah",""
"https://www.rumah123.com/portal-img/_next/image/?url=https%3A%2F%2Fpicture.rumah123.com%2Fr123-images%2F720x420-crop%2Fcustomer%2F1308914%2Flisting%2Fhos41609661%2Fenhanced%2F99b44212e6d18188fbe5711dc7c07e93.jpg&w=3840&q=75","","","[object Object]","5","[object Object]","Rumah","","","","","","Rp 1,1 Miliar","Rp 5 Jutaan (Tenor 20 Tahun)","Rp 6 Jutaan (Tenor 15 Tahun)","https://www.rumah123.com/properti/semarang-semarang-utara/rumah-baru-di-tanah-mas-hos41609661/","Rumah Baru di Tanah Mas","Semarang Utara, Semarang","Rumah Baru Gress, Jalan lebar, Tengah kota","3","[object Object]","2","[object Object]","119 m²","LT:","80 m²","LB:","https://pic.rumah123.com/r123/250x250-fit/photo/1308914/13089141746802233.jpg","Diperbarui 8 menit yang lalu oleh","Tracy Property","+628880...","WhatsApp","1","[object Object]","","","",""
"https://www.rumah123.com/portal-img/_next/image/?url=https%3A%2F%2Fpic.rumah123.com%2Fr123%2F720x420-crop%2Fcommercial%2Fco21%2F2179014%2Foriginal%2Fshs2179014-ruko-di-jual-di-solo-baru-solo-1525396080299.jpg&w=3840&q=75","","","[object Object]","10","[object Object]","Ruko","","","","","","Rp 3,5 Miliar Total","Rp 17 Jutaan (Tenor 20 Tahun)","Rp 22 Jutaan (Tenor 15 Tahun)","https://www.rumah123.com/properti/solo-solo-baru/ruko-strategis-2-lantai-di-pusat-bisnis-solo-baru-shs2179014/","Ruko strategis 2 lantai di pusat bisnis solo baru","Solo Baru, Solo","Ruko strategis 2lantai di solo baru, luas tanah 154m2, luas bangunan 280m2, lebar depan 7meter, 2kamar mandi, bangunan kokoh plafon tinggi, air san...","2","[object Object]","","","154 m²","LT:","280 m²","LB:","https://pic.rumah123.com/r123/250x250-fit/photo/485915/4859151599742462.jpg","Diperbarui 30 menit yang lalu oleh","Arifin Wijayanto","+628564...","WhatsApp","","","https://pic.rumah123.com/r123/100x100-fit/logo/20181031035159_harcourts_solo_raya.jpeg","","",""
"https://www.rumah123.com/portal-img/_next/image/?url=https%3A%2F%2Fpicture.rumah123.com%2Fr123-images%2F720x420-crop%2Fcustomer%2F4430523%2Fd3d37600d310ba67ba1b8d8c35db2a85.jpg&w=3840&q=85","https://www.rumah123.com/portal-img/_next/image/?url=https%3A%2F%2Fpicture.rumah123.com%2Fr123-images%2F720x420-crop%2Fcustomer%2F4430523%2F149b36e7a57756c71c17e48929afb6df.jpg&w=3840&q=75","https://www.rumah123.com/portal-img/_next/image/?url=https%3A%2F%2Fpicture.rumah123.com%2Fr123-images%2F720x420-crop%2Fcustomer%2F4430523%2Fba17ae2b82a429f64e90f5339ff43929.jpg&w=3840&q=75","[object Object]","9","[object Object]","Tanah","","","","","","Rp 300 Juta Total","Rp 1 Jutaan (Tenor 20 Tahun)","Rp 1 Jutaan (Tenor 15 Tahun)","https://www.rumah123.com/properti/boyolali-boyolali-kota/tanah-murah-boyolali-las9104548/","Tanah Murah Boyolali","Boyolali Kota, Boyolali","Dijual tanah  milik pribadi  Lingkungan rumah ramai penduduk   >200 meter ke Polsek Karanggede >200 meter ke SMPN Karanggede >50 meter ke SDN Senda...","","","","","500 m²","LT:","","","https://picture.rumah123.com/r123-images/250x250-fit/customer/4430523/7b37be20d320b251e13af6dce4347415.jpg","Diperbarui 37 menit yang lalu oleh","Bismillahpropertybanten","+628777...","WhatsApp","","","","","",""
"https://www.rumah123.com/portal-img/_next/image/?url=https%3A%2F%2Fpicture.rumah123.com%2Fr123-images%2F720x420-crop%2Fcustomer%2F1056795%2F163c576f6666ddc6980aded7e0cfe888.jpg&w=3840&q=75","https://www.rumah123.com/portal-img/_next/image/?url=https%3A%2F%2Fpicture.rumah123.com%2Fr123-images%2F720x420-crop%2Fcustomer%2F1056795%2F8ff09debe202d95679f199f65ede4b76.jpg&w=3840&q=75","https://www.rumah123.com/portal-img/_next/image/?url=https%3A%2F%2Fpicture.rumah123.com%2Fr123-images%2F720x420-crop%2Fcustomer%2F1056795%2F4620d423691a824cd45f366a2bea2612.jpg&w=3840&q=75","[object Object]","6","[object Object]","Rumah","","https://www.rumah123.com/jual/cari/?location=jawa-tengah&itm_medium=search-suggestions-lokasi&itm_source=organic&quickLabel=Dekat+Pusat+Perbelanjaan","Dekat Pusat Perbelanjaan","https://www.rumah123.com/jual/cari/?location=jawa-tengah&itm_medium=search-suggestions-lokasi&itm_source=organic&quickLabel=Dekat+Sekolah","Dekat Sekolah","Rp 870 Juta","Rp 4 Jutaan (Tenor 20 Tahun)","Rp 5 Jutaan (Tenor 15 Tahun)","https://www.rumah123.com/properti/semarang-mijen/rumah-elit-mijen-bsb-dekat-uptown-mall-semarang-hos41068529/","Rumah Elit Mijen Bsb Dekat Uptown Mall Semarang","Mijen, Semarang","On progres bangun Hunian mewah Mijen BSB Kota Semarang   Lokasi strategis dipusat Mijen  Belakang sabhara Jateng 3 meenit ke kampus Unika BSB Dekat...","3","[object Object]","3","[object Object]","120 m²","LT:","92 m²","LB:","https://picture.rumah123.com/r123-images/250x250-fit/customer/1056795/40a1d2e2a4809cd659eb93edc9cccc00.jpg","Diperbarui 43 menit yang lalu oleh","Yusi  ardiyani","+628222...","WhatsApp","1","[object Object]","","","",""
"https://www.rumah123.com/portal-img/_next/image/?url=https%3A%2F%2Fpicture.rumah123.com%2Fr123-images%2F720x420-crop%2Fcustomer%2F1056795%2Faa630e853b8820da675647b9fdb02cde.jpg&w=3840&q=75","https://www.rumah123.com/portal-img/_next/image/?url=https%3A%2F%2Fpicture.rumah123.com%2Fr123-images%2F720x420-crop%2Fcustomer%2F1056795%2F88ccebffef59f56bda2367d501677271.jpg&w=3840&q=75","https://www.rumah123.com/portal-img/_next/image/?url=https%3A%2F%2Fpicture.rumah123.com%2Fr123-images%2F720x420-crop%2Fcustomer%2F1056795%2Fdba041c5f7ceb1e514767342ee8d995b.jpg&w=3840&q=75","[object Object]","5","[object Object]","Rumah","","https://www.rumah123.com/jual/cari/?location=jawa-tengah&itm_medium=search-suggestions-lokasi&itm_source=organic&quickLabel=Bebas+Banjir","Bebas Banjir","https://www.rumah123.com/jual/cari/?location=jawa-tengah&itm_medium=search-suggestions-lokasi&itm_source=organic&quickLabel=Dekat+Akses+Transportasi","Dekat Akses Transportasi","Rp 875 Juta","Rp 4 Jutaan (Tenor 20 Tahun)","Rp 5 Jutaan (Tenor 15 Tahun)","https://www.rumah123.com/properti/semarang-mijen/rumah-mewah-murah-mijen-dekat-uptown-mall-bsb-semarang-hos41458193/","Rumah Mewah Murah Mijen Dekat Uptown Mall Bsb Semarang","Mijen, Semarang","Hunian mewah nempel BSB Mijen Semarang  Keunggulan lokasi, Lingkungan rumah kos²an Bebas banjir, akses jalan mudah 3 menit ke kampus Unika Soegiyo...","3","[object Object]","3","[object Object]","120 m²","LT:","92 m²","LB:","https://picture.rumah123.com/r123-images/250x250-fit/customer/1056795/40a1d2e2a4809cd659eb93edc9cccc00.jpg","Diperbarui 43 menit yang lalu oleh","Yusi  ardiyani","+628222...","WhatsApp","1","[object Object]","","https://www.rumah123.com/jual/cari/?location=jawa-tengah&itm_medium=search-suggestions-lokasi&itm_source=organic&quickLabel=Dekat+Pusat+Perbelanjaan","Dekat Pusat Perbelanjaan",""
"https://www.rumah123.com/portal-img/_next/image/?url=https%3A%2F%2Fpicture.rumah123.com%2Fr123-images%2F720x420-crop%2Fcustomer%2F1056795%2Fe040493761acf16a815836b77e259b8b.jpg&w=3840&q=75","https://www.rumah123.com/portal-img/_next/image/?url=https%3A%2F%2Fpicture.rumah123.com%2Fr123-images%2F720x420-crop%2Fcustomer%2F1056795%2Fea4ec7a8c36a74cd0fea443f87eb748b.jpg&w=3840&q=75","https://www.rumah123.com/portal-img/_next/image/?url=https%3A%2F%2Fpicture.rumah123.com%2Fr123-images%2F720x420-crop%2Fcustomer%2F1056795%2F8ff09debe202d95679f199f65ede4b76.jpg&w=3840&q=75","[object Object]","6","[object Object]","Rumah","","https://www.rumah123.com/jual/cari/?location=jawa-tengah&itm_medium=search-suggestions-lokasi&itm_source=organic&quickLabel=Dekat+Pusat+Perbelanjaan","Dekat Pusat Perbelanjaan","https://www.rumah123.com/jual/cari/?location=jawa-tengah&itm_medium=search-suggestions-lokasi&itm_source=organic&quickLabel=Dekat+Sekolah","Dekat Sekolah","Rp 870 Juta","Rp 4 Jutaan (Tenor 20 Tahun)","Rp 5 Jutaan (Tenor 15 Tahun)","https://www.rumah123.com/properti/semarang-mijen/rumah-strategis-bsb-dekat-kampus-unika-bsb-semarang-hos41068156/","Rumah Strategis Bsb Dekat Kampus Unika Bsb Semarang","Mijen, Semarang","On progres bangun 2 lantai  Mijen kota Semarang   Lokasi strategis di pusat Mijen Belakang Sabhara Jateng Dekat Uptown mall BSB Dekat kampus Unisul...","3","[object Object]","3","[object Object]","121 m²","LT:","92 m²","LB:","https://picture.rumah123.com/r123-images/250x250-fit/customer/1056795/40a1d2e2a4809cd659eb93edc9cccc00.jpg","Diperbarui 44 menit yang lalu oleh","Yusi  ardiyani","+628222...","WhatsApp","1","[object Object]","","https://www.rumah123.com/jual/cari/?location=jawa-tengah&itm_medium=search-suggestions-lokasi&itm_source=organic&quickLabel=Dekat+Landmark","Dekat Landmark",""
"https://www.rumah123.com/portal-img/_next/image/?url=https%3A%2F%2Fpicture.rumah123.com%2Fr123-images%2F720x420-crop%2Fcustomer%2F63420%2Fa1cc429fab1a9a452d3fbf944df80f94.jpg&w=3840&q=75","https://www.rumah123.com/portal-img/_next/image/?url=https%3A%2F%2Fpicture.rumah123.com%2Fr123-images%2F720x420-crop%2Fcustomer%2F63420%2F65dd3e801502b5da3ed7c6e843efae2c.jpg&w=3840&q=75","https://www.rumah123.com/portal-img/_next/image/?url=https%3A%2F%2Fpicture.rumah123.com%2Fr123-images%2F720x420-crop%2Fcustomer%2F63420%2Fa8a2de16248a4bd41d7a97b083793341.jpg&w=3840&q=75","[object Object]","12","[object Object]","Rumah","","https://www.rumah123.com/jual/cari/?location=jawa-tengah&itm_medium=search-suggestions-lokasi&itm_source=organic&quickLabel=Dekat+Landmark","Dekat Landmark","","","Rp 21 Miliar","Rp 103 Jutaan (Tenor 20 Tahun)","Rp 132 Jutaan (Tenor 15 Tahun)","https://www.rumah123.com/properti/semarang-bsb-city/rumah-mewah-di-puri-arga-golf-bsb-full-furnished-ada-kolam-renang-hos39306026/","Rumah Mewah Di Puri Arga Golf Bsb Full Furnished Ada Kolam Renang","BSB City, Semarang","Dijual Rumah di Puri Arga Golf BSB Semarang  Luas Tanah 600m² Luas Bangunan 900m² Kamar Tidur 4+1+1 Kamar mandi 6+1 Listrik 33000 watt Air PDAM H...","6","[object Object]","7","[object Object]","600 m²","LT:","900 m²","LB:","https://pic.rumah123.com/r123/250x250-fit/photo/63420/634201709047468.jpg","Diperbarui 1 jam yang lalu oleh","Else Susilowaty","+628522...","WhatsApp","2 + 2","[object Object]","https://pic.rumah123.com/r123/100x100-fit/logo/20201202052029_hepi_property.jpeg","","",""
"https://www.rumah123.com/portal-img/_next/image/?url=https%3A%2F%2Fpicture.rumah123.com%2Fr123-images%2F720x420-crop%2Fcustomer%2F1466630%2Flisting%2Fhos41585830%2Fenhanced%2F1aae4e79b6af6c5de298efcf1b603ff3.jpg&w=3840&q=75","https://www.rumah123.com/portal-img/_next/image/?url=https%3A%2F%2Fpicture.rumah123.com%2Fr123-images%2F720x420-crop%2Fcustomer%2F1466630%2Flisting%2Fhos41585830%2Fenhanced%2F2446af6c6251cd5840d42610ea277385.jpg&w=3840&q=75","https://www.rumah123.com/portal-img/_next/image/?url=https%3A%2F%2Fpicture.rumah123.com%2Fr123-images%2F720x420-crop%2Fcustomer%2F1466630%2Flisting%2Fhos41585830%2Fenhanced%2Ff1af3c80c78f10fe1bb113a9db362d6f.jpg&w=3840&q=75","[object Object]","7","[object Object]","Rumah","","https://www.rumah123.com/jual/cari/?location=jawa-tengah&itm_medium=search-suggestions-lokasi&itm_source=organic&quickLabel=Siap+Huni","Siap Huni","https://www.rumah123.com/jual/cari/?location=jawa-tengah&itm_medium=search-suggestions-lokasi&itm_source=organic&quickLabel=Bebas+Banjir","Bebas Banjir","Rp 7,5 Miliar","Rp 36 Jutaan (Tenor 20 Tahun)","Rp 47 Jutaan (Tenor 15 Tahun)","https://www.rumah123.com/properti/semarang-tembalang/rumah-mewah-siap-huni-full-furnished-lokasi-dekat-kampus-undip-hos41585830/","Rumah Mewah. Siap Huni. Full Furnished Lokasi Dekat Kampus Undip","Tembalang, Semarang","Hunian Eklusive Villa Luxury 2 Lantai Tembalang Semarang  Villa mewah 2 lantai Bonus Full Furniture + View Kota Semarang   Spesifikasi :  - Luas ba...","7","[object Object]","7","[object Object]","429 m²","LT:","465 m²","LB:","https://pic.rumah123.com/r123/250x250-fit/photo/1466630/14666301629701900.jpg","Diperbarui 1 jam yang lalu oleh","abdul jalal","+628132...","WhatsApp","2 + 1","[object Object]","","https://www.rumah123.com/jual/cari/?location=jawa-tengah&itm_medium=search-suggestions-lokasi&itm_source=organic&quickLabel=Dekat+Sekolah","Dekat Sekolah",""
"https://www.rumah123.com/portal-img/_next/image/?url=https%3A%2F%2Fpicture.rumah123.com%2Fr123-images%2F720x420-crop%2Fcustomer%2F1466630%2Flisting%2Fhos41585937%2Fenhanced%2F58dc7d10388b5ac183a081057d948e28.jpg&w=3840&q=75","https://www.rumah123.com/portal-img/_next/image/?url=https%3A%2F%2Fpicture.rumah123.com%2Fr123-images%2F720x420-crop%2Fcustomer%2F1466630%2Flisting%2Fhos41585937%2Fenhanced%2F7e4ea278198deee2974e61e4867ccb73.jpg&w=3840&q=75","https://www.rumah123.com/portal-img/_next/image/?url=https%3A%2F%2Fpicture.rumah123.com%2Fr123-images%2F720x420-crop%2Fcustomer%2F1466630%2Flisting%2Fhos41585937%2Fenhanced%2F5786a4c42577fb039c5e0292c9fffd9d.jpg&w=3840&q=75","[object Object]","9","[object Object]","Rumah","","https://www.rumah123.com/jual/cari/?location=jawa-tengah&itm_medium=search-suggestions-lokasi&itm_source=organic&quickLabel=Siap+Huni","Siap Huni","https://www.rumah123.com/jual/cari/?location=jawa-tengah&itm_medium=search-suggestions-lokasi&itm_source=organic&quickLabel=Dekat+Sekolah","Dekat Sekolah","Rp 1,5 Miliar","Rp 7 Jutaan (Tenor 20 Tahun)","Rp 9 Jutaan (Tenor 15 Tahun)","https://www.rumah123.com/properti/semarang-gunung-pati/rumah-murah-siap-huni-rumah-baru-lokasi-dekat-kampus-unnes-hos41585937/","Rumah Murah. Siap Huni. Rumah Baru Lokasi Dekat Kampus Unnes","Gunung Pati, Semarang","Rumah Baru Lokasi Asri dan View di Kalisegoro Gunungpati Semarang   hrga 1.5 M nego luas tanah 150 mter  full bangunan   - 3 kamar tidur - 2 kamar ...","3","[object Object]","2","[object Object]","150 m²","LT:","150 m²","LB:","https://pic.rumah123.com/r123/250x250-fit/photo/1466630/14666301629701900.jpg","Diperbarui 1 jam yang lalu oleh","abdul jalal","+628132...","WhatsApp","1 + 1","[object Object]","","","",""
"https://www.rumah123.com/portal-img/_next/image/?url=https%3A%2F%2Fpicture.rumah123.com%2Fr123-images%2F720x420-crop%2Fcustomer%2F1466630%2Flisting%2Fhos41599435%2Fenhanced%2F2c64a28d933809a40b7b5b7be8d45914.jpg&w=3840&q=75","https://www.rumah123.com/portal-img/_next/image/?url=https%3A%2F%2Fpicture.rumah123.com%2Fr123-images%2F720x420-crop%2Fcustomer%2F1466630%2Flisting%2Fhos41599435%2Fenhanced%2F5690047ce25eff5907dc20f1aa839045.jpg&w=3840&q=75","https://www.rumah123.com/portal-img/_next/image/?url=https%3A%2F%2Fpicture.rumah123.com%2Fr123-images%2F720x420-crop%2Fcustomer%2F1466630%2Flisting%2Fhos41599435%2Fenhanced%2F8e98c59d552dad6d054b786c46902bcd.jpg&w=3840&q=75","[object Object]","9","[object Object]","Rumah","","https://www.rumah123.com/jual/cari/?location=jawa-tengah&itm_medium=search-suggestions-lokasi&itm_source=organic&quickLabel=Siap+Huni","Siap Huni","https://www.rumah123.com/jual/cari/?location=jawa-tengah&itm_medium=search-suggestions-lokasi&itm_source=organic&quickLabel=Dekat+Sekolah","Dekat Sekolah","Rp 1 Miliar","Rp 4 Jutaan (Tenor 20 Tahun)","Rp 6 Jutaan (Tenor 15 Tahun)","https://www.rumah123.com/properti/semarang-ngaliyan/rumah-mewah-siap-huni-lokasi-dekat-kampus-uin-walisongo-hos41599435/","Rumah Mewah. Siap Huni. Lokasi Dekat Kampus Uin Walisongo","Ngaliyan, Semarang","Rumah Baru Siap Huni Di Beringin Ngaliyan Semarang  SPESIFIKASI RUMAH :  - Luas Tanah 130m - Luas Bangunan 120 - Kamar Tidur 3 - Kamar Mandi 2 - Li...","3","[object Object]","2","[object Object]","130 m²","LT:","120 m²","LB:","https://pic.rumah123.com/r123/250x250-fit/photo/1466630/14666301629701900.jpg","Diperbarui 6 menit yang lalu oleh","abdul jalal","+628132...","WhatsApp","1 + 1","[object Object]","","","",""
"https://www.rumah123.com/portal-img/_next/image/?url=https%3A%2F%2Fpicture.rumah123.com%2Fr123-images%2F720x420-crop%2Fcustomer%2F1811641%2Fdb9889229d515b1a6e5e71b1cd35d629.jpg&w=3840&q=75","https://www.rumah123.com/portal-img/_next/image/?url=https%3A%2F%2Fpicture.rumah123.com%2Fr123-images%2F720x420-crop%2Fcustomer%2F1811641%2Fed8187eed225974d167304551c0667b0.jpg&w=3840&q=75","https://www.rumah123.com/portal-img/_next/image/?url=https%3A%2F%2Fpicture.rumah123.com%2Fr123-images%2F720x420-crop%2Fcustomer%2F1811641%2F3c2a6081b4894b268155b6e064d40d4e.jpg&w=3840&q=75","[object Object]","7","[object Object]","Rumah","","https://www.rumah123.com/jual/cari/?location=jawa-tengah&itm_medium=search-suggestions-lokasi&itm_source=organic&quickLabel=Bisa+Nego","Bisa Nego","https://www.rumah123.com/jual/cari/?location=jawa-tengah&itm_medium=search-suggestions-lokasi&itm_source=organic&quickLabel=Bebas+Banjir","Bebas Banjir","Rp 11,5 Miliar","Rp 56 Jutaan (Tenor 20 Tahun)","Rp 72 Jutaan (Tenor 15 Tahun)","https://www.rumah123.com/properti/semarang-semarang-selatan/dijual-bangunan-di-jalan-utama-semarang-bisa-jadi-tempat-usaha-atau-rumah-hos40748008/","Dijual Bangunan di Jalan Utama Semarang, bisa Jadi Tempat Usaha atau Rumah","Semarang Selatan, Semarang","Kesempatan terbatas buat Anda dapatkan rumah strategis dengan return investasi tinggi di Semarang Selatan, Semarang.  Rumah ini menawarkan lokasi y...","","","","","327 m²","LT:","350 m²","LB:","https://pic.rumah123.com/r123/250x250-fit/photo/1811641/18116411751524476.jpg","Diperbarui 1 jam yang lalu oleh","Andrew S","+628512...","WhatsApp","","","https://pic.rumah123.com/r123/100x100-fit/logo/20241219024647_prime_properties.jpeg","https://www.rumah123.com/jual/cari/?location=jawa-tengah&itm_medium=search-suggestions-lokasi&itm_source=organic&quickLabel=Dekat+Akses+Transportasi","Dekat Akses Transportasi",""
"https://www.rumah123.com/portal-img/_next/image/?url=https%3A%2F%2Fpicture.rumah123.com%2Fr123-images%2F720x420-crop%2Fcustomer%2F1203739%2F71788427075042a3e98a4a89368611bf.jpg&w=3840&q=75","https://www.rumah123.com/portal-img/_next/image/?url=https%3A%2F%2Fpicture.rumah123.com%2Fr123-images%2F720x420-crop%2Fcustomer%2F1203739%2Fac990e7ede2da1bbbe671e75ad6471c7.jpg&w=3840&q=75","https://www.rumah123.com/portal-img/_next/image/?url=https%3A%2F%2Fpicture.rumah123.com%2Fr123-images%2F720x420-crop%2Fcustomer%2F1203739%2F511490f7f06aede9506a7c81c60131b9.jpg&w=3840&q=75","[object Object]","10","[object Object]","Rumah","","https://www.rumah123.com/jual/cari/?location=jawa-tengah&itm_medium=search-suggestions-lokasi&itm_source=organic&quickLabel=Dekat+Sekolah","Dekat Sekolah","","","Rp 1,32 Miliar","Rp 6 Jutaan (Tenor 20 Tahun)","Rp 8 Jutaan (Tenor 15 Tahun)","https://www.rumah123.com/properti/semarang-semarang-selatan/rumah-elite-tenang-sunyi-di-bsb-city-dekat-danau-hos41207952/","Rumah Elite Tenang Sunyi di Bsb City Dekat Danau","Semarang Selatan, Semarang","Rumah Jual Cepat di BSB City, Graha Taman Pelangi, Spesifikasi Sbb:  LT: 143m² LB: 100m Bangunan 1 Lantai Akses Jalan Lebar One Gate System Keaman...","3","[object Object]","2","[object Object]","143 m²","LT:","100 m²","LB:","https://picture.rumah123.com/r123-images/250x250-fit/customer/1203739/288fe8d7533bdd24021bf1165de37327.png","Diperbarui 1 jam yang lalu oleh","Jeck_Menteng","+628788...","WhatsApp","1 + 1","[object Object]","https://pic.rumah123.com/r123/100x100-fit/logo/20251208052726_property_solution.jpeg","","",""
"https://www.rumah123.com/portal-img/_next/image/?url=https%3A%2F%2Fpicture.rumah123.com%2Fr123-images%2F720x420-crop%2Fcustomer%2F63420%2F5680ec30ad31051efa11e43ee472f6ea.jpg&w=3840&q=75","https://www.rumah123.com/portal-img/_next/image/?url=https%3A%2F%2Fpicture.rumah123.com%2Fr123-images%2F720x420-crop%2Fcustomer%2F63420%2Fdcfaad87542228bcde32bd356a4c3b2e.jpg&w=3840&q=75","https://www.rumah123.com/portal-img/_next/image/?url=https%3A%2F%2Fpicture.rumah123.com%2Fr123-images%2F720x420-crop%2Fcustomer%2F63420%2Fe8eb18f3c83f455adac1f98f9f512405.jpg&w=3840&q=75","[object Object]","15","[object Object]","Rumah","","https://www.rumah123.com/jual/cari/?location=jawa-tengah&itm_medium=search-suggestions-lokasi&itm_source=organic&quickLabel=Dekat+Akses+Transportasi","Dekat Akses Transportasi","","","Rp 8,95 Miliar","Rp 43 Jutaan (Tenor 20 Tahun)","Rp 56 Jutaan (Tenor 15 Tahun)","https://www.rumah123.com/properti/semarang-graha-padma/rumah-full-furnished-mewah-di-graha-padma-hos40465664/","Rumah Full Furnished Mewah di Graha Padma","Graha Padma, Semarang","Dijual Rumah Mewah Full Furnished di Graha Padma, Semarang Barat. Lokasi di dalam cluster, keamanan 24 jam. Dekat Sekolah Karang Turi Dekat pintu t...","6 + 2","[object Object]","5 + 2","[object Object]","500 m²","LT:","736 m²","LB:","https://pic.rumah123.com/r123/250x250-fit/photo/63420/634201709047468.jpg","Diperbarui 2 jam yang lalu oleh","Else Susilowaty","+628522...","WhatsApp","2 + 2","[object Object]","https://pic.rumah123.com/r123/100x100-fit/logo/20201202052029_hepi_property.jpeg","","",""
"https://www.rumah123.com/portal-img/_next/image/?url=https%3A%2F%2Fpicture.rumah123.com%2Fr123-images%2F720x420-crop%2Fcustomer%2F63420%2F434031602cc3843f7728062cd6fec555.jpg&w=3840&q=75","https://www.rumah123.com/portal-img/_next/image/?url=https%3A%2F%2Fpicture.rumah123.com%2Fr123-images%2F720x420-crop%2Fcustomer%2F63420%2Fb43567dc1a6911d95e47ec2f3a9dc4c1.jpg&w=3840&q=75","https://www.rumah123.com/portal-img/_next/image/?url=https%3A%2F%2Fpicture.rumah123.com%2Fr123-images%2F720x420-crop%2Fcustomer%2F63420%2Ff54cee9ff1fda8e3f3fb08c1da483851.jpg&w=3840&q=75","[object Object]","12","[object Object]","Rumah","","https://www.rumah123.com/jual/cari/?location=jawa-tengah&itm_medium=search-suggestions-lokasi&itm_source=organic&quickLabel=Dekat+Akses+Transportasi","Dekat Akses Transportasi","https://www.rumah123.com/jual/cari/?location=jawa-tengah&itm_medium=search-suggestions-lokasi&itm_source=organic&quickLabel=Dekat+Fasilitas+Kesehatan","Dekat Fasilitas Kesehatan","Rp 2,4 Miliar","Rp 11 Jutaan (Tenor 20 Tahun)","Rp 15 Jutaan (Tenor 15 Tahun)","https://www.rumah123.com/properti/semarang-semarang-timur/rumah-besar-dan-luas-palebon-pedurungan-semarang-timur-hos40199433/","Rumah Besar dan Luas Palebon Pedurungan Semarang Timur","Semarang Timur, Semarang","Dijual Rumah Besar dan Luas Palebon Pedurungan  Dekat ke jln Majapahit raya  Dekat akses tol Gayamsari   Luas Tanah 336m² Luas Bangunan 250m² 7 K...","7","[object Object]","2","[object Object]","336 m²","LT:","250 m²","LB:","https://pic.rumah123.com/r123/250x250-fit/photo/63420/634201709047468.jpg","Diperbarui 2 jam yang lalu oleh","Else Susilowaty","+628522...","WhatsApp","4","[object Object]","https://pic.rumah123.com/r123/100x100-fit/logo/20201202052029_hepi_property.jpeg","","",""
"https://www.rumah123.com/portal-img/_next/image/?url=https%3A%2F%2Fpicture.rumah123.com%2Fr123-images%2F720x420-crop%2Fcustomer%2F63420%2Fc963404ef580a494985091f99b8fea43.jpg&w=3840&q=75","https://www.rumah123.com/portal-img/_next/image/?url=https%3A%2F%2Fpicture.rumah123.com%2Fr123-images%2F720x420-crop%2Fcustomer%2F63420%2F8d01294be5550120e6103edca806aa8d.jpg&w=3840&q=75","https://www.rumah123.com/portal-img/_next/image/?url=https%3A%2F%2Fpicture.rumah123.com%2Fr123-images%2F720x420-crop%2Fcustomer%2F63420%2F29666b1f6265533c0aaee51777cf41c4.jpg&w=3840&q=75","[object Object]","10","[object Object]","Rumah","","https://www.rumah123.com/jual/cari/?location=jawa-tengah&itm_medium=search-suggestions-lokasi&itm_source=organic&quickLabel=Siap+Huni","Siap Huni","","","Rp 2,1 Miliar","Rp 10 Jutaan (Tenor 20 Tahun)","Rp 13 Jutaan (Tenor 15 Tahun)","https://www.rumah123.com/properti/semarang-graha-padma/rumah-baru-gress-full-furnished-graha-padma-semarang-barat-hos39714136/","Rumah Full Furnished Siap Huni Graha Padma Dekat Sekolah Karangturi","Graha Padma, Semarang","Dijual Rumah baru gress Full Furnished  Graha Padma Semarang Barat  Luas Tanah 96m² Luas Bangunan 98m² Bangunan 2 lantai Kamar Tidur 3 Kamar mand...","3","[object Object]","3","[object Object]","96 m²","LT:","98 m²","LB:","https://pic.rumah123.com/r123/250x250-fit/photo/63420/634201709047468.jpg","Diperbarui 2 jam yang lalu oleh","Else Susilowaty","+628522...","WhatsApp","1","[object Object]","https://pic.rumah123.com/r123/100x100-fit/logo/20201202052029_hepi_property.jpeg","","",""
"https://www.rumah123.com/portal-img/_next/image/?url=https%3A%2F%2Fpicture.rumah123.com%2Fr123-images%2F720x420-crop%2Fcustomer%2F63420%2F761d231487649f498cb840129599d4f1.jpg&w=3840&q=75","https://www.rumah123.com/portal-img/_next/image/?url=https%3A%2F%2Fpicture.rumah123.com%2Fr123-images%2F720x420-crop%2Fcustomer%2F63420%2F4d7554f5b434d06d67dcb71be4c4634e.jpg&w=3840&q=75","https://www.rumah123.com/portal-img/_next/image/?url=https%3A%2F%2Fpicture.rumah123.com%2Fr123-images%2F720x420-crop%2Fcustomer%2F63420%2Fa82acac65093ecc92f63fec13f228b48.jpg&w=3840&q=75","[object Object]","11","[object Object]","Rumah","","https://www.rumah123.com/jual/cari/?location=jawa-tengah&itm_medium=search-suggestions-lokasi&itm_source=organic&quickLabel=Dekat+Akses+Transportasi","Dekat Akses Transportasi","https://www.rumah123.com/jual/cari/?location=jawa-tengah&itm_medium=search-suggestions-lokasi&itm_source=organic&quickLabel=Dekat+Fasilitas+Kesehatan","Dekat Fasilitas Kesehatan","Rp 3 Miliar","Rp 14 Jutaan (Tenor 20 Tahun)","Rp 18 Jutaan (Tenor 15 Tahun)","https://www.rumah123.com/properti/semarang-pedurungan/rumah-2-lantai-di-mahesa-pedurungan-semarang-hos41152652/","Rumah 2 Lantai di Mahesa Pedurungan Semarang","Pedurungan, Semarang","Dijual Rumah di Mahesa Pedurungan Semarang  Luas Tanah 400m² Luas Bangunan 429m² 2 Lantai Kamar Tidur 5 Kamar mandi 5 Sertifikat HM Listrik 4400+...","5","[object Object]","5","[object Object]","400 m²","LT:","429 m²","LB:","https://pic.rumah123.com/r123/250x250-fit/photo/63420/634201709047468.jpg","Diperbarui 2 jam yang lalu oleh","Else Susilowaty","+628522...","WhatsApp","1","[object Object]","https://pic.rumah123.com/r123/100x100-fit/logo/20201202052029_hepi_property.jpeg","","",""
"https://www.rumah123.com/portal-img/_next/image/?url=https%3A%2F%2Fpicture.rumah123.com%2Fr123-images%2F720x420-crop%2Fcustomer%2F63420%2F1305838247d673a384cf1e1d8843bf5f.jpg&w=3840&q=75","https://www.rumah123.com/portal-img/_next/image/?url=https%3A%2F%2Fpicture.rumah123.com%2Fr123-images%2F720x420-crop%2Fcustomer%2F63420%2F3a1e92df908fbeb95eddfb3f88af22e0.jpg&w=3840&q=75","https://www.rumah123.com/portal-img/_next/image/?url=https%3A%2F%2Fpicture.rumah123.com%2Fr123-images%2F720x420-crop%2Fcustomer%2F63420%2F3c451c9a2f1db26315cb1a6c1e03ced8.jpg&w=3840&q=75","[object Object]","7","[object Object]","Rumah","","https://www.rumah123.com/jual/cari/?location=jawa-tengah&itm_medium=search-suggestions-lokasi&itm_source=organic&quickLabel=Siap+Huni","Siap Huni","","","Rp 895 Juta","Rp 4 Jutaan (Tenor 20 Tahun)","Rp 5 Jutaan (Tenor 15 Tahun)","https://www.rumah123.com/properti/semarang-citragrand/hanya-800-jutaan-termurah-di-citragrand-tembalang-rumah-siap-huni-hos19364337/","Hanya 800 Jutaan Termurah Di Citragrand Tembalang Rumah Siap Huni","Citragrand, Semarang","Dijual Rumah di Citragrand Semarang  Luas Tanah 72m² Full Bangunan Kamar Tidur 2 Kamar Mandi 1 Hadap Utara Sertifikat HM  Harga 895 juta","2","[object Object]","1","[object Object]","72 m²","LT:","72 m²","LB:","https://pic.rumah123.com/r123/250x250-fit/photo/63420/634201709047468.jpg","Diperbarui 2 jam yang lalu oleh","Else Susilowaty","+628522...","WhatsApp","1","[object Object]","https://pic.rumah123.com/r123/100x100-fit/logo/20201202052029_hepi_property.jpeg","","",""
"https://www.rumah123.com/portal-img/_next/image/?url=https%3A%2F%2Fpicture.rumah123.com%2Fr123-images%2F720x420-crop%2Fcustomer%2F1286139%2F5bd2f2376093ec10b5a7220b1f5b602b.jpg&w=3840&q=75","https://www.rumah123.com/portal-img/_next/image/?url=https%3A%2F%2Fpicture.rumah123.com%2Fr123-images%2F720x420-crop%2Fcustomer%2F1286139%2Fb173770ad790ffd47707097b3bf9c4fe.jpg&w=3840&q=75","https://www.rumah123.com/portal-img/_next/image/?url=https%3A%2F%2Fpicture.rumah123.com%2Fr123-images%2F720x420-crop%2Fcustomer%2F1286139%2Ffd0a99282ab97f95988ae53b0b2d64ab.jpg&w=3840&q=75","[object Object]","8","[object Object]","Rumah","","https://www.rumah123.com/jual/cari/?location=jawa-tengah&itm_medium=search-suggestions-lokasi&itm_source=organic&quickLabel=Siap+Huni","Siap Huni","https://www.rumah123.com/jual/cari/?location=jawa-tengah&itm_medium=search-suggestions-lokasi&itm_source=organic&quickLabel=Dekat+Pusat+Perbelanjaan","Dekat Pusat Perbelanjaan","Rp 850 Juta","Rp 4 Jutaan (Tenor 20 Tahun)","Rp 5 Jutaan (Tenor 15 Tahun)","https://www.rumah123.com/properti/solo-solo-baru/rumah-cluster-3-kamar-siap-huni-5-menit-pakuwon-mall-solo-baru-hos39691030/","Rumah Cluster 3 Kamar Siap Huni 5 Menit Pakuwon Mall Solo Baru","Solo Baru, Solo","Turun Harga Rumah dijual di Kwarasan Baki Solobaru (Siap Huni pada 1 Agustus 2025)  Tidak Banjir, Lingkungan Aman (One Gate System),   satpam 24 j...","3","[object Object]","2","[object Object]","132 m²","LT:","120 m²","LB:","https://picture.rumah123.com/r123-images/250x250-fit/customer/1286139/022f1128ed85a9b378504ccbc9786e90.png","Diperbarui 30 menit yang lalu oleh","Silvia Ika (*buyer bebas fee)","+628985...","WhatsApp","1","[object Object]","https://pic.rumah123.com/r123/100x100-fit/logo/20201009042657_xavier_marks_solo.jpeg","https://www.rumah123.com/jual/cari/?location=jawa-tengah&itm_medium=search-suggestions-lokasi&itm_source=organic&quickLabel=Dekat+Fasilitas+Kesehatan","Dekat Fasilitas Kesehatan",""
"https://www.rumah123.com/portal-img/_next/image/?url=https%3A%2F%2Fpicture.rumah123.com%2Fr123-images%2F720x420-crop%2Fcustomer%2F1495082%2Flisting%2Fhos41518397%2Fenhanced%2Fb0dcf72264eb27343815a27f40dde0a7.jpg&w=3840&q=75","https://www.rumah123.com/portal-img/_next/image/?url=https%3A%2F%2Fpicture.rumah123.com%2Fr123-images%2F720x420-crop%2Fcustomer%2F1495082%2Flisting%2Fhos41518397%2Fenhanced%2F861b87cb398b403417db13e0c156ca0d.jpg&w=3840&q=75","https://www.rumah123.com/portal-img/_next/image/?url=https%3A%2F%2Fpicture.rumah123.com%2Fr123-images%2F720x420-crop%2Fcustomer%2F1495082%2Flisting%2Fhos41518397%2Fenhanced%2Ff6a9bf14fccc602870dd73156857ed79.jpg&w=3840&q=75","[object Object]","27","[object Object]","Rumah","","","","","","Rp 1,85 Miliar","Rp 9 Jutaan (Tenor 20 Tahun)","Rp 11 Jutaan (Tenor 15 Tahun)","https://www.rumah123.com/properti/semarang-semarang-tengah/rumah-ready-3-lantai-tengah-kota-semarang-majapahit-raya-gayamsari-dekat-simpanglima-hos41518397/","Rumah Ready 3 Lantai Tengah Kota Semarang Majapahit Raya Gayamsari Dekat Simpanglima","Semarang Tengah, Semarang","Di Jual Rumah Cluster 3 Lantai Lokasi Majapahit Raya  - One Gate System - CCTV Cluster  Spesifikasi - SHM + PBG Ready - 3 Lantai - Luas Tanah 80m -...","3","[object Object]","3","[object Object]","80 m²","LT:","160 m²","LB:","https://pic.rumah123.com/r123/250x250-fit/photo/1495082/14950821633582122.jpg","Diperbarui 2 jam yang lalu oleh","Kurniawan Wijaya","+628571...","WhatsApp","2","[object Object]","https://pic.rumah123.com/r123/100x100-fit/logo/20251219012347_pt_the_bakoeland_property_sejahtera.jpeg","","",""
"https://www.rumah123.com/portal-img/_next/image/?url=https%3A%2F%2Fpicture.rumah123.com%2Fr123-images%2F720x420-crop%2Fcustomer%2F1495082%2Flisting%2Fhos41592604%2Fenhanced%2F8afbfbf304b80b1c694237e71f1f62b4.jpg&w=3840&q=75","https://www.rumah123.com/portal-img/_next/image/?url=https%3A%2F%2Fpicture.rumah123.com%2Fr123-images%2F720x420-crop%2Fcustomer%2F1495082%2Flisting%2Fhos41592604%2Fenhanced%2F906ae497a9649a5ffd9cf29ae1ef2733.jpg&w=3840&q=75","https://www.rumah123.com/portal-img/_next/image/?url=https%3A%2F%2Fpicture.rumah123.com%2Fr123-images%2F720x420-crop%2Fcustomer%2F1495082%2Flisting%2Fhos41592604%2Fenhanced%2F1022179544c163281b2c0e307fb737c8.jpg&w=3840&q=75","[object Object]","15","[object Object]","Rumah","","https://www.rumah123.com/jual/cari/?location=jawa-tengah&itm_medium=search-suggestions-lokasi&itm_source=organic&quickLabel=Dekat+Pusat+Perbelanjaan","Dekat Pusat Perbelanjaan","https://www.rumah123.com/jual/cari/?location=jawa-tengah&itm_medium=search-suggestions-lokasi&itm_source=organic&quickLabel=Dekat+Sekolah","Dekat Sekolah","Rp 3,8 Miliar","Rp 18 Jutaan (Tenor 20 Tahun)","Rp 23 Jutaan (Tenor 15 Tahun)","https://www.rumah123.com/properti/semarang-tembalang/rumah-hook-murah-ngesrep-dekat-kampus-undip-tembalang-hos41592604/","Rumah Hook Murah Ngesrep Dekat Kampus Undip Tembalang","Tembalang, Semarang","Hunian Ready Ngesrep Tembalang Luas Tanah 310 m² Luas bangunan 250 m² Kamar Tidur 4 + 1 Kamar Mandi 3 + 1 Air Artetis & PDAM Listrik 7700 Watt Ho...","5","[object Object]","4","[object Object]","310 m²","LT:","250 m²","LB:","https://pic.rumah123.com/r123/250x250-fit/photo/1495082/14950821633582122.jpg","Diperbarui 1 jam yang lalu oleh","Kurniawan Wijaya","+628571...","WhatsApp","2 + 2","[object Object]","https://pic.rumah123.com/r123/100x100-fit/logo/20251219012347_pt_the_bakoeland_property_sejahtera.jpeg","","",""
"https://www.rumah123.com/portal-img/_next/image/?url=https%3A%2F%2Fpicture.rumah123.com%2Fr123-images%2F720x420-crop%2Fcustomer%2F1555151%2Ffe691c82249a94f7cf1790b7714c7060.jpg&w=3840&q=75","https://www.rumah123.com/portal-img/_next/image/?url=https%3A%2F%2Fpicture.rumah123.com%2Fr123-images%2F720x420-crop%2Fcustomer%2F1555151%2Feaf62ac31036122077cc9069eac276e7.jpg&w=3840&q=75","https://www.rumah123.com/portal-img/_next/image/?url=https%3A%2F%2Fpicture.rumah123.com%2Fr123-images%2F720x420-crop%2Fcustomer%2F1555151%2F4660c6792f2af53c82642f28d79656db.jpg&w=3840&q=75","[object Object]","6","[object Object]","Rumah","","","","","","Rp 2,5 Miliar","Rp 12 Jutaan (Tenor 20 Tahun)","Rp 15 Jutaan (Tenor 15 Tahun)","https://www.rumah123.com/properti/semarang-semarang-tengah/rumah-20m-ke-jl-mt-haryono-cocok-u-kos-kantor-tempat-usaha-rumah-hos39506642/","Rumah 20M ke Jl. Mt Haryono Cocok U/ Kos, Kantor, Tempat Usaha Rumah","Semarang Tengah, Semarang","Dijual Rumah di Wonodri Semarang 30m ke jl.MT Haryono  Luas Tanah 161m²  Luas Bangunan 300m² Kamar Tidur 11 Kamar mandi 6 Listrik 5500 watt Air S...","11","[object Object]","6","[object Object]","161 m²","LT:","300 m²","LB:","https://pic.rumah123.com/r123/250x250-fit/photo/1555151/15551511706112668.jpg","Diperbarui 2 jam yang lalu oleh","Swanny","+628122...","WhatsApp","1","[object Object]","https://pic.rumah123.com/r123/100x100-fit/logo/20201202052029_hepi_property.jpeg","","",""
"https://www.rumah123.com/portal-img/_next/image/?url=https%3A%2F%2Fpicture.rumah123.com%2Fr123-images%2F720x420-crop%2Fcustomer%2F1555151%2F80e380c5ff68663b95ab57be28996a35.png&w=3840&q=75","https://www.rumah123.com/portal-img/_next/image/?url=https%3A%2F%2Fpicture.rumah123.com%2Fr123-images%2F720x420-crop%2Fcustomer%2F1555151%2F2024-05-25-02-38-55-79898865-491d-4aeb-8f9c-0ad4fb3af6f8.jpg&w=3840&q=75","https://www.rumah123.com/portal-img/_next/image/?url=https%3A%2F%2Fpicture.rumah123.com%2Fr123-images%2F720x420-crop%2Fcustomer%2F1555151%2F2024-05-25-02-38-56-21c797be-66bb-4d7e-93c1-b4ecd4c4e790.jpg&w=3840&q=75","[object Object]","12","[object Object]","Rumah","","https://www.rumah123.com/jual/cari/?location=jawa-tengah&itm_medium=search-suggestions-lokasi&itm_source=organic&quickLabel=Siap+Huni","Siap Huni","https://www.rumah123.com/jual/cari/?location=jawa-tengah&itm_medium=search-suggestions-lokasi&itm_source=organic&quickLabel=Dekat+Sekolah","Dekat Sekolah","Rp 3,2 Miliar","Rp 15 Jutaan (Tenor 20 Tahun)","Rp 20 Jutaan (Tenor 15 Tahun)","https://www.rumah123.com/properti/semarang-banyumanik/rumah-di-kamfer-raya-siap-untuk-cafebakerykantor-dll-hos17192983/","Rumah di Kanfer Raya , Dekat Undip Siap untuk Cafe,Bakery,Kantor","Banyumanik, Semarang","Dijual Rumah di Jalan Kamfer Raya, Dekat Undip kondisi baru dan siap pakai, cocok untuk: kantor, apotik,resto,bakery dll  LT. 176 M² LB.. 270 M² ...","4","[object Object]","3","[object Object]","176 m²","LT:","270 m²","LB:","https://pic.rumah123.com/r123/250x250-fit/photo/1555151/15551511706112668.jpg","Diperbarui 2 jam yang lalu oleh","Swanny","+628122...","WhatsApp","2 + 2","[object Object]","https://pic.rumah123.com/r123/100x100-fit/logo/20201202052029_hepi_property.jpeg","https://www.rumah123.com/jual/cari/?location=jawa-tengah&itm_medium=search-suggestions-lokasi&itm_source=organic&quickLabel=Dekat+Fasilitas+Kesehatan","Dekat Fasilitas Kesehatan",""
"https://www.rumah123.com/portal-img/_next/image/?url=https%3A%2F%2Fpic.rumah123.com%2Fr123%2F720x420-crop%2Fland%2Fla23%2F2321367%2Foriginal%2Flas2321367-tanah-di-jual-di-colomadu-solo-15867741869207.jpg&w=3840&q=85","","","[object Object]","3","[object Object]","Tanah","","","","","","Rp 1,69 Miliar Total","Rp 8 Jutaan (Tenor 20 Tahun)","Rp 10 Jutaan (Tenor 15 Tahun)","https://www.rumah123.com/properti/solo-colomadu/tanah-kering-siap-bangun-di-colomadu-solo-las2321367/","Tanah kering siap bangun di colomadu solo","Colomadu, Solo","Tanah kering murah siap bangun sudah tembok keliling di colomadu solo, luas tanah 678m2, lebar depan hadap selatan 22,5m, lebar depan hadap barat 3...","","","","","678 m²","LT:","","","https://pic.rumah123.com/r123/250x250-fit/photo/485915/4859151599742462.jpg","Diperbarui 4 jam yang lalu oleh","Arifin Wijayanto","+628564...","WhatsApp","","","https://pic.rumah123.com/r123/100x100-fit/logo/20181031035159_harcourts_solo_raya.jpeg","","",""
"https://www.rumah123.com/portal-img/_next/image/?url=https%3A%2F%2Fpic.rumah123.com%2Fr123%2F720x420-crop%2Fland%2Fla29%2F2904532%2Foriginal%2Flas2904532-tanah-di-jual-di-colomadu-di-solo-16526979042417.jpg&w=3840&q=75","","","[object Object]","4","[object Object]","Tanah","","https://www.rumah123.com/jual/cari/?location=jawa-tengah&itm_medium=search-suggestions-lokasi&itm_source=organic&quickLabel=Dekat+Akses+Transportasi","Dekat Akses Transportasi","","","Rp 4,57 Miliar Total","Rp 22 Jutaan (Tenor 20 Tahun)","Rp 28 Jutaan (Tenor 15 Tahun)","https://www.rumah123.com/properti/solo-colomadu/tanah-pekarangan-siap-bangun-jalan-tentara-pelajar-bolon-colomadu-solo-las2904532/","Tanah Pekarangan Siap Bangun Jalan Tentara Pelajar Bolon Colomadu Solo","Colomadu, Solo","Tanah pekarangan strategis di jalan tentara pelajar bolon colomadu solo, luas tanah 1524m2, lebar depan 16m, akses kontainer, dekat pintu tol karta...","","","","","1524 m²","LT:","","","https://pic.rumah123.com/r123/250x250-fit/photo/485915/4859151599742462.jpg","Diperbarui 4 jam yang lalu oleh","Arifin Wijayanto","+628564...","WhatsApp","","","https://pic.rumah123.com/r123/100x100-fit/logo/20181031035159_harcourts_solo_raya.jpeg","","",""
"https://www.rumah123.com/portal-img/_next/image/?url=https%3A%2F%2Fpicture.rumah123.com%2Fr123-images%2F720x420-crop%2Fcustomer%2F485915%2F2024-01-07-21-18-11-189a96a3-481b-4e63-af7b-dc3d37944b9e.jpg&w=3840&q=75","","","[object Object]","6","[object Object]","Tanah","","https://www.rumah123.com/jual/cari/?location=jawa-tengah&itm_medium=search-suggestions-lokasi&itm_source=organic&quickLabel=Dekat+Akses+Transportasi","Dekat Akses Transportasi","https://www.rumah123.com/jual/cari/?location=jawa-tengah&itm_medium=search-suggestions-lokasi&itm_source=organic&quickLabel=Cocok+untuk+kost","Cocok untuk kost","Rp 8,78 Miliar Total","Rp 43 Jutaan (Tenor 20 Tahun)","Rp 55 Jutaan (Tenor 15 Tahun)","https://www.rumah123.com/properti/solo-colomadu/tanah-strategis-dekat-pintu-tol-colomadu-kartasura-solo-las3755426/","Tanah Strategis Dekat Pintu Tol Colomadu Kartasura Solo","Colomadu, Solo","Tanah strategis dekat pintu tol colomadu kartasura solo,  pinggir jalan raya tentara pelajar bolon colomadu karanganyar,  luas tanah 2703m2,  lebar...","","","","","2703 m²","LT:","","","https://pic.rumah123.com/r123/250x250-fit/photo/485915/4859151599742462.jpg","Diperbarui 4 jam yang lalu oleh","Arifin Wijayanto","+628564...","WhatsApp","","","https://pic.rumah123.com/r123/100x100-fit/logo/20181031035159_harcourts_solo_raya.jpeg","","",""
"https://www.rumah123.com/portal-img/_next/image/?url=https%3A%2F%2Fpic.rumah123.com%2Fr123%2F720x420-crop%2Fcommercial%2Fco31%2F3134928%2Foriginal%2Fwas3134928-gudang-di-jual-di-colomadu-di-solo-16481225930838.jpg&w=3840&q=75","","","[object Object]","17","[object Object]","Gudang","","https://www.rumah123.com/jual/cari/?location=jawa-tengah&itm_medium=search-suggestions-lokasi&itm_source=organic&quickLabel=Siap+Huni","Siap Huni","https://www.rumah123.com/jual/cari/?location=jawa-tengah&itm_medium=search-suggestions-lokasi&itm_source=organic&quickLabel=Dekat+Akses+Transportasi","Dekat Akses Transportasi","Rp 1,7 Miliar Total","Rp 8 Jutaan (Tenor 20 Tahun)","Rp 10 Jutaan (Tenor 15 Tahun)","https://www.rumah123.com/properti/solo-colomadu/gudang-siap-pakai-dekat-pintu-tol-klodran-solo-was3134928/","Gudang Siap Pakai Dekat Pintu Tol Klodran Solo","Colomadu, Solo","Gudang atau ruang produksi dekat pintu tol klodran solo,   luas tanah 299m2,  lebar depan 12m,  bangunan 1,5 lantai,  luas bangunan 300m2,  akses t...","2","[object Object]","6","[object Object]","299 m²","LT:","300 m²","LB:","https://pic.rumah123.com/r123/250x250-fit/photo/485915/4859151599742462.jpg","Diperbarui 4 jam yang lalu oleh","Arifin Wijayanto","+628564...","WhatsApp","","","https://pic.rumah123.com/r123/100x100-fit/logo/20181031035159_harcourts_solo_raya.jpeg","","",""
"https://www.rumah123.com/portal-img/_next/image/?url=https%3A%2F%2Fpicture.rumah123.com%2Fr123-images%2F720x420-crop%2Fcustomer%2F485915%2F2022-08-04-01-41-17-c8a42245-d635-4efd-b00a-680845151f90.jpg&w=3840&q=75","","","[object Object]","4","[object Object]","Tanah","","","","","","Rp 4,15 Miliar Total","Rp 20 Jutaan (Tenor 20 Tahun)","Rp 26 Jutaan (Tenor 15 Tahun)","https://www.rumah123.com/properti/solo-colomadu/tanah-kavling-siap-bangun-jalan-raya-adi-sucipto-colomadu-solo-las2966101/","Tanah Kavling Siap Bangun Jalan Raya Adi Sucipto Colomadu Solo","Colomadu, Solo","Tanah kavling siap bangun di perumahan elite jalan adi sucipto colomadu solo, luas tanah 378m2, lebar depan 21m, panjang 18m,p akses jalan paving l...","","","","","378 m²","LT:","","","https://pic.rumah123.com/r123/250x250-fit/photo/485915/4859151599742462.jpg","Diperbarui 4 jam yang lalu oleh","Arifin Wijayanto","+628564...","WhatsApp","","","https://pic.rumah123.com/r123/100x100-fit/logo/20181031035159_harcourts_solo_raya.jpeg","","",""
"https://www.rumah123.com/portal-img/_next/image/?url=https%3A%2F%2Fpicture.rumah123.com%2Fr123-images%2F720x420-crop%2Fcustomer%2F485915%2F2024-08-01-05-30-56-5034b1c9-c592-4992-9d89-00e26bbc3273.jpg&w=3840&q=75","","","[object Object]","5","[object Object]","Tanah","","","","","","Rp 392 Juta Total","Rp 1 Jutaan (Tenor 20 Tahun)","Rp 2 Jutaan (Tenor 15 Tahun)","https://www.rumah123.com/properti/solo-solo-baru/tanah-kavling-murah-dekat-solo-baru-dan-gentan-las4049932/","Tanah Kavling Murah Dekat Solo Baru Dan Gentan","Solo Baru, Solo","Tanah kavling siap bangun di perumahan dekat solo baru dan gentan,  luas tanah 98m2,  lebar depan 8m,  panjang 12m,  SHM hadap timur,  akses jalan ...","","","","","98 m²","LT:","","","https://pic.rumah123.com/r123/250x250-fit/photo/485915/4859151599742462.jpg","Diperbarui 4 jam yang lalu oleh","Arifin Wijayanto","+628564...","WhatsApp","","","https://pic.rumah123.com/r123/100x100-fit/logo/20181031035159_harcourts_solo_raya.jpeg","","",""
"https://www.rumah123.com/portal-img/_next/image/?url=https%3A%2F%2Fpic.rumah123.com%2Fr123%2F720x420-crop%2Fhouse%2Fho25%2F2549264%2Foriginal%2Fhos2549264-rumah-di-jual-di-colomadu-karanganyar-14949777596299.jpg&w=3840&q=75","","","[object Object]","11","[object Object]","Rumah","","","","","","Rp 8 Miliar","Rp 39 Jutaan (Tenor 20 Tahun)","Rp 50 Jutaan (Tenor 15 Tahun)","https://www.rumah123.com/properti/solo-colomadu/rumah-etnik-kayu-jati-di-colomadu-solo-hos2549264/","Rumah etnik kayu jati di colomadu solo","Colomadu, Solo","Rumah etnik di dalam perumahan colomadu solo, lantai marmer, kayu jati, full furnished, kayu gebyok, luas tanah 1000m2, luas bangunan 700m2, lebar ...","6","[object Object]","3","[object Object]","1000 m²","LT:","700 m²","LB:","https://pic.rumah123.com/r123/250x250-fit/photo/485915/4859151599742462.jpg","Diperbarui 4 jam yang lalu oleh","Arifin Wijayanto","+628564...","WhatsApp","5","[object Object]","https://pic.rumah123.com/r123/100x100-fit/logo/20181031035159_harcourts_solo_raya.jpeg","","",""
"https://www.rumah123.com/portal-img/_next/image/?url=https%3A%2F%2Fpic.rumah123.com%2Fr123%2F720x420-crop%2Fhouse%2Fho65%2F6539936%2Foriginal%2Fhos6539936-rumah-di-jual-di-colomadu-solo-15890990665483.jpg&w=3840&q=75","","","[object Object]","9","[object Object]","Rumah","","","","","","Rp 500 Juta","Rp 2 Jutaan (Tenor 20 Tahun)","Rp 3 Jutaan (Tenor 15 Tahun)","https://www.rumah123.com/properti/solo-colomadu/rumah-baru-perumahan-di-colomadu-solo-hos6539936/","Rumah baru perumahan di colomadu solo","Colomadu, Solo","Rumah baru gress minimalis modern di tohudan colomadu solo, luas tanah 104m2, luas bangunan 50m2, lebar depan 8m, hadap selatan, SHM, 2 kamar tidur...","2","[object Object]","1","[object Object]","104 m²","LT:","50 m²","LB:","https://pic.rumah123.com/r123/250x250-fit/photo/485915/4859151599742462.jpg","Diperbarui 4 jam yang lalu oleh","Arifin Wijayanto","+628564...","WhatsApp","1","[object Object]","https://pic.rumah123.com/r123/100x100-fit/logo/20181031035159_harcourts_solo_raya.jpeg","","",""
"https://www.rumah123.com/portal-img/_next/image/?url=https%3A%2F%2Fpicture.rumah123.com%2Fr123-images%2F720x420-crop%2Fcustomer%2F485915%2F2023-06-02-16-04-29-f97afed1-9047-4900-bfc2-e51ca5226e2a.jpg&w=3840&q=75","","","[object Object]","5","[object Object]","Rumah","","https://www.rumah123.com/jual/cari/?location=jawa-tengah&itm_medium=search-suggestions-lokasi&itm_source=organic&quickLabel=Siap+Huni","Siap Huni","","","Rp 800 Juta","Rp 3 Jutaan (Tenor 20 Tahun)","Rp 5 Jutaan (Tenor 15 Tahun)","https://www.rumah123.com/properti/solo-solo-baru/rumah-bagus-siap-pakai-di-perumahan-solo-baru-hos13904866/","Rumah Bagus Siap Pakai di Perumahan Solo Baru","Solo Baru, Solo","Rumah bagus siap pakai di cluster dekat solo baru, luas tanah 100m2, lebar depan 10m, luas bangunan 65m2, 3 kamar tidur, 2 kamar mandi, carport 1 m...","3","[object Object]","2","[object Object]","100 m²","LT:","65 m²","LB:","https://pic.rumah123.com/r123/250x250-fit/photo/485915/4859151599742462.jpg","Diperbarui 4 jam yang lalu oleh","Arifin Wijayanto","+628564...","WhatsApp","1","[object Object]","https://pic.rumah123.com/r123/100x100-fit/logo/20181031035159_harcourts_solo_raya.jpeg","","",""
"https://www.rumah123.com/portal-img/_next/image/?url=https%3A%2F%2Fpicture.rumah123.com%2Fr123-images%2F720x420-crop%2Fcustomer%2F485915%2Fd3b9bbe9b3a0a16478243aeb775613c7.jpg&w=3840&q=75","","","[object Object]","14","[object Object]","Rumah","","https://www.rumah123.com/jual/cari/?location=jawa-tengah&itm_medium=search-suggestions-lokasi&itm_source=organic&quickLabel=Siap+Huni","Siap Huni","https://www.rumah123.com/jual/cari/?location=jawa-tengah&itm_medium=search-suggestions-lokasi&itm_source=organic&quickLabel=Dekat+Akses+Transportasi","Dekat Akses Transportasi","Rp 400 Juta","Rp 1 Jutaan (Tenor 20 Tahun)","Rp 2 Jutaan (Tenor 15 Tahun)","https://www.rumah123.com/properti/solo-colomadu/rumah-murah-siap-pakai-dekat-tol-bandara-adi-soemarmo-boyolali-solo-hos39313645/","Rumah Murah Siap Pakai Dekat Tol Bandara Adi Soemarmo Boyolali Solo","Colomadu, Solo","Rumah murah siap pakai dekat tol bandara adi soemarmo boyolali solo Luas tanah 90m2 Lebar depan 9m Panjang 10m Luas bangunan 45m2 2 kamar tidur 1 k...","2","[object Object]","1","[object Object]","90 m²","LT:","45 m²","LB:","https://pic.rumah123.com/r123/250x250-fit/photo/485915/4859151599742462.jpg","Diperbarui 4 jam yang lalu oleh","Arifin Wijayanto","+628564...","WhatsApp","1 + 1","[object Object]","https://pic.rumah123.com/r123/100x100-fit/logo/20181031035159_harcourts_solo_raya.jpeg","","",""
"https://www.rumah123.com/portal-img/_next/image/?url=https%3A%2F%2Fpic.rumah123.com%2Fr123%2F720x420-crop%2Fcommercial%2Fco30%2F3061032%2Foriginal%2Fwas3061032-gudang-di-jual-di-banjarsari-di-solo-16400957437334.jpg&w=3840&q=75","","","[object Object]","3","[object Object]","Gudang","","","","","","Rp 4 Miliar Total","Rp 19 Jutaan (Tenor 20 Tahun)","Rp 25 Jutaan (Tenor 15 Tahun)","https://www.rumah123.com/properti/solo-banjarsari/gudang-strategis-di-banyuanyar-banjarsari-solo-was3061032/","Gudang Strategis Di Banyuanyar Banjarsari Solo","Banjarsari, Solo","Tanah ada bangunan gudang di jalan letjen suprapto banyuanyar banjarsari solo, luas tanah 400m2, lebar depan 17m, bangunan 2 lantai luas bangunan 6...","3","[object Object]","5","[object Object]","400 m²","LT:","600 m²","LB:","https://pic.rumah123.com/r123/250x250-fit/photo/485915/4859151599742462.jpg","Diperbarui 4 jam yang lalu oleh","Arifin Wijayanto","+628564...","WhatsApp","","","https://pic.rumah123.com/r123/100x100-fit/logo/20181031035159_harcourts_solo_raya.jpeg","","",""
"https://www.rumah123.com/portal-img/_next/image/?url=https%3A%2F%2Fpicture.rumah123.com%2Fr123-images%2F720x420-crop%2Fcustomer%2F485915%2Fc9487f30b79d5e951c62964f3b3dec7b.jpg&w=3840&q=75","","","[object Object]","16","[object Object]","Ruko","","https://www.rumah123.com/jual/cari/?location=jawa-tengah&itm_medium=search-suggestions-lokasi&itm_source=organic&quickLabel=Dekat+Sekolah","Dekat Sekolah","","","Rp 4,5 Miliar Total","Rp 22 Jutaan (Tenor 20 Tahun)","Rp 28 Jutaan (Tenor 15 Tahun)","https://www.rumah123.com/properti/solo-banjarsari/ruko-dan-ruang-usaha-strategis-di-jalan-piere-tendean-nusukan-banjarsari-solo-shs9432160/","Ruko dan Ruang Usaha Strategis di Jalan Piere Tendean Nusukan Banjarsari Solo","Banjarsari, Solo","Ruko dan ruang usaha strategis di jalan piere tendean solo  Luas tanah 184m2 Lebar depan 6m 2 lantai Luas bangunan 300m2 3 kamar tidur 2 kamar mand...","2","[object Object]","","","184 m²","LT:","300 m²","LB:","https://pic.rumah123.com/r123/250x250-fit/photo/485915/4859151599742462.jpg","Diperbarui 4 jam yang lalu oleh","Arifin Wijayanto","+628564...","WhatsApp","","","https://pic.rumah123.com/r123/100x100-fit/logo/20181031035159_harcourts_solo_raya.jpeg","","",""
"https://www.rumah123.com/portal-img/_next/image/?url=https%3A%2F%2Fpicture.rumah123.com%2Fr123-images%2F720x420-crop%2Fcustomer%2F485915%2F2023-05-10-10-21-41-ae83ade9-92fb-4a34-9a4b-678b6d6e8c8d.jpg&w=3840&q=75","","","[object Object]","17","[object Object]","Rumah","","","","","","Rp 1 Miliar","Rp 4 Jutaan (Tenor 20 Tahun)","Rp 6 Jutaan (Tenor 15 Tahun)","https://www.rumah123.com/properti/solo-colomadu/rumah-murah-di-perumahan-fajar-indah-solo-hos13656169/","Rumah Murah Di Perumahan Fajar Indah Solo","Colomadu, Solo","Rumah murah di perumahan fajar indah solo, luas tanah 127m2, lebar depan 9m, luas bangunan 100m2, 3+1 kamar tidur, 2 kamar mandi, carpot 1 mobil, a...","3 + 1","[object Object]","2","[object Object]","127 m²","LT:","100 m²","LB:","https://pic.rumah123.com/r123/250x250-fit/photo/485915/4859151599742462.jpg","Diperbarui 4 jam yang lalu oleh","Arifin Wijayanto","+628564...","WhatsApp","1","[object Object]","https://pic.rumah123.com/r123/100x100-fit/logo/20181031035159_harcourts_solo_raya.jpeg","","",""
"https://www.rumah123.com/portal-img/_next/image/?url=https%3A%2F%2Fpicture.rumah123.com%2Fr123-images%2F720x420-crop%2Fcustomer%2F485915%2F2023-06-20-04-36-02-92957b28-23a9-4fa3-8e92-c56887c5ccde.jpg&w=3840&q=75","","","[object Object]","11","[object Object]","Ruko","","","","","","Rp 2,2 Miliar Total","Rp 10 Jutaan (Tenor 20 Tahun)","Rp 13 Jutaan (Tenor 15 Tahun)","https://www.rumah123.com/properti/solo-banjarsari/ruko-baru-strategis-di-jalan-letjen-suprapto-sumber-banjarsari-solo-shs3612274/","Ruko baru strategis di Jalan Letjen Suprapto Sumber Banjarsari Solo","Banjarsari, Solo","Ruko baru strategis di jalan letjen suprapto sumber solo, luas tanah 82m2, lebar depan 4,5m, 2 lantai luas bangunan 110m2, 2 kamar mandi, listrik 2...","2","[object Object]","2","[object Object]","82 m²","LT:","110 m²","LB:","https://pic.rumah123.com/r123/250x250-fit/photo/485915/4859151599742462.jpg","Diperbarui 4 jam yang lalu oleh","Arifin Wijayanto","+628564...","WhatsApp","","","https://pic.rumah123.com/r123/100x100-fit/logo/20181031035159_harcourts_solo_raya.jpeg","","",""
"https://www.rumah123.com/portal-img/_next/image/?url=https%3A%2F%2Fpic.rumah123.com%2Fr123%2F720x420-crop%2Fland%2Fla18%2F1815557%2Foriginal%2Flas1815557-tanah-di-jual-di-baki-sukoharjo-15163037165212.jpg&w=3840&q=75","","","[object Object]","3","[object Object]","Tanah","","","","","","Rp 2,26 Miliar Total","Rp 11 Jutaan (Tenor 20 Tahun)","Rp 14 Jutaan (Tenor 15 Tahun)","https://www.rumah123.com/properti/solo-solo-baru/tanah-siap-bangun-dekat-solo-baru-sudah-tembok-keliling-las1815557/","Tanah siap bangun dekat solo baru, sudah tembok keliling..","Solo Baru, Solo","Tanah kering siap bangun di dekat solo baru, luas tanah 756m2, lebar depan 18m, hook, lokasi dekat bale padi, pagar keliling, akses jalan truk bisa...","","","","","756 m²","LT:","","","https://pic.rumah123.com/r123/250x250-fit/photo/485915/4859151599742462.jpg","Diperbarui 4 jam yang lalu oleh","Arifin Wijayanto","+628564...","WhatsApp","","","https://pic.rumah123.com/r123/100x100-fit/logo/20181031035159_harcourts_solo_raya.jpeg","","",""
"https://www.rumah123.com/portal-img/_next/image/?url=https%3A%2F%2Fpicture.rumah123.com%2Fr123-images%2F720x420-crop%2Fcustomer%2F485915%2F2023-04-17-21-06-42-dae9bbe5-2433-4bad-8e16-616f37aa4c3d.jpg&w=3840&q=75","","","[object Object]","10","[object Object]","Rumah","","https://www.rumah123.com/jual/cari/?location=jawa-tengah&itm_medium=search-suggestions-lokasi&itm_source=organic&quickLabel=Dekat+Akses+Transportasi","Dekat Akses Transportasi","","","Rp 3,25 Miliar","Rp 15 Jutaan (Tenor 20 Tahun)","Rp 20 Jutaan (Tenor 15 Tahun)","https://www.rumah123.com/properti/semarang-banyumanik/rumah-hitung-tanah-di-srondol-banyumanik-semarang-hos13466777/","Rumah hitung tanah di Srondol Banyumanik Semarang","Banyumanik, Semarang","Rumah hitung tanah strategis untuk rumah tinggal dan usaha di banyumanik semarang, lokasi bagus hanya 200m dari jalan setiabudi, luas tanah 410m2, ...","","","","","410 m²","LT:","250 m²","LB:","https://pic.rumah123.com/r123/250x250-fit/photo/485915/4859151599742462.jpg","Diperbarui 3 jam yang lalu oleh","Arifin Wijayanto","+628564...","WhatsApp","","","https://pic.rumah123.com/r123/100x100-fit/logo/20181031035159_harcourts_solo_raya.jpeg","","",""
"https://www.rumah123.com/portal-img/_next/image/?url=https%3A%2F%2Fpicture.rumah123.com%2Fr123-images%2F720x420-crop%2Fcustomer%2F695384%2F2024-01-31-02-47-06-725b17e5-fb8d-48e9-9efb-840a1c01b064.jpg&w=3840&q=75","","","[object Object]","3","[object Object]","Tanah","","https://www.rumah123.com/jual/cari/?location=jawa-tengah&itm_medium=search-suggestions-lokasi&itm_source=organic&quickLabel=Dekat+Akses+Transportasi","Dekat Akses Transportasi","","","Rp 43,2 Miliar Total","Rp 212 Jutaan (Tenor 20 Tahun)","Rp 272 Jutaan (Tenor 15 Tahun)","https://www.rumah123.com/properti/solo-colomadu/tanah-bagus-strategis-jalan-adi-sucipto-colomadu-solo-las3805382/","Tanah Bagus Strategis Jalan Adi Sucipto Colomadu Solo","Colomadu, Solo","Tanah bagus strategis jalan adi sucipto colomadu solo, 
 Luas tanah 3605m2,
 Lebar depan 41m
 Panjang 90m
 SHM hadap utara
 Dekat pintu tol bandara...","","","","","3605 m²","LT:","","","https://pic.rumah123.com/r123/250x250-fit/photo/485915/4859151599742462.jpg","Diperbarui 4 jam yang lalu oleh","Arifin Wijayanto","+628564...","WhatsApp","","","https://pic.rumah123.com/r123/100x100-fit/logo/20181031035159_harcourts_solo_raya.jpeg","","",""
"https://www.rumah123.com/portal-img/_next/image/?url=https%3A%2F%2Fpicture.rumah123.com%2Fr123-images%2F720x420-crop%2Fcustomer%2F485915%2F5242630e4a5c734c02810ec58b5ddd73.jpg&w=3840&q=75","","","[object Object]","17","[object Object]","Rumah","","","","","","Rp 1,5 Miliar","Rp 7 Jutaan (Tenor 20 Tahun)","Rp 9 Jutaan (Tenor 15 Tahun)","https://www.rumah123.com/properti/solo-solo-baru/rumah-baru-minimalis-di-cluster-elite-solo-baru-hos39335572/","Rumah Baru Minimalis Di Cluster Elite Solo Baru","Solo Baru, Solo","Rumah baru minimalis di cluster elite solo baru  Luas tanah 134m2 Lebar depan 9m Luas bangunan 90m2 3 kamar tidur 2 kamar mandi Carport 1 mobil tam...","3","[object Object]","2","[object Object]","134 m²","LT:","90 m²","LB:","https://pic.rumah123.com/r123/250x250-fit/photo/485915/4859151599742462.jpg","Diperbarui 4 jam yang lalu oleh","Arifin Wijayanto","+628564...","WhatsApp","1 + 1","[object Object]","https://pic.rumah123.com/r123/100x100-fit/logo/20181031035159_harcourts_solo_raya.jpeg","","",""
"https://www.rumah123.com/portal-img/_next/image/?url=https%3A%2F%2Fpic.rumah123.com%2Fr123%2F720x420-crop%2Fland%2Fla19%2F1992783%2Foriginal%2Flas1992783-tanah-di-jual-di-banjarsari-solo-15470534522345.jpg&w=3840&q=75","","","[object Object]","3","[object Object]","Tanah","","https://www.rumah123.com/jual/cari/?location=jawa-tengah&itm_medium=search-suggestions-lokasi&itm_source=organic&quickLabel=Dekat+Akses+Transportasi","Dekat Akses Transportasi","https://www.rumah123.com/jual/cari/?location=jawa-tengah&itm_medium=search-suggestions-lokasi&itm_source=organic&quickLabel=Cocok+untuk+kost","Cocok untuk kost","Rp 9,56 Miliar Total","Rp 47 Jutaan (Tenor 20 Tahun)","Rp 60 Jutaan (Tenor 15 Tahun)","https://www.rumah123.com/properti/solo-banjarsari/tanah-strategis-dekat-jalan-raya-sumber-solo-las1992783/","Tanah strategis dekat jalan raya sumber solo..","Banjarsari, Solo","Tanah siap bangun, lokasi strategis di Sumber Solo, hanya 5menit ke pintu tol klodran solo, luas tanah 1063m2, lebar depan 18m, SHM hadap utara, co...","","","","","1063 m²","LT:","","","https://pic.rumah123.com/r123/250x250-fit/photo/485915/4859151599742462.jpg","Diperbarui 4 jam yang lalu oleh","Arifin Wijayanto","+628564...","WhatsApp","","","https://pic.rumah123.com/r123/100x100-fit/logo/20181031035159_harcourts_solo_raya.jpeg","","",""
"https://www.rumah123.com/portal-img/_next/image/?url=https%3A%2F%2Fpic.rumah123.com%2Fr123%2F720x420-crop%2Fland%2Fla25%2F2541608%2Foriginal%2Flas2541608-tanah-di-jual-di-solo-baru-solo-16113841663946.jpg&w=3840&q=75","","","[object Object]","4","[object Object]","Tanah","","","","","","Rp 6,43 Miliar Total","Rp 31 Jutaan (Tenor 20 Tahun)","Rp 40 Jutaan (Tenor 15 Tahun)","https://www.rumah123.com/properti/solo-solo-baru/tanah-murah-untuk-perumahan-dekat-solo-baru-las2541608/","Tanah Murah Untuk Perumahan Dekat Solo Baru","Solo Baru, Solo","Tanah zona kuning cocok untuk perumahan di dekat solo baru,   luas tanah 3217m2,  lebar depan 15m,  panjang 217m,  SHM kering hadap utara selatan, ...","","","","","3217 m²","LT:","","","https://pic.rumah123.com/r123/250x250-fit/photo/485915/4859151599742462.jpg","Diperbarui 4 jam yang lalu oleh","Arifin Wijayanto","+628564...","WhatsApp","","","https://pic.rumah123.com/r123/100x100-fit/logo/20181031035159_harcourts_solo_raya.jpeg","","",""
"https://www.rumah123.com/portal-img/_next/image/?url=https%3A%2F%2Fpicture.rumah123.com%2Fr123-images%2F720x420-crop%2Fcustomer%2F485915%2Flisting%2Flas9211133%2Fenhanced%2F41a4bdf55ff074e3e61180639991d417.jpg&w=3840&q=85","https://www.rumah123.com/portal-img/_next/image/?url=https%3A%2F%2Fpicture.rumah123.com%2Fr123-images%2F720x420-crop%2Fcustomer%2F485915%2Flisting%2Flas9211133%2Fenhanced%2Fd40d54ebc35f24cf6a52648d009be2e3.jpg&w=3840&q=75","https://www.rumah123.com/portal-img/_next/image/?url=https%3A%2F%2Fpicture.rumah123.com%2Fr123-images%2F720x420-crop%2Fcustomer%2F485915%2Flisting%2Flas9211133%2Fenhanced%2F47f276e386d437250e2164d06ad77582.jpg&w=3840&q=75","[object Object]","4","[object Object]","Tanah","","https://www.rumah123.com/jual/cari/?location=jawa-tengah&itm_medium=search-suggestions-lokasi&itm_source=organic&quickLabel=Dekat+Akses+Transportasi","Dekat Akses Transportasi","https://www.rumah123.com/jual/cari/?location=jawa-tengah&itm_medium=search-suggestions-lokasi&itm_source=organic&quickLabel=Cocok+untuk+kost","Cocok untuk kost","Rp 17 Miliar Total","Rp 83 Jutaan (Tenor 20 Tahun)","Rp 107 Jutaan (Tenor 15 Tahun)","https://www.rumah123.com/properti/solo-banjarsari/tanah-strategis-dekat-stasiun-balapan-solo-las9211133/","Tanah Strategis Dekat Stasiun Balapan Solo","Banjarsari, Solo","Tanah Strategis Bonus Bangunan Lapangan Futsal dekat stasiun balapan solo di Jalan RM Said Banjarsari Solo, luas tanah 1177m2, lebar depan 9m dan 3...","","","","","1177 m²","LT:","","","https://pic.rumah123.com/r123/250x250-fit/photo/485915/4859151599742462.jpg","Diperbarui 4 jam yang lalu oleh","Arifin Wijayanto","+628564...","WhatsApp","","","https://pic.rumah123.com/r123/100x100-fit/logo/20181031035159_harcourts_solo_raya.jpeg","","",""
"https://www.rumah123.com/portal-img/_next/image/?url=https%3A%2F%2Fpicture.rumah123.com%2Fr123-images%2F720x420-crop%2Fcustomer%2F2036865%2Flisting%2Fwas10040989%2Fenhanced%2F107bd21c079e3cde28e43680018ad48f.jpg&w=3840&q=75","https://www.rumah123.com/portal-img/_next/image/?url=https%3A%2F%2Fpicture.rumah123.com%2Fr123-images%2F720x420-crop%2Fcustomer%2F2036865%2Flisting%2Fwas10040989%2Fenhanced%2F209fb787b487bf0c71ac88bc10d769bd.jpg&w=3840&q=75","https://www.rumah123.com/portal-img/_next/image/?url=https%3A%2F%2Fpicture.rumah123.com%2Fr123-images%2F720x420-crop%2Fcustomer%2F2036865%2Flisting%2Fwas10040989%2Fenhanced%2F1b97ba7341298e64068f41bb781f171f.jpg&w=3840&q=75","[object Object]","13","[object Object]","Gudang","","https://www.rumah123.com/jual/cari/?location=jawa-tengah&itm_medium=search-suggestions-lokasi&itm_source=organic&quickLabel=Bisa+Nego","Bisa Nego","https://www.rumah123.com/jual/cari/?location=jawa-tengah&itm_medium=search-suggestions-lokasi&itm_source=organic&quickLabel=Siap+Huni","Siap Huni","Rp 9 Miliar Total","Rp 44 Jutaan (Tenor 20 Tahun)","Rp 56 Jutaan (Tenor 15 Tahun)","https://www.rumah123.com/properti/magelang-magelang-selatan/gudang-siap-pakai-dijual-murah-cocok-untuk-logistik-distribusi-magelang-jawa-tengah-was10040989/","Gudang Siap Pakai Dijual Murah Cocok untuk Logistik Distribusi Magelang Jawa Tengah","Magelang Selatan, Magelang","Gudang di Magelang Selatan.  Dapatkan gudang yang modern ini,  dijual menghadirkan lingkungan fasilitas yang lengkap, cocok untuk Anda yang menging...","2","[object Object]","","","1840 m²","LT:","926 m²","LB:","https://picture.rumah123.com/r123-images/250x250-fit/customer/2036865/295885ecadf1fa3a6f124a4739e9fde9.jpg","Diperbarui 3 jam yang lalu oleh","RICKY WW (RXXW)","+628122...","WhatsApp","","","https://pic.rumah123.com/r123/100x100-fit/logo/20240304090052_brighton_winner_imam_bonjol_semarang.png","https://www.rumah123.com/jual/cari/?location=jawa-tengah&itm_medium=search-suggestions-lokasi&itm_source=organic&quickLabel=Bebas+Banjir","Bebas Banjir",""
"https://www.rumah123.com/portal-img/_next/image/?url=https%3A%2F%2Fpicture.rumah123.com%2Fr123-images%2F720x420-crop%2Fcustomer%2F4351197%2F5d21e424211b73d312a5f6110e3e0b81.jpg&w=3840&q=75","https://www.rumah123.com/portal-img/_next/image/?url=https%3A%2F%2Fpicture.rumah123.com%2Fr123-images%2F720x420-crop%2Fcustomer%2F4351197%2F297972a45bf10ae656f8305e9f89d2b6.jpg&w=3840&q=75","https://www.rumah123.com/portal-img/_next/image/?url=https%3A%2F%2Fpicture.rumah123.com%2Fr123-images%2F720x420-crop%2Fcustomer%2F4351197%2Ffc99509e59f964e671e52cef5957d0ec.jpg&w=3840&q=75","[object Object]","7","[object Object]","Rumah","","https://www.rumah123.com/jual/cari/?location=jawa-tengah&itm_medium=search-suggestions-lokasi&itm_source=organic&quickLabel=Bisa+Nego","Bisa Nego","https://www.rumah123.com/jual/cari/?location=jawa-tengah&itm_medium=search-suggestions-lokasi&itm_source=organic&quickLabel=Siap+Huni","Siap Huni","Rp 525 Juta","Rp 2 Jutaan (Tenor 20 Tahun)","Rp 3 Jutaan (Tenor 15 Tahun)","https://www.rumah123.com/properti/semarang-sambiroto/rumah-murah-siap-huni-dekat-rsud-wongsonegoro-hos41524416/","Rumah Murah Siap Huni Dekat Rsud Wongsonegoro","Sambiroto, Semarang","RUMAH 2 LANTAI STRATEGIS DI SAMBIROTO - DEKAT RSUD WONGSONEGORO  Cari hunian yang memudahkan akses kesehatan dan mobilitas di Semarang? Rumah di Jl...","3","[object Object]","1","[object Object]","69 m²","LT:","84 m²","LB:","https://picture.rumah123.com/r123-images/250x250-fit/customer/4351197/f332c190dba6e1018ee6afc5fb76541f.jpg","Diperbarui 5 jam yang lalu oleh","Eka","+628122...","WhatsApp","1","[object Object]","https://pic.rumah123.com/r123/100x100-fit/logo/20250312093118_gadingpro_semarang.png","https://www.rumah123.com/jual/cari/?location=jawa-tengah&itm_medium=search-suggestions-lokasi&itm_source=organic&quickLabel=Dekat+Sekolah","Dekat Sekolah",""
"https://www.rumah123.com/portal-img/_next/image/?url=https%3A%2F%2Fpicture.rumah123.com%2Fr123-images%2F720x420-crop%2Fcustomer%2F4419454%2Flisting%2Fhos41606720%2Fenhanced%2Fa20630bb13e9a3347694328b65f49201.jpg&w=3840&q=75","https://www.rumah123.com/portal-img/_next/image/?url=https%3A%2F%2Fpicture.rumah123.com%2Fr123-images%2F720x420-crop%2Fcustomer%2F4419454%2Flisting%2Fhos41606720%2Fenhanced%2F4174fa695381cf27546658390757118c.jpg&w=3840&q=75","https://www.rumah123.com/portal-img/_next/image/?url=https%3A%2F%2Fpicture.rumah123.com%2Fr123-images%2F720x420-crop%2Fcustomer%2F4419454%2Flisting%2Fhos41606720%2Fenhanced%2F3f50ba5f115007fe80fa4c0d2c983e70.jpg&w=3840&q=75","[object Object]","8","[object Object]","Rumah","","https://www.rumah123.com/jual/cari/?location=jawa-tengah&itm_medium=search-suggestions-lokasi&itm_source=organic&quickLabel=Siap+Huni","Siap Huni","https://www.rumah123.com/jual/cari/?location=jawa-tengah&itm_medium=search-suggestions-lokasi&itm_source=organic&quickLabel=Dekat+Akses+Transportasi","Dekat Akses Transportasi","Rp 1,1 Miliar","Rp 5 Jutaan (Tenor 20 Tahun)","Rp 6 Jutaan (Tenor 15 Tahun)","https://www.rumah123.com/properti/semarang-banyumanik/rumah-siap-huni-durian-banyumanik-hos41606720/","Rumah Siap Huni Durian Banyumanik","Banyumanik, Semarang","Dijual rumah dikota semarang lokasi:durian utara banyumanik luas tanah:83 luas bangunan:80 kamar tidur:3 kamar mandi:2 air artetis listrik:1300 dek...","3","[object Object]","2","[object Object]","83 m²","LT:","80 m²","LB:","https://picture.rumah123.com/r123-images/250x250-fit/customer/4419454/7a5eb77e62488edecba123760197ce39.jpg","Diperbarui 4 jam yang lalu oleh","Nurbiyanto","+628222...","WhatsApp","1","[object Object]","","https://www.rumah123.com/jual/cari/?location=jawa-tengah&itm_medium=search-suggestions-lokasi&itm_source=organic&quickLabel=Dekat+Sekolah","Dekat Sekolah",""
"https://www.rumah123.com/portal-img/_next/image/?url=https%3A%2F%2Fpicture.rumah123.com%2Fr123-images%2F720x420-crop%2Fcustomer%2F71744%2F738397c6a0715d67488c057856fcea90.jpg&w=3840&q=75","https://www.rumah123.com/portal-img/_next/image/?url=https%3A%2F%2Fpicture.rumah123.com%2Fr123-images%2F720x420-crop%2Fcustomer%2F71744%2Fb58060ecf06900c1869283cf7b24f421.jpg&w=3840&q=75","https://www.rumah123.com/portal-img/_next/image/?url=https%3A%2F%2Fpicture.rumah123.com%2Fr123-images%2F720x420-crop%2Fcustomer%2F71744%2Fd41cf8dae9b868969069bd4c36788ad6.jpg&w=3840&q=75","[object Object]","8","[object Object]","Rumah","","https://www.rumah123.com/jual/cari/?location=jawa-tengah&itm_medium=search-suggestions-lokasi&itm_source=organic&quickLabel=Dekat+Pusat+Perbelanjaan","Dekat Pusat Perbelanjaan","https://www.rumah123.com/jual/cari/?location=jawa-tengah&itm_medium=search-suggestions-lokasi&itm_source=organic&quickLabel=Dekat+Fasilitas+Kesehatan","Dekat Fasilitas Kesehatan","Rp 2 Miliar","Rp 9 Jutaan (Tenor 20 Tahun)","Rp 12 Jutaan (Tenor 15 Tahun)","https://www.rumah123.com/properti/solo-banjarsari/rumah-dijual-solodi-sumber-banjarsari-surakarta-hos41508595/","Rumah Dijual Solo.di Sumber Banjarsari Surakarta","Banjarsari, Solo","Rumah Dijual Solo di sumber Banjarsari Surakarta,  luas tanah 234, 2lantai,  5kamar,  4kamar mandi,  dapur,  2garasi, 1carport,  hadap  selatan , h...","5","[object Object]","4","[object Object]","234 m²","LT:","350 m²","LB:","https://pic.rumah123.com/r123/250x250-fit/photo/71744/717441579047330.jpg","Diperbarui 4 jam yang lalu oleh","Eni  Pujiastuti ERA iREA Solo","+628132...","WhatsApp","2 + 1","[object Object]","https://pic.rumah123.com/r123/100x100-fit/logo/20190701123328_irea_solo.jpeg","","",""
"https://www.rumah123.com/portal-img/_next/image/?url=https%3A%2F%2Fpicture.rumah123.com%2Fr123-images%2F720x420-crop%2Fcustomer%2F71744%2Fee23f2ebe02eadfa5635788bdeb76485.jpg&w=3840&q=75","https://www.rumah123.com/portal-img/_next/image/?url=https%3A%2F%2Fpicture.rumah123.com%2Fr123-images%2F720x420-crop%2Fcustomer%2F71744%2Fd534c0988d93db7cf69449a7fcd62ca7.jpg&w=3840&q=75","https://www.rumah123.com/portal-img/_next/image/?url=https%3A%2F%2Fpicture.rumah123.com%2Fr123-images%2F720x420-crop%2Fcustomer%2F71744%2Fefaa2648da48c954778ef3b66ebe7ea3.jpg&w=3840&q=75","[object Object]","6","[object Object]","Rumah","","","","","","Rp 800 Juta","Rp 3 Jutaan (Tenor 20 Tahun)","Rp 5 Jutaan (Tenor 15 Tahun)","https://www.rumah123.com/properti/sukoharjo-kartasura/rumah-dijual-solo-di-ngadirejo-kartasura-sukoharjo-hos19233577/","Rumah Dijual Solo Di Ngadirejo Kartasura Sukoharjo","Kartasura, Sukoharjo","Rumah dijual Solo di Ngadirejo Kartasura Sukoharjo, rumah hitung tanah, luas tanah 305, luas Bangunan 200, lebar 10, HM, hadap selatan, 3kamar, 2ka...","3","[object Object]","2","[object Object]","305 m²","LT:","200 m²","LB:","https://pic.rumah123.com/r123/250x250-fit/photo/71744/717441579047330.jpg","Diperbarui 6 jam yang lalu oleh","Eni  Pujiastuti ERA iREA Solo","+628132...","WhatsApp","1 + 1","[object Object]","https://pic.rumah123.com/r123/100x100-fit/logo/20190701123328_irea_solo.jpeg","","",""
"https://www.rumah123.com/portal-img/_next/image/?url=https%3A%2F%2Fpicture.rumah123.com%2Fr123-images%2F720x420-crop%2Fcustomer%2F933483%2Fcf125bf1106cdb13d507da9771b19f33.jpg&w=3840&q=75","https://www.rumah123.com/portal-img/_next/image/?url=https%3A%2F%2Fpicture.rumah123.com%2Fr123-images%2F720x420-crop%2Fcustomer%2F933483%2F69778d8836b6d09a5eff772a0f1d6d96.jpg&w=3840&q=75","https://www.rumah123.com/portal-img/_next/image/?url=https%3A%2F%2Fpicture.rumah123.com%2Fr123-images%2F720x420-crop%2Fcustomer%2F933483%2Ff92a8efb980816f26b428a255755875c.jpg&w=3840&q=75","[object Object]","4","[object Object]","Pabrik","","","","","","Rp 55 Miliar Total","Rp 270 Jutaan (Tenor 20 Tahun)","Rp 346 Jutaan (Tenor 15 Tahun)","https://www.rumah123.com/properti/klaten-klaten-tengah/eks-pabrik-lengkap-dengan-imb-luas-strategis-klaten-solo-fas9328469/","Eks Pabrik Lengkap dengan IMB, Luas & Strategis, Klaten, Solo","Klaten Tengah, Klaten","Dijual eks pabrik di Klaten Solo : 1  luas tanah 2,5 hektar 2. Bangunan 7000 meter 3. Surat 2 SHGB atas nama PT 4. Listrik 555 KWH 5. Zona merah 6....","2","[object Object]","","","25000 m²","LT:","7000 m²","LB:","https://pic.rumah123.com/r123/250x250-fit/photo/933483/9334831540343129.jpg","Diperbarui 6 jam yang lalu oleh","Lili  Andriyani","+628224...","WhatsApp","","","https://pic.rumah123.com/r123/100x100-fit/logo/20190227103705_xavier_marks_vertu.jpeg","","",""
"https://www.rumah123.com/portal-img/_next/image/?url=https%3A%2F%2Fpicture.rumah123.com%2Fr123-images%2F720x420-crop%2Fcustomer%2F71744%2F3aa0f68377e9e3563b1cf7e414aa8699.jpg&w=3840&q=75","https://www.rumah123.com/portal-img/_next/image/?url=https%3A%2F%2Fpicture.rumah123.com%2Fr123-images%2F720x420-crop%2Fcustomer%2F71744%2F253bda4f3d5ad8510b3a9348e8113755.jpg&w=3840&q=75","https://www.rumah123.com/portal-img/_next/image/?url=https%3A%2F%2Fpicture.rumah123.com%2Fr123-images%2F720x420-crop%2Fcustomer%2F71744%2F367c78ccd381220c6b402625bfbb93af.jpg&w=3840&q=75","[object Object]","5","[object Object]","Tanah","","https://www.rumah123.com/jual/cari/?location=jawa-tengah&itm_medium=search-suggestions-lokasi&itm_source=organic&quickLabel=Dekat+Pusat+Perbelanjaan","Dekat Pusat Perbelanjaan","https://www.rumah123.com/jual/cari/?location=jawa-tengah&itm_medium=search-suggestions-lokasi&itm_source=organic&quickLabel=Dekat+Sekolah","Dekat Sekolah","Rp 2,45 Miliar Total","Rp 12 Jutaan (Tenor 20 Tahun)","Rp 15 Jutaan (Tenor 15 Tahun)","https://www.rumah123.com/properti/solo-banjarsari/tanah-dijual-solodi-nusukan-banjarsari-surakarta-las9158937/","Tanah Dijual Solodi Nusukan Banjarsari Surakarta","Banjarsari, Solo","Tanak dijual  solo di Nusukan Banjarsari Surakarta,  luas tanah  375, hook  selatan  barat, Harga  2,450M Selling  point  : - dekat superindo  - de...","","","","","375 m²","LT:","","","https://pic.rumah123.com/r123/250x250-fit/photo/71744/717441579047330.jpg","Diperbarui 6 jam yang lalu oleh","Eni  Pujiastuti ERA iREA Solo","+628132...","WhatsApp","","","https://pic.rumah123.com/r123/100x100-fit/logo/20190701123328_irea_solo.jpeg","","",""
"https://www.rumah123.com/portal-img/_next/image/?url=https%3A%2F%2Fpicture.rumah123.com%2Fr123-images%2F720x420-crop%2Fcustomer%2F71744%2Fcfa525bba7e76999eef1cde1b8d3456f.jpg&w=3840&q=75","https://www.rumah123.com/portal-img/_next/image/?url=https%3A%2F%2Fpicture.rumah123.com%2Fr123-images%2F720x420-crop%2Fcustomer%2F71744%2F8b0c202bd4a2dae92ca631ba6c6055ce.jpg&w=3840&q=75","https://www.rumah123.com/portal-img/_next/image/?url=https%3A%2F%2Fpicture.rumah123.com%2Fr123-images%2F720x420-crop%2Fcustomer%2F71744%2Fb4bc29bf21e5a48280a5630c597dfe57.jpg&w=3840&q=75","[object Object]","7","[object Object]","Tanah","","https://www.rumah123.com/jual/cari/?location=jawa-tengah&itm_medium=search-suggestions-lokasi&itm_source=organic&quickLabel=Dekat+Akses+Transportasi","Dekat Akses Transportasi","https://www.rumah123.com/jual/cari/?location=jawa-tengah&itm_medium=search-suggestions-lokasi&itm_source=organic&quickLabel=Dekat+Pusat+Perbelanjaan","Dekat Pusat Perbelanjaan","Rp 6 Juta Total","Rp 30 Ribuan (Tenor 20 Tahun)","Rp 40 Ribuan (Tenor 15 Tahun)","https://www.rumah123.com/properti/solo-banjarsari/tanah-dijual-solo-di-sumber-banjarsari-surakarta-las9108440/","Tanah Dijual Solo di Sumber Banjarsari Surakarta","Banjarsari, Solo","Tanah dijual  solo dekat exit tol di sumber Banjarsari Surakarta,  luas tanah 614, lebar 15, hm, hadap  utara, Harga 6jt/m atau 3,684M Selling  poi...","","","","","614 m²","LT:","","","https://pic.rumah123.com/r123/250x250-fit/photo/71744/717441579047330.jpg","Diperbarui 6 jam yang lalu oleh","Eni  Pujiastuti ERA iREA Solo","+628132...","WhatsApp","","","https://pic.rumah123.com/r123/100x100-fit/logo/20190701123328_irea_solo.jpeg","","",""
"https://www.rumah123.com/portal-img/_next/image/?url=https%3A%2F%2Fpicture.rumah123.com%2Fr123-images%2F720x420-crop%2Fcustomer%2F71744%2Fcb0e986a0a3cb63a455b7aff0c88716d.jpg&w=3840&q=75","https://www.rumah123.com/portal-img/_next/image/?url=https%3A%2F%2Fpicture.rumah123.com%2Fr123-images%2F720x420-crop%2Fcustomer%2F71744%2Ff16448226f002dd05be5261525b5bccb.jpg&w=3840&q=75","https://www.rumah123.com/portal-img/_next/image/?url=https%3A%2F%2Fpicture.rumah123.com%2Fr123-images%2F720x420-crop%2Fcustomer%2F71744%2Fc36235d7daeed37b3906547ecf6f70fe.jpg&w=3840&q=75","[object Object]","5","[object Object]","Tanah","","https://www.rumah123.com/jual/cari/?location=jawa-tengah&itm_medium=search-suggestions-lokasi&itm_source=organic&quickLabel=Dekat+Akses+Transportasi","Dekat Akses Transportasi","","","Rp 9,8 Miliar Total","Rp 48 Jutaan (Tenor 20 Tahun)","Rp 61 Jutaan (Tenor 15 Tahun)","https://www.rumah123.com/properti/solo-banjarsari/tanah-murah-dijual-solo-dekat-stasiun-balapan-di-ketelan-surakarta-las4155060/","Tanah Murah  dijual  Solo Dekat Stasiun Balapan di Ketelan  Surakarta","Banjarsari, Solo","Tanah  murah  dijual solo cocok buat ruko , area dekat vstasiun balapan,  luas tanah 478, lebar 23,5, harga 9,8M","","","","","478 m²","LT:","","","https://pic.rumah123.com/r123/250x250-fit/photo/71744/717441579047330.jpg","Diperbarui 6 jam yang lalu oleh","Eni  Pujiastuti ERA iREA Solo","+628132...","WhatsApp","","","https://pic.rumah123.com/r123/100x100-fit/logo/20190701123328_irea_solo.jpeg","","",""
"https://www.rumah123.com/portal-img/_next/image/?url=https%3A%2F%2Fpicture.rumah123.com%2Fr123-images%2F720x420-crop%2Fcustomer%2F71744%2F0e101aeede0a537cf56de68c19d7d43c.jpg&w=3840&q=75","https://www.rumah123.com/portal-img/_next/image/?url=https%3A%2F%2Fpicture.rumah123.com%2Fr123-images%2F720x420-crop%2Fcustomer%2F71744%2Fc0da8f8585eb94ed1624d869b5e5d06e.jpg&w=3840&q=75","https://www.rumah123.com/portal-img/_next/image/?url=https%3A%2F%2Fpicture.rumah123.com%2Fr123-images%2F720x420-crop%2Fcustomer%2F71744%2F5192f78f8b12b3f5fc753781b62cc7cb.jpg&w=3840&q=75","[object Object]","15","[object Object]","Rumah","","https://www.rumah123.com/jual/cari/?location=jawa-tengah&itm_medium=search-suggestions-lokasi&itm_source=organic&quickLabel=Dekat+Pusat+Perbelanjaan","Dekat Pusat Perbelanjaan","https://www.rumah123.com/jual/cari/?location=jawa-tengah&itm_medium=search-suggestions-lokasi&itm_source=organic&quickLabel=Dekat+Fasilitas+Kesehatan","Dekat Fasilitas Kesehatan","Rp 5,7 Miliar","Rp 28 Jutaan (Tenor 20 Tahun)","Rp 35 Jutaan (Tenor 15 Tahun)","https://www.rumah123.com/properti/surakarta-banjarsari/rumah-mewah-dijual-solo-ada-kolam-renang-di-sumber-banjarsari-surakarta-hos18517925/","Rumah Mewah Dijual Solo Ada Kolam Renang di Sumber Banjarsari Surakarta","Banjarsari, Surakarta","Rumah dijual solo Dekat pak Jokowi di sumber Banjarsari Surakarta,  5menit exit tol, ada kolam  renang nya, luas tanah  351, luas bangunan  280, le...","3 + 1","[object Object]","2 + 1","[object Object]","351 m²","LT:","280 m²","LB:","https://pic.rumah123.com/r123/250x250-fit/photo/71744/717441579047330.jpg","Diperbarui 6 jam yang lalu oleh","Eni  Pujiastuti ERA iREA Solo","+628132...","WhatsApp","2 + 2","[object Object]","https://pic.rumah123.com/r123/100x100-fit/logo/20190701123328_irea_solo.jpeg","","",""
"https://www.rumah123.com/portal-img/_next/image/?url=https%3A%2F%2Fpicture.rumah123.com%2Fr123-images%2F720x420-crop%2Fcustomer%2F71744%2Fe9a81257b586a2a462a37fe8d8141e74.jpg&w=3840&q=75","https://www.rumah123.com/portal-img/_next/image/?url=https%3A%2F%2Fpicture.rumah123.com%2Fr123-images%2F720x420-crop%2Fcustomer%2F71744%2Fd33df6ceb92f13b61c37f78b8bdb466a.jpg&w=3840&q=75","https://www.rumah123.com/portal-img/_next/image/?url=https%3A%2F%2Fpicture.rumah123.com%2Fr123-images%2F720x420-crop%2Fcustomer%2F71744%2F944a0173db470c511c2b8f2ae6651fbb.jpg&w=3840&q=75","[object Object]","5","[object Object]","Rumah","","https://www.rumah123.com/jual/cari/?location=jawa-tengah&itm_medium=search-suggestions-lokasi&itm_source=organic&quickLabel=Dekat+Akses+Transportasi","Dekat Akses Transportasi","https://www.rumah123.com/jual/cari/?location=jawa-tengah&itm_medium=search-suggestions-lokasi&itm_source=organic&quickLabel=Dekat+Pusat+Perbelanjaan","Dekat Pusat Perbelanjaan","Rp 1,2 Miliar","Rp 5 Jutaan (Tenor 20 Tahun)","Rp 7 Jutaan (Tenor 15 Tahun)","https://www.rumah123.com/properti/surakarta-banjarsari/rumah-dijual-solo-di-area-di-banyuanyar-banjarsari-solo-hos39461109/","Rumah Dijual Solo Di Area Pak.jokowi Di Banyuanyar Banjarsari Solo","Banjarsari, Surakarta","Rumah dijual  solo di area Pak Jokowi  di Banyuanyar  Banjarsari Solo,  2menit  ke superindo,  6menit ke exit tol klodran, luas tanah  152, lebar 1...","3","[object Object]","1","[object Object]","152 m²","LT:","152 m²","LB:","https://pic.rumah123.com/r123/250x250-fit/photo/71744/717441579047330.jpg","Diperbarui 6 jam yang lalu oleh","Eni  Pujiastuti ERA iREA Solo","+628132...","WhatsApp","1","[object Object]","https://pic.rumah123.com/r123/100x100-fit/logo/20190701123328_irea_solo.jpeg","","",""
"https://www.rumah123.com/portal-img/_next/image/?url=https%3A%2F%2Fpicture.rumah123.com%2Fr123-images%2F720x420-crop%2Fcustomer%2F71744%2F2024-04-06-03-42-56-aa6c99ca-e18d-4054-aa4f-51ded853fcde.jpg&w=3840&q=75","https://www.rumah123.com/portal-img/_next/image/?url=https%3A%2F%2Fpicture.rumah123.com%2Fr123-images%2F720x420-crop%2Fcustomer%2F71744%2F2024-04-06-03-42-57-ccf6ec35-c2de-48e3-b062-4e99b20cdd92.jpg&w=3840&q=75","https://www.rumah123.com/portal-img/_next/image/?url=https%3A%2F%2Fpicture.rumah123.com%2Fr123-images%2F720x420-crop%2Fcustomer%2F71744%2F2024-04-06-03-42-59-f5b0bb48-b7db-4026-afb7-9aac95cfeb8e.jpg&w=3840&q=75","[object Object]","10","[object Object]","Rumah","","https://www.rumah123.com/jual/cari/?location=jawa-tengah&itm_medium=search-suggestions-lokasi&itm_source=organic&quickLabel=Dekat+Sekolah","Dekat Sekolah","","","Rp 895 Juta","Rp 4 Jutaan (Tenor 20 Tahun)","Rp 5 Jutaan (Tenor 15 Tahun)","https://www.rumah123.com/properti/sukoharjo-sukoharjo/rumah-dijual-solo-di-bulakrejo-sukoharjo-5-menit-ke-pemda-sukoharjo-hos16854021/","Rumah dijual  solo di Bulakrejo sukoharjo 5 menit ke pemda sukoharjo","Sukoharjo, Sukoharjo","Rumah dijual  solo di Bulakrejo  sukoharjo , 5menit ke pemda Sukoharjo,  5menit ke universitas  veteran  sukoharjo, luas tanah  139, bangunan  2lan...","4","[object Object]","2","[object Object]","139 m²","LT:","200 m²","LB:","https://pic.rumah123.com/r123/250x250-fit/photo/71744/717441579047330.jpg","Diperbarui 6 jam yang lalu oleh","Eni  Pujiastuti ERA iREA Solo","+628132...","WhatsApp","","","https://pic.rumah123.com/r123/100x100-fit/logo/20190701123328_irea_solo.jpeg","","",""
"https://www.rumah123.com/portal-img/_next/image/?url=https%3A%2F%2Fpicture.rumah123.com%2Fr123-images%2F720x420-crop%2Fcustomer%2F71744%2F37bcd903c522090388f8dfe14d8faac2.jpg&w=3840&q=75","","","","1","[object Object]","Rumah","","https://www.rumah123.com/jual/cari/?location=jawa-tengah&itm_medium=search-suggestions-lokasi&itm_source=organic&quickLabel=Dekat+Pusat+Perbelanjaan","Dekat Pusat Perbelanjaan","","","Rp 375 Juta","Rp 1 Jutaan (Tenor 20 Tahun)","Rp 2 Jutaan (Tenor 15 Tahun)","https://www.rumah123.com/properti/sukoharjo-kartasura/rumah-murah-dijual-solo-di-wirogunan-kartasura-hos18323157/","Rumah Murah  Dijual Solo Di Wirogunan Kartasura","Kartasura, Sukoharjo","Rumah murah dijual Solo di Wirogunan Kartasura, lingkungan perumahan cluster, 5menit ke pasar Kartasura, luas tanah 80, luas bangunan 50, lebar 7, ...","2","[object Object]","1","[object Object]","80 m²","LT:","50 m²","LB:","https://pic.rumah123.com/r123/250x250-fit/photo/71744/717441579047330.jpg","Diperbarui 6 jam yang lalu oleh","Eni  Pujiastuti ERA iREA Solo","+628132...","WhatsApp","1","[object Object]","https://pic.rumah123.com/r123/100x100-fit/logo/20190701123328_irea_solo.jpeg","","",""
"https://www.rumah123.com/portal-img/_next/image/?url=https%3A%2F%2Fpicture.rumah123.com%2Fr123-images%2F720x420-crop%2Fcustomer%2F1802578%2F2e9d4651589b01ddb117b1ba899bcb43.jpg&w=3840&q=75","https://www.rumah123.com/portal-img/_next/image/?url=https%3A%2F%2Fpicture.rumah123.com%2Fr123-images%2F720x420-crop%2Fcustomer%2F1802578%2F848eb064bccb016fd8411bd230952465.jpg&w=3840&q=75","https://www.rumah123.com/portal-img/_next/image/?url=https%3A%2F%2Fpicture.rumah123.com%2Fr123-images%2F720x420-crop%2Fcustomer%2F1802578%2F6cd1871e6e528327d1c1e05a8c460199.jpg&w=3840&q=75","[object Object]","12","[object Object]","Kost","","https://www.rumah123.com/jual/cari/?location=jawa-tengah&itm_medium=search-suggestions-lokasi&itm_source=organic&quickLabel=Siap+Huni","Siap Huni","https://www.rumah123.com/jual/cari/?location=jawa-tengah&itm_medium=search-suggestions-lokasi&itm_source=organic&quickLabel=Bebas+Banjir","Bebas Banjir","Rp 4,6 Miliar","Rp 22 Jutaan (Tenor 20 Tahun)","Rp 28 Jutaan (Tenor 15 Tahun)","https://www.rumah123.com/properti/semarang-tembalang/kost-kostan-luas-dijual-cepat-dekat-banyak-kampus-di-semarang-kss111416/","Kost Kostan Luas, Dijual Cepat Dekat Banyak Kampus di Semarang","Tembalang, Semarang","Kost di Tembalang.  Temukan kost yang nyaman ini,  dijual menghadirkan lingkungan fasilitas yang lengkap, cocok untuk Anda yang menginginkan hunian...","21","[object Object]","4","[object Object]","200 m²","LT:","400 m²","LB:","https://pic.rumah123.com/r123/250x250-fit/photo/1802578/18025781680214381.jpg","Diperbarui 4 jam yang lalu oleh","Dewi Setyarini","+628213...","WhatsApp","20","[object Object]","","https://www.rumah123.com/jual/cari/?location=jawa-tengah&itm_medium=search-suggestions-lokasi&itm_source=organic&quickLabel=Dekat+Sekolah","Dekat Sekolah",""
"https://www.rumah123.com/portal-img/_next/image/?url=https%3A%2F%2Fpicture.rumah123.com%2Fr123-images%2F720x420-crop%2Fcustomer%2F71744%2F2024-02-03-00-58-49-349d8555-1737-47b2-a6d0-e46eeaf1653b.jpg&w=3840&q=75","https://www.rumah123.com/portal-img/_next/image/?url=https%3A%2F%2Fpicture.rumah123.com%2Fr123-images%2F720x420-crop%2Fcustomer%2F71744%2F2024-02-03-00-58-45-72ed7924-5959-48ab-b5c4-d66a5025d0d4.jpg&w=3840&q=75","https://www.rumah123.com/portal-img/_next/image/?url=https%3A%2F%2Fpicture.rumah123.com%2Fr123-images%2F720x420-crop%2Fcustomer%2F71744%2F2024-02-03-00-58-50-8b7b9b1e-5241-44a1-bc4e-6c67ea466fb3.jpg&w=3840&q=75","[object Object]","9","[object Object]","Rumah","","https://www.rumah123.com/jual/cari/?location=jawa-tengah&itm_medium=search-suggestions-lokasi&itm_source=organic&quickLabel=Dekat+Pusat+Perbelanjaan","Dekat Pusat Perbelanjaan","https://www.rumah123.com/jual/cari/?location=jawa-tengah&itm_medium=search-suggestions-lokasi&itm_source=organic&quickLabel=Dekat+Fasilitas+Kesehatan","Dekat Fasilitas Kesehatan","Rp 5 Miliar","Rp 24 Jutaan (Tenor 20 Tahun)","Rp 31 Jutaan (Tenor 15 Tahun)","https://www.rumah123.com/properti/surakarta-laweyan/rumah-dijual-solo-di-kerten-laweyan-surakarta-hos16042347/","Rumah Dijual Solo Dekat Solo Ssquare di Kerten Laweyan Surakarta","Laweyan, Surakarta","Rumah murah Solo kota  call  0813xxxxxxxx kerten  laweyan Solo Dekat Solo square,  luas 743, luas bangunan  200, hm , hadap selatan  , halaman  lua...","2","[object Object]","2","[object Object]","743 m²","LT:","200 m²","LB:","https://pic.rumah123.com/r123/250x250-fit/photo/71744/717441579047330.jpg","Diperbarui 6 jam yang lalu oleh","Eni  Pujiastuti ERA iREA Solo","+628132...","WhatsApp","1 + 5","[object Object]","https://pic.rumah123.com/r123/100x100-fit/logo/20190701123328_irea_solo.jpeg","","",""
"https://www.rumah123.com/portal-img/_next/image/?url=https%3A%2F%2Fpicture.rumah123.com%2Fr123-images%2F720x420-crop%2Fcustomer%2F71744%2F2023-11-30-14-31-14-0319006f-ac5d-4e2e-9b7a-743b728873ad.jpg&w=3840&q=75","https://www.rumah123.com/portal-img/_next/image/?url=https%3A%2F%2Fpicture.rumah123.com%2Fr123-images%2F720x420-crop%2Fcustomer%2F71744%2F2023-01-25-08-38-53-dd7cefd7-aaa2-47fc-86d6-62a0626d09c1.jpg&w=3840&q=75","https://www.rumah123.com/portal-img/_next/image/?url=https%3A%2F%2Fpicture.rumah123.com%2Fr123-images%2F720x420-crop%2Fcustomer%2F71744%2F2023-01-25-08-38-54-a11f74f0-b4e6-461f-9b52-78f818d8d65b.jpg&w=3840&q=75","[object Object]","11","[object Object]","Rumah","","https://www.rumah123.com/jual/cari/?location=jawa-tengah&itm_medium=search-suggestions-lokasi&itm_source=organic&quickLabel=Dekat+Pusat+Perbelanjaan","Dekat Pusat Perbelanjaan","https://www.rumah123.com/jual/cari/?location=jawa-tengah&itm_medium=search-suggestions-lokasi&itm_source=organic&quickLabel=Dekat+Sekolah","Dekat Sekolah","Rp 1,8 Miliar","Rp 8 Jutaan (Tenor 20 Tahun)","Rp 11 Jutaan (Tenor 15 Tahun)","https://www.rumah123.com/properti/surakarta-laweyan/rumah-tengah-kota-call-08132912xxxx-dekat-solo-square-di-pajang-laweyan-solo-hos7516370/","Rumah.dijual Solo Dekat Solo Square di Pajang Laweyan","Laweyan, Surakarta","Rumah  dijual solo di Pajang Laweyan, Surakarta Area strategis di tengah kota 100m ke Jl Slamet Riyadi 2 menit ke Pasar Tradisional 3 menit ke Solo...","5","[object Object]","1","[object Object]","131 m²","LT:","260 m²","LB:","https://pic.rumah123.com/r123/250x250-fit/photo/71744/717441579047330.jpg","Diperbarui 6 jam yang lalu oleh","Eni  Pujiastuti ERA iREA Solo","+628132...","WhatsApp","1","[object Object]","https://pic.rumah123.com/r123/100x100-fit/logo/20190701123328_irea_solo.jpeg","","",""
"https://www.rumah123.com/portal-img/_next/image/?url=https%3A%2F%2Fpicture.rumah123.com%2Fr123-images%2F720x420-crop%2Fcustomer%2F71744%2F2023-11-23-12-38-03-6456f6b1-77bc-4b3e-8617-989ebb60969d.jpg&w=3840&q=75","https://www.rumah123.com/portal-img/_next/image/?url=https%3A%2F%2Fpicture.rumah123.com%2Fr123-images%2F720x420-crop%2Fcustomer%2F71744%2F2023-12-15-00-46-52-d626c661-118c-4c0c-80e7-553e22e533e1.jpg&w=3840&q=75","https://www.rumah123.com/portal-img/_next/image/?url=https%3A%2F%2Fpicture.rumah123.com%2Fr123-images%2F720x420-crop%2Fcustomer%2F71744%2F2023-11-23-12-36-14-5878797a-c6d8-4e86-a068-657fdfd8a30a.jpg&w=3840&q=75","[object Object]","8","[object Object]","Rumah","","https://www.rumah123.com/jual/cari/?location=jawa-tengah&itm_medium=search-suggestions-lokasi&itm_source=organic&quickLabel=Siap+Huni","Siap Huni","","","Rp 725 Juta","Rp 3 Jutaan (Tenor 20 Tahun)","Rp 4 Jutaan (Tenor 15 Tahun)","https://www.rumah123.com/properti/karanganyar-colomadu/rumah-cluster-dijual-solo-di-tohudan-colomadu-karanganyar-hos15567487/","Rumah Cluster Dijual Solo Di Tohudan Colomadu Karanganyar","Colomadu, Karanganyar","Rumah cluster siap huni dijual solo di Tohudan colomadu Karanganyar, 4menit ke hotel alanana 7menit ke exit tol, luas tanah 87, luas bangunan 75, l...","2","[object Object]","1","[object Object]","87 m²","LT:","75 m²","LB:","https://pic.rumah123.com/r123/250x250-fit/photo/71744/717441579047330.jpg","Diperbarui 6 jam yang lalu oleh","Eni  Pujiastuti ERA iREA Solo","+628132...","WhatsApp","1","[object Object]","https://pic.rumah123.com/r123/100x100-fit/logo/20190701123328_irea_solo.jpeg","","",""
"https://www.rumah123.com/portal-img/_next/image/?url=https%3A%2F%2Fpicture.rumah123.com%2Fr123-images%2F720x420-crop%2Fcustomer%2F71744%2F2e2c69411b8b513b371d419d890bbd02.jpg&w=3840&q=75","https://www.rumah123.com/portal-img/_next/image/?url=https%3A%2F%2Fpicture.rumah123.com%2Fr123-images%2F720x420-crop%2Fcustomer%2F71744%2Fe0baac5220e1b89d9cf9b933eb59306d.jpg&w=3840&q=75","https://www.rumah123.com/portal-img/_next/image/?url=https%3A%2F%2Fpicture.rumah123.com%2Fr123-images%2F720x420-crop%2Fcustomer%2F71744%2F46e9769855caf5d8c95f541998a58037.jpg&w=3840&q=75","[object Object]","13","[object Object]","Rumah","","https://www.rumah123.com/jual/cari/?location=jawa-tengah&itm_medium=search-suggestions-lokasi&itm_source=organic&quickLabel=Dekat+Sekolah","Dekat Sekolah","https://www.rumah123.com/jual/cari/?location=jawa-tengah&itm_medium=search-suggestions-lokasi&itm_source=organic&quickLabel=Dekat+Tempat+Ibadah","Dekat Tempat Ibadah","Rp 2,9 Miliar","Rp 14 Jutaan (Tenor 20 Tahun)","Rp 18 Jutaan (Tenor 15 Tahun)","https://www.rumah123.com/properti/sukoharjo-kartasura/rumah-dijual-solo-di-singopuran-kartasura-sukoharjo-hos18520378/","Rumah Dijual  Solo  Di Singopuran Kartasura Sukoharjo","Kartasura, Sukoharjo","Rumah  dijual  solo  di singopuran  kartasura sukoharjo,  7menit ke kampus  UMS,  luas tanah  340, luas bangunan  150, lingkungan  perumahan  clust...","3 + 1","[object Object]","2 + 1","[object Object]","340 m²","LT:","150 m²","LB:","https://pic.rumah123.com/r123/250x250-fit/photo/71744/717441579047330.jpg","Diperbarui 6 jam yang lalu oleh","Eni  Pujiastuti ERA iREA Solo","+628132...","WhatsApp","2","[object Object]","https://pic.rumah123.com/r123/100x100-fit/logo/20190701123328_irea_solo.jpeg","","",""
"https://www.rumah123.com/portal-img/_next/image/?url=https%3A%2F%2Fpicture.rumah123.com%2Fr123-images%2F720x420-crop%2Fcustomer%2F71744%2F34cb974f76976f883ea1fe1bdb99f58d.jpg&w=3840&q=75","","","","1","[object Object]","Rumah","","https://www.rumah123.com/jual/cari/?location=jawa-tengah&itm_medium=search-suggestions-lokasi&itm_source=organic&quickLabel=Dekat+Pusat+Perbelanjaan","Dekat Pusat Perbelanjaan","https://www.rumah123.com/jual/cari/?location=jawa-tengah&itm_medium=search-suggestions-lokasi&itm_source=organic&quickLabel=Dekat+Fasilitas+Kesehatan","Dekat Fasilitas Kesehatan","Rp 7,5 Miliar","Rp 36 Jutaan (Tenor 20 Tahun)","Rp 47 Jutaan (Tenor 15 Tahun)","https://www.rumah123.com/properti/surakarta-laweyan/rumah-dijual-solo-di-penumping-laweyan-surakarta-hos39502364/","Rumah Dijual Solo Di Penumping Laweyan Surakarta","Laweyan, Surakarta","Rumah dijual Solo di penumping Laweyan Solo , 2menit ke Solo grand mall, 2menit ke RS DKT, luas tanah 523, luas bangunan 250, 3kamar, 4kamar mandi,...","3 + 2","[object Object]","4 + 1","[object Object]","523 m²","LT:","250 m²","LB:","https://pic.rumah123.com/r123/250x250-fit/photo/71744/717441579047330.jpg","Diperbarui 6 jam yang lalu oleh","Eni  Pujiastuti ERA iREA Solo","+628132...","WhatsApp","1 + 1","[object Object]","https://pic.rumah123.com/r123/100x100-fit/logo/20190701123328_irea_solo.jpeg","","",""
"https://www.rumah123.com/portal-img/_next/image/?url=https%3A%2F%2Fpicture.rumah123.com%2Fr123-images%2F720x420-crop%2Fcustomer%2F1308914%2Flisting%2Fhos41607654%2Fenhanced%2F57488ac3270786498b8bfcf2bcd122d3.jpg&w=3840&q=85","","","[object Object]","7","[object Object]","Rumah","","https://www.rumah123.com/jual/cari/?location=jawa-tengah&itm_medium=search-suggestions-lokasi&itm_source=organic&quickLabel=Siap+Huni","Siap Huni","","","Rp 1,85 Miliar","Rp 9 Jutaan (Tenor 20 Tahun)","Rp 11 Jutaan (Tenor 15 Tahun)","https://www.rumah123.com/properti/semarang-semarang-timur/rumah-badak-siap-pakai-hos41607654/","Rumah Badak Siap Pakai","Semarang Timur, Semarang","Siap pakai, Jalan lebar, strategis, bisa untuk usaha","4","[object Object]","2","[object Object]","132 m²","LT:","150 m²","LB:","https://pic.rumah123.com/r123/250x250-fit/photo/1308914/13089141746802233.jpg","Diperbarui 6 jam yang lalu oleh","Tracy Property","+628880...","WhatsApp","","","","","",""
"https://www.rumah123.com/portal-img/_next/image/?url=https%3A%2F%2Fpicture.rumah123.com%2Fr123-images%2F720x420-crop%2Fcustomer%2F71744%2F2023-12-17-12-50-50-40ef2e61-66b7-47f9-9225-8da5a8f7084a.jpg&w=3840&q=75","","","[object Object]","2","[object Object]","Ruang Usaha","","https://www.rumah123.com/jual/cari/?location=jawa-tengah&itm_medium=search-suggestions-lokasi&itm_source=organic&quickLabel=Dekat+Pusat+Perbelanjaan","Dekat Pusat Perbelanjaan","https://www.rumah123.com/jual/cari/?location=jawa-tengah&itm_medium=search-suggestions-lokasi&itm_source=organic&quickLabel=Dekat+Sekolah","Dekat Sekolah","Rp 4,6 Miliar Total","Rp 22 Jutaan (Tenor 20 Tahun)","Rp 28 Jutaan (Tenor 15 Tahun)","https://www.rumah123.com/properti/solo-laweyan/ruang-usaha-strategis-di-pajang-laweyan-solo-css3045416/","Ruang Usaha strategis di Pajang Laweyan Solo","Laweyan, Solo","Lokasi :Pajang  Laweyan, Surakarta
 Area strategis di tengah kota
 5 menit ke Solo Square Mall
 2 menit ke Pasar Kleco
 100m ke Jl Slamet Riyadi
 L...","1","[object Object]","","","470 m²","LT:","200 m²","LB:","https://pic.rumah123.com/r123/250x250-fit/photo/71744/717441579047330.jpg","Diperbarui 7 jam yang lalu oleh","Eni  Pujiastuti ERA iREA Solo","+628132...","WhatsApp","","","https://pic.rumah123.com/r123/100x100-fit/logo/20190701123328_irea_solo.jpeg","","",""
"https://www.rumah123.com/portal-img/_next/image/?url=https%3A%2F%2Fpicture.rumah123.com%2Fr123-images%2F720x420-crop%2Fcustomer%2F71744%2F5c70bf1cf061fbc598df90db552c7561.jpg&w=3840&q=75","","","","1","[object Object]","Ruang Usaha","","","","","","Rp 5,25 Miliar Total","Rp 25 Jutaan (Tenor 20 Tahun)","Rp 33 Jutaan (Tenor 15 Tahun)","https://www.rumah123.com/properti/karanganyar-jaten/ruang-usaha-dijual-solo-di-palur-karanganyar-css4412604/","Ruang Usaha Dijual Solo Di Palur Karanganyar","Jaten, Karanganyar","Ruang usaha dijual solo di Palur Karanganyar Surakarta, 1 menit ke solo safari, 2menit ke palur plaza, luas tanah 582, luas bangunan 305, lebar 8, ...","1","[object Object]","","","582 m²","LT:","305 m²","LB:","https://pic.rumah123.com/r123/250x250-fit/photo/71744/717441579047330.jpg","Diperbarui 7 jam yang lalu oleh","Eni  Pujiastuti ERA iREA Solo","+628132...","WhatsApp","","","https://pic.rumah123.com/r123/100x100-fit/logo/20190701123328_irea_solo.jpeg","","",""
"https://www.rumah123.com/portal-img/_next/image/?url=https%3A%2F%2Fpic.rumah123.com%2Fr123%2F720x420-crop%2Fcommercial%2Fco28%2F2888254%2Foriginal%2Fcss2888254-ruang-usaha-di-jual-di-grogol-solo-16164077814313.jpg&w=3840&q=75","","","[object Object]","2","[object Object]","Ruang Usaha","","https://www.rumah123.com/jual/cari/?location=jawa-tengah&itm_medium=search-suggestions-lokasi&itm_source=organic&quickLabel=Dekat+Pusat+Perbelanjaan","Dekat Pusat Perbelanjaan","https://www.rumah123.com/jual/cari/?location=jawa-tengah&itm_medium=search-suggestions-lokasi&itm_source=organic&quickLabel=Dekat+Sekolah","Dekat Sekolah","Rp 1,8 Miliar Total","Rp 8 Jutaan (Tenor 20 Tahun)","Rp 11 Jutaan (Tenor 15 Tahun)","https://www.rumah123.com/properti/solo-grogol/ruang-usaha-solo-baru-dekat-area-bisnis-css2888254/","Ruang Usaha Ruko Dijual Solo Baru Dekat Area Bisnis","Grogol, Solo","Lokasi : Grogol, Sukoharjo Area strategis di tengah kota 200 meter ke Pasar Grogol 3 menit ke The Park Mall 3 menit ke Hartono Mall Luas Tanah/Luas...","1","[object Object]","","","90 m²","LT:","90 m²","LB:","https://pic.rumah123.com/r123/250x250-fit/photo/71744/717441579047330.jpg","Diperbarui 7 jam yang lalu oleh","Eni  Pujiastuti ERA iREA Solo","+628132...","WhatsApp","","","https://pic.rumah123.com/r123/100x100-fit/logo/20190701123328_irea_solo.jpeg","","",""
"https://www.rumah123.com/portal-img/_next/image/?url=https%3A%2F%2Fpicture.rumah123.com%2Fr123-images%2F720x420-crop%2Fcustomer%2F71744%2Fc51e4854eeb76a3e3b302514b190a8c0.jpg&w=3840&q=75","","","","1","[object Object]","Ruang Usaha","","","","","","Rp 3,25 Miliar","Rp 15 Jutaan (Tenor 20 Tahun)","Rp 20 Jutaan (Tenor 15 Tahun)","https://www.rumah123.com/properti/karanganyar-jaten/ruang-usaha-dijual-solo-di-ngringo-jaten-karanganyar-css9332079/","Ruang Usaha Dijual Solo Di Ngringo Jaten Karanganyar","Jaten, Karanganyar","Ruang usaha dijual Solo di Ngringo jaten Karanganyar, luas tanah 450, luas bangunan 450, 3kamar, 2kamar mandi, dapur, ada gudang,","2","[object Object]","","","450 m²","LT:","450 m²","LB:","https://pic.rumah123.com/r123/250x250-fit/photo/71744/717441579047330.jpg","Diperbarui 7 jam yang lalu oleh","Eni  Pujiastuti ERA iREA Solo","+628132...","WhatsApp","","","https://pic.rumah123.com/r123/100x100-fit/logo/20190701123328_irea_solo.jpeg","","",""
"https://www.rumah123.com/portal-img/_next/image/?url=https%3A%2F%2Fpicture.rumah123.com%2Fr123-images%2F720x420-crop%2Fcustomer%2F2168093%2F68065217845842e9a0f2a3c400b7a17f.jpg&w=3840&q=75","","","[object Object]","8","[object Object]","Rumah","","https://www.rumah123.com/jual/cari/?location=jawa-tengah&itm_medium=search-suggestions-lokasi&itm_source=organic&quickLabel=Bisa+Nego","Bisa Nego","https://www.rumah123.com/jual/cari/?location=jawa-tengah&itm_medium=search-suggestions-lokasi&itm_source=organic&quickLabel=DP+0%25","DP 0%","Rp 1 Miliar","Rp 4 Jutaan (Tenor 20 Tahun)","Rp 6 Jutaan (Tenor 15 Tahun)","https://www.rumah123.com/properti/semarang-bsb-city/di-jual-rumah-tipe-48120m2-beranda-bali-payon-amartha-semarang-harga-promo-khusus-hos39084473/","DI JUAL RUMAH TIPE 48/120m2 | BERANDA BALI PAYON AMARTHA SEMARANG | HARGA PROMO KHUSUS","BSB City, Semarang","Kesempatan terbatas buat Anda dapatkan rumah strategis dengan return investasi tinggi di BSB City, Semarang.  Rumah ini menawarkan lokasi yang stra...","2","[object Object]","1","[object Object]","120 m²","LT:","48 m²","LB:","https://picture.rumah123.com/r123-images/250x250-fit/customer/4350530/c935160a464e4c533c67bbc75a761412.jpg","Diperbarui 7 jam yang lalu oleh","Bagus","+628564...","WhatsApp","2","[object Object]","https://pic.rumah123.com/r123/100x100-fit/logo/20250228105356_pt_mikroland_property_development.jpeg","https://www.rumah123.com/jual/cari/?location=jawa-tengah&itm_medium=search-suggestions-lokasi&itm_source=organic&quickLabel=Bebas+Banjir","Bebas Banjir",""
"https://www.rumah123.com/portal-img/_next/image/?url=https%3A%2F%2Fpicture.rumah123.com%2Fr123-images%2F720x420-crop%2Fcustomer%2F71744%2F2024-07-28-09-07-27-bc452d91-e961-4166-997a-d41593c767ea.jpg&w=3840&q=75","","","","1","[object Object]","Ruang Usaha","","https://www.rumah123.com/jual/cari/?location=jawa-tengah&itm_medium=search-suggestions-lokasi&itm_source=organic&quickLabel=Dekat+Sekolah","Dekat Sekolah","","","Rp 7 Miliar Total","Rp 34 Jutaan (Tenor 20 Tahun)","Rp 44 Jutaan (Tenor 15 Tahun)","https://www.rumah123.com/properti/karanganyar-jaten/ruang-usaha-dan-rumah-dijual-solo-di-jaten-karanganyar-surakarta-css4279926/","Ruang usaha dan rumah dijual Solo di jaten Karanganyar Surakarta","Jaten, Karanganyar","Ruang usaha dan rumah dijual di pinggir jalan raya di jaten Karanganyar Surakarta, 1nenit ke mitra swalayan, 10menit ke UNS, luas tanah 545, lebar ...","4","[object Object]","4","[object Object]","545 m²","LT:","600 m²","LB:","https://pic.rumah123.com/r123/250x250-fit/photo/71744/717441579047330.jpg","Diperbarui 7 jam yang lalu oleh","Eni  Pujiastuti ERA iREA Solo","+628132...","WhatsApp","","","https://pic.rumah123.com/r123/100x100-fit/logo/20190701123328_irea_solo.jpeg","","",""
"https://www.rumah123.com/portal-img/_next/image/?url=https%3A%2F%2Fpicture.rumah123.com%2Fr123-images%2F720x420-crop%2Fcustomer%2F1308914%2Flisting%2Fhos41607618%2Fenhanced%2F9327295c32a927ba5c988f6e0db605db.jpg&w=3840&q=75","","","[object Object]","8","[object Object]","Rumah","","https://www.rumah123.com/jual/cari/?location=jawa-tengah&itm_medium=search-suggestions-lokasi&itm_source=organic&quickLabel=Bisa+Nego","Bisa Nego","https://www.rumah123.com/jual/cari/?location=jawa-tengah&itm_medium=search-suggestions-lokasi&itm_source=organic&quickLabel=Siap+Huni","Siap Huni","Rp 1,45 Miliar","Rp 7 Jutaan (Tenor 20 Tahun)","Rp 9 Jutaan (Tenor 15 Tahun)","https://www.rumah123.com/properti/semarang-semarang-barat/rumah-siap-pakai-di-daerah-siliwangi-hos41607618/","Rumah Siap Pakai di Daerah Siliwangi","Semarang Barat, Semarang","Tengah kota, siap pakai, bisa untuk usaha , harga nego","2","[object Object]","2","[object Object]","121 m²","LT:","180 m²","LB:","https://pic.rumah123.com/r123/250x250-fit/photo/1308914/13089141746802233.jpg","Diperbarui 7 jam yang lalu oleh","Tracy Property","+628880...","WhatsApp","1","[object Object]","","","",""
"https://www.rumah123.com/portal-img/_next/image/?url=https%3A%2F%2Fpicture.rumah123.com%2Fr123-images%2F720x420-crop%2Fcustomer%2F1819989%2Flisting%2Flas9214909%2Fenhanced%2F316f9f6ba68a0a03228715772d3cfca9.jpg&w=3840&q=75","","","[object Object]","5","[object Object]","Tanah","","https://www.rumah123.com/jual/cari/?location=jawa-tengah&itm_medium=search-suggestions-lokasi&itm_source=organic&quickLabel=Cocok+untuk+kost","Cocok untuk kost","","","Rp 4,44 Miliar Total","Rp 21 Jutaan (Tenor 20 Tahun)","Rp 27 Jutaan (Tenor 15 Tahun)","https://www.rumah123.com/properti/semarang-jangli/jual-tanah-592m2-jangli-utara-dekat-candi-golf-las9214909/","Jual Tanah 592M2 Jangli Utara Dekat Candi Golf","Jangli, Semarang","DIJUAL TANAH PREMIUM - JL. JANGLI UTARA SEMARANG  Kesempatan memiliki tanah strategis dengan panorama kota yang menawan di kawasan berkembang dan b...","","","","","592 m²","LT:","","","https://picture.rumah123.com/r123-images/250x250-fit/customer/1819989/a1409baa76ff382cdda6ecea56e532a3.png","Diperbarui 7 jam yang lalu oleh","STEPHANUS AGUS DARDJITO","+628587...","WhatsApp","","","","","",""
"https://www.rumah123.com/portal-img/_next/image/?url=https%3A%2F%2Fpicture.rumah123.com%2Fr123-images%2F720x420-crop%2Fcustomer%2F1819989%2F1ce938a713b787bd83946e15d11c2986.jpg&w=3840&q=75","","","[object Object]","10","[object Object]","Rumah","","https://www.rumah123.com/jual/cari/?location=jawa-tengah&itm_medium=search-suggestions-lokasi&itm_source=organic&quickLabel=Dekat+Sekolah","Dekat Sekolah","https://www.rumah123.com/jual/cari/?location=jawa-tengah&itm_medium=search-suggestions-lokasi&itm_source=organic&quickLabel=Dekat+Fasilitas+Kesehatan","Dekat Fasilitas Kesehatan","Rp 700 Juta","Rp 3 Jutaan (Tenor 20 Tahun)","Rp 4 Jutaan (Tenor 15 Tahun)","https://www.rumah123.com/properti/semarang-sambiroto/rumah-bagus-minimalis-bukit-elang-residence-hos41453478/","Rumah Bagus Minimalis Bukit Elang Residence","Sambiroto, Semarang","Jual Rumah One Gate System Lokasi Bukit Elang Residance Mangunharjo Tembalang  Dekat Aneka Jaya Sambiroto  Dekat Unimus & Universitas Karya Husada ...","3","[object Object]","2","[object Object]","90 m²","LT:","90 m²","LB:","https://picture.rumah123.com/r123-images/250x250-fit/customer/1819989/a1409baa76ff382cdda6ecea56e532a3.png","Diperbarui 5 jam yang lalu oleh","STEPHANUS AGUS DARDJITO","+628587...","WhatsApp","1","[object Object]","","","",""
"https://www.rumah123.com/portal-img/_next/image/?url=https%3A%2F%2Fpicture.rumah123.com%2Fr123-images%2F720x420-crop%2Fcustomer%2F4431031%2Fd8d780c9a3257c6c0294fe921b9dc7d9.jpg&w=3840&q=75","","","[object Object]","13","[object Object]","Rumah","","https://www.rumah123.com/jual/cari/?location=jawa-tengah&itm_medium=search-suggestions-lokasi&itm_source=organic&quickLabel=Siap+Huni","Siap Huni","https://www.rumah123.com/jual/cari/?location=jawa-tengah&itm_medium=search-suggestions-lokasi&itm_source=organic&quickLabel=Bebas+Banjir","Bebas Banjir","Rp 400 Juta","Rp 1 Jutaan (Tenor 20 Tahun)","Rp 2 Jutaan (Tenor 15 Tahun)","https://www.rumah123.com/properti/semarang-mijen/rumah-1-kamar-di-taman-kayangan-cangkiran-shm-87m-free-actv-one-gate-systemproperty-hos41467624/","Rumah 1 Kamar di Taman Kayangan Cangkiran SHM 87M² Free Ac+Tv One Gate System`Property","Mijen, Semarang","Rumah 1 Kamar di Taman Kayangan Cangkiran  SHM 87m²  Free AC+TV  One Gate System`  Hunian Nyaman dengan Fasilitas Lengkap di Kawasan Strategis Can...","1","[object Object]","1","[object Object]","87 m²","LT:","30 m²","LB:","https://picture.rumah123.com/r123-images/250x250-fit/customer/4431031/9fe84dc138997be2efc1655a239a36c7.jpg","Diperbarui 1 jam yang lalu oleh","Prabowo Siswanto Property","+628584...","WhatsApp","1 + 1","[object Object]","","https://www.rumah123.com/jual/cari/?location=jawa-tengah&itm_medium=search-suggestions-lokasi&itm_source=organic&quickLabel=Dekat+Pusat+Perbelanjaan","Dekat Pusat Perbelanjaan",""
"https://www.rumah123.com/portal-img/_next/image/?url=https%3A%2F%2Fpicture.rumah123.com%2Fr123-images%2F720x420-crop%2Fcustomer%2F2150791%2Fe513aadc80f94b9f865a2cba20414126.png&w=3840&q=75","","","[object Object]","19","[object Object]","Rumah","","https://www.rumah123.com/jual/cari/?location=jawa-tengah&itm_medium=search-suggestions-lokasi&itm_source=organic&quickLabel=Dekat+Akses+Transportasi","Dekat Akses Transportasi","https://www.rumah123.com/jual/cari/?location=jawa-tengah&itm_medium=search-suggestions-lokasi&itm_source=organic&quickLabel=Dekat+Pusat+Perbelanjaan","Dekat Pusat Perbelanjaan","Rp 644 Juta","Rp 3 Jutaan (Tenor 20 Tahun)","Rp 4 Jutaan (Tenor 15 Tahun)","https://www.rumah123.com/properti/semarang-pudak-payung/rumah-mewah-cluster-de-villa-garden-2-pudak-payung-banyumanik-semarang-hos40390343/","Rumah Mewah Cluster De Villa Garden 2 Pudak Payung Banyumanik Semarang","Pudak Payung, Semarang","DE VILLA GARDEN II Pudak Payung, Banyumanik Semarang Kota  TERSEDIA 50 UNIT ● Cluster One Gate System ● Pos Security ● Playground ● Balai W...","3","[object Object]","2","[object Object]","60 m²","LT:","72 m²","LB:","https://picture.rumah123.com/r123-images/250x250-fit/customer/2150791/12c7bc9551d9541c3876df2f6878c48d.jpg","Diperbarui 6 menit yang lalu oleh","Dias DeVilla","+628133...","WhatsApp","2","[object Object]","","https://www.rumah123.com/jual/cari/?location=jawa-tengah&itm_medium=search-suggestions-lokasi&itm_source=organic&quickLabel=Dekat+Sekolah","Dekat Sekolah",""
"https://www.rumah123.com/portal-img/_next/image/?url=https%3A%2F%2Fpicture.rumah123.com%2Fr123-images%2F720x420-crop%2Fcustomer%2F2150791%2Ffc1b619f9a587b8059f2a2b8f86b8674.jpg&w=3840&q=75","","","[object Object]","14","[object Object]","Rumah","","https://www.rumah123.com/jual/cari/?location=jawa-tengah&itm_medium=search-suggestions-lokasi&itm_source=organic&quickLabel=Siap+Huni","Siap Huni","https://www.rumah123.com/jual/cari/?location=jawa-tengah&itm_medium=search-suggestions-lokasi&itm_source=organic&quickLabel=Dekat+Akses+Transportasi","Dekat Akses Transportasi","Rp 1,85 Miliar","Rp 9 Jutaan (Tenor 20 Tahun)","Rp 11 Jutaan (Tenor 15 Tahun)","https://www.rumah123.com/properti/semarang-pedurungan/rumah-baru-3-lantai-cluster-palebon-raya-majapahit-tol-gayamsari-hos41523982/","Rumah Baru 3 Lantai Cluster Palebon Raya Majapahit Tol Gayamsari","Pedurungan, Semarang","RUMAH BARU, SIAP HUNI, 3 LANTAI  Jl. Palebon Raya, Semarang Kota (dekat TOL Gayamsari)  Tipe ATTIC Luas Tanah 80 M² Luas Bangunan 160 M² 3 Kamar ...","3","[object Object]","3","[object Object]","80 m²","LT:","160 m²","LB:","https://picture.rumah123.com/r123-images/250x250-fit/customer/2150791/12c7bc9551d9541c3876df2f6878c48d.jpg","Diperbarui 2 jam yang lalu oleh","Dias DeVilla","+628133...","WhatsApp","2","[object Object]","","https://www.rumah123.com/jual/cari/?location=jawa-tengah&itm_medium=search-suggestions-lokasi&itm_source=organic&quickLabel=Dekat+Pusat+Perbelanjaan","Dekat Pusat Perbelanjaan",""
"https://www.rumah123.com/portal-img/_next/image/?url=https%3A%2F%2Fpicture.rumah123.com%2Fr123-images%2F720x420-crop%2Fcustomer%2F2150791%2F17ecbbb8eb3f47811bcd51a5c41e8ea9.jpg&w=3840&q=75","","","[object Object]","12","[object Object]","Rumah","","https://www.rumah123.com/jual/cari/?location=jawa-tengah&itm_medium=search-suggestions-lokasi&itm_source=organic&quickLabel=Dekat+Akses+Transportasi","Dekat Akses Transportasi","https://www.rumah123.com/jual/cari/?location=jawa-tengah&itm_medium=search-suggestions-lokasi&itm_source=organic&quickLabel=Dekat+Pusat+Perbelanjaan","Dekat Pusat Perbelanjaan","Rp 639 Juta","Rp 3 Jutaan (Tenor 20 Tahun)","Rp 4 Jutaan (Tenor 15 Tahun)","https://www.rumah123.com/properti/semarang-ngaliyan/rumah-mewah-minimalis-cluster-amarilis-garden-gondorio-ngaliyan-semarang-hos41048344/","Rumah Mewah Minimalis Cluster Amarilis Garden Gondorio Ngaliyan Semarang","Ngaliyan, Semarang","AMARILIS GARDEN Bukit Gondorio, Ngaliyan, Kota Semarang  _CLUSTER One Gate System  _POS Security (CCTV 24 JAM) _UNDERGROUND System _SMART Door Lock...","2","[object Object]","1","[object Object]","120 m²","LT:","50 m²","LB:","https://picture.rumah123.com/r123-images/250x250-fit/customer/2150791/12c7bc9551d9541c3876df2f6878c48d.jpg","Diperbarui 6 jam yang lalu oleh","Dias DeVilla","+628133...","WhatsApp","2","[object Object]","","https://www.rumah123.com/jual/cari/?location=jawa-tengah&itm_medium=search-suggestions-lokasi&itm_source=organic&quickLabel=Dekat+Sekolah","Dekat Sekolah",""
"https://www.rumah123.com/portal-img/_next/image/?url=https%3A%2F%2Fpicture.rumah123.com%2Fr123-images%2F720x420-crop%2Fcustomer%2F1308914%2Flisting%2Fhos41607202%2Fenhanced%2F06f816928fa87089c6c3e4031d34ad62.jpg&w=3840&q=75","","","[object Object]","6","[object Object]","Rumah","","https://www.rumah123.com/jual/cari/?location=jawa-tengah&itm_medium=search-suggestions-lokasi&itm_source=organic&quickLabel=Siap+Huni","Siap Huni","","","Rp 1,85 Miliar","Rp 9 Jutaan (Tenor 20 Tahun)","Rp 11 Jutaan (Tenor 15 Tahun)","https://www.rumah123.com/properti/semarang-semarang-timur/rumah-nias-siap-pakai-hos41607202/","Rumah Nias Siap Pakai","Semarang Timur, Semarang","Siap Pakai, daerah elit, tenang, nyaman","5","[object Object]","3","[object Object]","175 m²","LT:","175 m²","LB:","https://pic.rumah123.com/r123/250x250-fit/photo/1308914/13089141746802233.jpg","Diperbarui 7 jam yang lalu oleh","Tracy Property","+628880...","WhatsApp","","","","","",""
"https://www.rumah123.com/portal-img/_next/image/?url=https%3A%2F%2Fpicture.rumah123.com%2Fr123-images%2F720x420-crop%2Fcustomer%2F1308914%2Flisting%2Fcss10048561%2Fenhanced%2F5c24c223b3d483559a0b8ec962d4638a.jpg&w=3840&q=75","","","[object Object]","5","[object Object]","Ruang Usaha","","https://www.rumah123.com/jual/cari/?location=jawa-tengah&itm_medium=search-suggestions-lokasi&itm_source=organic&quickLabel=Bisa+Nego","Bisa Nego","https://www.rumah123.com/jual/cari/?location=jawa-tengah&itm_medium=search-suggestions-lokasi&itm_source=organic&quickLabel=Siap+Huni","Siap Huni","Rp 1,3 Miliar Total","Rp 6 Jutaan (Tenor 20 Tahun)","Rp 8 Jutaan (Tenor 15 Tahun)","https://www.rumah123.com/properti/semarang-pedurungan/ruang-usaha-di-daerah-pedurungan-css10048561/","Ruang Usaha di Daerah Pedurungan","Pedurungan, Semarang","Siap pakai, strategis, jalan lebar , harga nego","1","[object Object]","","","190 m²","LT:","90 m²","LB:","https://pic.rumah123.com/r123/250x250-fit/photo/1308914/13089141746802233.jpg","Diperbarui 8 jam yang lalu oleh","Tracy Property","+628880...","WhatsApp","","","","","",""
"https://www.rumah123.com/portal-img/_next/image/?url=https%3A%2F%2Fpicture.rumah123.com%2Fr123-images%2F720x420-crop%2Fcustomer%2F71744%2F47c9d45b579731e7b819a4765d107174.jpg&w=3840&q=75","","","[object Object]","2","[object Object]","Gudang","","https://www.rumah123.com/jual/cari/?location=jawa-tengah&itm_medium=search-suggestions-lokasi&itm_source=organic&quickLabel=Dekat+Sekolah","Dekat Sekolah","","","Rp 9,85 Miliar","Rp 48 Jutaan (Tenor 20 Tahun)","Rp 61 Jutaan (Tenor 15 Tahun)","https://www.rumah123.com/properti/solo-jebres/gudang-dijual-solo-di-mojosongo-jebres-surakarta-was9420042/","Gudang Dijual Solo Di Mojosongo Jebres Surakarta","Jebres, Solo","Gudang dijual solo di Mojosongo Jebres Surakarta, 2menit ke TA TV, Akses truk double, luas tanah 2023, luas bangunan 1500, lebar 20, HM, hadap sela...","2","[object Object]","","","2023 m²","LT:","1500 m²","LB:","https://pic.rumah123.com/r123/250x250-fit/photo/71744/717441579047330.jpg","Diperbarui 8 jam yang lalu oleh","Eni  Pujiastuti ERA iREA Solo","+628132...","WhatsApp","","","https://pic.rumah123.com/r123/100x100-fit/logo/20190701123328_irea_solo.jpeg","","",""
"https://www.rumah123.com/portal-img/_next/image/?url=https%3A%2F%2Fpicture.rumah123.com%2Fr123-images%2F720x420-crop%2Fcustomer%2F4350530%2F1d4e832b1d85b3dc1e3f129c3ccedd11.jpg&w=3840&q=75","","","[object Object]","12","[object Object]","Rumah","","https://www.rumah123.com/jual/cari/?location=jawa-tengah&itm_medium=search-suggestions-lokasi&itm_source=organic&quickLabel=Bisa+Nego","Bisa Nego","https://www.rumah123.com/jual/cari/?location=jawa-tengah&itm_medium=search-suggestions-lokasi&itm_source=organic&quickLabel=DP+0%25","DP 0%","Rp 789 Juta","Rp 3 Jutaan (Tenor 20 Tahun)","Rp 4 Jutaan (Tenor 15 Tahun)","https://www.rumah123.com/properti/semarang-semarang-tengah/rumah-nuansa-bali-di-perumahan-teras-bali-dekat-bsb-semarang-hos39082813/","Rumah Nuansa Bali Di Perumahan Teras Bali Dekat Bsb Semarang","Semarang Tengah, Semarang","Kesempatan terbatas buat Anda dapatkan rumah strategis dengan return investasi tinggi di Semarang Tengah, Semarang.  Rumah ini menawarkan lokasi ya...","2","[object Object]","1","[object Object]","120 m²","LT:","48 m²","LB:","https://picture.rumah123.com/r123-images/250x250-fit/customer/4350530/c935160a464e4c533c67bbc75a761412.jpg","Diperbarui 2 jam yang lalu oleh","Bagus","+628564...","WhatsApp","2","[object Object]","https://pic.rumah123.com/r123/100x100-fit/logo/20250228105356_pt_mikroland_property_development.jpeg","https://www.rumah123.com/jual/cari/?location=jawa-tengah&itm_medium=search-suggestions-lokasi&itm_source=organic&quickLabel=Bebas+Banjir","Bebas Banjir",""
"https://www.rumah123.com/portal-img/_next/image/?url=https%3A%2F%2Fpicture.rumah123.com%2Fr123-images%2F720x420-crop%2Fcustomer%2F4350530%2Fd673c93e6837ab2a168bbbc90719cb8f.jpg&w=3840&q=75","","","[object Object]","13","[object Object]","Rumah","","https://www.rumah123.com/jual/cari/?location=jawa-tengah&itm_medium=search-suggestions-lokasi&itm_source=organic&quickLabel=Bisa+Nego","Bisa Nego","https://www.rumah123.com/jual/cari/?location=jawa-tengah&itm_medium=search-suggestions-lokasi&itm_source=organic&quickLabel=DP+0%25","DP 0%","Rp 522 Juta","Rp 2 Jutaan (Tenor 20 Tahun)","Rp 3 Jutaan (Tenor 15 Tahun)","https://www.rumah123.com/properti/semarang-mijen/di-jual-rumah-2-kamar-tidur-1-kamar-mandi-perumahan-teras-bali-semarang-hos39082681/","Di Jual Rumah 2 Kamar Tidur + 1 Kamar Mandi | Perumahan Teras Bali Semarang","Mijen, Semarang","Kesempatan terbatas buat Anda dapatkan rumah nyaman dengan return investasi tinggi di Mijen, Semarang.  Rumah ini menawarkan kelengkapan fasilitas ...","2","[object Object]","1","[object Object]","120 m²","LT:","30 m²","LB:","https://picture.rumah123.com/r123-images/250x250-fit/customer/4350530/c935160a464e4c533c67bbc75a761412.jpg","Diperbarui 7 jam yang lalu oleh","Bagus","+628564...","WhatsApp","1","[object Object]","https://pic.rumah123.com/r123/100x100-fit/logo/20250228105356_pt_mikroland_property_development.jpeg","https://www.rumah123.com/jual/cari/?location=jawa-tengah&itm_medium=search-suggestions-lokasi&itm_source=organic&quickLabel=Siap+Huni","Siap Huni",""
"https://www.rumah123.com/portal-img/_next/image/?url=https%3A%2F%2Fpicture.rumah123.com%2Fr123-images%2F720x420-crop%2Fcustomer%2F71744%2F2023-10-23-01-51-45-552b61d2-a413-4888-9e95-2761ee9b99bd.jpg&w=3840&q=75","","","[object Object]","2","[object Object]","Gudang","","","","","","Rp 1,8 Miliar Total","Rp 8 Jutaan (Tenor 20 Tahun)","Rp 11 Jutaan (Tenor 15 Tahun)","https://www.rumah123.com/properti/surakarta-laweyan/gudang-tengah-kota-di-di-laweyan-solo-was3800332/","Gudang Dijual Solo di Laweyan Surakarta","Laweyan, Surakarta","Gudang murah di area kampung batik Laweyan Solo, akses truk, luas tanah 450, luas bangunan 445, lebar 15, HM, hadap barat, 1,kamar mandi, Harga 1,8...","1","[object Object]","","","450 m²","LT:","445 m²","LB:","https://pic.rumah123.com/r123/250x250-fit/photo/71744/717441579047330.jpg","Diperbarui 6 jam yang lalu oleh","Eni  Pujiastuti ERA iREA Solo","+628132...","WhatsApp","","","https://pic.rumah123.com/r123/100x100-fit/logo/20190701123328_irea_solo.jpeg","","",""
"https://www.rumah123.com/portal-img/_next/image/?url=https%3A%2F%2Fpicture.rumah123.com%2Fr123-images%2F720x420-crop%2Fcustomer%2F1819989%2F0ea85af60e0c1bbd8c2ca7ad198d2665.jpg&w=3840&q=85","https://www.rumah123.com/portal-img/_next/image/?url=https%3A%2F%2Fpicture.rumah123.com%2Fr123-images%2F720x420-crop%2Fcustomer%2F1819989%2Ff38e4f8a83967d41181c0b1c519a0be2.jpg&w=3840&q=75","https://www.rumah123.com/portal-img/_next/image/?url=https%3A%2F%2Fpicture.rumah123.com%2Fr123-images%2F720x420-crop%2Fcustomer%2F1819989%2F092e1fd71965dc8239d236e56fc94059.jpg&w=3840&q=75","[object Object]","12","[object Object]","Rumah","","https://www.rumah123.com/jual/cari/?location=jawa-tengah&itm_medium=search-suggestions-lokasi&itm_source=organic&quickLabel=Dekat+Sekolah","Dekat Sekolah","","","Rp 5,5 Miliar","Rp 27 Jutaan (Tenor 20 Tahun)","Rp 34 Jutaan (Tenor 15 Tahun)","https://www.rumah123.com/properti/semarang-banyumanik/rumah-mewah-kolam-renang-di-gondang-bulusan-tembalang-hos40560521/","Rumah mewah + kolam renang di gondang bulusan tembalang","Banyumanik, Semarang","Rumah Mewah di Gondang Bulusan Tembalang Semarang  Luas Tanah 575 m² Luas Bangunan 500 m² Kamar Tidur 6 Kamar Mandi 4 Air Artetis Pribadi Listrik...","6","[object Object]","4","[object Object]","575 m²","LT:","500 m²","LB:","https://picture.rumah123.com/r123-images/250x250-fit/customer/1819989/a1409baa76ff382cdda6ecea56e532a3.png","Diperbarui 7 jam yang lalu oleh","STEPHANUS AGUS DARDJITO","+628587...","WhatsApp","2 + 2","[object Object]","","","",""
"https://www.rumah123.com/portal-img/_next/image/?url=https%3A%2F%2Fpicture.rumah123.com%2Fr123-images%2F720x420-crop%2Fcustomer%2F2120042%2F7725b3e2ef4edbee638ac5989ec9b200.jpg&w=3840&q=75","https://www.rumah123.com/portal-img/_next/image/?url=https%3A%2F%2Fpicture.rumah123.com%2Fr123-images%2F720x420-crop%2Fcustomer%2F2120042%2F5a5062f7edc0f5df0fc640309d90e485.jpg&w=3840&q=75","https://www.rumah123.com/portal-img/_next/image/?url=https%3A%2F%2Fpicture.rumah123.com%2Fr123-images%2F720x420-crop%2Fcustomer%2F2120042%2F2f6483cbd9b00e1643312c42c1603ed0.jpg&w=3840&q=75","[object Object]","6","[object Object]","Rumah","","","","","","Rp 1,5 Miliar","Rp 7 Jutaan (Tenor 20 Tahun)","Rp 9 Jutaan (Tenor 15 Tahun)","https://www.rumah123.com/properti/semarang-puri-anjasmoro/rumah-hitung-tanah-puri-anjasmoro-semarang-barat-cocok-untuk-dibuat-kost-hos39821655/","Rumah Hitung Tanah Puri Anjasmoro Semarang Barat, Cocok Untuk Dibuat Kost","Puri Anjasmoro, Semarang","Lokasi Cocok Untuk dibuat Kost atau Kostel, Laundry, dll  18 meter dari jalan utama Puri Anjasmoro  Tengah Kota  Jalan Bersisipan 2 mobil  Strategi...","2","[object Object]","1 + 1","[object Object]","250 m²","LT:","180 m²","LB:","https://pic.rumah123.com/r123/250x250-fit/photo/2120042/21200421733598948.jpg","Diperbarui 8 jam yang lalu oleh","Stephen Konsultan Properti","+628112...","WhatsApp","","","https://pic.rumah123.com/r123/100x100-fit/logo/20201202052029_hepi_property.jpeg","","",""
"https://www.rumah123.com/portal-img/_next/image/?url=https%3A%2F%2Fpicture.rumah123.com%2Fr123-images%2F720x420-crop%2Fcustomer%2F933483%2F0b53edb34fd2a7efc5be543bfb2401c4.jpg&w=3840&q=75","https://www.rumah123.com/portal-img/_next/image/?url=https%3A%2F%2Fpicture.rumah123.com%2Fr123-images%2F720x420-crop%2Fcustomer%2F933483%2F0065a778687daa965d17884e1c1a74c0.jpg&w=3840&q=75","https://www.rumah123.com/portal-img/_next/image/?url=https%3A%2F%2Fpicture.rumah123.com%2Fr123-images%2F720x420-crop%2Fcustomer%2F933483%2F53a76ff591149bb75b8ec52adc3d6080.jpg&w=3840&q=75","[object Object]","5","[object Object]","Pabrik","","https://www.rumah123.com/jual/cari/?location=jawa-tengah&itm_medium=search-suggestions-lokasi&itm_source=organic&quickLabel=Dekat+Akses+Transportasi","Dekat Akses Transportasi","","","Rp 70 Miliar Total","Rp 343 Jutaan (Tenor 20 Tahun)","Rp 440 Jutaan (Tenor 15 Tahun)","https://www.rumah123.com/properti/kendal-kendal/eks-pabrik-lokasi-sangat-strategis-di-kendal-semarang-fas10013964/","Eks Pabrik, Lokasi Sangat Strategis di Kendal Semarang","Kendal, Kendal","Dijual eks pabrik di Kendal Semarang :  Sangat strategis: Jarak exit weleri : 2km (5menit) Jarak exit tol pegandon : 7km 30menit) Jarak exit tol ka...","2","[object Object]","","","21000 m²","LT:","6610 m²","LB:","https://pic.rumah123.com/r123/250x250-fit/photo/933483/9334831540343129.jpg","Diperbarui 8 jam yang lalu oleh","Lili  Andriyani","+628224...","WhatsApp","","","https://pic.rumah123.com/r123/100x100-fit/logo/20190227103705_xavier_marks_vertu.jpeg","","",""
"https://www.rumah123.com/portal-img/_next/image/?url=https%3A%2F%2Fpicture.rumah123.com%2Fr123-images%2F720x420-crop%2Fcustomer%2F63420%2Fb987f83a545ae9c42773c54386d0ff72.jpg&w=3840&q=75","","","","1","[object Object]","Rumah","","https://www.rumah123.com/jual/cari/?location=jawa-tengah&itm_medium=search-suggestions-lokasi&itm_source=organic&quickLabel=Dekat+Akses+Transportasi","Dekat Akses Transportasi","https://www.rumah123.com/jual/cari/?location=jawa-tengah&itm_medium=search-suggestions-lokasi&itm_source=organic&quickLabel=Dekat+Fasilitas+Kesehatan","Dekat Fasilitas Kesehatan","Rp 10 Miliar","Rp 49 Jutaan (Tenor 20 Tahun)","Rp 62 Jutaan (Tenor 15 Tahun)","https://www.rumah123.com/properti/semarang-semarang-timur/rumah-di-arteri-soekarno-hatta-semarang-timur-hos40514722/","Rumah Mewah di Arteri Soekarno Hatta Semarang Timur","Semarang Timur, Semarang","Dijual Rumah di Arteri Soekarno Hatta Semarang  Luas Tanah 489m² Luas Bangunan ±800m² Kamar Tidur 6+2 Kamar Mandi 3+1 Sertifikat HM Listrik 1100...","6 + 2","[object Object]","3 + 1","[object Object]","489 m²","LT:","800 m²","LB:","https://pic.rumah123.com/r123/250x250-fit/photo/63420/634201709047468.jpg","Diperbarui 8 jam yang lalu oleh","Else Susilowaty","+628522...","WhatsApp","1","[object Object]","https://pic.rumah123.com/r123/100x100-fit/logo/20201202052029_hepi_property.jpeg","","",""
"https://www.rumah123.com/portal-img/_next/image/?url=https%3A%2F%2Fpicture.rumah123.com%2Fr123-images%2F720x420-crop%2Fcustomer%2F71744%2F2023-11-01-00-53-25-893d2a21-1ce1-42d1-89d0-7c439026f803.jpg&w=3840&q=75","https://www.rumah123.com/portal-img/_next/image/?url=https%3A%2F%2Fpicture.rumah123.com%2Fr123-images%2F720x420-crop%2Fcustomer%2F71744%2F2023-11-01-00-53-21-561f58c3-831f-41b1-9c02-59170dd22b82.jpg&w=3840&q=75","https://www.rumah123.com/portal-img/_next/image/?url=https%3A%2F%2Fpicture.rumah123.com%2Fr123-images%2F720x420-crop%2Fcustomer%2F71744%2F2023-11-01-00-54-08-71ffba0f-58cc-4510-ba78-70cd0937b3c1.jpg&w=3840&q=75","[object Object]","4","[object Object]","Gudang","","","","","","Rp 24 Miliar Total","Rp 117 Jutaan (Tenor 20 Tahun)","Rp 151 Jutaan (Tenor 15 Tahun)","https://www.rumah123.com/properti/sukoharjo-kartosuro/gudang-dijual-solo-di-wirogunan-kartasura-was3819653/","Gudang Dijual Solo di Wirogunan Kartasura","Kartosuro, Sukoharjo","Gudang dijual solo di Wirogunan Kartasura Sukoharjtol luas tanah 3682, luas bangunan 3200, lebar 45, HM, hadap selatan, harga 24M","3","[object Object]","","","3682 m²","LT:","3200 m²","LB:","https://pic.rumah123.com/r123/250x250-fit/photo/71744/717441579047330.jpg","Diperbarui 8 jam yang lalu oleh","Eni  Pujiastuti ERA iREA Solo","+628132...","WhatsApp","","","https://pic.rumah123.com/r123/100x100-fit/logo/20190701123328_irea_solo.jpeg","","",""
"https://www.rumah123.com/portal-img/_next/image/?url=https%3A%2F%2Fpicture.rumah123.com%2Fr123-images%2F720x420-crop%2Fcustomer%2F63420%2Fdc02a07eaebbaf1098f7a9169e7d819f.jpg&w=3840&q=75","https://www.rumah123.com/portal-img/_next/image/?url=https%3A%2F%2Fpicture.rumah123.com%2Fr123-images%2F720x420-crop%2Fcustomer%2F63420%2F3fbcc7663fc795fdf25b1cdd7eb36c17.jpg&w=3840&q=75","https://www.rumah123.com/portal-img/_next/image/?url=https%3A%2F%2Fpicture.rumah123.com%2Fr123-images%2F720x420-crop%2Fcustomer%2F63420%2Fbc77ca196dac29f1e8c1e0b7a8cb8346.jpg&w=3840&q=75","[object Object]","10","[object Object]","Rumah","","","","","","Rp 2,5 Miliar","Rp 12 Jutaan (Tenor 20 Tahun)","Rp 15 Jutaan (Tenor 15 Tahun)","https://www.rumah123.com/properti/semarang-pedurungan/rumah-bagus-2-lantai-di-turangga-pedurungan-semarang-timur-hos18716024/","Rumah Bagus 2 Lantai Di Turangga Pedurungan Semarang Timur","Pedurungan, Semarang","Dijual Rumah di Turangga Pedurungan Semarang  Luas Tanah 290m² Luas Bangunan 500m² Kamar Tidur 4 Kamar Mandi 4 Air PDAM Listrik 8800 watt Sertifi...","4","[object Object]","4","[object Object]","290 m²","LT:","500 m²","LB:","https://pic.rumah123.com/r123/250x250-fit/photo/63420/634201709047468.jpg","Diperbarui 8 jam yang lalu oleh","Else Susilowaty","+628522...","WhatsApp","","","https://pic.rumah123.com/r123/100x100-fit/logo/20201202052029_hepi_property.jpeg","","",""
"https://www.rumah123.com/portal-img/_next/image/?url=https%3A%2F%2Fpicture.rumah123.com%2Fr123-images%2F720x420-crop%2Fcustomer%2F1819989%2Flisting%2Fhos41581312%2Fenhanced%2Fa276a405989d133a5784908a58c41ed9.jpg&w=3840&q=75","https://www.rumah123.com/portal-img/_next/image/?url=https%3A%2F%2Fpicture.rumah123.com%2Fr123-images%2F720x420-crop%2Fcustomer%2F1819989%2Flisting%2Fhos41581312%2Fenhanced%2Fb2b9784f0552acf21240312662f00075.jpg&w=3840&q=75","https://www.rumah123.com/portal-img/_next/image/?url=https%3A%2F%2Fpicture.rumah123.com%2Fr123-images%2F720x420-crop%2Fcustomer%2F1819989%2Flisting%2Fhos41581312%2Fenhanced%2F789b630029414add438b03aead972e75.jpg&w=3840&q=75","[object Object]","16","[object Object]","Rumah","","https://www.rumah123.com/jual/cari/?location=jawa-tengah&itm_medium=search-suggestions-lokasi&itm_source=organic&quickLabel=Siap+Huni","Siap Huni","","","Rp 735 Juta","Rp 3 Jutaan (Tenor 20 Tahun)","Rp 4 Jutaan (Tenor 15 Tahun)","https://www.rumah123.com/properti/semarang-mijen/rumah-minimalis-modern-jatisari-mijen-cocok-untuk-pasangan-muda-hos41581312/","Rumah Minimalis Modern Jatisari Mijen Cocok untuk Pasangan Muda","Mijen, Semarang","DIJUAL RUMAH SIAP HUNI - JATISARI MIJEN  Hunian nyaman dengan desain modern dan suasana rumah yang hangat, cocok untuk keluarga muda maupun investa...","3","[object Object]","1","[object Object]","140 m²","LT:","100 m²","LB:","https://picture.rumah123.com/r123-images/250x250-fit/customer/1819989/a1409baa76ff382cdda6ecea56e532a3.png","Diperbarui 8 jam yang lalu oleh","STEPHANUS AGUS DARDJITO","+628587...","WhatsApp","1","[object Object]","","","",""
"https://www.rumah123.com/portal-img/_next/image/?url=https%3A%2F%2Fpicture.rumah123.com%2Fr123-images%2F720x420-crop%2Fcustomer%2F71744%2F2023-11-12-11-32-56-60be7375-8f9e-4d91-9953-45c1fc275dcd.jpg&w=3840&q=75","https://www.rumah123.com/portal-img/_next/image/?url=https%3A%2F%2Fpicture.rumah123.com%2Fr123-images%2F720x420-crop%2Fcustomer%2F71744%2F2023-11-12-11-32-01-15a6b4e4-8012-4475-9eb1-7abe4ac288b3.jpg&w=3840&q=75","https://www.rumah123.com/portal-img/_next/image/?url=https%3A%2F%2Fpicture.rumah123.com%2Fr123-images%2F720x420-crop%2Fcustomer%2F71744%2F2023-11-12-11-31-11-4982c64d-d8ca-4437-b160-b770ade987e5.jpg&w=3840&q=75","[object Object]","12","[object Object]","Gudang","","","","","","Rp 9,5 Miliar Total","Rp 46 Jutaan (Tenor 20 Tahun)","Rp 59 Jutaan (Tenor 15 Tahun)","https://www.rumah123.com/properti/karanganyar-tasikmadu/gudang-zona-merah-solo-timur-di-tasikmadu-karanganyar-was3840440/","Gudang Dijual Solo Timur di Tasikmadu Karanganyar","Tasikmadu, Karanganyar","Gudang zona merah akses kontainer di Buran tasikmadu karanganyar, luas tanah 1329, luas bangunan 2000, lebar 18, hm, hadap selatan , 3kamar mess, 1...","3","[object Object]","","","1329 m²","LT:","2000 m²","LB:","https://pic.rumah123.com/r123/250x250-fit/photo/71744/717441579047330.jpg","Diperbarui 8 jam yang lalu oleh","Eni  Pujiastuti ERA iREA Solo","+628132...","WhatsApp","","","https://pic.rumah123.com/r123/100x100-fit/logo/20190701123328_irea_solo.jpeg","","",""
"https://www.rumah123.com/portal-img/_next/image/?url=https%3A%2F%2Fpicture.rumah123.com%2Fr123-images%2F720x420-crop%2Fcustomer%2F71744%2F75de126dc73cae014145d38f9645c3e6.jpg&w=3840&q=75","https://www.rumah123.com/portal-img/_next/image/?url=https%3A%2F%2Fpicture.rumah123.com%2Fr123-images%2F720x420-crop%2Fcustomer%2F71744%2F3f427200174fa9b946dad3db2c0087a9.jpg&w=3840&q=75","https://www.rumah123.com/portal-img/_next/image/?url=https%3A%2F%2Fpicture.rumah123.com%2Fr123-images%2F720x420-crop%2Fcustomer%2F71744%2F3b19450ee2e4eeb6dada4732cf3e2e14.jpg&w=3840&q=75","[object Object]","6","[object Object]","Gudang","","https://www.rumah123.com/jual/cari/?location=jawa-tengah&itm_medium=search-suggestions-lokasi&itm_source=organic&quickLabel=Dekat+Akses+Transportasi","Dekat Akses Transportasi","","","Rp 4,5 Miliar Total","Rp 22 Jutaan (Tenor 20 Tahun)","Rp 28 Jutaan (Tenor 15 Tahun)","https://www.rumah123.com/properti/sukoharjo-kartosuro/gudang-10menit-ke-exit-tol-was9656476/","Gudang Dijual Solo di Kartasura Dekat Exit Tol","Kartosuro, Sukoharjo","Gudang 10menit  ke exit tol di Kartosuro Sukoharjo,  luas tanah  768, luas bangunan  1000, hm, hadap  utara, Harga 4,5M selling Point : -dekat pint...","2","[object Object]","","","768 m²","LT:","1000 m²","LB:","https://pic.rumah123.com/r123/250x250-fit/photo/71744/717441579047330.jpg","Diperbarui 8 jam yang lalu oleh","Eni  Pujiastuti ERA iREA Solo","+628132...","WhatsApp","","","https://pic.rumah123.com/r123/100x100-fit/logo/20190701123328_irea_solo.jpeg","","",""
"https://www.rumah123.com/portal-img/_next/image/?url=https%3A%2F%2Fpicture.rumah123.com%2Fr123-images%2F720x420-crop%2Fcustomer%2F71744%2F1f067ae40c28dff7fc11c7b25018a5a1.jpg&w=3840&q=75","https://www.rumah123.com/portal-img/_next/image/?url=https%3A%2F%2Fpicture.rumah123.com%2Fr123-images%2F720x420-crop%2Fcustomer%2F71744%2F5c77165b0f9b875b2b1708bd0735c407.jpg&w=3840&q=75","https://www.rumah123.com/portal-img/_next/image/?url=https%3A%2F%2Fpicture.rumah123.com%2Fr123-images%2F720x420-crop%2Fcustomer%2F71744%2Fc60f78d5a4b5a2b8c316a2062d494be7.jpg&w=3840&q=75","[object Object]","8","[object Object]","Rumah","","https://www.rumah123.com/jual/cari/?location=jawa-tengah&itm_medium=search-suggestions-lokasi&itm_source=organic&quickLabel=Dekat+Akses+Transportasi","Dekat Akses Transportasi","https://www.rumah123.com/jual/cari/?location=jawa-tengah&itm_medium=search-suggestions-lokasi&itm_source=organic&quickLabel=Dekat+Pusat+Perbelanjaan","Dekat Pusat Perbelanjaan","Rp 5,7 Miliar","Rp 28 Jutaan (Tenor 20 Tahun)","Rp 35 Jutaan (Tenor 15 Tahun)","https://www.rumah123.com/properti/solo-banjarsari/rumah-dijual-solo-ada-kolam-renang-hos40487480/","Rumah Dijual Solo Ada Kolam Renang","Banjarsari, Solo","Rumah dijual  solo di sumber Banjarsari Surakarta,  luas tanah  351, luas bangunan  280, lebar 19,5m, 2carport,  2garasi,  4kamar , 2kamar mandi,  ...","4 + 1","[object Object]","2 + 1","[object Object]","351 m²","LT:","280 m²","LB:","https://pic.rumah123.com/r123/250x250-fit/photo/71744/717441579047330.jpg","Diperbarui 7 jam yang lalu oleh","Eni  Pujiastuti ERA iREA Solo","+628132...","WhatsApp","2 + 2","[object Object]","https://pic.rumah123.com/r123/100x100-fit/logo/20190701123328_irea_solo.jpeg","","",""
"https://www.rumah123.com/portal-img/_next/image/?url=https%3A%2F%2Fpicture.rumah123.com%2Fr123-images%2F720x420-crop%2Fcustomer%2F71744%2F2023-11-16-01-01-47-ea8408bf-2b6b-40fc-96f4-a752dab538b9.jpg&w=3840&q=75","https://www.rumah123.com/portal-img/_next/image/?url=https%3A%2F%2Fpicture.rumah123.com%2Fr123-images%2F720x420-crop%2Fcustomer%2F71744%2F2023-12-17-10-45-20-e931c467-be65-42d1-82e0-4ece1ad10a52.jpg&w=3840&q=75","https://www.rumah123.com/portal-img/_next/image/?url=https%3A%2F%2Fpicture.rumah123.com%2Fr123-images%2F720x420-crop%2Fcustomer%2F71744%2F2023-11-16-01-01-47-114c764e-1a10-4543-ba9d-8d4eda28e476.jpg&w=3840&q=75","[object Object]","9","[object Object]","Rumah","","https://www.rumah123.com/jual/cari/?location=jawa-tengah&itm_medium=search-suggestions-lokasi&itm_source=organic&quickLabel=Dekat+Sekolah","Dekat Sekolah","","","Rp 2 Miliar","Rp 9 Jutaan (Tenor 20 Tahun)","Rp 12 Jutaan (Tenor 15 Tahun)","https://www.rumah123.com/properti/surakarta-laweyan/rumah-dijual-solo-di-karangasem-laweyan-solo-dekat-kampus-ums-hos15487644/","Rumah Dijual Solo di Karangasem Laweyan Solo Dekat Kampus Ums","Laweyan, Surakarta","Rumah dekat kampus  UMS dijual solo di karangasem.laweyan Surakarta, 3menit ke kampus atmi , 5menit kampus ums, luas tanah 200, luas banngunan 185,...","3 + 1","[object Object]","1 + 1","[object Object]","200 m²","LT:","185 m²","LB:","https://pic.rumah123.com/r123/250x250-fit/photo/71744/717441579047330.jpg","Diperbarui 8 jam yang lalu oleh","Eni  Pujiastuti ERA iREA Solo","+628132...","WhatsApp","1","[object Object]","https://pic.rumah123.com/r123/100x100-fit/logo/20190701123328_irea_solo.jpeg","","",""
"https://www.rumah123.com/portal-img/_next/image/?url=https%3A%2F%2Fpic.rumah123.com%2Fr123%2F720x420-crop%2Fcommercial%2Fco29%2F2996455%2Foriginal%2Fshs2996455-ruko-di-jual-di-colomadu-di-karanganyar-1632832753708.jpg&w=3840&q=75","https://www.rumah123.com/portal-img/_next/image/?url=https%3A%2F%2Fpic.rumah123.com%2Fr123%2F720x420-crop%2Fcommercial%2Fco29%2F2996455%2Foriginal%2Fshs2996455-ruko-di-jual-di-colomadu-di-karanganyar-16328327477409.jpg&w=3840&q=75","","[object Object]","2","[object Object]","Ruko","","https://www.rumah123.com/jual/cari/?location=jawa-tengah&itm_medium=search-suggestions-lokasi&itm_source=organic&quickLabel=Dekat+Akses+Transportasi","Dekat Akses Transportasi","https://www.rumah123.com/jual/cari/?location=jawa-tengah&itm_medium=search-suggestions-lokasi&itm_source=organic&quickLabel=Dekat+Sekolah","Dekat Sekolah","Rp 1 Miliar Total","Rp 4 Jutaan (Tenor 20 Tahun)","Rp 6 Jutaan (Tenor 15 Tahun)","https://www.rumah123.com/properti/karanganyar-colomadu/ruko-murah-meriah-solo-dekat-tol-kartasura-shs2996455/","Ruko Dijual Solo di Ngasem Colomadu Karanganyar","Colomadu, Karanganyar","Ruko Murah Meriah Solo Dekat Tol Kartasura  Lokasi : Colomadu, Karanganyar Area strategis di tengah kota 5 menit ke Tol Kartasura 10 menit ke Banda...","2","[object Object]","","","62 m²","LT:","75 m²","LB:","https://pic.rumah123.com/r123/250x250-fit/photo/71744/717441579047330.jpg","Diperbarui 7 jam yang lalu oleh","Eni  Pujiastuti ERA iREA Solo","+628132...","WhatsApp","","","https://pic.rumah123.com/r123/100x100-fit/logo/20190701123328_irea_solo.jpeg","","",""
"https://www.rumah123.com/portal-img/_next/image/?url=https%3A%2F%2Fpicture.rumah123.com%2Fr123-images%2F720x420-crop%2Fcustomer%2F63420%2Fa9157a1413a1e4e1869cf45c76357032.jpg&w=3840&q=75","https://www.rumah123.com/portal-img/_next/image/?url=https%3A%2F%2Fpicture.rumah123.com%2Fr123-images%2F720x420-crop%2Fcustomer%2F63420%2Fd5800e3e82118b558bfbfb1f5f5cecf4.jpg&w=3840&q=75","https://www.rumah123.com/portal-img/_next/image/?url=https%3A%2F%2Fpicture.rumah123.com%2Fr123-images%2F720x420-crop%2Fcustomer%2F63420%2F544d6520a956faecb69eb39042eff8e4.jpg&w=3840&q=75","[object Object]","14","[object Object]","Rumah","","https://www.rumah123.com/jual/cari/?location=jawa-tengah&itm_medium=search-suggestions-lokasi&itm_source=organic&quickLabel=Dekat+Akses+Transportasi","Dekat Akses Transportasi","https://www.rumah123.com/jual/cari/?location=jawa-tengah&itm_medium=search-suggestions-lokasi&itm_source=organic&quickLabel=Dekat+Pusat+Perbelanjaan","Dekat Pusat Perbelanjaan","Rp 20 Miliar","Rp 98 Jutaan (Tenor 20 Tahun)","Rp 125 Jutaan (Tenor 15 Tahun)","https://www.rumah123.com/properti/semarang-candi-golf/rumah-mewah-ada-kolam-renang-di-candi-golf-semarang-hos40768896/","Rumah Mewah Ada Kolam Renang di Candi Golf LT 782M Hadap Selatan","Candi Golf, Semarang","Dijual Rumah Mewah di Candi Golf Semarang  Luas Tanah 782m² Luas Bangunan 600m² Hadap Selatan Rumah 2 Lantai Kamar Tidur 6+1 Kamar Mandi 7+1 List...","6 + 1","[object Object]","7 + 1","[object Object]","782 m²","LT:","600 m²","LB:","https://pic.rumah123.com/r123/250x250-fit/photo/63420/634201709047468.jpg","Diperbarui 8 jam yang lalu oleh","Else Susilowaty","+628522...","WhatsApp","4 + 2","[object Object]","https://pic.rumah123.com/r123/100x100-fit/logo/20201202052029_hepi_property.jpeg","https://www.rumah123.com/jual/cari/?location=jawa-tengah&itm_medium=search-suggestions-lokasi&itm_source=organic&quickLabel=Dekat+Sekolah","Dekat Sekolah",""
"https://www.rumah123.com/portal-img/_next/image/?url=https%3A%2F%2Fpicture.rumah123.com%2Fr123-images%2F720x420-crop%2Fcustomer%2F71744%2F05e3e927f5aedc07edb7e31a32e30df7.jpg&w=3840&q=75","","","","1","[object Object]","Gudang","","https://www.rumah123.com/jual/cari/?location=jawa-tengah&itm_medium=search-suggestions-lokasi&itm_source=organic&quickLabel=Dekat+Akses+Transportasi","Dekat Akses Transportasi","","","Rp 21 Miliar Total","Rp 103 Jutaan (Tenor 20 Tahun)","Rp 132 Jutaan (Tenor 15 Tahun)","https://www.rumah123.com/properti/surakarta-banjarsari/gudang-dijual-solo-di-gilingan-banjarsari-surakarta-was4601056/","Gudang Dijual Solo Di Gilingan Banjarsari Surakarta","Banjarsari, Surakarta","Gudang dijual solo di Gilingan Banjarsari Surakarta, 1menit ke terminal Tirtonadi , 2menit ke stasiun balapan, luas tanah 3350, luas bangunan 1500,...","3","[object Object]","","","3350 m²","LT:","1500 m²","LB:","https://pic.rumah123.com/r123/250x250-fit/photo/71744/717441579047330.jpg","Diperbarui 6 jam yang lalu oleh","Eni  Pujiastuti ERA iREA Solo","+628132...","WhatsApp","","","https://pic.rumah123.com/r123/100x100-fit/logo/20190701123328_irea_solo.jpeg","","",""
"https://www.rumah123.com/portal-img/_next/image/?url=https%3A%2F%2Fpicture.rumah123.com%2Fr123-images%2F720x420-crop%2Fcustomer%2F71744%2F2024-08-04-14-52-13-b748509f-a7f8-4461-a254-68028e563498.jpg&w=3840&q=75","","","","1","[object Object]","Ruang Usaha","","https://www.rumah123.com/jual/cari/?location=jawa-tengah&itm_medium=search-suggestions-lokasi&itm_source=organic&quickLabel=Dekat+Akses+Transportasi","Dekat Akses Transportasi","","","Rp 3,4 Miliar Total","Rp 16 Jutaan (Tenor 20 Tahun)","Rp 21 Jutaan (Tenor 15 Tahun)","https://www.rumah123.com/properti/solo-laweyan/ruang-usaha-dijual-solo-di-pajang-laweyan-solo-css4292387/","Ruang usaha dijual solo di pajang Laweyan Solo","Laweyan, Solo","Ruang usaha dijual solo di pajang Laweyan Surakarta, 5menit ke stasiun Purwosari, luas tanah 340, luas bangunan 340, lebar 11, HM, hadap barat, 4ka...","3","[object Object]","1","[object Object]","340 m²","LT:","340 m²","LB:","https://pic.rumah123.com/r123/250x250-fit/photo/71744/717441579047330.jpg","Diperbarui 7 jam yang lalu oleh","Eni  Pujiastuti ERA iREA Solo","+628132...","WhatsApp","","","https://pic.rumah123.com/r123/100x100-fit/logo/20190701123328_irea_solo.jpeg","","",""
"https://www.rumah123.com/portal-img/_next/image/?url=https%3A%2F%2Fpicture.rumah123.com%2Fr123-images%2F720x420-crop%2Fcustomer%2F71744%2F2022-12-18-10-25-32-469feecc-7132-483e-aaa2-fcf2eda6dde3.jpg&w=3840&q=75","https://www.rumah123.com/portal-img/_next/image/?url=https%3A%2F%2Fpicture.rumah123.com%2Fr123-images%2F720x420-crop%2Fcustomer%2F71744%2F2022-12-18-10-26-21-7dec4143-4f42-4498-a010-9b4972738732.jpg&w=3840&q=75","https://www.rumah123.com/portal-img/_next/image/?url=https%3A%2F%2Fpicture.rumah123.com%2Fr123-images%2F720x420-crop%2Fcustomer%2F71744%2F2022-12-18-10-26-25-63ee0c60-d539-4f46-992d-dac6b1158797.jpg&w=3840&q=75","[object Object]","10","[object Object]","Rumah","","https://www.rumah123.com/jual/cari/?location=jawa-tengah&itm_medium=search-suggestions-lokasi&itm_source=organic&quickLabel=Dekat+Pusat+Perbelanjaan","Dekat Pusat Perbelanjaan","","","Rp 4,25 Miliar","Rp 20 Jutaan (Tenor 20 Tahun)","Rp 26 Jutaan (Tenor 15 Tahun)","https://www.rumah123.com/properti/surakarta-banjarsari/rumah-2lantai-banyuanyar-banjarsari-solo-surakarta-hos12144235/","Rumah 2lantai Banyuanyar Banjarsari Solo Surakarta","Banjarsari, Surakarta","Rumah 2lantai di Banyuanyar Banjarsari Solo, 1 menit ke Superindo, 2menit ke graha Saba buana, 5 menit ke exit tol, luas tanah 410, luas bangunan 3...","5 + 1","[object Object]","3 + 1","[object Object]","410 m²","LT:","370 m²","LB:","https://pic.rumah123.com/r123/250x250-fit/photo/71744/717441579047330.jpg","Diperbarui 8 jam yang lalu oleh","Eni  Pujiastuti ERA iREA Solo","+628132...","WhatsApp","1 + 1","[object Object]","https://pic.rumah123.com/r123/100x100-fit/logo/20190701123328_irea_solo.jpeg","","",""
"https://www.rumah123.com/portal-img/_next/image/?url=https%3A%2F%2Fpic.rumah123.com%2Fr123%2F720x420-crop%2Fcommercial%2Fco22%2F2298302%2Foriginal%2Fshs2298302-ruko-di-jual-di-banjarsari-solo-15482032316998.jpg&w=3840&q=75","","","","1","[object Object]","Ruko","","https://www.rumah123.com/jual/cari/?location=jawa-tengah&itm_medium=search-suggestions-lokasi&itm_source=organic&quickLabel=Dekat+Akses+Transportasi","Dekat Akses Transportasi","","","Rp 4 Miliar Total","Rp 19 Jutaan (Tenor 20 Tahun)","Rp 25 Jutaan (Tenor 15 Tahun)","https://www.rumah123.com/properti/solo-banjarsari/ruko-dekat-stasiun-dan-terminal-solo-shs2298302/","Ruko Dijual Solo Dekat Stasiun dan Terminal Solo","Banjarsari, Solo","Ruko dijual solo dekat stasiun dan terminal Solo, lt 270,lb 290,lebar 11, 3kt, 2km,  carport 3mobil, hm, hadap barat,  Hrg 4M","2","[object Object]","","","270 m²","LT:","299 m²","LB:","https://pic.rumah123.com/r123/250x250-fit/photo/71744/717441579047330.jpg","Diperbarui 8 jam yang lalu oleh","Eni  Pujiastuti ERA iREA Solo","+628132...","WhatsApp","","","https://pic.rumah123.com/r123/100x100-fit/logo/20190701123328_irea_solo.jpeg","","",""
"https://www.rumah123.com/portal-img/_next/image/?url=https%3A%2F%2Fpicture.rumah123.com%2Fr123-images%2F720x420-crop%2Fcustomer%2F1764414%2F264780518b88c44fa42d0c2bf6c7939c.jpg&w=3840&q=75","https://www.rumah123.com/portal-img/_next/image/?url=https%3A%2F%2Fpicture.rumah123.com%2Fr123-images%2F720x420-crop%2Fcustomer%2F1764414%2F7db49357b499cf8aec74e55ba12713d5.jpg&w=3840&q=75","https://www.rumah123.com/portal-img/_next/image/?url=https%3A%2F%2Fpicture.rumah123.com%2Fr123-images%2F720x420-crop%2Fcustomer%2F1764414%2F4e4012087d8e0c0b23e2cd9fd6f2af2c.jpg&w=3840&q=75","[object Object]","5","[object Object]","Tanah","","","","","","Rp 567 Miliar Total","Rp 2 Miliaran (Tenor 20 Tahun)","Rp 3 Miliaran (Tenor 15 Tahun)","https://www.rumah123.com/properti/salatiga-salatiga/tanah-di-salatiga-las8883816/","Tanah Di Salatiga","Salatiga, Salatiga","Jalan beton 3.5 meter view pemandangan bagus (Gunung Ungaran, Gunung Merbabu) harga terjangkau","","","","","1080 m²","LT:","","","https://pic.rumah123.com/r123/250x250-fit/photo/1764414/17644141759145449.jpg","Diperbarui 8 jam yang lalu oleh","Diny Martini","+628180...","WhatsApp","","","https://pic.rumah123.com/r123/100x100-fit/logo/20160222075358_era_merlion.jpeg","","",""
"https://www.rumah123.com/portal-img/_next/image/?url=https%3A%2F%2Fpicture.rumah123.com%2Fr123-images%2F720x420-crop%2Fcustomer%2F1764414%2Fd56e65083ec4e834268e982ea10e397e.jpg&w=3840&q=75","","","","1","[object Object]","Tanah","","https://www.rumah123.com/jual/cari/?location=jawa-tengah&itm_medium=search-suggestions-lokasi&itm_source=organic&quickLabel=Bebas+Banjir","Bebas Banjir","https://www.rumah123.com/jual/cari/?location=jawa-tengah&itm_medium=search-suggestions-lokasi&itm_source=organic&quickLabel=Cocok+untuk+kost","Cocok untuk kost","Rp 10,7 Miliar Total","Rp 52 Jutaan (Tenor 20 Tahun)","Rp 67 Jutaan (Tenor 15 Tahun)","https://www.rumah123.com/properti/semarang-bukit-sari/tanah-di-bukit-victorian-bukit-sari-las8840445/","Tanah Di Bukit Victorian Bukit Sari","Bukit Sari, Semarang","Tanah 1 lantai di Bukit Sari, Semarang.  For sale di wilayah yang asri. Dengan rinciannya adalah sebagai berikut:   - Sertifikat: SHM - Sertifikat ...","","","","","1947 m²","LT:","","","https://pic.rumah123.com/r123/250x250-fit/photo/1764414/17644141759145449.jpg","Diperbarui 8 jam yang lalu oleh","Diny Martini","+628180...","WhatsApp","","","https://pic.rumah123.com/r123/100x100-fit/logo/20160222075358_era_merlion.jpeg","","",""
"https://www.rumah123.com/portal-img/_next/image/?url=https%3A%2F%2Fpicture.rumah123.com%2Fr123-images%2F720x420-crop%2Fcustomer%2F1764414%2F4f2e17e374c6f7c12e5f163ee2e8d459.jpg&w=3840&q=75","https://www.rumah123.com/portal-img/_next/image/?url=https%3A%2F%2Fpicture.rumah123.com%2Fr123-images%2F720x420-crop%2Fcustomer%2F1764414%2Fe95b0265feea5290cc0b8cb550412f47.jpg&w=3840&q=75","https://www.rumah123.com/portal-img/_next/image/?url=https%3A%2F%2Fpicture.rumah123.com%2Fr123-images%2F720x420-crop%2Fcustomer%2F1764414%2Fa665f4ceb1834cc1f2be20296aba65e9.jpg&w=3840&q=75","[object Object]","15","[object Object]","Rumah","","https://www.rumah123.com/jual/cari/?location=jawa-tengah&itm_medium=search-suggestions-lokasi&itm_source=organic&quickLabel=Bisa+Nego","Bisa Nego","https://www.rumah123.com/jual/cari/?location=jawa-tengah&itm_medium=search-suggestions-lokasi&itm_source=organic&quickLabel=Siap+Huni","Siap Huni","Rp 4,3 Miliar","Rp 21 Jutaan (Tenor 20 Tahun)","Rp 27 Jutaan (Tenor 15 Tahun)","https://www.rumah123.com/properti/semarang-semeru/rumah-di-semeru-hos39635481/","Rumah Di Semeru","Semeru, Semarang","Siap huni, masih bagus, sangat bisa nego","4","[object Object]","3","[object Object]","171 m²","LT:","300 m²","LB:","https://pic.rumah123.com/r123/250x250-fit/photo/1764414/17644141759145449.jpg","Diperbarui 8 jam yang lalu oleh","Diny Martini","+628180...","WhatsApp","1 + 1","[object Object]","https://pic.rumah123.com/r123/100x100-fit/logo/20160222075358_era_merlion.jpeg","","",""
"https://www.rumah123.com/portal-img/_next/image/?url=https%3A%2F%2Fpicture.rumah123.com%2Fr123-images%2F720x420-crop%2Fcustomer%2F1764414%2Fde3e07de4591b45ef7ef06fc1c6d88f7.jpg&w=3840&q=85","","","[object Object]","10","[object Object]","Pabrik","","https://www.rumah123.com/jual/cari/?location=jawa-tengah&itm_medium=search-suggestions-lokasi&itm_source=organic&quickLabel=Bisa+Nego","Bisa Nego","https://www.rumah123.com/jual/cari/?location=jawa-tengah&itm_medium=search-suggestions-lokasi&itm_source=organic&quickLabel=Siap+Huni","Siap Huni","Rp 25 Miliar Total","Rp 122 Jutaan (Tenor 20 Tahun)","Rp 157 Jutaan (Tenor 15 Tahun)","https://www.rumah123.com/properti/kendal-kaliwungu/pabrik-dijual-dan-ataudisewakan-di-kaliwungu-kendal-fas9991489/","Pabrik Dijual dan atau Disewakan di Kaliwungu Kendal","Kaliwungu, Kendal","Kesempatan terbatas buat Anda dapatkan pabrik strategis dengan return investasi tinggi di Kaliwungu, Kendal.  Pabrik ini menawarkan kelengkapan fas...","2","[object Object]","","","6000 m²","LT:","4000 m²","LB:","https://pic.rumah123.com/r123/250x250-fit/photo/1764414/17644141759145449.jpg","Diperbarui 8 jam yang lalu oleh","Diny Martini","+628180...","WhatsApp","","","https://pic.rumah123.com/r123/100x100-fit/logo/20160222075358_era_merlion.jpeg","https://www.rumah123.com/jual/cari/?location=jawa-tengah&itm_medium=search-suggestions-lokasi&itm_source=organic&quickLabel=Bebas+Banjir","Bebas Banjir",""
"https://www.rumah123.com/portal-img/_next/image/?url=https%3A%2F%2Fpicture.rumah123.com%2Fr123-images%2F720x420-crop%2Fcustomer%2F1764414%2Fcd4c9b3cd1da7ee017c2281798a241d0.jpg&w=3840&q=75","","","[object Object]","5","[object Object]","Rumah","","https://www.rumah123.com/jual/cari/?location=jawa-tengah&itm_medium=search-suggestions-lokasi&itm_source=organic&quickLabel=Bisa+Nego","Bisa Nego","https://www.rumah123.com/jual/cari/?location=jawa-tengah&itm_medium=search-suggestions-lokasi&itm_source=organic&quickLabel=Siap+Huni","Siap Huni","Rp 1,35 Miliar","Rp 6 Jutaan (Tenor 20 Tahun)","Rp 8 Jutaan (Tenor 15 Tahun)","https://www.rumah123.com/properti/semarang-ngaliyan/jual-rumah-baru-di-nawasena-park-ngaliyan-hos40159986/","Jual Rumah Baru Di Nawasena Park Ngaliyan","Ngaliyan, Semarang","Rumah 2 lantai di Ngaliyan, Semarang.  Dijual rumah di wilayah yang asri. Properti 2 lantai ini berada di lingkungan strategis.  Spesifikasinya ada...","3","[object Object]","2","[object Object]","120 m²","LT:","75 m²","LB:","https://pic.rumah123.com/r123/250x250-fit/photo/1764414/17644141759145449.jpg","Diperbarui 8 jam yang lalu oleh","Diny Martini","+628180...","WhatsApp","","","https://pic.rumah123.com/r123/100x100-fit/logo/20160222075358_era_merlion.jpeg","https://www.rumah123.com/jual/cari/?location=jawa-tengah&itm_medium=search-suggestions-lokasi&itm_source=organic&quickLabel=Bebas+Banjir","Bebas Banjir",""
"https://www.rumah123.com/portal-img/_next/image/?url=https%3A%2F%2Fpicture.rumah123.com%2Fr123-images%2F720x420-crop%2Fcustomer%2F1764414%2F7854426c01b44ecbf40e39e5d99f9897.jpg&w=3840&q=75","","","[object Object]","5","[object Object]","Rumah","","https://www.rumah123.com/jual/cari/?location=jawa-tengah&itm_medium=search-suggestions-lokasi&itm_source=organic&quickLabel=Bisa+Nego","Bisa Nego","https://www.rumah123.com/jual/cari/?location=jawa-tengah&itm_medium=search-suggestions-lokasi&itm_source=organic&quickLabel=Siap+Huni","Siap Huni","Rp 1,15 Miliar","Rp 5 Jutaan (Tenor 20 Tahun)","Rp 7 Jutaan (Tenor 15 Tahun)","https://www.rumah123.com/properti/semarang-bsb-city/rumah-dijual-di-bsb-village-hos40122340/","Rumah Dijual Di Bsb Village","BSB City, Semarang","Rumah di BSB City.  Dapatkan rumah 1 lantai yang nyaman ini,  dijual dengan pemandangan asri yang menambah nilai estetika di lingkungan hunian. Rum...","2","[object Object]","2","[object Object]","166 m²","LT:","110 m²","LB:","https://pic.rumah123.com/r123/250x250-fit/photo/1764414/17644141759145449.jpg","Diperbarui 7 jam yang lalu oleh","Diny Martini","+628180...","WhatsApp","","","https://pic.rumah123.com/r123/100x100-fit/logo/20160222075358_era_merlion.jpeg","https://www.rumah123.com/jual/cari/?location=jawa-tengah&itm_medium=search-suggestions-lokasi&itm_source=organic&quickLabel=Bebas+Banjir","Bebas Banjir",""
"https://www.rumah123.com/portal-img/_next/image/?url=https%3A%2F%2Fpicture.rumah123.com%2Fr123-images%2F720x420-crop%2Fcustomer%2F1764414%2Fa262674f8303746848f415b8508b6b82.jpg&w=3840&q=75","","","[object Object]","15","[object Object]","Rumah","","https://www.rumah123.com/jual/cari/?location=jawa-tengah&itm_medium=search-suggestions-lokasi&itm_source=organic&quickLabel=Bebas+Banjir","Bebas Banjir","https://www.rumah123.com/jual/cari/?location=jawa-tengah&itm_medium=search-suggestions-lokasi&itm_source=organic&quickLabel=Dekat+Fasilitas+Kesehatan","Dekat Fasilitas Kesehatan","Rp 2,7 Miliar","Rp 13 Jutaan (Tenor 20 Tahun)","Rp 17 Jutaan (Tenor 15 Tahun)","https://www.rumah123.com/properti/semarang-majapahit/rumah-di-beruang-raya-majapahit-semarang-hos40061852/","Rumah Di Beruang Raya Majapahit Semarang","Majapahit, Semarang","Listrik 3500 watt Bebas banjir Termasuk AC 4 unit dekat dengan ADA swalayan, RS Bhayangkara, SMAN 11 Semarang","5","[object Object]","3","[object Object]","298 m²","LT:","298 m²","LB:","https://pic.rumah123.com/r123/250x250-fit/photo/1764414/17644141759145449.jpg","Diperbarui 8 jam yang lalu oleh","Diny Martini","+628180...","WhatsApp","1","[object Object]","https://pic.rumah123.com/r123/100x100-fit/logo/20160222075358_era_merlion.jpeg","","",""
"https://www.rumah123.com/portal-img/_next/image/?url=https%3A%2F%2Fpicture.rumah123.com%2Fr123-images%2F720x420-crop%2Fcustomer%2F1764414%2Fdf883be6775b3d6a84eae8e223cc1127.jpg&w=3840&q=75","","","","1","[object Object]","Rumah","","https://www.rumah123.com/jual/cari/?location=jawa-tengah&itm_medium=search-suggestions-lokasi&itm_source=organic&quickLabel=Bisa+Nego","Bisa Nego","https://www.rumah123.com/jual/cari/?location=jawa-tengah&itm_medium=search-suggestions-lokasi&itm_source=organic&quickLabel=Siap+Huni","Siap Huni","Rp 700 Juta","Rp 3 Jutaan (Tenor 20 Tahun)","Rp 4 Jutaan (Tenor 15 Tahun)","https://www.rumah123.com/properti/semarang-majapahit/jual-rumah-newton-boulevard-harga-terjangkau-hos40942294/","Jual Rumah Newton Boulevard Harga Terjangkau","Majapahit, Semarang","Rumah di Majapahit.  Temukan rumah 1 lantai yang modern ini,  dijual dengan pemandangan asri yang menambah nilai estetika di lingkungan hunian. Rum...","2","[object Object]","1","[object Object]","120 m²","LT:","45 m²","LB:","https://pic.rumah123.com/r123/250x250-fit/photo/1764414/17644141759145449.jpg","Diperbarui 8 jam yang lalu oleh","Diny Martini","+628180...","WhatsApp","1","[object Object]","https://pic.rumah123.com/r123/100x100-fit/logo/20160222075358_era_merlion.jpeg","https://www.rumah123.com/jual/cari/?location=jawa-tengah&itm_medium=search-suggestions-lokasi&itm_source=organic&quickLabel=Bebas+Banjir","Bebas Banjir",""
"https://www.rumah123.com/portal-img/_next/image/?url=https%3A%2F%2Fpicture.rumah123.com%2Fr123-images%2F720x420-crop%2Fcustomer%2F1764414%2F3eb6ba76d179785a59077e88a7678474.jpg&w=3840&q=75","","","[object Object]","5","[object Object]","Rumah","","https://www.rumah123.com/jual/cari/?location=jawa-tengah&itm_medium=search-suggestions-lokasi&itm_source=organic&quickLabel=Bisa+Nego","Bisa Nego","https://www.rumah123.com/jual/cari/?location=jawa-tengah&itm_medium=search-suggestions-lokasi&itm_source=organic&quickLabel=Siap+Huni","Siap Huni","Rp 1,2 Miliar","Rp 5 Jutaan (Tenor 20 Tahun)","Rp 7 Jutaan (Tenor 15 Tahun)","https://www.rumah123.com/properti/semarang-bsb-city/jual-atau-sewa-rumah-di-bsb-forest-hill-murah-hos40998822/","Jual atau Sewa Rumah di Bsb Forest Hill Murah","BSB City, Semarang","Kesempatan terbatas buat Anda dapatkan rumah nyaman dengan return investasi tinggi di BSB City, Semarang.  Rumah ini menawarkan lokasi yang strateg...","2","[object Object]","1","[object Object]","120 m²","LT:","60 m²","LB:","https://pic.rumah123.com/r123/250x250-fit/photo/1764414/17644141759145449.jpg","Diperbarui 8 jam yang lalu oleh","Diny Martini","+628180...","WhatsApp","1","[object Object]","https://pic.rumah123.com/r123/100x100-fit/logo/20160222075358_era_merlion.jpeg","https://www.rumah123.com/jual/cari/?location=jawa-tengah&itm_medium=search-suggestions-lokasi&itm_source=organic&quickLabel=Bebas+Banjir","Bebas Banjir",""
"https://www.rumah123.com/portal-img/_next/image/?url=https%3A%2F%2Fpicture.rumah123.com%2Fr123-images%2F720x420-crop%2Fcustomer%2F1764414%2F4bc9cf30bf0a1f5cd6a91badd627a3fc.jpg&w=3840&q=75","","","[object Object]","6","[object Object]","Rumah","","https://www.rumah123.com/jual/cari/?location=jawa-tengah&itm_medium=search-suggestions-lokasi&itm_source=organic&quickLabel=Bebas+Banjir","Bebas Banjir","","","Rp 1,6 Miliar","Rp 7 Jutaan (Tenor 20 Tahun)","Rp 10 Jutaan (Tenor 15 Tahun)","https://www.rumah123.com/properti/semarang-citarum/rumah-di-kridangga-semarang-hos40093166/","Rumah Di Kridangga Semarang","Citarum, Semarang","Bebas banjir ada PAM dan Artetis Listrik 3500 watt Hadap Selatan 1,5 lantai","5","[object Object]","3","[object Object]","210 m²","LT:","180 m²","LB:","https://pic.rumah123.com/r123/250x250-fit/photo/1764414/17644141759145449.jpg","Diperbarui 8 jam yang lalu oleh","Diny Martini","+628180...","WhatsApp","1","[object Object]","https://pic.rumah123.com/r123/100x100-fit/logo/20160222075358_era_merlion.jpeg","","",""
"https://www.rumah123.com/portal-img/_next/image/?url=https%3A%2F%2Fpicture.rumah123.com%2Fr123-images%2F720x420-crop%2Fcustomer%2F4467468%2Flisting%2Fhos41607406%2Fenhanced%2F9235596d96020ee2efeb2705e6ce4ca8.jpg&w=3840&q=75","","","[object Object]","12","[object Object]","Rumah","","","","","","Rp 1,7 Miliar","Rp 8 Jutaan (Tenor 20 Tahun)","Rp 10 Jutaan (Tenor 15 Tahun)","https://www.rumah123.com/properti/semarang-bsb-city/jual-rumah-3kt-victoria-highland-citraland-bsb-hos41607406/","Jual Rumah 3Kt Victoria Highland Citraland Bsb","BSB City, Semarang","LT 120 LB 68  Lebar 8 meter SHM 2200 watt KT 3 KM 2 PAM BSB Carport Hadap Utara","3","[object Object]","2","[object Object]","120 m²","LT:","68 m²","LB:","https://picture.rumah123.com/r123-images/250x250-fit/customer/4467468/a940d55398f74a288535b43ad06f84ae.jpg","Diperbarui 8 jam yang lalu oleh","Tejo Prakoso Widodo","+628131...","WhatsApp","1","[object Object]","https://pic.rumah123.com/r123/100x100-fit/logo/11318_logosubcomp.jpg","","",""
"https://www.rumah123.com/portal-img/_next/image/?url=https%3A%2F%2Fpicture.rumah123.com%2Fr123-images%2F720x420-crop%2Fcustomer%2F71741%2F97e642111a207a134308916a39e40226.jpg&w=3840&q=75","","","[object Object]","12","[object Object]","Rumah","","https://www.rumah123.com/jual/cari/?location=jawa-tengah&itm_medium=search-suggestions-lokasi&itm_source=organic&quickLabel=Siap+Huni","Siap Huni","https://www.rumah123.com/jual/cari/?location=jawa-tengah&itm_medium=search-suggestions-lokasi&itm_source=organic&quickLabel=Dekat+Akses+Transportasi","Dekat Akses Transportasi","Rp 945 Juta","Rp 4 Jutaan (Tenor 20 Tahun)","Rp 5 Jutaan (Tenor 15 Tahun)","https://www.rumah123.com/properti/karanganyar-jaten/dijual-rumah-murah-solo-timur-dekat-indogrosir-palur-hos41330712/","Dijual Rumah Murah Solo Timur Dekat Stasiun Palur","Jaten, Karanganyar","Dijual Rumah Murah Solo Timur Dekat Indogrosir Palur. Rumah Siap Huni.  Terdapat  4 KT, 2 KM, RT, Dapur, 2200VA, Keramik, PAM, Kitchen Set.  SPESIF...","4","[object Object]","2","[object Object]","340 m²","LT:","200 m²","LB:","https://pic.rumah123.com/r123/250x250-fit/photo/71741/717411634964896.jpg","Diperbarui 7 jam yang lalu oleh","Lia Imelda ERA iREA Solo Baru","+628122...","WhatsApp","1","[object Object]","https://pic.rumah123.com/r123/100x100-fit/logo/20190701123328_irea_solo.jpeg","https://www.rumah123.com/jual/cari/?location=jawa-tengah&itm_medium=search-suggestions-lokasi&itm_source=organic&quickLabel=Dekat+Sekolah","Dekat Sekolah",""
"https://www.rumah123.com/portal-img/_next/image/?url=https%3A%2F%2Fpicture.rumah123.com%2Fr123-images%2F720x420-crop%2Fcustomer%2F71741%2Fb08d86b4341a4dbf112567e584d93384.jpg&w=3840&q=75","","","[object Object]","24","[object Object]","Rumah","","https://www.rumah123.com/jual/cari/?location=jawa-tengah&itm_medium=search-suggestions-lokasi&itm_source=organic&quickLabel=Bisa+Nego","Bisa Nego","https://www.rumah123.com/jual/cari/?location=jawa-tengah&itm_medium=search-suggestions-lokasi&itm_source=organic&quickLabel=Siap+Huni","Siap Huni","Rp 2,9 Miliar","Rp 14 Jutaan (Tenor 20 Tahun)","Rp 18 Jutaan (Tenor 15 Tahun)","https://www.rumah123.com/properti/solo-solo-baru/rumah-2-lantai-cluster-dekat-the-park-mall-solo-baru-hos40288986/","Rumah Dijual Cluster Mewah Dekat The Park Mall Solo Baru","Solo Baru, Solo","Kesempatan terbatas buat Anda dapatkan rumah nyaman dengan return investasi tinggi di Madegondo, Grogol, Solo Baru, Solo.  Rumah ini menawarkan kel...","4","[object Object]","4","[object Object]","240 m²","LT:","300 m²","LB:","https://pic.rumah123.com/r123/250x250-fit/photo/71741/717411634964896.jpg","Diperbarui 7 jam yang lalu oleh","Lia Imelda ERA iREA Solo Baru","+628122...","WhatsApp","1 + 2","[object Object]","https://pic.rumah123.com/r123/100x100-fit/logo/20190701123328_irea_solo.jpeg","https://www.rumah123.com/jual/cari/?location=jawa-tengah&itm_medium=search-suggestions-lokasi&itm_source=organic&quickLabel=Bebas+Banjir","Bebas Banjir",""
"https://www.rumah123.com/portal-img/_next/image/?url=https%3A%2F%2Fpicture.rumah123.com%2Fr123-images%2F720x420-crop%2Fcustomer%2F71741%2F13bd6da03c97b470f507800fd17579b6.jpg&w=3840&q=75","","","[object Object]","11","[object Object]","Rumah","","https://www.rumah123.com/jual/cari/?location=jawa-tengah&itm_medium=search-suggestions-lokasi&itm_source=organic&quickLabel=Dekat+Akses+Transportasi","Dekat Akses Transportasi","","","Rp 1,5 Miliar","Rp 7 Jutaan (Tenor 20 Tahun)","Rp 9 Jutaan (Tenor 15 Tahun)","https://www.rumah123.com/properti/sukoharjo-kartasura/rumah-di-solo-kartasura-dekat-luwes-kartasura-hos18656879/","Rumah  Di Solo Kartasura Dekat Luwes Kartasura","Kartasura, Sukoharjo","Lokasi di Ngabeyan, Kartasura, Sukoharjo merupakan kawasan solo raya dan dekat dengan fasilitas umum seperti Luwes Kartasura dan Bandara Adi Soemar...","4","[object Object]","3","[object Object]","113 m²","LT:","170 m²","LB:","https://pic.rumah123.com/r123/250x250-fit/photo/71741/717411634964896.jpg","Diperbarui 6 jam yang lalu oleh","Lia Imelda ERA iREA Solo Baru","+628122...","WhatsApp","1","[object Object]","https://pic.rumah123.com/r123/100x100-fit/logo/20190701123328_irea_solo.jpeg","","",""
"https://www.rumah123.com/portal-img/_next/image/?url=https%3A%2F%2Fpicture.rumah123.com%2Fr123-images%2F720x420-crop%2Fcustomer%2F766707%2Flisting%2Flas9221339%2Fenhanced%2F43af2d2694b5090fa70cae13acf4b033.jpg&w=3840&q=75","","","[object Object]","9","[object Object]","Tanah","","","","","","Rp 72 Miliar Total","Rp 353 Jutaan (Tenor 20 Tahun)","Rp 453 Jutaan (Tenor 15 Tahun)","https://www.rumah123.com/properti/semarang-tengaran/tanah-industri-8-hektar-lokasi-di-tengaran-salatiga-kab-semarang-jawa-tengah-las9221339/","Tanah Industri 8 Hektar, Lokasi di Tengaran - Salatiga, Kab. Semarang - Jawa Tengah","Tengaran, Semarang","Dijual Tanah Industri Lokasi di Tengaran - Salatiga  Kab. Semarang - Jawa Tengah  Luas Tanah : 80.000 m2 Zona Tanah : Industri (PUPR) Sertifikat Ta...","","","","","80000 m²","LT:","","","https://pic.rumah123.com/r123/250x250-fit/photo/766707/7667071575081739.jpg","Diperbarui 8 jam yang lalu oleh","Dicky Yogya","+628180...","WhatsApp","","","https://pic.rumah123.com/r123/100x100-fit/logo/20191128120540_temu_property.jpeg","","",""
"https://www.rumah123.com/portal-img/_next/image/?url=https%3A%2F%2Fpicture.rumah123.com%2Fr123-images%2F720x420-crop%2Fcustomer%2F1819989%2Fd9a6d64a1baf15f8aa4600e54701ebc5.png&w=3840&q=75","","","[object Object]","8","[object Object]","Rumah","","https://www.rumah123.com/jual/cari/?location=jawa-tengah&itm_medium=search-suggestions-lokasi&itm_source=organic&quickLabel=Siap+Huni","Siap Huni","https://www.rumah123.com/jual/cari/?location=jawa-tengah&itm_medium=search-suggestions-lokasi&itm_source=organic&quickLabel=Dekat+Sekolah","Dekat Sekolah","Rp 1,2 Miliar","Rp 5 Jutaan (Tenor 20 Tahun)","Rp 7 Jutaan (Tenor 15 Tahun)","https://www.rumah123.com/properti/semarang-meteseh/jual-cepat-rumah-baru-siranda-view-meteseh-tembalang-hos41457085/","Jual Cepat Rumah Baru Siranda View Meteseh Tembalang","Meteseh, Semarang","DIJUAL RUMAH NYAMAN DI SIRANDA HILLS JAYAMETRO - METESEH TEMBALANG  Hunian ideal di kawasan berkembang Tembalang! Cocok untuk keluarga muda maupun ...","3","[object Object]","2","[object Object]","117 m²","LT:","60 m²","LB:","https://picture.rumah123.com/r123-images/250x250-fit/customer/1819989/a1409baa76ff382cdda6ecea56e532a3.png","Diperbarui 8 jam yang lalu oleh","STEPHANUS AGUS DARDJITO","+628587...","WhatsApp","1","[object Object]","","","",""
"https://www.rumah123.com/portal-img/_next/image/?url=https%3A%2F%2Fpicture.rumah123.com%2Fr123-images%2F720x420-crop%2Fcustomer%2F1819989%2Flisting%2Fhos41594762%2Fenhanced%2F9fecc4e2d0213f57f27635e98510a9cb.jpg&w=3840&q=75","","","[object Object]","9","[object Object]","Rumah","","","","","","Rp 975 Juta","Rp 4 Jutaan (Tenor 20 Tahun)","Rp 6 Jutaan (Tenor 15 Tahun)","https://www.rumah123.com/properti/semarang-pedurungan/rumah-bagus-modern-jl-tlogobiru-pedurungan-hos41594762/","Rumah Bagus Modern Jl Tlogobiru Pedurungan","Pedurungan, Semarang","Jual Rumah Ready Lokasi Tlogobiru Pedurungan Semarang 200m² Dari Jl Raya Arteri Soekarno Hatta  Dekat Amni  Dekat Pusat Pendidikan & Perbelanjaan ...","3","[object Object]","2","[object Object]","125 m²","LT:","125 m²","LB:","https://picture.rumah123.com/r123-images/250x250-fit/customer/1819989/a1409baa76ff382cdda6ecea56e532a3.png","Diperbarui 8 jam yang lalu oleh","STEPHANUS AGUS DARDJITO","+628587...","WhatsApp","2","[object Object]","","","",""
"https://www.rumah123.com/portal-img/_next/image/?url=https%3A%2F%2Fpicture.rumah123.com%2Fr123-images%2F720x420-crop%2Fcustomer%2F766707%2Flisting%2Flas9221336%2Fenhanced%2F669396df1f40d7e42173be066636d633.jpg&w=3840&q=75","","","[object Object]","9","[object Object]","Tanah","","","","","","Rp 36 Miliar Total","Rp 176 Jutaan (Tenor 20 Tahun)","Rp 226 Jutaan (Tenor 15 Tahun)","https://www.rumah123.com/properti/semarang-tengaran/tanah-industri-lokasi-di-tengaran-salatiga-kab-semarang-jawa-tengah-las9221336/","Tanah Industri 4 Hektar Lokasi di Tengaran - Salatiga, Kab. Semarang - Jawa Tengah","Tengaran, Semarang","Dijual Tanah Industri Lokasi di Tengaran - Salatiga  Kab. Semarang - Jawa Tengah  Luas Tanah : 40.000 m2 Zona Tanah : Industri (PUPR) Sertifikat Ta...","","","","","40000 m²","LT:","","","https://pic.rumah123.com/r123/250x250-fit/photo/766707/7667071575081739.jpg","Diperbarui 8 jam yang lalu oleh","Dicky Yogya","+628180...","WhatsApp","","","https://pic.rumah123.com/r123/100x100-fit/logo/20191128120540_temu_property.jpeg","","",""
"https://www.rumah123.com/portal-img/_next/image/?url=https%3A%2F%2Fpicture.rumah123.com%2Fr123-images%2F720x420-crop%2Fcustomer%2F1196115%2Fb17676ee26f21608f9b065fd4576c0fe.jpg&w=3840&q=75","","","[object Object]","9","[object Object]","Rumah","","https://www.rumah123.com/jual/cari/?location=jawa-tengah&itm_medium=search-suggestions-lokasi&itm_source=organic&quickLabel=Bisa+Nego","Bisa Nego","https://www.rumah123.com/jual/cari/?location=jawa-tengah&itm_medium=search-suggestions-lokasi&itm_source=organic&quickLabel=Dekat+Akses+Transportasi","Dekat Akses Transportasi","Rp 750 Juta","Rp 3 Jutaan (Tenor 20 Tahun)","Rp 4 Jutaan (Tenor 15 Tahun)","https://www.rumah123.com/properti/solo-colomadu/rumah-murah-dijual-colomadu-solo-dekat-rumah-sakit-karima-hos40562038/","Rumah Dijual Murah Colomadu Solo Dekat Dari Bandara Adi Sumarmo Solo","Colomadu, Solo","Kesempatan terbatas buat Anda dapatkan rumah strategis dengan return investasi tinggi di Colomadu, Solo.  Rumah ini menawarkan lokasi yang strategi...","5","[object Object]","2","[object Object]","102 m²","LT:","200 m²","LB:","https://pic.rumah123.com/r123/250x250-fit/photo/1196115/11961151733021848.jpg","Diperbarui 7 jam yang lalu oleh","SAMUDRA ERA iREA Solo","+628154...","WhatsApp","1","[object Object]","https://pic.rumah123.com/r123/100x100-fit/logo/20190701123328_irea_solo.jpeg","","",""
"https://www.rumah123.com/portal-img/_next/image/?url=https%3A%2F%2Fpicture.rumah123.com%2Fr123-images%2F720x420-crop%2Fcustomer%2F1196115%2Fce417be68291786e524c51a2f6ef46af.jpg&w=3840&q=75","","","[object Object]","5","[object Object]","Tanah","","","","","","Rp 12,5 Miliar Total","Rp 61 Jutaan (Tenor 20 Tahun)","Rp 78 Jutaan (Tenor 15 Tahun)","https://www.rumah123.com/properti/solo-banjarsari/tanah-murah-bagus-strategis-solo-kota-banjarsari-las4350494/","Tanah Dijual Murah Solo Kota Lokasi Banjarsari Solo","Banjarsari, Solo","Luas tanah 2.696 m2 Lebar depan selatan 24 m, utara 24 m  Status kering. Zona kuning. 250 meter dari Jl Letjend Suprapto. 5 menit ke Stadion Manaha...","","","","","2696 m²","LT:","","","https://pic.rumah123.com/r123/250x250-fit/photo/1196115/11961151733021848.jpg","Diperbarui 8 jam yang lalu oleh","SAMUDRA ERA iREA Solo","+628154...","WhatsApp","","","https://pic.rumah123.com/r123/100x100-fit/logo/20190701123328_irea_solo.jpeg","","",""
"https://www.rumah123.com/portal-img/_next/image/?url=https%3A%2F%2Fpicture.rumah123.com%2Fr123-images%2F720x420-crop%2Fcustomer%2F1196115%2F8919d064a4ed2da0e5f6c2ecc40b6a48.jpg&w=3840&q=75","","","[object Object]","17","[object Object]","Rumah","","https://www.rumah123.com/jual/cari/?location=jawa-tengah&itm_medium=search-suggestions-lokasi&itm_source=organic&quickLabel=Bisa+Nego","Bisa Nego","https://www.rumah123.com/jual/cari/?location=jawa-tengah&itm_medium=search-suggestions-lokasi&itm_source=organic&quickLabel=Dekat+Pusat+Perbelanjaan","Dekat Pusat Perbelanjaan","Rp 925 Juta","Rp 4 Jutaan (Tenor 20 Tahun)","Rp 5 Jutaan (Tenor 15 Tahun)","https://www.rumah123.com/properti/solo-laweyan/rumah-dijual-murah-solo-dekat-mall-solo-square-solo-hos41510348/","Rumah Dijual Murah Solo Dekat Mall Solo Square Solo","Laweyan, Solo","Kesempatan terbatas buat Anda dapatkan rumah strategis dengan return investasi tinggi di Laweyan, Solo.  Rumah ini menawarkan lokasi yang strategis...","11","[object Object]","2","[object Object]","226 m²","LT:","160 m²","LB:","https://pic.rumah123.com/r123/250x250-fit/photo/1196115/11961151733021848.jpg","Diperbarui 8 jam yang lalu oleh","SAMUDRA ERA iREA Solo","+628154...","WhatsApp","","","https://pic.rumah123.com/r123/100x100-fit/logo/20190701123328_irea_solo.jpeg","","",""
"https://www.rumah123.com/portal-img/_next/image/?url=https%3A%2F%2Fpicture.rumah123.com%2Fr123-images%2F720x420-crop%2Fcustomer%2F1196115%2F28d0c2d899492e26c7fdafd670333501.jpg&w=3840&q=75","","","[object Object]","6","[object Object]","Rumah","","https://www.rumah123.com/jual/cari/?location=jawa-tengah&itm_medium=search-suggestions-lokasi&itm_source=organic&quickLabel=Bisa+Nego","Bisa Nego","https://www.rumah123.com/jual/cari/?location=jawa-tengah&itm_medium=search-suggestions-lokasi&itm_source=organic&quickLabel=Dekat+Sekolah","Dekat Sekolah","Rp 650 Juta","Rp 3 Jutaan (Tenor 20 Tahun)","Rp 4 Jutaan (Tenor 15 Tahun)","https://www.rumah123.com/properti/surakarta-jebres/rumah-solo-dijual-murah-hos41047834/","Rumah Solo Dijual Murah","Jebres, Surakarta","Rumah 1 lantai di Jebres, Surakarta.  For sale rumah di wilayah yang nyaman dengan pemandangan Lokasi di Pusat Kota. Properti 1 lantai ini berada d...","4","[object Object]","2","[object Object]","105 m²","LT:","100 m²","LB:","https://pic.rumah123.com/r123/250x250-fit/photo/1196115/11961151733021848.jpg","Diperbarui 9 jam yang lalu oleh","SAMUDRA ERA iREA Solo","+628154...","WhatsApp","","","https://pic.rumah123.com/r123/100x100-fit/logo/20190701123328_irea_solo.jpeg","","",""
"https://www.rumah123.com/portal-img/_next/image/?url=https%3A%2F%2Fpicture.rumah123.com%2Fr123-images%2F720x420-crop%2Fcustomer%2F1196115%2Fced2e2cf9ca61ce9772d0fb643b26329.jpg&w=3840&q=75","","","[object Object]","11","[object Object]","Ruang Usaha","","https://www.rumah123.com/jual/cari/?location=jawa-tengah&itm_medium=search-suggestions-lokasi&itm_source=organic&quickLabel=Dekat+Akses+Transportasi","Dekat Akses Transportasi","","","Rp 2,3 Miliar Total","Rp 11 Jutaan (Tenor 20 Tahun)","Rp 14 Jutaan (Tenor 15 Tahun)","https://www.rumah123.com/properti/boyolali-teras/ruang-usaha-boyolali-lokasi-strategis-dekat-tol-boyolali-css9375142/","Ruang Usaha Boyolali lokasi strategis dekat tol Boyolali","Teras, Boyolali","Luas tanah 272 m2 Luas bangunan 300 m2 Lebar depan 16 m Hadap utara SHM 1 KM, 2 KT. Listrik 2200 VA. Air sumur. 5 menit ke gerbang tol Boyolali.","2","[object Object]","","","272 m²","LT:","300 m²","LB:","https://pic.rumah123.com/r123/250x250-fit/photo/1196115/11961151733021848.jpg","Diperbarui 9 jam yang lalu oleh","SAMUDRA ERA iREA Solo","+628154...","WhatsApp","","","https://pic.rumah123.com/r123/100x100-fit/logo/20190701123328_irea_solo.jpeg","","",""
"https://www.rumah123.com/portal-img/_next/image/?url=https%3A%2F%2Fpicture.rumah123.com%2Fr123-images%2F720x420-crop%2Fcustomer%2F1196115%2Faf343582c1c9465ce4d307a7bf089dc2.jpg&w=3840&q=85","","","[object Object]","16","[object Object]","Rumah","","https://www.rumah123.com/jual/cari/?location=jawa-tengah&itm_medium=search-suggestions-lokasi&itm_source=organic&quickLabel=Dekat+Pusat+Perbelanjaan","Dekat Pusat Perbelanjaan","https://www.rumah123.com/jual/cari/?location=jawa-tengah&itm_medium=search-suggestions-lokasi&itm_source=organic&quickLabel=Dekat+Sekolah","Dekat Sekolah","Rp 950 Juta","Rp 4 Jutaan (Tenor 20 Tahun)","Rp 5 Jutaan (Tenor 15 Tahun)","https://www.rumah123.com/properti/sukoharjo-gatak/rumah-dijual-kartasura-sukoharjo-dekat-pasar-klewer-hos39064907/","Rumah Dijual Kartasura Sukoharjo Dekat Pasar Klewer","Gatak, Sukoharjo","Luas tanah 138 m2  Luas bangunan 110 m2  Lebar depan 8 m Hadap utara  SHM 3 KT, 2 KM  RT, RK, RM Listrik 1300 VA Air sumur Akses kontainer. 400 met...","3","[object Object]","2","[object Object]","138 m²","LT:","110 m²","LB:","https://pic.rumah123.com/r123/250x250-fit/photo/1196115/11961151733021848.jpg","Diperbarui 9 jam yang lalu oleh","SAMUDRA ERA iREA Solo","+628154...","WhatsApp","1","[object Object]","https://pic.rumah123.com/r123/100x100-fit/logo/20190701123328_irea_solo.jpeg","","",""
"https://www.rumah123.com/portal-img/_next/image/?url=https%3A%2F%2Fpicture.rumah123.com%2Fr123-images%2F720x420-crop%2Fcustomer%2F1196115%2F7eb3bc7d7f64fc43b1feee7d54abab31.jpg&w=3840&q=75","","","[object Object]","8","[object Object]","Rumah","","https://www.rumah123.com/jual/cari/?location=jawa-tengah&itm_medium=search-suggestions-lokasi&itm_source=organic&quickLabel=Bisa+Nego","Bisa Nego","https://www.rumah123.com/jual/cari/?location=jawa-tengah&itm_medium=search-suggestions-lokasi&itm_source=organic&quickLabel=Siap+Huni","Siap Huni","Rp 675 Juta","Rp 3 Jutaan (Tenor 20 Tahun)","Rp 4 Jutaan (Tenor 15 Tahun)","https://www.rumah123.com/properti/boyolali-boyolali-kota/rumah-dijual-murah-boyolali-di-pulisen-boyolali-kota-3-menit-dari-kopi-mujur-boyolali-hos19498676/","Rumah Dijual Murah Boyolali Di Pulisen Boyolali Kota 3 Menit Dari Kopi Mujur Boyolali","Boyolali Kota, Boyolali","Rumah bergaya minimalis di Boyolali Kota.  Cek segera rumah 1 lantai yang modern ini,  dijual dengan pemandangan asri yang menambah nilai estetika ...","4","[object Object]","2","[object Object]","243 m²","LT:","150 m²","LB:","https://pic.rumah123.com/r123/250x250-fit/photo/1196115/11961151733021848.jpg","Diperbarui 38 menit yang lalu oleh","SAMUDRA ERA iREA Solo","+628154...","WhatsApp","1","[object Object]","https://pic.rumah123.com/r123/100x100-fit/logo/20190701123328_irea_solo.jpeg","https://www.rumah123.com/jual/cari/?location=jawa-tengah&itm_medium=search-suggestions-lokasi&itm_source=organic&quickLabel=Bebas+Banjir","Bebas Banjir",""
"https://www.rumah123.com/portal-img/_next/image/?url=https%3A%2F%2Fpicture.rumah123.com%2Fr123-images%2F720x420-crop%2Fcustomer%2F71741%2F6d94cfb3d7af2eef9865e7fc80d6195d.jpg&w=3840&q=75","","","[object Object]","14","[object Object]","Rumah","","https://www.rumah123.com/jual/cari/?location=jawa-tengah&itm_medium=search-suggestions-lokasi&itm_source=organic&quickLabel=Bisa+Nego","Bisa Nego","https://www.rumah123.com/jual/cari/?location=jawa-tengah&itm_medium=search-suggestions-lokasi&itm_source=organic&quickLabel=Siap+Huni","Siap Huni","Rp 1,5 Miliar","Rp 7 Jutaan (Tenor 20 Tahun)","Rp 9 Jutaan (Tenor 15 Tahun)","https://www.rumah123.com/properti/solo-solo-baru/rumah-dan-toko-dijual-solo-baru-dekat-lotte-mart-hos41278429/","Rumah dan Toko Dijual Solo Kota Dekat Lotte Mart","Solo Baru, Solo","Rumah 1 lantai di Cemani, Grogol, Solo Baru, Solo.  Dijual rumah di wilayah yang strategis. Properti 1 lantai ini berada di lingkungan yang mudah d...","4","[object Object]","2","[object Object]","310 m²","LT:","200 m²","LB:","https://pic.rumah123.com/r123/250x250-fit/photo/71741/717411634964896.jpg","Diperbarui 8 jam yang lalu oleh","Lia Imelda ERA iREA Solo Baru","+628122...","WhatsApp","1","[object Object]","https://pic.rumah123.com/r123/100x100-fit/logo/20190701123328_irea_solo.jpeg","https://www.rumah123.com/jual/cari/?location=jawa-tengah&itm_medium=search-suggestions-lokasi&itm_source=organic&quickLabel=Bebas+Banjir","Bebas Banjir",""
"https://www.rumah123.com/portal-img/_next/image/?url=https%3A%2F%2Fpicture.rumah123.com%2Fr123-images%2F720x420-crop%2Fcustomer%2F71741%2F66459f7591c751e36f9b61b9973ad28f.jpg&w=3840&q=75","","","[object Object]","5","[object Object]","Tanah","","https://www.rumah123.com/jual/cari/?location=jawa-tengah&itm_medium=search-suggestions-lokasi&itm_source=organic&quickLabel=Bisa+Nego","Bisa Nego","https://www.rumah123.com/jual/cari/?location=jawa-tengah&itm_medium=search-suggestions-lokasi&itm_source=organic&quickLabel=Dekat+Pusat+Perbelanjaan","Dekat Pusat Perbelanjaan","Rp 1,5 Miliar Total","Rp 7 Jutaan (Tenor 20 Tahun)","Rp 9 Jutaan (Tenor 15 Tahun)","https://www.rumah123.com/properti/solo-jebres/dijual-tanah-murah-di-jl-arifin-solo-kepatihan-las8871062/","Dijual Tanah Murah di Jl. Arifin Solo Kepatihan","Jebres, Solo","Tanah di Kepatihan, Solo Kota.  Miliki tanah yang strategis ini,   Spesifikasi Utama Properti:   - Sertifikat: SHM - Sertifikat Hak Milik  Fitur un...","","","","","150 m²","LT:","","","https://pic.rumah123.com/r123/250x250-fit/photo/71741/717411634964896.jpg","Diperbarui 8 jam yang lalu oleh","Lia Imelda ERA iREA Solo Baru","+628122...","WhatsApp","","","https://pic.rumah123.com/r123/100x100-fit/logo/20190701123328_irea_solo.jpeg","","",""
"https://www.rumah123.com/portal-img/_next/image/?url=https%3A%2F%2Fpicture.rumah123.com%2Fr123-images%2F720x420-crop%2Fcustomer%2F71783%2Fe10966185add2b445beeb45af56c2c8e.jpg&w=3840&q=75","","","[object Object]","6","[object Object]","Rumah","","","","","","Rp 4,5 Miliar","Rp 22 Jutaan (Tenor 20 Tahun)","Rp 28 Jutaan (Tenor 15 Tahun)","https://www.rumah123.com/properti/semarang-semarang-tengah/dijual-rumah-di-jl-taman-seroja-semarang-luas-300m-shm-hos41496905/","Dijual Rumah di Jl Taman Seroja Semarang Luas 300M, SHM","Semarang Tengah, Semarang","Dijual rumah di JL Taman Seroja Semarang luas 300m, SHM, bagus dan sangat strategis sekali . . Harga 4.5M Negotiable  . . . . .Minat ?? Telp : 0856...","1","[object Object]","4","[object Object]","300 m²","LT:","500 m²","LB:","","Diperbarui 8 jam yang lalu oleh","Denny Property Semarang","+628562...","WhatsApp","2 + 2","[object Object]","https://pic.rumah123.com/r123/100x100-fit/logo/20240130021107_peduli_property.jpeg","","",""
"https://www.rumah123.com/portal-img/_next/image/?url=https%3A%2F%2Fpicture.rumah123.com%2Fr123-images%2F720x420-crop%2Fcustomer%2F71783%2Feafd4692807243d3183a46fbdfbc4669.jpg&w=3840&q=75","","","[object Object]","9","[object Object]","Hotel","","","","","","Rp 35 Miliar","Rp 171 Jutaan (Tenor 20 Tahun)","Rp 220 Jutaan (Tenor 15 Tahun)","https://www.rumah123.com/properti/semarang-semarang-selatan/dijual-property-7-lantai-berupa-hotel-karaoke-dan-cafe-restojl-rinjani-raya-semarang-hts143699/","Dijual Property 7 Lantai Berupa Hotel, Karaoke dan Cafe Restojl Rinjani Raya Semarang","Semarang Selatan, Semarang","Dijual property 7 lantai berupa hotel, karaoke dan cafe resto JL rinjani Raya semarang  Lebar 25m Luas bangunan 6000m luas tanah 1625m Income -+700...","30","[object Object]","","","1625 m²","LT:","6000 m²","LB:","","Diperbarui 6 jam yang lalu oleh","Denny Property Semarang","+628562...","WhatsApp","","","https://pic.rumah123.com/r123/100x100-fit/logo/20240130021107_peduli_property.jpeg","","",""
"https://www.rumah123.com/portal-img/_next/image/?url=https%3A%2F%2Fpicture.rumah123.com%2Fr123-images%2F720x420-crop%2Fcustomer%2F71783%2F24c7a1790e4ab6056d196099d2eb77e2.jpg&w=3840&q=75","","","[object Object]","7","[object Object]","Rumah","","","","","","Rp 13,8 Miliar","Rp 67 Jutaan (Tenor 20 Tahun)","Rp 86 Jutaan (Tenor 15 Tahun)","https://www.rumah123.com/properti/semarang-semarang-tengah/jual-rumah-di-jl-atmodirono-semarang-luas-435m-hos41317950/","Jual Rumah di Jl Atmodirono Semarang Luas 435M","Semarang Tengah, Semarang","Jual Atmodirono II .. hadap selatan  Lt  435 m2 (14,5 x 30 m) Lb 625 m2  Shm Lt 1 = 2 Rg tdr Lt 2 = 3 Rg tdr Carport = 4 mobil Garasi   = 2 mobil  ...","4","[object Object]","3","[object Object]","435 m²","LT:","620 m²","LB:","","Diperbarui 9 jam yang lalu oleh","Denny Property Semarang","+628562...","WhatsApp","3 + 2","[object Object]","https://pic.rumah123.com/r123/100x100-fit/logo/20240130021107_peduli_property.jpeg","","",""
"https://www.rumah123.com/portal-img/_next/image/?url=https%3A%2F%2Fpicture.rumah123.com%2Fr123-images%2F720x420-crop%2Fcustomer%2F71783%2Flisting%2Fshs10039465%2Fenhanced%2F4228af171d08575b7027d2c6c89dfc70.png&w=3840&q=75","","","[object Object]","5","[object Object]","Ruko","","","","","","Rp 11 Miliar Total","Rp 54 Jutaan (Tenor 20 Tahun)","Rp 69 Jutaan (Tenor 15 Tahun)","https://www.rumah123.com/properti/semarang-semarang-selatan/jual-ruko-3-lantai-ngesrep-timurpatung-kuda-semarang-shs10039465/","Jual Ruko 3 Lantai, Ngesrep Timur(Patung Kuda) Semarang","Semarang Selatan, Semarang","Jual Ruko, NGESREP TIMUR - Semarang LT 188 LB 470 KT nol KM 3 Listrik 4400  SHM Ruko strategis di Tembalang hanya 100m dari patung kuda 2 ruko suda...","3","[object Object]","","","188 m²","LT:","470 m²","LB:","","Diperbarui 9 jam yang lalu oleh","Denny Property Semarang","+628562...","WhatsApp","","","https://pic.rumah123.com/r123/100x100-fit/logo/20240130021107_peduli_property.jpeg","","",""
"https://www.rumah123.com/portal-img/_next/image/?url=https%3A%2F%2Fpicture.rumah123.com%2Fr123-images%2F720x420-crop%2Fcustomer%2F71783%2Ffd54c36db0343b9aa97e151cfc926753.jpg&w=3840&q=75","","","[object Object]","6","[object Object]","Ruang Usaha","","","","","","Rp 19,9 Miliar Total","Rp 97 Jutaan (Tenor 20 Tahun)","Rp 125 Jutaan (Tenor 15 Tahun)","https://www.rumah123.com/properti/semarang-semarang-selatan/dijual-cepat-bu-property-di-jl-setiabudi-raya-semarang-css9550616/","Jual Cepat Property Premium di Jl Setiabudi Raya Semarang","Semarang Selatan, Semarang","Dijual cepat .. BU ... property di JL Setiabudi Raya SEMARANG  Sebelah pom Bensin  . . luas tanah 860 M2, luas bangunan +- 1100 m2 Lebar 20m - List...","4","[object Object]","","","860 m²","LT:","1100 m²","LB:","","Diperbarui 9 jam yang lalu oleh","Denny Property Semarang","+628562...","WhatsApp","","","https://pic.rumah123.com/r123/100x100-fit/logo/20240130021107_peduli_property.jpeg","","",""
"https://www.rumah123.com/portal-img/_next/image/?url=https%3A%2F%2Fpicture.rumah123.com%2Fr123-images%2F720x420-crop%2Fcustomer%2F766707%2Ffccd4b038af2ee5623b87b9627786ce8.jpg&w=3840&q=75","","","[object Object]","8","[object Object]","Tanah","","","","","","Rp 41,4 Miliar Total","Rp 203 Jutaan (Tenor 20 Tahun)","Rp 260 Jutaan (Tenor 15 Tahun)","https://www.rumah123.com/properti/boyolali-boyolali-kota/tanah-industri-sudah-diurug-padat-dan-dipagar-tembok-keliling-lokasi-di-kab-boyolali-jawa-tenga-las9221311/","Tanah Industri Sudah Diurug Padat dan Dipagar Tembok Keliling Lokasi di Kab. Boyolali - Jawa Tenga","Boyolali Kota, Boyolali","Dijual Tanah Industri Lokasi di Kab. Boyolali  - Jawa Tengah  Luas Tanah : 46.010m2 Zona Tanah : Industri (PUPR) Sertifikat Tanah : HGB  Kepemilika...","","","","","46010 m²","LT:","","","https://pic.rumah123.com/r123/250x250-fit/photo/766707/7667071575081739.jpg","Diperbarui 9 jam yang lalu oleh","Dicky Yogya","+628180...","WhatsApp","","","https://pic.rumah123.com/r123/100x100-fit/logo/20191128120540_temu_property.jpeg","","",""
"https://www.rumah123.com/portal-img/_next/image/?url=https%3A%2F%2Fpicture.rumah123.com%2Fr123-images%2F720x420-crop%2Fcustomer%2F1877069%2F2024-03-12-08-10-19-4554543e-f1b5-4db0-a33b-4c921348f252.jpg&w=3840&q=75","","","[object Object]","6","[object Object]","Ruko","","https://www.rumah123.com/jual/cari/?location=jawa-tengah&itm_medium=search-suggestions-lokasi&itm_source=organic&quickLabel=Siap+Huni","Siap Huni","https://www.rumah123.com/jual/cari/?location=jawa-tengah&itm_medium=search-suggestions-lokasi&itm_source=organic&quickLabel=Dekat+Akses+Transportasi","Dekat Akses Transportasi","Rp 4 Miliar Total","Rp 19 Jutaan (Tenor 20 Tahun)","Rp 25 Jutaan (Tenor 15 Tahun)","https://www.rumah123.com/properti/semarang-semarang-utara/dijual-2-ruko-besar-gandeng-semarang-utara-purwosari-poncol-besar-rapi-siap-pakai-2-lantai-jalan-ramai-dekat-stasiun-shs4061278/","Dijual 2 Ruko Besar Gandeng Semarang Utara, Purwosari, Poncol besar Rapi siap pakai 2 lantai jalan ramai dekat stasiun. Bisa dijadikan kantor plus kos2an","Semarang Utara, Semarang","Dijual Ruko di Semarang jl. Imam Bonjol. Siap pakai 2 lantai dekat stasiun poncol dan Balai kota. Cocok kuliner dan kos krn dekat pusat keramaian","2","[object Object]","","","200 m²","LT:","400 m²","LB:","","Diperbarui 9 menit yang lalu oleh","Vahn","+628139...","WhatsApp","","","https://pic.rumah123.com/r123/100x100-fit/logo/20240217015141_gadingpro_pik.jpeg","","",""
"https://www.rumah123.com/portal-img/_next/image/?url=https%3A%2F%2Fpicture.rumah123.com%2Fr123-images%2F720x420-crop%2Fcustomer%2F1723820%2F7c8bae7b8bc7c1202ff90e8e940f1908.jpg&w=3840&q=75","","","","1","[object Object]","Tanah","","https://www.rumah123.com/jual/cari/?location=jawa-tengah&itm_medium=search-suggestions-lokasi&itm_source=organic&quickLabel=Bebas+Banjir","Bebas Banjir","https://www.rumah123.com/jual/cari/?location=jawa-tengah&itm_medium=search-suggestions-lokasi&itm_source=organic&quickLabel=Dekat+Fasilitas+Kesehatan","Dekat Fasilitas Kesehatan","Rp 1,24 Triliun Total","Rp 6 Miliaran (Tenor 20 Tahun)","Rp 7 Miliaran (Tenor 15 Tahun)","https://www.rumah123.com/properti/semarang-candisari/tanah-premium-tegalsari-raya-super-strategis-tengah-kota-semarang-las8753678/","Tanah Premium Tegalsari Raya Super Strategis Tengah Kota Semarang","Candisari, Semarang","Dijual Tanah Tegalsari Raya Semarang  - Luas Tanah 353m² - Lebar +/- 12m x 29m - Lebar jalan depan bisa 2 mobil lega - Lokasi strategis di pusat k...","","","","","353 m²","LT:","","","https://pic.rumah123.com/r123/250x250-fit/photo/1723820/17238201746620107.jpg","Diperbarui 2 jam yang lalu oleh","Jimmy San","+628224...","WhatsApp","","","https://pic.rumah123.com/r123/100x100-fit/logo/20201202052029_hepi_property.jpeg","https://www.rumah123.com/jual/cari/?location=jawa-tengah&itm_medium=search-suggestions-lokasi&itm_source=organic&quickLabel=Dekat+Tempat+Wisata","Dekat Tempat Wisata",""
"https://www.rumah123.com/portal-img/_next/image/?url=https%3A%2F%2Fpicture.rumah123.com%2Fr123-images%2F720x420-crop%2Fcustomer%2F1819989%2Flisting%2Fhos41600121%2Fenhanced%2F119f8163cb1288f53eae4e7e1406ca44.jpg&w=3840&q=75","","","[object Object]","21","[object Object]","Rumah","","","","","","Rp 1,9 Miliar","Rp 9 Jutaan (Tenor 20 Tahun)","Rp 11 Jutaan (Tenor 15 Tahun)","https://www.rumah123.com/properti/semarang-semarang-barat/include-furnished-kolam-renang-rumah-candi-kalasan-manyaran-hos41600121/","Include Furnished + Kolam Renang Rumah Candi Kalasan Manyaran","Semarang Barat, Semarang","Rumah Candi Kalasan Manyaran Semarang Barat, Dijual Plus Furnished nya, Ada Kolam Renang Pribadi.  Rumah 2 Lantai : Luas Tanah 142 m2 Luas Bangunan...","3 + 1","[object Object]","3","[object Object]","142 m²","LT:","100 m²","LB:","https://picture.rumah123.com/r123-images/250x250-fit/customer/1819989/a1409baa76ff382cdda6ecea56e532a3.png","Diperbarui 7 jam yang lalu oleh","STEPHANUS AGUS DARDJITO","+628587...","WhatsApp","1","[object Object]","","","",""
"https://www.rumah123.com/portal-img/_next/image/?url=https%3A%2F%2Fpicture.rumah123.com%2Fr123-images%2F720x420-crop%2Fcustomer%2F1819989%2Feb4612ebedbde6c8924582082325a996.jpg&w=3840&q=75","","","[object Object]","8","[object Object]","Rumah","","","","","","Rp 1,35 Miliar","Rp 6 Jutaan (Tenor 20 Tahun)","Rp 8 Jutaan (Tenor 15 Tahun)","https://www.rumah123.com/properti/semarang-bsb-city/butuh-laku-cepat-rumah-beranda-bali-bsb-city-hos41468923/","Butuh Laku Cepat Rumah Beranda Bali Bsb City","BSB City, Semarang","B.U! JUAL CEPAT RUMAH 2 LANTAI - BERANDA BALI BSB CITY  Hunian nyaman dengan nuansa resort Bali di kawasan elite BSB City! Cocok untuk tempat tingg...","3","[object Object]","2","[object Object]","133 m²","LT:","90 m²","LB:","https://picture.rumah123.com/r123-images/250x250-fit/customer/1819989/a1409baa76ff382cdda6ecea56e532a3.png","Diperbarui 8 jam yang lalu oleh","STEPHANUS AGUS DARDJITO","+628587...","WhatsApp","1","[object Object]","","","",""
"https://www.rumah123.com/portal-img/_next/image/?url=https%3A%2F%2Fpicture.rumah123.com%2Fr123-images%2F720x420-crop%2Fcustomer%2F1308914%2F08c7c908e5bf5df6fa89b31bceaf3de0.jpg&w=3840&q=75","","","[object Object]","5","[object Object]","Rumah","","https://www.rumah123.com/jual/cari/?location=jawa-tengah&itm_medium=search-suggestions-lokasi&itm_source=organic&quickLabel=Siap+Huni","Siap Huni","","","Rp 2,8 Miliar","Rp 13 Jutaan (Tenor 20 Tahun)","Rp 17 Jutaan (Tenor 15 Tahun)","https://www.rumah123.com/properti/semarang-semarang-selatan/rumah-nangka-bagus-siap-pakai-hos40847513/","Rumah Nangka Bagus Siap Pakai","Semarang Selatan, Semarang","Tengah kota , Bagus, Jalan lebar, Lingkungan Elit","4","[object Object]","2","[object Object]","180 m²","LT:","250 m²","LB:","https://pic.rumah123.com/r123/250x250-fit/photo/1308914/13089141746802233.jpg","Diperbarui 9 jam yang lalu oleh","Tracy Property","+628880...","WhatsApp","","","","","",""
"https://www.rumah123.com/portal-img/_next/image/?url=https%3A%2F%2Fpicture.rumah123.com%2Fr123-images%2F720x420-crop%2Fcustomer%2F1183566%2Feb655c58f08d3d1387b111a095495b85.jpg&w=3840&q=75","","","","1","[object Object]","Rumah","","","","","","Rp 10 Miliar","Rp 49 Jutaan (Tenor 20 Tahun)","Rp 62 Jutaan (Tenor 15 Tahun)","https://www.rumah123.com/properti/semarang-candisari/rumah-mewah-pinggir-jalan-raya-di-jangli-raya-candisari-semarang-hos39814916/","Rumah Mewah Pinggir Jalan Raya Di Jangli Raya Candisari Semarang","Candisari, Semarang","Dijual Rumah Jangli Raya Candisari Semarang  Luas Tanah 584m² (ada tambahan tanah di bagian belakang luas sekitar ±20m²)  Lebar rumah 17m Luas B...","5","[object Object]","3","[object Object]","584 m²","LT:","350 m²","LB:","https://pic.rumah123.com/r123/250x250-fit/photo/1183566/11835661715592569.jpg","Diperbarui 9 jam yang lalu oleh","Okta Property","+628213...","WhatsApp","1","[object Object]","https://pic.rumah123.com/r123/100x100-fit/logo/20201202052029_hepi_property.jpeg","","",""
"https://www.rumah123.com/portal-img/_next/image/?url=https%3A%2F%2Fpicture.rumah123.com%2Fr123-images%2F720x420-crop%2Fcustomer%2F1183566%2Fe4349138d87eefeb6a5355c35e32fb91.jpg&w=3840&q=75","","","","1","[object Object]","Apartemen","","","","","","Rp 800 Juta","Rp 3 Jutaan (Tenor 20 Tahun)","Rp 5 Jutaan (Tenor 15 Tahun)","https://www.rumah123.com/properti/semarang-semarang-tengah/apartemen-murah-strategis-di-pinacle-pandanaran-semarang-tengah-1-menit-ke-citraland-mall-aps7389103/","Apartemen Murah Strategis Di Pinacle Pandanaran Semarang Tengah 1 Menit Ke Citraland Mall","Semarang Tengah, Semarang","Dijual Apartemen di Pinnacle Pandanaran Semarang  Luas Unit 33m² Type Studio Lantai 10 Full Furnished  Harga 800 juta","1","[object Object]","1","[object Object]","33 m²","LB:","","","https://pic.rumah123.com/r123/250x250-fit/photo/1183566/11835661715592569.jpg","Diperbarui 9 jam yang lalu oleh","Okta Property","+628213...","WhatsApp","","","https://pic.rumah123.com/r123/100x100-fit/logo/20201202052029_hepi_property.jpeg","","",""
"https://www.rumah123.com/portal-img/_next/image/?url=https%3A%2F%2Fpicture.rumah123.com%2Fr123-images%2F720x420-crop%2Fcustomer%2F1183566%2Fc0fbb5b3666077dc8333630748189f8b.jpg&w=3840&q=75","","","[object Object]","12","[object Object]","Rumah","","","","","","Rp 1,95 Miliar","Rp 9 Jutaan (Tenor 20 Tahun)","Rp 12 Jutaan (Tenor 15 Tahun)","https://www.rumah123.com/properti/semarang-semarang-barat/rumah-bagus-strategis-di-graha-padma-semarang-hos41504922/","Rumah Bagus Strategis di Graha Padma Semarang","Semarang Barat, Semarang","Rumah bagus di graha Padma Semarang","3","[object Object]","3","[object Object]","96 m²","LT:","98 m²","LB:","https://pic.rumah123.com/r123/250x250-fit/photo/1183566/11835661715592569.jpg","Diperbarui 9 jam yang lalu oleh","Okta Property","+628213...","WhatsApp","1","[object Object]","https://pic.rumah123.com/r123/100x100-fit/logo/20201202052029_hepi_property.jpeg","","",""
"https://www.rumah123.com/portal-img/_next/image/?url=https%3A%2F%2Fpicture.rumah123.com%2Fr123-images%2F720x420-crop%2Fcustomer%2F1308914%2Flisting%2Fwas10048448%2Fenhanced%2F60fa1f55f5f55bd29e3094a36e1b9063.jpg&w=3840&q=75","","","[object Object]","5","[object Object]","Gudang","","https://www.rumah123.com/jual/cari/?location=jawa-tengah&itm_medium=search-suggestions-lokasi&itm_source=organic&quickLabel=Siap+Huni","Siap Huni","https://www.rumah123.com/jual/cari/?location=jawa-tengah&itm_medium=search-suggestions-lokasi&itm_source=organic&quickLabel=Bebas+Banjir","Bebas Banjir","Rp 7,6 Juta /m²","Rp 40 Ribuan /m² (Tenor 20 Tahun)","Rp 50 Ribuan /m² (Tenor 15 Tahun)","https://www.rumah123.com/properti/semarang-semarang-barat/gudang-bagus-siap-pakai-di-ngalian-was10048448/","Gudang Bagus Siap Pakai di Ngalian","Semarang Barat, Semarang","Siap pakai, bebas banjir, jalan lebar","2","[object Object]","","","3550 m²","LT:","","","https://pic.rumah123.com/r123/250x250-fit/photo/1308914/13089141746802233.jpg","Diperbarui 9 jam yang lalu oleh","Tracy Property","+628880...","WhatsApp","","","","","",""
"https://www.rumah123.com/portal-img/_next/image/?url=https%3A%2F%2Fpicture.rumah123.com%2Fr123-images%2F720x420-crop%2Fcustomer%2F465186%2F2023-05-25-01-04-12-8a889970-cf70-476b-96cf-7aa3385096fa.jpg&w=3840&q=75","","","[object Object]","18","[object Object]","Tanah","","https://www.rumah123.com/jual/cari/?location=jawa-tengah&itm_medium=search-suggestions-lokasi&itm_source=organic&quickLabel=Dekat+Akses+Transportasi","Dekat Akses Transportasi","https://www.rumah123.com/jual/cari/?location=jawa-tengah&itm_medium=search-suggestions-lokasi&itm_source=organic&quickLabel=Dekat+Sekolah","Dekat Sekolah","Rp 642 Juta Total","Rp 3 Jutaan (Tenor 20 Tahun)","Rp 4 Jutaan (Tenor 15 Tahun)","https://www.rumah123.com/properti/klaten-prambanan/tanah-pekarangan-di-candi-plaosan-dekat-exit-toll-jl-solo-las2917324/","Tanah Pekarangan di Candi Plaosan Dekat Exit Toll Jl. Solo","Prambanan, Klaten","Ready tanah pekarangan dekat candi plaosan dan exit toll JL. Solo, hanya 200 meter dari candi plaosan.   Lokasi mudah dilalui, akses jalan mobil bi...","","","","","428 m²","LT:","","","https://pic.rumah123.com/r123/250x250-fit/photo/465186/4651861455777055.jpg","Diperbarui 4 jam yang lalu oleh","indah  ade","+628783...","WhatsApp","","","","https://www.rumah123.com/jual/cari/?location=jawa-tengah&itm_medium=search-suggestions-lokasi&itm_source=organic&quickLabel=Dekat+Tempat+Wisata","Dekat Tempat Wisata",""
"https://www.rumah123.com/portal-img/_next/image/?url=https%3A%2F%2Fpic.rumah123.com%2Fr123%2F720x420-crop%2Fhouse%2Fho83%2F8367035%2Foriginal%2Fhos8367035-rumah-di-jual-di-prambanan-klaten-16223429373396.jpg&w=3840&q=85","","","[object Object]","18","[object Object]","Rumah","","https://www.rumah123.com/jual/cari/?location=jawa-tengah&itm_medium=search-suggestions-lokasi&itm_source=organic&quickLabel=Dekat+Akses+Transportasi","Dekat Akses Transportasi","https://www.rumah123.com/jual/cari/?location=jawa-tengah&itm_medium=search-suggestions-lokasi&itm_source=organic&quickLabel=Dekat+Tempat+Wisata","Dekat Tempat Wisata","Rp 1,5 Miliar","Rp 7 Jutaan (Tenor 20 Tahun)","Rp 9 Jutaan (Tenor 15 Tahun)","https://www.rumah123.com/properti/klaten-prambanan/rumah-villa-joglo-limasan-di-jl-manisrenggo-dekat-candi-plaosan-hos8367035/","Rumah  Villa Joglo Limasan Di Jl. Manisrenggo Dekat Candi Plaosan","Prambanan, Klaten","Villa rumah konsep joglo limasan siap bangun di Candi Pramabanan dengan lokasi unggul Dan strategis. Dekat exit toll Prambanan.   Rumah Joglo Type ...","4","[object Object]","4","[object Object]","428 m²","LT:","140 m²","LB:","https://pic.rumah123.com/r123/250x250-fit/photo/465186/4651861455777055.jpg","Diperbarui 9 jam yang lalu oleh","indah  ade","+628783...","WhatsApp","","","","","",""
"https://www.rumah123.com/portal-img/_next/image/?url=https%3A%2F%2Fpicture.rumah123.com%2Fr123-images%2F720x420-crop%2Fcustomer%2F4365331%2F4fe79e16968317b9b893187eee5c0a74.jpg&w=3840&q=75","","","[object Object]","8","[object Object]","Rumah","","https://www.rumah123.com/jual/cari/?location=jawa-tengah&itm_medium=search-suggestions-lokasi&itm_source=organic&quickLabel=Siap+Huni","Siap Huni","https://www.rumah123.com/jual/cari/?location=jawa-tengah&itm_medium=search-suggestions-lokasi&itm_source=organic&quickLabel=Dekat+Akses+Transportasi","Dekat Akses Transportasi","Rp 788 Juta","Rp 3 Jutaan (Tenor 20 Tahun)","Rp 4 Jutaan (Tenor 15 Tahun)","https://www.rumah123.com/properti/semarang-tembalang/dijual-rumah-shm-siap-huni-area-kampus-undip-dan-tol-tembalang-hos40844337/","Dijual Rumah SHM Siap Huni Area Kampus Undip dan Tol Tembalang","Tembalang, Semarang","#DAFTAR HARGA LISTING PRODUK CLUSTER INARA SEMARANG ❗️TEMBALANG 2-MULAWARMAN  : 104 unit  1.CLUSTER INARA TEMBALANG -MULAWARMAN UNDIP:  - Rumah...","2","[object Object]","1","[object Object]","82 m²","LT:","38 m²","LB:","https://pic.rumah123.com/r123/250x250-fit/photo/4365331/43653311755317740.jpg","Diperbarui 6 jam yang lalu oleh","Iyan Properti Inara","+628125...","WhatsApp","1","[object Object]","","https://www.rumah123.com/jual/cari/?location=jawa-tengah&itm_medium=search-suggestions-lokasi&itm_source=organic&quickLabel=Dekat+Sekolah","Dekat Sekolah",""
"https://www.rumah123.com/portal-img/_next/image/?url=https%3A%2F%2Fpicture.rumah123.com%2Fr123-images%2F720x420-crop%2Fcustomer%2F4365331%2F51614aee1a2d90a3dcf1c232013bfe70.jpg&w=3840&q=75","","","[object Object]","9","[object Object]","Rumah","","https://www.rumah123.com/jual/cari/?location=jawa-tengah&itm_medium=search-suggestions-lokasi&itm_source=organic&quickLabel=Bisa+Nego","Bisa Nego","https://www.rumah123.com/jual/cari/?location=jawa-tengah&itm_medium=search-suggestions-lokasi&itm_source=organic&quickLabel=Siap+Huni","Siap Huni","Rp 599 Juta","Rp 2 Jutaan (Tenor 20 Tahun)","Rp 3 Jutaan (Tenor 15 Tahun)","https://www.rumah123.com/properti/semarang-pedurungan/dijual-rumah-mewah-eropa-pedurungan-kota-semarang-hos40122949/","Dijual Rumah Mewah Eropa Pedurungan Kota Semarang","Pedurungan, Semarang","Rumah hook 1 lantai di Pedurungan, Semarang.  Dijual rumah hook di wilayah yang tenang dengan pemandangan pegunungan. Properti 1 lantai bergaya min...","2","[object Object]","1","[object Object]","80 m²","LT:","40 m²","LB:","https://pic.rumah123.com/r123/250x250-fit/photo/4365331/43653311755317740.jpg","Diperbarui 8 jam yang lalu oleh","Iyan Properti Inara","+628125...","WhatsApp","1","[object Object]","","https://www.rumah123.com/jual/cari/?location=jawa-tengah&itm_medium=search-suggestions-lokasi&itm_source=organic&quickLabel=Bebas+Banjir","Bebas Banjir",""
"https://www.rumah123.com/portal-img/_next/image/?url=https%3A%2F%2Fpicture.rumah123.com%2Fr123-images%2F720x420-crop%2Fcustomer%2F4365331%2Feea1ff73fdf6ccf5478088d430638e3e.jpg&w=3840&q=75","","","[object Object]","8","[object Object]","Kost","","https://www.rumah123.com/jual/cari/?location=jawa-tengah&itm_medium=search-suggestions-lokasi&itm_source=organic&quickLabel=Bisa+Nego","Bisa Nego","https://www.rumah123.com/jual/cari/?location=jawa-tengah&itm_medium=search-suggestions-lokasi&itm_source=organic&quickLabel=Siap+Huni","Siap Huni","Rp 765 Juta","Rp 3 Jutaan (Tenor 20 Tahun)","Rp 4 Jutaan (Tenor 15 Tahun)","https://www.rumah123.com/properti/semarang-tembalang/kosan-premium-3-kamar-tidur-area-undip-tembalang-omset-jutaan-kss170952/","Kosan Premium 3 Kamar Tidur Area Undip Tembalang Omset Jutaan","Tembalang, Semarang","Kost 1 lantai di Tembalang, Semarang.  For sale di wilayah yang nyaman. Dengan rinciannya adalah sebagai berikut:   - Kamar Tidur: 3   - Kamar Mand...","3","[object Object]","3","[object Object]","69 m²","LT:","30 m²","LB:","https://pic.rumah123.com/r123/250x250-fit/photo/4365331/43653311755317740.jpg","Diperbarui 9 jam yang lalu oleh","Iyan Properti Inara","+628125...","WhatsApp","1","[object Object]","","https://www.rumah123.com/jual/cari/?location=jawa-tengah&itm_medium=search-suggestions-lokasi&itm_source=organic&quickLabel=Bebas+Banjir","Bebas Banjir",""
"https://www.rumah123.com/portal-img/_next/image/?url=https%3A%2F%2Fpicture.rumah123.com%2Fr123-images%2F720x420-crop%2Fcustomer%2F1819989%2F61f1dca0c2cf4277a83c213d41823161.jpg&w=3840&q=75","","","[object Object]","9","[object Object]","Rumah","","https://www.rumah123.com/jual/cari/?location=jawa-tengah&itm_medium=search-suggestions-lokasi&itm_source=organic&quickLabel=Dekat+Akses+Transportasi","Dekat Akses Transportasi","https://www.rumah123.com/jual/cari/?location=jawa-tengah&itm_medium=search-suggestions-lokasi&itm_source=organic&quickLabel=Dekat+Sekolah","Dekat Sekolah","Rp 525 Juta","Rp 2 Jutaan (Tenor 20 Tahun)","Rp 3 Jutaan (Tenor 15 Tahun)","https://www.rumah123.com/properti/semarang-ngaliyan/jual-cepat-rumah-minimalis-permata-puri-ngaliyan-hos41495253/","Jual Cepat Rumah Minimalis Permata Puri Ngaliyan","Ngaliyan, Semarang","Jual Rumah Lokasi Permata Puri Ngaliyan Semarang  Dekat UIN Walisongo & Toll Krapyak  Dekat Rs Permata Medika  Dekat Pusat Perbelanjaan   Luas Tana...","2","[object Object]","2","[object Object]","90 m²","LT:","50 m²","LB:","https://picture.rumah123.com/r123-images/250x250-fit/customer/1819989/a1409baa76ff382cdda6ecea56e532a3.png","Diperbarui 8 jam yang lalu oleh","STEPHANUS AGUS DARDJITO","+628587...","WhatsApp","1","[object Object]","","https://www.rumah123.com/jual/cari/?location=jawa-tengah&itm_medium=search-suggestions-lokasi&itm_source=organic&quickLabel=Dekat+Fasilitas+Kesehatan","Dekat Fasilitas Kesehatan",""
"https://www.rumah123.com/portal-img/_next/image/?url=https%3A%2F%2Fpicture.rumah123.com%2Fr123-images%2F720x420-crop%2Fcustomer%2F4365331%2F026c5303fa85377dc99233031ac00391.jpg&w=3840&q=75","","","[object Object]","10","[object Object]","Rumah","","https://www.rumah123.com/jual/cari/?location=jawa-tengah&itm_medium=search-suggestions-lokasi&itm_source=organic&quickLabel=Bisa+Nego","Bisa Nego","https://www.rumah123.com/jual/cari/?location=jawa-tengah&itm_medium=search-suggestions-lokasi&itm_source=organic&quickLabel=Siap+Huni","Siap Huni","Rp 1 Miliar","Rp 4 Jutaan (Tenor 20 Tahun)","Rp 6 Jutaan (Tenor 15 Tahun)","https://www.rumah123.com/properti/semarang-tembalang/dekat-kampus-undip-kos-12-kamar-shm-1m-an-tembalang-semarang-hos41273428/","Dekat Kampus Undip!! Kos 12 Kamar SHM 1M An Tembalang Semarang","Tembalang, Semarang","Rumah hook 2 lantai di Tembalang, Semarang.  Dijual rumah hook di wilayah yang nyaman dengan pemandangan Lokasi di Pusat Kota. Properti 2 lantai be...","12","[object Object]","12","[object Object]","101 m²","LT:","138 m²","LB:","https://pic.rumah123.com/r123/250x250-fit/photo/4365331/43653311755317740.jpg","Diperbarui 9 jam yang lalu oleh","Iyan Properti Inara","+628125...","WhatsApp","1","[object Object]","","https://www.rumah123.com/jual/cari/?location=jawa-tengah&itm_medium=search-suggestions-lokasi&itm_source=organic&quickLabel=Bebas+Banjir","Bebas Banjir",""
"https://www.rumah123.com/portal-img/_next/image/?url=https%3A%2F%2Fpicture.rumah123.com%2Fr123-images%2F720x420-crop%2Fcustomer%2F1819989%2Flisting%2Fhos41600743%2Fenhanced%2F28efb275730a650ea0cd166de44a45b5.jpg&w=3840&q=75","","","[object Object]","7","[object Object]","Rumah","","https://www.rumah123.com/jual/cari/?location=jawa-tengah&itm_medium=search-suggestions-lokasi&itm_source=organic&quickLabel=Siap+Huni","Siap Huni","https://www.rumah123.com/jual/cari/?location=jawa-tengah&itm_medium=search-suggestions-lokasi&itm_source=organic&quickLabel=Bebas+Banjir","Bebas Banjir","Rp 1,95 Miliar","Rp 9 Jutaan (Tenor 20 Tahun)","Rp 12 Jutaan (Tenor 15 Tahun)","https://www.rumah123.com/properti/semarang-semarang-barat/full-furnished-rumah-mewah-borobudur-semarang-barat-hos41600743/","Full Furnished Rumah Mewah Borobudur Semarang Barat","Semarang Barat, Semarang","RUMAH MEWAH BOROBUDUR MANYARAN SEMARANG BARAT   SIAP HUNI TINGGAL BAWA KOPER SAJA  Keunggulan Lokasi Dekat Akses Pintu Tol Manyaran  - Bebas banjir...","5","[object Object]","3","[object Object]","180 m²","LT:","250 m²","LB:","https://picture.rumah123.com/r123-images/250x250-fit/customer/1819989/a1409baa76ff382cdda6ecea56e532a3.png","Diperbarui 9 jam yang lalu oleh","STEPHANUS AGUS DARDJITO","+628587...","WhatsApp","1 + 1","[object Object]","","https://www.rumah123.com/jual/cari/?location=jawa-tengah&itm_medium=search-suggestions-lokasi&itm_source=organic&quickLabel=Dekat+Akses+Transportasi","Dekat Akses Transportasi",""
"https://www.rumah123.com/portal-img/_next/image/?url=https%3A%2F%2Fpicture.rumah123.com%2Fr123-images%2F720x420-crop%2Fcustomer%2F4365331%2F5fef7532ffa3206a874a00a2bfc6c5c4.jpg&w=3840&q=75","","","[object Object]","8","[object Object]","Rumah","","https://www.rumah123.com/jual/cari/?location=jawa-tengah&itm_medium=search-suggestions-lokasi&itm_source=organic&quickLabel=Bisa+Nego","Bisa Nego","https://www.rumah123.com/jual/cari/?location=jawa-tengah&itm_medium=search-suggestions-lokasi&itm_source=organic&quickLabel=Siap+Huni","Siap Huni","Rp 788 Juta","Rp 3 Jutaan (Tenor 20 Tahun)","Rp 4 Jutaan (Tenor 15 Tahun)","https://www.rumah123.com/properti/semarang-tembalang/dijual-rumah-cluster-area-nol-undip-tembalang-perumahan-semarang-hos40159612/","Dijual Rumah Cluster Area Nol Undip Tembalang Perumahan Semarang","Tembalang, Semarang","Rumah hook 1 lantai di Tembalang, Semarang.  For sale rumah hook di wilayah yang asri dengan pemandangan pegunungan. Properti 1 lantai bergaya mini...","2","[object Object]","1","[object Object]","82 m²","LT:","32 m²","LB:","https://pic.rumah123.com/r123/250x250-fit/photo/4365331/43653311755317740.jpg","Diperbarui 9 jam yang lalu oleh","Iyan Properti Inara","+628125...","WhatsApp","1","[object Object]","","https://www.rumah123.com/jual/cari/?location=jawa-tengah&itm_medium=search-suggestions-lokasi&itm_source=organic&quickLabel=Bebas+Banjir","Bebas Banjir",""
"https://www.rumah123.com/portal-img/_next/image/?url=https%3A%2F%2Fpicture.rumah123.com%2Fr123-images%2F720x420-crop%2Fcustomer%2F766707%2Fa27aba1eafc7b283cfbac51f8f11f54d.jpg&w=3840&q=75","","","[object Object]","5","[object Object]","Pabrik","","","","","","Rp 25 Miliar Total","Rp 122 Jutaan (Tenor 20 Tahun)","Rp 157 Jutaan (Tenor 15 Tahun)","https://www.rumah123.com/properti/klaten-klaten-tengah/pabrik-garment-aktif-produksi-di-kabklaten-jawa-tengah-fas10048415/","Pabrik Garment Aktif Produksi di Kab.klaten Jawa Tengah","Klaten Tengah, Klaten","Dijual Pabrik Garment Aktif Produksi Di Kab.Klaten Jawa Tengah  Luas Tanah : 3.700 m2 Luas Bangunan : 3.264 m2 Jumlah mesin : 350  Jumlah Karyawan ...","8","[object Object]","","","3700 m²","LT:","3264 m²","LB:","https://pic.rumah123.com/r123/250x250-fit/photo/766707/7667071575081739.jpg","Diperbarui 6 jam yang lalu oleh","Dicky Yogya","+628180...","WhatsApp","","","https://pic.rumah123.com/r123/100x100-fit/logo/20191128120540_temu_property.jpeg","","",""
"https://www.rumah123.com/portal-img/_next/image/?url=https%3A%2F%2Fpicture.rumah123.com%2Fr123-images%2F720x420-crop%2Fcustomer%2F1943973%2F6b940c60740589b7201353940c39ef7b.jpg&w=3840&q=75","","","[object Object]","6","[object Object]","Tanah","","https://www.rumah123.com/jual/cari/?location=jawa-tengah&itm_medium=search-suggestions-lokasi&itm_source=organic&quickLabel=Dekat+Sekolah","Dekat Sekolah","https://www.rumah123.com/jual/cari/?location=jawa-tengah&itm_medium=search-suggestions-lokasi&itm_source=organic&quickLabel=Cocok+untuk+kost","Cocok untuk kost","Rp 3,75 Miliar Total","Rp 18 Jutaan (Tenor 20 Tahun)","Rp 23 Jutaan (Tenor 15 Tahun)","https://www.rumah123.com/properti/semarang-tembalang/tanah-dijual-di-tembalang-cocok-untuk-kostkostan-las9049205/","Jual Tanah Dibawah NJOP di Tembalang Cocok untuk Kost-Kostan","Tembalang, Semarang","Kavling cocok untuk kost2an daerah sekitar banyak kost2an dekat dengan undip sudah ada akses jalan","","","","","910 m²","LT:","","","https://pic.rumah123.com/r123/250x250-fit/photo/1943973/19439731739967139.jpg","Diperbarui 9 jam yang lalu oleh","Cicilia Property Semarang","+628122...","WhatsApp","","","https://pic.rumah123.com/r123/100x100-fit/logo/20190903041117_bestpro_semarang.jpeg","","",""
"https://www.rumah123.com/portal-img/_next/image/?url=https%3A%2F%2Fpicture.rumah123.com%2Fr123-images%2F720x420-crop%2Fcustomer%2F465186%2F2022-07-30-22-26-10-43054fc3-a7bd-44b2-b74a-aefafc756852.jpg&w=3840&q=75","","","[object Object]","9","[object Object]","Tanah","","https://www.rumah123.com/jual/cari/?location=jawa-tengah&itm_medium=search-suggestions-lokasi&itm_source=organic&quickLabel=Dekat+Sekolah","Dekat Sekolah","https://www.rumah123.com/jual/cari/?location=jawa-tengah&itm_medium=search-suggestions-lokasi&itm_source=organic&quickLabel=Dekat+Tempat+Wisata","Dekat Tempat Wisata","Rp 268 Juta Total","Rp 1 Jutaan (Tenor 20 Tahun)","Rp 1 Jutaan (Tenor 15 Tahun)","https://www.rumah123.com/properti/klaten-prambanan/tanah-pekarangan-di-jlsolo-km-19-dekat-candi-prambanan-las2470668/","Tanah Pekarangan di Jl.solo Km 19 Dekat Candi Prambanan","Prambanan, Klaten","Tanah pekarangan dekat dengan jl. Solo hanya 500 meter dari pabrik SGM. lokasi yang sudah mulai berkembang,masih asri, nyaman dan damai.Akses jalan...","","","","","179 m²","LT:","","","https://pic.rumah123.com/r123/250x250-fit/photo/465186/4651861455777055.jpg","Diperbarui 9 jam yang lalu oleh","indah  ade","+628783...","WhatsApp","","","","https://www.rumah123.com/jual/cari/?location=jawa-tengah&itm_medium=search-suggestions-lokasi&itm_source=organic&quickLabel=Dekat+Tempat+Ibadah","Dekat Tempat Ibadah",""
"https://www.rumah123.com/portal-img/_next/image/?url=https%3A%2F%2Fpicture.rumah123.com%2Fr123-images%2F720x420-crop%2Fcustomer%2F1308914%2F19bb5e6295fbe977f22bb6cfb3e9b713.jpg&w=3840&q=75","","","[object Object]","5","[object Object]","Rumah","","","","","","Rp 2,5 Miliar","Rp 12 Jutaan (Tenor 20 Tahun)","Rp 15 Jutaan (Tenor 15 Tahun)","https://www.rumah123.com/properti/semarang-puri-anjasmoro/rumah-bagus-baru-renov-hos40847359/","Rumah Bagus Baru Renov","Puri Anjasmoro, Semarang","Bagus, Abis direnovasi, Jalan lebar, Lingkungan elit","4","[object Object]","2","[object Object]","240 m²","LT:","240 m²","LB:","https://pic.rumah123.com/r123/250x250-fit/photo/1308914/13089141746802233.jpg","Diperbarui 8 jam yang lalu oleh","Tracy Property","+628880...","WhatsApp","","","","","",""
"https://www.rumah123.com/portal-img/_next/image/?url=https%3A%2F%2Fpicture.rumah123.com%2Fr123-images%2F720x420-crop%2Fcustomer%2F1718459%2Ffbbd73fb48a8855b296440a23e0e3064.jpg&w=3840&q=75","","","[object Object]","6","[object Object]","Kost","","https://www.rumah123.com/jual/cari/?location=jawa-tengah&itm_medium=search-suggestions-lokasi&itm_source=organic&quickLabel=Siap+Huni","Siap Huni","https://www.rumah123.com/jual/cari/?location=jawa-tengah&itm_medium=search-suggestions-lokasi&itm_source=organic&quickLabel=Bebas+Banjir","Bebas Banjir","Rp 950 Juta","Rp 4 Jutaan (Tenor 20 Tahun)","Rp 5 Jutaan (Tenor 15 Tahun)","https://www.rumah123.com/properti/semarang-semarang-tengah/dijual-rumah-kost-hanya-5-menit-ke-unnes-semarang-kss194244/","Dijual Rumah Kost Hanya 5 Menit Ke Unnes Semarang","Semarang Tengah, Semarang","Kost 1 lantai di Semarang Tengah, Semarang.  Dijual di wilayah yang nyaman. Dengan kategorinya adalah sebagai berikut:   - Kamar Tidur: 7   - Kamar...","7","[object Object]","8","[object Object]","121 m²","LT:","135 m²","LB:","https://pic.rumah123.com/r123/250x250-fit/photo/1718459/17184591667215148.jpg","Diperbarui 9 jam yang lalu oleh","Mas Abdul","+628529...","WhatsApp","4","[object Object]","","https://www.rumah123.com/jual/cari/?location=jawa-tengah&itm_medium=search-suggestions-lokasi&itm_source=organic&quickLabel=Dekat+Sekolah","Dekat Sekolah",""
"https://www.rumah123.com/portal-img/_next/image/?url=https%3A%2F%2Fpicture.rumah123.com%2Fr123-images%2F720x420-crop%2Fcustomer%2F1308914%2Fe4d3b36424a15d6d39d06e38ae0bb4dc.jpg&w=3840&q=75","","","[object Object]","6","[object Object]","Rumah","","https://www.rumah123.com/jual/cari/?location=jawa-tengah&itm_medium=search-suggestions-lokasi&itm_source=organic&quickLabel=Siap+Huni","Siap Huni","","","Rp 1,5 Miliar","Rp 7 Jutaan (Tenor 20 Tahun)","Rp 9 Jutaan (Tenor 15 Tahun)","https://www.rumah123.com/properti/semarang-puri-anjasmoro/rumah-bagus-di-puri-anjasmoro-semarang-hos10708199/","Rumah Bagus Di Puri Anjasmoro , Semarang","Puri Anjasmoro, Semarang","Rumah Bagus di Puri Anjasmoro , Semarang  Letak strategis , akses jalan depan lebar Rumah siap pakai Bangunan 1 lantai","4","[object Object]","2","[object Object]","153 m²","LT:","115 m²","LB:","https://pic.rumah123.com/r123/250x250-fit/photo/1308914/13089141746802233.jpg","Diperbarui 10 jam yang lalu oleh","Tracy Property","+628880...","WhatsApp","","","","","",""
"https://www.rumah123.com/portal-img/_next/image/?url=https%3A%2F%2Fpicture.rumah123.com%2Fr123-images%2F720x420-crop%2Fcustomer%2F1718459%2Fa7fef80c5f659da7dbf991a1df8def6e.jpg&w=3840&q=75","","","[object Object]","7","[object Object]","Rumah","","https://www.rumah123.com/jual/cari/?location=jawa-tengah&itm_medium=search-suggestions-lokasi&itm_source=organic&quickLabel=Bisa+Nego","Bisa Nego","https://www.rumah123.com/jual/cari/?location=jawa-tengah&itm_medium=search-suggestions-lokasi&itm_source=organic&quickLabel=Syariah","Syariah","Rp 1,45 Miliar","Rp 7 Jutaan (Tenor 20 Tahun)","Rp 9 Jutaan (Tenor 15 Tahun)","https://www.rumah123.com/properti/semarang-semarang-selatan/dijual-kost-baru-full-penghuni-hanya-5-menit-ke-unnes-semarang-kota-hos41249785/","Dijual Kost Baru Full Penghuni Hanya 5 Menit ke Unnes Semarang Kota.","Semarang Selatan, Semarang","Rumah bergaya minimalist modern di Semarang Selatan.  Cek segera rumah 2 lantai yang modern ini,  dijual dengan pemandangan asri yang menambah nila...","12","[object Object]","13 + 1","[object Object]","125 m²","LT:","180 m²","LB:","https://pic.rumah123.com/r123/250x250-fit/photo/1718459/17184591667215148.jpg","Diperbarui 9 jam yang lalu oleh","Mas Abdul","+628529...","WhatsApp","1 + 1","[object Object]","","https://www.rumah123.com/jual/cari/?location=jawa-tengah&itm_medium=search-suggestions-lokasi&itm_source=organic&quickLabel=Siap+Huni","Siap Huni",""
"https://www.rumah123.com/portal-img/_next/image/?url=https%3A%2F%2Fpicture.rumah123.com%2Fr123-images%2F720x420-crop%2Fcustomer%2F1308914%2Flisting%2Flas9221272%2Fenhanced%2Fbc5da9c4cd16da5b134f9d3c9e345fd6.jpg&w=3840&q=75","","","[object Object]","5","[object Object]","Tanah","","https://www.rumah123.com/jual/cari/?location=jawa-tengah&itm_medium=search-suggestions-lokasi&itm_source=organic&quickLabel=Bebas+Banjir","Bebas Banjir","","","Rp 510 Juta Total","Rp 2 Jutaan (Tenor 20 Tahun)","Rp 3 Jutaan (Tenor 15 Tahun)","https://www.rumah123.com/properti/semarang-semarang-timur/tanah-siap-bangun-di-panda-las9221272/","Tanah Siap Bangun di Panda","Semarang Timur, Semarang","Siap bangun, bebas banjir, lingkungan nyaman & tenang","","","","","100 m²","LT:","","","https://pic.rumah123.com/r123/250x250-fit/photo/1308914/13089141746802233.jpg","Diperbarui 9 jam yang lalu oleh","Tracy Property","+628880...","WhatsApp","","","","","",""
"https://www.rumah123.com/portal-img/_next/image/?url=https%3A%2F%2Fpicture.rumah123.com%2Fr123-images%2F720x420-crop%2Fcustomer%2F1718459%2F2023-05-28-02-03-39-58a72383-8992-4171-bd6f-1a4321e110fc.jpg&w=3840&q=75","","","[object Object]","9","[object Object]","Rumah","","https://www.rumah123.com/jual/cari/?location=jawa-tengah&itm_medium=search-suggestions-lokasi&itm_source=organic&quickLabel=Dekat+Sekolah","Dekat Sekolah","","","Rp 3,1 Miliar","Rp 15 Jutaan (Tenor 20 Tahun)","Rp 19 Jutaan (Tenor 15 Tahun)","https://www.rumah123.com/properti/semarang-tembalang/rumah-kost-2-lantai-ring-1undippolinespoltekes-unpand-tembalang-semarang-hos13851549/","Rumah kost 2 Lantai ring 1undip,polines,poltekes, unpand Tembalang Semarang","Tembalang, Semarang","RUMAH KOST Lokasi di RING 1 UNDIP TEMBALANG SEMARANG.    SELANGKAH DARI LAMPU MERAH   Investasi Paling Menjanjikan di Kota Semarang.  Kos Eksklusi...","16","[object Object]","16","[object Object]","210 m²","LT:","250 m²","LB:","https://pic.rumah123.com/r123/250x250-fit/photo/1718459/17184591667215148.jpg","Diperbarui 10 jam yang lalu oleh","Mas Abdul","+628529...","WhatsApp","1 + 2","[object Object]","","","",""
"https://www.rumah123.com/portal-img/_next/image/?url=https%3A%2F%2Fpicture.rumah123.com%2Fr123-images%2F720x420-crop%2Fcustomer%2F1718459%2Flisting%2Fkss271059%2Fenhanced%2Fc2cabd215cb210f9ed1772eb63ac8765.jpg&w=3840&q=75","","","[object Object]","11","[object Object]","Kost","","https://www.rumah123.com/jual/cari/?location=jawa-tengah&itm_medium=search-suggestions-lokasi&itm_source=organic&quickLabel=Dekat+Sekolah","Dekat Sekolah","","","Rp 6 Miliar","Rp 29 Jutaan (Tenor 20 Tahun)","Rp 37 Jutaan (Tenor 15 Tahun)","https://www.rumah123.com/properti/solo-solo-baru/dijual-kost-bangunan-baru-full-penghuni-belakang-kampus-uns-solo-kss271059/","Dijual Kost Bangunan Baru Full Penghuni Belakang Kampus Uns Solo.","Solo Baru, Solo","Dijual Kost Eksklusif Belakang Kampus UNS.   Spesifikasi:  Kost Bangunan Baru Luas Tanah 180m Bangunan 4 Lantai 21 Kamar Tidur | Kamar Mandi Dalam ...","21","[object Object]","22","[object Object]","180 m²","LT:","550 m²","LB:","https://pic.rumah123.com/r123/250x250-fit/photo/1718459/17184591667215148.jpg","Diperbarui 9 jam yang lalu oleh","Mas Abdul","+628529...","WhatsApp","15","[object Object]","","","",""
"https://www.rumah123.com/portal-img/_next/image/?url=https%3A%2F%2Fpicture.rumah123.com%2Fr123-images%2F720x420-crop%2Fcustomer%2F2168134%2F28ec9dde71990f6b54bc2c27584e0d63.jpg&w=3840&q=75","","","[object Object]","14","[object Object]","Rumah","","https://www.rumah123.com/jual/cari/?location=jawa-tengah&itm_medium=search-suggestions-lokasi&itm_source=organic&quickLabel=Dekat+Akses+Transportasi","Dekat Akses Transportasi","https://www.rumah123.com/jual/cari/?location=jawa-tengah&itm_medium=search-suggestions-lokasi&itm_source=organic&quickLabel=Dekat+Sekolah","Dekat Sekolah","Rp 350 Juta","Rp 1 Jutaan (Tenor 20 Tahun)","Rp 2 Jutaan (Tenor 15 Tahun)","https://www.rumah123.com/properti/semarang-ungaran/rumah-pesan-bangun-baru-ungaran-timur-16-menit-ke-tol-ungaran-hos41342574/","Ik Rumah Pesan Bangun Baru Ungaran Timur 16 Menit ke Tol Ungaran","Ungaran, Semarang","Di Jual Rumah Pesan Bangun Baru Ungaran Timur Type 36/60  Luas Tanah 60 m2 Luas Bangunan 36 m2 Kamar Tidur 2 Kamar Mandi 1 Listrik 1300 Watt  Hadap...","2","[object Object]","1","[object Object]","60 m²","LT:","36 m²","LB:","https://pic.rumah123.com/r123/250x250-fit/photo/2168134/21681341740472148.jpg","Diperbarui 10 jam yang lalu oleh","Indra","+628123...","WhatsApp","1","[object Object]","https://pic.rumah123.com/r123/100x100-fit/logo/20250312093118_gadingpro_semarang.png","","",""
"https://www.rumah123.com/portal-img/_next/image/?url=https%3A%2F%2Fpicture.rumah123.com%2Fr123-images%2F720x420-crop%2Fcustomer%2F2168134%2Fa30aea000c458ad12ac58cd4a82c0258.jpg&w=3840&q=75","","","[object Object]","17","[object Object]","Rumah","","https://www.rumah123.com/jual/cari/?location=jawa-tengah&itm_medium=search-suggestions-lokasi&itm_source=organic&quickLabel=Dekat+Akses+Transportasi","Dekat Akses Transportasi","https://www.rumah123.com/jual/cari/?location=jawa-tengah&itm_medium=search-suggestions-lokasi&itm_source=organic&quickLabel=Dekat+Sekolah","Dekat Sekolah","Rp 350 Juta","Rp 1 Jutaan (Tenor 20 Tahun)","Rp 2 Jutaan (Tenor 15 Tahun)","https://www.rumah123.com/properti/semarang-ungaran/rj-rumah-pesan-bangun-baru-ungaran-timur-15-menit-ke-tol-ungaran-hos41364899/","Rj Rumah Pesan Bangun Baru Ungaran Timur 15 Menit ke Tol Ungaran","Ungaran, Semarang","Di Jual Rumah Pesan Bangun Baru Ungaran Timur Type 36/60  Luas Tanah 60 m2 Luas Bangunan 36 m2 Kamar Tidur 2 Kamar Mandi 1 Listrik 1300 Watt  Hadap...","2","[object Object]","1","[object Object]","60 m²","LT:","36 m²","LB:","https://pic.rumah123.com/r123/250x250-fit/photo/2168134/21681341740472148.jpg","Diperbarui 10 jam yang lalu oleh","Indra","+628123...","WhatsApp","1","[object Object]","https://pic.rumah123.com/r123/100x100-fit/logo/20250312093118_gadingpro_semarang.png","","",""
"https://www.rumah123.com/portal-img/_next/image/?url=https%3A%2F%2Fpicture.rumah123.com%2Fr123-images%2F720x420-crop%2Fcustomer%2F1308914%2Fcc5d37ad9412627e072345d3d1ac7fb7.jpg&w=3840&q=85","","","[object Object]","3","[object Object]","Rumah","","","","","","Rp 5 Miliar","Rp 24 Jutaan (Tenor 20 Tahun)","Rp 31 Jutaan (Tenor 15 Tahun)","https://www.rumah123.com/properti/semarang-semarang-tengah/rumah-semarang-tengah-hos39361748/","Rumah Semarang Tengah","Semarang Tengah, Semarang","Tengah kota, jalan lebar, bisa untuk usaha","4","[object Object]","3","[object Object]","198 m²","LT:","175 m²","LB:","https://pic.rumah123.com/r123/250x250-fit/photo/1308914/13089141746802233.jpg","Diperbarui 10 jam yang lalu oleh","Tracy Property","+628880...","WhatsApp","1 + 1","[object Object]","","","",""
"https://www.rumah123.com/portal-img/_next/image/?url=https%3A%2F%2Fpicture.rumah123.com%2Fr123-images%2F720x420-crop%2Fcustomer%2F766707%2Flisting%2Ffas10048393%2Fenhanced%2F43daed65136eff7cd10465474ceda7e6.jpg&w=3840&q=75","","","[object Object]","7","[object Object]","Pabrik","","https://www.rumah123.com/jual/cari/?location=jawa-tengah&itm_medium=search-suggestions-lokasi&itm_source=organic&quickLabel=Dekat+Akses+Transportasi","Dekat Akses Transportasi","","","Rp 20 Miliar Total","Rp 98 Jutaan (Tenor 20 Tahun)","Rp 125 Jutaan (Tenor 15 Tahun)","https://www.rumah123.com/properti/klaten-klaten-selatan/pabrik-garment-aktif-lokasi-di-kab-klaten-jawa-tengah-fas10048393/","Pabrik Garment Aktif Lokasi di Kab. Klaten - Jawa Tengah","Klaten Selatan, Klaten","Dijual Pabrik Garment Aktif Lokasi di Kab. Klaten - Jawa Tengah  Luas Tanah : 6.600m2  (Tanah masih bisa diperluas hingga 1.5HA) Luas Bangunan : 2....","8","[object Object]","","","6600 m²","LT:","2500 m²","LB:","https://pic.rumah123.com/r123/250x250-fit/photo/766707/7667071575081739.jpg","Diperbarui 10 jam yang lalu oleh","Dicky Yogya","+628180...","WhatsApp","","","https://pic.rumah123.com/r123/100x100-fit/logo/20191128120540_temu_property.jpeg","","",""
"https://www.rumah123.com/portal-img/_next/image/?url=https%3A%2F%2Fpicture.rumah123.com%2Fr123-images%2F720x420-crop%2Fcustomer%2F2063454%2Flisting%2Fshs10045705%2Fenhanced%2F1f805eca7f72a6a3bb28838016a8423c.jpg&w=3840&q=75","","","[object Object]","5","[object Object]","Ruko","","","","","","Rp 10,5 Miliar Total","Rp 51 Jutaan (Tenor 20 Tahun)","Rp 66 Jutaan (Tenor 15 Tahun)","https://www.rumah123.com/properti/semarang-semarang-tengah/ruko-2-lantai-ex-resto-lokasi-strategis-tengah-kota-dekat-pusat-dagang-shs10045705/","Ruko 2 Lantai Ex Resto Lokasi Strategis Tengah Kota Dekat Pusat Dagang","Semarang Tengah, Semarang","10 menit ke Simpang Lima 500 m dari jalan MT Haryono Dekat Pusat Perdagangan Jalan Lebar 2 arah","2","[object Object]","","","480 m²","LT:","1200 m²","LB:","https://pic.rumah123.com/r123/250x250-fit/photo/2063454/20634541723532111.jpg","Diperbarui 10 jam yang lalu oleh","Elizabeth Ratna","+628112...","WhatsApp","","","https://pic.rumah123.com/r123/100x100-fit/logo/11318_logosubcomp.jpg","","",""
"https://www.rumah123.com/portal-img/_next/image/?url=https%3A%2F%2Fpicture.rumah123.com%2Fr123-images%2F720x420-crop%2Fcustomer%2F2168134%2Fbfa7aa55e2bf8d7499c41363bad0f98b.jpg&w=3840&q=75","","","[object Object]","7","[object Object]","Rumah","","https://www.rumah123.com/jual/cari/?location=jawa-tengah&itm_medium=search-suggestions-lokasi&itm_source=organic&quickLabel=Dekat+Akses+Transportasi","Dekat Akses Transportasi","https://www.rumah123.com/jual/cari/?location=jawa-tengah&itm_medium=search-suggestions-lokasi&itm_source=organic&quickLabel=Dekat+Sekolah","Dekat Sekolah","Rp 750 Juta","Rp 3 Jutaan (Tenor 20 Tahun)","Rp 4 Jutaan (Tenor 15 Tahun)","https://www.rumah123.com/properti/semarang-semarang-timur/rj-rumah-hitung-tanah-gajah-timur-semarang-timur-hos39647952/","Rj Rumah Hitung Tanah Gajah Timur Semarang Timur","Semarang Timur, Semarang","Dekat Dengan Masjid Agung Jawa Tengah  Dekat Dengan UPGRIS Deket Dengan Swalayan Modern Dekat Dengan akses tol Gayamsari  Dekat Dengan Pasar Gayams...","3","[object Object]","2","[object Object]","137 m²","LT:","90 m²","LB:","https://pic.rumah123.com/r123/250x250-fit/photo/2168134/21681341740472148.jpg","Diperbarui 10 jam yang lalu oleh","Indra","+628123...","WhatsApp","1 + 1","[object Object]","https://pic.rumah123.com/r123/100x100-fit/logo/20250312093118_gadingpro_semarang.png","https://www.rumah123.com/jual/cari/?location=jawa-tengah&itm_medium=search-suggestions-lokasi&itm_source=organic&quickLabel=Dekat+Tempat+Ibadah","Dekat Tempat Ibadah",""
"https://www.rumah123.com/portal-img/_next/image/?url=https%3A%2F%2Fpicture.rumah123.com%2Fr123-images%2F720x420-crop%2Fcustomer%2F2168134%2F9fd9db385c3621634b2b08e626910be4.jpg&w=3840&q=75","","","[object Object]","5","[object Object]","Rumah","","https://www.rumah123.com/jual/cari/?location=jawa-tengah&itm_medium=search-suggestions-lokasi&itm_source=organic&quickLabel=Dekat+Sekolah","Dekat Sekolah","https://www.rumah123.com/jual/cari/?location=jawa-tengah&itm_medium=search-suggestions-lokasi&itm_source=organic&quickLabel=Dekat+Fasilitas+Kesehatan","Dekat Fasilitas Kesehatan","Rp 790 Juta","Rp 3 Jutaan (Tenor 20 Tahun)","Rp 4 Jutaan (Tenor 15 Tahun)","https://www.rumah123.com/properti/semarang-sambiroto/rj-rumah-pesan-bangun-baru-15-menit-ke-kampus-undip-tembalang-hos41466446/","Rj Rumah Pesan Bangun Baru 15 Menit ke Kampus Undip Tembalang","Sambiroto, Semarang","Dekat Kampus Undip Tembalang  Dekat Dengan Rumah Sakit Primaraya  Dekat Dengan RSUD Wongsonegoro  Dekat","3","[object Object]","2","[object Object]","70 m²","LT:","60 m²","LB:","https://pic.rumah123.com/r123/250x250-fit/photo/2168134/21681341740472148.jpg","Diperbarui 7 jam yang lalu oleh","Indra","+628123...","WhatsApp","1","[object Object]","https://pic.rumah123.com/r123/100x100-fit/logo/20250312093118_gadingpro_semarang.png","","",""
"https://www.rumah123.com/portal-img/_next/image/?url=https%3A%2F%2Fpicture.rumah123.com%2Fr123-images%2F720x420-crop%2Fcustomer%2F1791408%2F68c5d9336f6c33fb9bf02540e758d208.jpg&w=3840&q=75","","","[object Object]","15","[object Object]","Rumah","","https://www.rumah123.com/jual/cari/?location=jawa-tengah&itm_medium=search-suggestions-lokasi&itm_source=organic&quickLabel=Subsidi","Subsidi","https://www.rumah123.com/jual/cari/?location=jawa-tengah&itm_medium=search-suggestions-lokasi&itm_source=organic&quickLabel=Bisa+Nego","Bisa Nego","Rp 21 Miliar","Rp 103 Jutaan (Tenor 20 Tahun)","Rp 132 Jutaan (Tenor 15 Tahun)","https://www.rumah123.com/properti/semarang-bsb-city/di-jual-rumah-mewah-di-cluster-sultan-puri-agra-golf-bsb-hos39375682/","Di Jual Rumah Mewah Di Cluster Sultan Puri Agra Golf - Bsb","BSB City, Semarang","Kesempatan terbatas buat Anda dapatkan rumah strategis dengan return investasi tinggi di BSB City, Semarang.  Rumah ini menawarkan kelengkapan fasi...","5","[object Object]","7","[object Object]","900 m²","LT:","900 m²","LB:","https://picture.rumah123.com/r123-images/250x250-fit/customer/1791408/01afdc7e8ad141524d90891e9ac44486.jpg","Diperbarui 9 jam yang lalu oleh","Arsty Angsoka dewi","+628222...","WhatsApp","1 + 1","[object Object]","https://pic.rumah123.com/r123/100x100-fit/logo/11318_logosubcomp.jpg","https://www.rumah123.com/jual/cari/?location=jawa-tengah&itm_medium=search-suggestions-lokasi&itm_source=organic&quickLabel=Siap+Huni","Siap Huni",""
"https://www.rumah123.com/portal-img/_next/image/?url=https%3A%2F%2Fpicture.rumah123.com%2Fr123-images%2F720x420-crop%2Fcustomer%2F1791408%2Ffe80e8d91c050562e3faba7719e6e764.jpg&w=3840&q=75","","","[object Object]","10","[object Object]","Ruang Usaha","","https://www.rumah123.com/jual/cari/?location=jawa-tengah&itm_medium=search-suggestions-lokasi&itm_source=organic&quickLabel=Siap+Huni","Siap Huni","","","Rp 60 Miliar Total","Rp 294 Jutaan (Tenor 20 Tahun)","Rp 377 Jutaan (Tenor 15 Tahun)","https://www.rumah123.com/properti/semarang-semarang-tengah/ruang-usaha-luas-siap-huni-strategis-di-jalan-pandanaran-semarang-kota-css4514212/","Ruang Usaha Luas Siap Huni Strategis di Jalan Pandanaran Semarang Kota","Semarang Tengah, Semarang","Ruang Usaha Luas Siap Huni Strategis di Jalan Pandanaran Semarang  3 Lantai 3 Toilet AC PAM 131Rb KVA' Hadap Utara Parkiran Total 15 Mobil","3","[object Object]","","","1000 m²","LT:","800 m²","LB:","https://picture.rumah123.com/r123-images/250x250-fit/customer/1791408/01afdc7e8ad141524d90891e9ac44486.jpg","Diperbarui 10 jam yang lalu oleh","Arsty Angsoka dewi","+628222...","WhatsApp","","","https://pic.rumah123.com/r123/100x100-fit/logo/11318_logosubcomp.jpg","","",""
"https://www.rumah123.com/portal-img/_next/image/?url=https%3A%2F%2Fpicture.rumah123.com%2Fr123-images%2F720x420-crop%2Fcustomer%2F1791408%2Fe8e7943220e1fd8f707193ace6ae47a3.jpg&w=3840&q=75","","","[object Object]","11","[object Object]","Rumah","","https://www.rumah123.com/jual/cari/?location=jawa-tengah&itm_medium=search-suggestions-lokasi&itm_source=organic&quickLabel=Bisa+Nego","Bisa Nego","https://www.rumah123.com/jual/cari/?location=jawa-tengah&itm_medium=search-suggestions-lokasi&itm_source=organic&quickLabel=Siap+Huni","Siap Huni","Rp 700 Juta","Rp 3 Jutaan (Tenor 20 Tahun)","Rp 4 Jutaan (Tenor 15 Tahun)","https://www.rumah123.com/properti/semarang-jatingaleh/jual-rumah-strategis-di-jatingaleh-semarang-hos39450066/","Jual Rumah Strategis Di Jatingaleh Semarang","Jatingaleh, Semarang","Rumah bergaya minimalis di Jatingaleh.  Dapatkan rumah 1 lantai yang asri ini,  dijual dengan pemandangan indah yang menambah nilai estetika di lin...","2","[object Object]","1","[object Object]","105 m²","LT:","45 m²","LB:","https://picture.rumah123.com/r123-images/250x250-fit/customer/1791408/01afdc7e8ad141524d90891e9ac44486.jpg","Diperbarui 10 jam yang lalu oleh","Arsty Angsoka dewi","+628222...","WhatsApp","1","[object Object]","https://pic.rumah123.com/r123/100x100-fit/logo/11318_logosubcomp.jpg","https://www.rumah123.com/jual/cari/?location=jawa-tengah&itm_medium=search-suggestions-lokasi&itm_source=organic&quickLabel=Bebas+Banjir","Bebas Banjir",""
"https://www.rumah123.com/portal-img/_next/image/?url=https%3A%2F%2Fpicture.rumah123.com%2Fr123-images%2F720x420-crop%2Fcustomer%2F1791408%2Fff4853c3192a54c6d5cb8f986494dc93.jpg&w=3840&q=75","","","[object Object]","8","[object Object]","Rumah","","https://www.rumah123.com/jual/cari/?location=jawa-tengah&itm_medium=search-suggestions-lokasi&itm_source=organic&quickLabel=Bisa+Nego","Bisa Nego","https://www.rumah123.com/jual/cari/?location=jawa-tengah&itm_medium=search-suggestions-lokasi&itm_source=organic&quickLabel=Bebas+Banjir","Bebas Banjir","Rp 600 Juta","Rp 2 Jutaan (Tenor 20 Tahun)","Rp 3 Jutaan (Tenor 15 Tahun)","https://www.rumah123.com/properti/semarang-banyumanik/dijual-tanah-durian-banyumanik-10-menit-undip-hos41132136/","Dijual Tanah Durian Banyumanik 10 Menit Undip","Banyumanik, Semarang","Rumah 1 lantai di Banyumanik, Semarang.  Dijual rumah di wilayah yang tenang dengan pemandangan Lokasi di Pusat Kota. Properti 1 lantai ini berada ...","","","","","120 m²","LT:","120 m²","LB:","https://picture.rumah123.com/r123-images/250x250-fit/customer/1791408/01afdc7e8ad141524d90891e9ac44486.jpg","Diperbarui 8 jam yang lalu oleh","Arsty Angsoka dewi","+628222...","WhatsApp","","","https://pic.rumah123.com/r123/100x100-fit/logo/11318_logosubcomp.jpg","https://www.rumah123.com/jual/cari/?location=jawa-tengah&itm_medium=search-suggestions-lokasi&itm_source=organic&quickLabel=Dekat+Sekolah","Dekat Sekolah",""
"https://www.rumah123.com/portal-img/_next/image/?url=https%3A%2F%2Fpicture.rumah123.com%2Fr123-images%2F720x420-crop%2Fcustomer%2F1791408%2Flisting%2Fhos41577904%2Fenhanced%2F0e822d3230d4dfb6417f48e5592172c9.jpg&w=3840&q=75","","","[object Object]","18","[object Object]","Rumah","","https://www.rumah123.com/jual/cari/?location=jawa-tengah&itm_medium=search-suggestions-lokasi&itm_source=organic&quickLabel=Bisa+Nego","Bisa Nego","https://www.rumah123.com/jual/cari/?location=jawa-tengah&itm_medium=search-suggestions-lokasi&itm_source=organic&quickLabel=Bebas+Banjir","Bebas Banjir","Rp 900 Juta","Rp 4 Jutaan (Tenor 20 Tahun)","Rp 5 Jutaan (Tenor 15 Tahun)","https://www.rumah123.com/properti/semarang-semarang-barat/dijual-cepat-rumah-murah-di-puri-mediterania-semarang-hos41577904/","Dijual Cepat Rumah Murah di Puri Mediterania Semarang","Semarang Barat, Semarang","Rumah 3 lantai di Semarang Barat, Semarang.  For sale rumah di wilayah yang nyaman dengan pemandangan Dekat Kawasan Bisnis & Industri. Properti 3 l...","4","[object Object]","3","[object Object]","144 m²","LT:","120 m²","LB:","https://picture.rumah123.com/r123-images/250x250-fit/customer/1791408/01afdc7e8ad141524d90891e9ac44486.jpg","Diperbarui 9 jam yang lalu oleh","Arsty Angsoka dewi","+628222...","WhatsApp","1","[object Object]","https://pic.rumah123.com/r123/100x100-fit/logo/11318_logosubcomp.jpg","https://www.rumah123.com/jual/cari/?location=jawa-tengah&itm_medium=search-suggestions-lokasi&itm_source=organic&quickLabel=Dekat+Akses+Transportasi","Dekat Akses Transportasi",""
"https://www.rumah123.com/portal-img/_next/image/?url=https%3A%2F%2Fpicture.rumah123.com%2Fr123-images%2F720x420-crop%2Fcustomer%2F2168134%2F1bbe950686b3943afeca2860ac51e7e0.jpg&w=3840&q=75","","","","1","[object Object]","Rumah","","https://www.rumah123.com/jual/cari/?location=jawa-tengah&itm_medium=search-suggestions-lokasi&itm_source=organic&quickLabel=Siap+Huni","Siap Huni","https://www.rumah123.com/jual/cari/?location=jawa-tengah&itm_medium=search-suggestions-lokasi&itm_source=organic&quickLabel=Dekat+Akses+Transportasi","Dekat Akses Transportasi","Rp 1,7 Miliar","Rp 8 Jutaan (Tenor 20 Tahun)","Rp 10 Jutaan (Tenor 15 Tahun)","https://www.rumah123.com/properti/semarang-semarang-barat/rumah-siap-huni-cluster-graha-padma-hos39064380/","Rumah Siap Huni Cluster Graha Padma","Semarang Barat, Semarang","Dekat Dengan Bandara Internasional Ahmad Yani Kota Semarang  Dekat Dengan Tol Krapyak  Dekat Dengan Rumah Sakit Colombia Asia  Dekat Dengan Pelabuh...","3","[object Object]","2","[object Object]","153 m²","LT:","64 m²","LB:","https://pic.rumah123.com/r123/250x250-fit/photo/2168134/21681341740472148.jpg","Diperbarui 10 jam yang lalu oleh","Indra","+628123...","WhatsApp","1","[object Object]","https://pic.rumah123.com/r123/100x100-fit/logo/20250312093118_gadingpro_semarang.png","https://www.rumah123.com/jual/cari/?location=jawa-tengah&itm_medium=search-suggestions-lokasi&itm_source=organic&quickLabel=Dekat+Fasilitas+Kesehatan","Dekat Fasilitas Kesehatan",""
"https://www.rumah123.com/portal-img/_next/image/?url=https%3A%2F%2Fpicture.rumah123.com%2Fr123-images%2F720x420-crop%2Fcustomer%2F766707%2Flisting%2Ffas10048382%2Fenhanced%2Fb4fcb4c34289821a312256f4598bbb05.jpg&w=3840&q=75","","","[object Object]","8","[object Object]","Pabrik","","https://www.rumah123.com/jual/cari/?location=jawa-tengah&itm_medium=search-suggestions-lokasi&itm_source=organic&quickLabel=Siap+Huni","Siap Huni","https://www.rumah123.com/jual/cari/?location=jawa-tengah&itm_medium=search-suggestions-lokasi&itm_source=organic&quickLabel=Dekat+Akses+Transportasi","Dekat Akses Transportasi","Rp 35 Miliar Total","Rp 171 Jutaan (Tenor 20 Tahun)","Rp 220 Jutaan (Tenor 15 Tahun)","https://www.rumah123.com/properti/pekalongan-pekalongan-utara/pabrik-kondisi-baru-dan-siap-pakai-di-pekalongan-jawa-tengah-fas10048382/","Pabrik Kondisi Baru dan Siap Pakai di Pekalongan Jawa Tengah","Pekalongan Utara, Pekalongan","Dijual Pabrik Kondisi Baru dan siap pakai di Pekalongan Jawa Tengah  Lokasi di Kab.Pekalongan Jawa Tengah - Indonesia  Spesifikasi :  Luas Tanah : ...","10","[object Object]","","","11424 m²","LT:","4000 m²","LB:","https://pic.rumah123.com/r123/250x250-fit/photo/766707/7667071575081739.jpg","Diperbarui 10 jam yang lalu oleh","Dicky Yogya","+628180...","WhatsApp","","","https://pic.rumah123.com/r123/100x100-fit/logo/20191128120540_temu_property.jpeg","","",""
"https://www.rumah123.com/portal-img/_next/image/?url=https%3A%2F%2Fpicture.rumah123.com%2Fr123-images%2F720x420-crop%2Fcustomer%2F1136502%2F8faf301b9c33825438bd3cff4bbea823.jpg&w=3840&q=75","","","[object Object]","5","[object Object]","Kost","","https://www.rumah123.com/jual/cari/?location=jawa-tengah&itm_medium=search-suggestions-lokasi&itm_source=organic&quickLabel=Siap+Huni","Siap Huni","","","Rp 3 Miliar","Rp 14 Jutaan (Tenor 20 Tahun)","Rp 18 Jutaan (Tenor 15 Tahun)","https://www.rumah123.com/properti/pemalang-pemalang/rumah-kost-murah-pemalang-siap-huni-cocok-untuk-investasi-jangka-panjang-kss183772/","Rumah Kost Murah Pemalang Siap Huni Cocok untuk Investasi Jangka Panjang","Pemalang, Pemalang","Rumah kost pemalang Lt 415 lb 215 kt 10 km 4 shm harga 3M nego cocok untuk investasi jangka panjang dll","12","[object Object]","12","[object Object]","415 m²","LT:","215 m²","LB:","https://pic.rumah123.com/r123/250x250-fit/photo/1136502/11365021574918102.jpg","Diperbarui 10 jam yang lalu oleh","Ermawati","+628128...","WhatsApp","5","[object Object]","https://pic.rumah123.com/r123/100x100-fit/logo/20240217015055_gadingpro.jpeg","","",""
"https://www.rumah123.com/portal-img/_next/image/?url=https%3A%2F%2Fpicture.rumah123.com%2Fr123-images%2F720x420-crop%2Fcustomer%2F1136502%2F0e90d2e693cf96fa257a1253a8f31961.jpg&w=3840&q=75","","","[object Object]","11","[object Object]","Tanah","","","","","","Rp 1,1 Miliar Total","Rp 5 Jutaan (Tenor 20 Tahun)","Rp 6 Jutaan (Tenor 15 Tahun)","https://www.rumah123.com/properti/pemalang-pemalang/tanah-murah-pemalang-pinggir-jalan-cocok-untuk-ruko-peruhamahan-invest-lainnya-las8918451/","Tanah Murah Pemalang Pinggir Jalan Cocok Untuk Ruko Peruhamahan Invest Lainnya","Pemalang, Pemalang","Dijual cepat Tahan pemalang pinggir jalan dekat sekolahan,jalan besar  lt 1820 harga 1.5M nego cocok untuk perumahan ruko, dan bisnis lainnya inves...","","","","","1630 m²","LT:","","","https://pic.rumah123.com/r123/250x250-fit/photo/1136502/11365021574918102.jpg","Diperbarui 10 jam yang lalu oleh","Ermawati","+628128...","WhatsApp","","","https://pic.rumah123.com/r123/100x100-fit/logo/20240217015055_gadingpro.jpeg","","",""
"https://www.rumah123.com/portal-img/_next/image/?url=https%3A%2F%2Fpicture.rumah123.com%2Fr123-images%2F720x420-crop%2Fcustomer%2F4400821%2F8d1958a2eb273fc9cf5a6211014a8c7e.jpg&w=3840&q=75","","","[object Object]","9","[object Object]","Rumah","","https://www.rumah123.com/jual/cari/?location=jawa-tengah&itm_medium=search-suggestions-lokasi&itm_source=organic&quickLabel=Dekat+Sekolah","Dekat Sekolah","","","Rp 1,9 Miliar","Rp 9 Jutaan (Tenor 20 Tahun)","Rp 11 Jutaan (Tenor 15 Tahun)","https://www.rumah123.com/properti/solo-banjarsari/rumah-solo-murah-dekat-luwes-nusukan-hos41293364/","Rumah Solo Murah Dekat Luwes Nusukan","Banjarsari, Solo","Rumah 1 lantai di Banjarsari, Solo.  Kategorinya adalah sebagai berikut:    - Kamar Tidur: 3   - Kamar Mandi: 4   - Sertifikat: SHM - Sertifikat Ha...","3 + 1","[object Object]","4 + 1","[object Object]","350 m²","LT:","250 m²","LB:","https://pic.rumah123.com/r123/250x250-fit/photo/4400821/44008211758681176.jpg","Diperbarui 9 jam yang lalu oleh","Selvi Liem","+628123...","WhatsApp","3","[object Object]","https://pic.rumah123.com/r123/100x100-fit/logo/20190701123328_irea_solo.jpeg","","",""
"https://www.rumah123.com/portal-img/_next/image/?url=https%3A%2F%2Fpicture.rumah123.com%2Fr123-images%2F720x420-crop%2Fcustomer%2F4400821%2Ffdf6e77fbe80cb360e9cfaf80c4e6f54.jpg&w=3840&q=75","","","[object Object]","13","[object Object]","Gudang","","https://www.rumah123.com/jual/cari/?location=jawa-tengah&itm_medium=search-suggestions-lokasi&itm_source=organic&quickLabel=Siap+Huni","Siap Huni","https://www.rumah123.com/jual/cari/?location=jawa-tengah&itm_medium=search-suggestions-lokasi&itm_source=organic&quickLabel=Bebas+Banjir","Bebas Banjir","Rp 9,5 Miliar Total","Rp 46 Jutaan (Tenor 20 Tahun)","Rp 59 Jutaan (Tenor 15 Tahun)","https://www.rumah123.com/properti/solo-banjarsari/gudang-solo-murah-akses-kontainer-was9657598/","Gudang Solo Murah Akses Kontainer","Banjarsari, Solo","Gudang Siap Pakai For sale di wilayah yang tenang. Dengan rinciannya adalah sebagai berikut:   - Kamar Mandi: 4   - Sertifikat: SHM - Sertifikat Ha...","4","[object Object]","","","1329 m²","LT:","2000 m²","LB:","https://pic.rumah123.com/r123/250x250-fit/photo/4400821/44008211758681176.jpg","Diperbarui 10 jam yang lalu oleh","Selvi Liem","+628123...","WhatsApp","","","https://pic.rumah123.com/r123/100x100-fit/logo/20190701123328_irea_solo.jpeg","","",""
"https://www.rumah123.com/portal-img/_next/image/?url=https%3A%2F%2Fpicture.rumah123.com%2Fr123-images%2F720x420-crop%2Fcustomer%2F4400821%2F62e1249c7b2d0c383a17c4cddc1317b2.jpg&w=3840&q=75","","","[object Object]","9","[object Object]","Rumah","","https://www.rumah123.com/jual/cari/?location=jawa-tengah&itm_medium=search-suggestions-lokasi&itm_source=organic&quickLabel=Siap+Huni","Siap Huni","https://www.rumah123.com/jual/cari/?location=jawa-tengah&itm_medium=search-suggestions-lokasi&itm_source=organic&quickLabel=Bebas+Banjir","Bebas Banjir","Rp 1,8 Miliar","Rp 8 Jutaan (Tenor 20 Tahun)","Rp 11 Jutaan (Tenor 15 Tahun)","https://www.rumah123.com/properti/solo-banjarsari/dijual-rumah-solo-siap-huni-dekat-terminal-gilingan-hos40225056/","Dijual Rumah Solo Siap Huni Dekat Terminal Gilingan","Banjarsari, Solo","Rumah 1 lantai di Banjarsari, Solo.  Dijual rumah di wilayah yang tenang dengan pemandangan perkotaan. Properti 1 lantai bergaya minimalist modern ...","3","[object Object]","3 + 1","[object Object]","173 m²","LT:","220 m²","LB:","https://pic.rumah123.com/r123/250x250-fit/photo/4400821/44008211758681176.jpg","Diperbarui 10 jam yang lalu oleh","Selvi Liem","+628123...","WhatsApp","1 + 2","[object Object]","https://pic.rumah123.com/r123/100x100-fit/logo/20190701123328_irea_solo.jpeg","https://www.rumah123.com/jual/cari/?location=jawa-tengah&itm_medium=search-suggestions-lokasi&itm_source=organic&quickLabel=Dekat+Akses+Transportasi","Dekat Akses Transportasi",""
"https://www.rumah123.com/portal-img/_next/image/?url=https%3A%2F%2Fpicture.rumah123.com%2Fr123-images%2F720x420-crop%2Fcustomer%2F4400821%2F00874e7266b6cbf4a20376ac07417e18.jpg&w=3840&q=75","","","[object Object]","7","[object Object]","Rumah","","https://www.rumah123.com/jual/cari/?location=jawa-tengah&itm_medium=search-suggestions-lokasi&itm_source=organic&quickLabel=Siap+Huni","Siap Huni","https://www.rumah123.com/jual/cari/?location=jawa-tengah&itm_medium=search-suggestions-lokasi&itm_source=organic&quickLabel=Bebas+Banjir","Bebas Banjir","Rp 1,5 Miliar","Rp 7 Jutaan (Tenor 20 Tahun)","Rp 9 Jutaan (Tenor 15 Tahun)","https://www.rumah123.com/properti/solo-banjarsari/dijual-rumah-solo-dekat-stadion-manahan-hos40164092/","Dijual Rumah Solo Dekat Stadion Manahan","Banjarsari, Solo","Rumah bergaya minimalis di Banjarsari.  Temukan rumah 1 lantai yang asri ini,  dijual dengan pemandangan perkotaan yang menambah nilai estetika di ...","3","[object Object]","2","[object Object]","206 m²","LT:","150 m²","LB:","https://pic.rumah123.com/r123/250x250-fit/photo/4400821/44008211758681176.jpg","Diperbarui 10 jam yang lalu oleh","Selvi Liem","+628123...","WhatsApp","3","[object Object]","https://pic.rumah123.com/r123/100x100-fit/logo/20190701123328_irea_solo.jpeg","https://www.rumah123.com/jual/cari/?location=jawa-tengah&itm_medium=search-suggestions-lokasi&itm_source=organic&quickLabel=Dekat+Akses+Transportasi","Dekat Akses Transportasi",""
"https://www.rumah123.com/portal-img/_next/image/?url=https%3A%2F%2Fpicture.rumah123.com%2Fr123-images%2F720x420-crop%2Fcustomer%2F4400821%2Feaff0c71aaa480995aea4a752e8b007a.jpg&w=3840&q=75","","","[object Object]","17","[object Object]","Apartemen","","https://www.rumah123.com/jual/cari/?location=jawa-tengah&itm_medium=search-suggestions-lokasi&itm_source=organic&quickLabel=Dekat+Akses+Transportasi","Dekat Akses Transportasi","https://www.rumah123.com/jual/cari/?location=jawa-tengah&itm_medium=search-suggestions-lokasi&itm_source=organic&quickLabel=Dekat+Pusat+Perbelanjaan","Dekat Pusat Perbelanjaan","Rp 1,5 Miliar","Rp 7 Jutaan (Tenor 20 Tahun)","Rp 9 Jutaan (Tenor 15 Tahun)","https://www.rumah123.com/properti/solo-banjarsari/apartemen-solo-dijual-area-mall-solo-paragon-aps7518873/","Apartemen Solo Dijual Area Mall Solo Paragon","Banjarsari, Solo","Apartemen Dijual di Solo.  For sale di wilayah yang tenang. Dengan kategorinya adalah sebagai berikut:   - Kamar Tidur: 3   - Kamar Mandi: 2   - Se...","3","[object Object]","2","[object Object]","75 m²","LB:","","","https://pic.rumah123.com/r123/250x250-fit/photo/4400821/44008211758681176.jpg","Diperbarui 10 jam yang lalu oleh","Selvi Liem","+628123...","WhatsApp","","","https://pic.rumah123.com/r123/100x100-fit/logo/20190701123328_irea_solo.jpeg","","",""
"https://www.rumah123.com/portal-img/_next/image/?url=https%3A%2F%2Fpicture.rumah123.com%2Fr123-images%2F720x420-crop%2Fcustomer%2F4400821%2F0caaf031dcc154846b546a173a43e7fc.jpg&w=3840&q=75","","","[object Object]","7","[object Object]","Ruko","","https://www.rumah123.com/jual/cari/?location=jawa-tengah&itm_medium=search-suggestions-lokasi&itm_source=organic&quickLabel=Dekat+Akses+Transportasi","Dekat Akses Transportasi","https://www.rumah123.com/jual/cari/?location=jawa-tengah&itm_medium=search-suggestions-lokasi&itm_source=organic&quickLabel=Dekat+Pusat+Perbelanjaan","Dekat Pusat Perbelanjaan","Rp 3,1 Miliar Total","Rp 15 Jutaan (Tenor 20 Tahun)","Rp 19 Jutaan (Tenor 15 Tahun)","https://www.rumah123.com/properti/solo-banjarsari/ruko-dijual-di-solo-dekat-stasiun-balapan-shs9777838/","Ruko Dijual di Solo Dekat Stasiun Balapan","Banjarsari, Solo","Dijual Ruko di Solo Kota   Kondisi properti ini bagus dengan detail properti sebagai berikut:   - Kamar Mandi: 3   - Sertifikat: SHM - Sertifikat H...","3","[object Object]","","","118 m²","LT:","260 m²","LB:","https://pic.rumah123.com/r123/250x250-fit/photo/4400821/44008211758681176.jpg","Diperbarui 10 jam yang lalu oleh","Selvi Liem","+628123...","WhatsApp","","","https://pic.rumah123.com/r123/100x100-fit/logo/20190701123328_irea_solo.jpeg","","",""
"https://www.rumah123.com/portal-img/_next/image/?url=https%3A%2F%2Fpicture.rumah123.com%2Fr123-images%2F720x420-crop%2Fcustomer%2F4400821%2F4a61b5535710d857334ce497ddd13dd8.jpg&w=3840&q=85","","","[object Object]","3","[object Object]","Ruko","","https://www.rumah123.com/jual/cari/?location=jawa-tengah&itm_medium=search-suggestions-lokasi&itm_source=organic&quickLabel=Dekat+Pusat+Perbelanjaan","Dekat Pusat Perbelanjaan","","","Rp 2,4 Miliar Total","Rp 11 Jutaan (Tenor 20 Tahun)","Rp 15 Jutaan (Tenor 15 Tahun)","https://www.rumah123.com/properti/solo-banjarsari/ruko-solo-dijual-dekat-pasar-klewer-shs9815982/","Ruko Solo Dijual Dekat Pasar Klewer","Banjarsari, Solo","Dijual Ruko di Solo Dekat Pasar Klewer  Spesifikasi Utama Properti:   - Kamar Mandi: 2   - Sertifikat: SHM - Sertifikat Hak Milik   - Daya Listrik:...","2","[object Object]","","","87 m²","LT:","150 m²","LB:","https://pic.rumah123.com/r123/250x250-fit/photo/4400821/44008211758681176.jpg","Diperbarui 10 jam yang lalu oleh","Selvi Liem","+628123...","WhatsApp","","","https://pic.rumah123.com/r123/100x100-fit/logo/20190701123328_irea_solo.jpeg","","",""
"https://www.rumah123.com/portal-img/_next/image/?url=https%3A%2F%2Fpicture.rumah123.com%2Fr123-images%2F720x420-crop%2Fcustomer%2F4400821%2F2fef10f4e1c3feed0647fae1db207f9b.jpg&w=3840&q=75","","","[object Object]","8","[object Object]","Rumah","","https://www.rumah123.com/jual/cari/?location=jawa-tengah&itm_medium=search-suggestions-lokasi&itm_source=organic&quickLabel=Siap+Huni","Siap Huni","https://www.rumah123.com/jual/cari/?location=jawa-tengah&itm_medium=search-suggestions-lokasi&itm_source=organic&quickLabel=Bebas+Banjir","Bebas Banjir","Rp 335 Juta","Rp 1 Jutaan (Tenor 20 Tahun)","Rp 2 Jutaan (Tenor 15 Tahun)","https://www.rumah123.com/properti/solo-solo-baru/dijual-rumah-solo-baru-dekat-pakuwon-mall-hos40198820/","Dijual Rumah Solo Baru Dekat Pakuwon Mall","Solo Baru, Solo","Rumah bergaya minimalist modern di Solo Baru.  Temukan rumah 1 lantai yang nyaman ini,  dijual dengan pemandangan perkotaan yang menambah nilai est...","2","[object Object]","1","[object Object]","98 m²","LT:","60 m²","LB:","https://pic.rumah123.com/r123/250x250-fit/photo/4400821/44008211758681176.jpg","Diperbarui 10 jam yang lalu oleh","Selvi Liem","+628123...","WhatsApp","1","[object Object]","https://pic.rumah123.com/r123/100x100-fit/logo/20190701123328_irea_solo.jpeg","https://www.rumah123.com/jual/cari/?location=jawa-tengah&itm_medium=search-suggestions-lokasi&itm_source=organic&quickLabel=Dekat+Pusat+Perbelanjaan","Dekat Pusat Perbelanjaan",""
"https://www.rumah123.com/portal-img/_next/image/?url=https%3A%2F%2Fpicture.rumah123.com%2Fr123-images%2F720x420-crop%2Fcustomer%2F4400821%2Fceed275039e494e264bdbee68e720597.jpg&w=3840&q=75","","","[object Object]","13","[object Object]","Rumah","","https://www.rumah123.com/jual/cari/?location=jawa-tengah&itm_medium=search-suggestions-lokasi&itm_source=organic&quickLabel=Siap+Huni","Siap Huni","https://www.rumah123.com/jual/cari/?location=jawa-tengah&itm_medium=search-suggestions-lokasi&itm_source=organic&quickLabel=Bebas+Banjir","Bebas Banjir","Rp 1 Miliar","Rp 4 Jutaan (Tenor 20 Tahun)","Rp 6 Jutaan (Tenor 15 Tahun)","https://www.rumah123.com/properti/solo-banjarsari/rumah-solo-dijual-dekat-luwes-gentan-hos40173501/","Rumah Solo Dijual Dekat Luwes Gentan","Banjarsari, Solo","For sale rumah di wilayah yang tenang dengan pemandangan perkotaan. Properti 1 lantai bergaya modern ini berada di lingkungan yang mudah dijangkau....","3 + 1","[object Object]","3 + 1","[object Object]","150 m²","LT:","120 m²","LB:","https://pic.rumah123.com/r123/250x250-fit/photo/4400821/44008211758681176.jpg","Diperbarui 10 jam yang lalu oleh","Selvi Liem","+628123...","WhatsApp","1","[object Object]","https://pic.rumah123.com/r123/100x100-fit/logo/20190701123328_irea_solo.jpeg","https://www.rumah123.com/jual/cari/?location=jawa-tengah&itm_medium=search-suggestions-lokasi&itm_source=organic&quickLabel=Dekat+Pusat+Perbelanjaan","Dekat Pusat Perbelanjaan",""
"https://www.rumah123.com/portal-img/_next/image/?url=https%3A%2F%2Fpicture.rumah123.com%2Fr123-images%2F720x420-crop%2Fcustomer%2F4400821%2F66047bc20388f57296a16d33ea53ba25.jpg&w=3840&q=75","","","[object Object]","9","[object Object]","Rumah","","https://www.rumah123.com/jual/cari/?location=jawa-tengah&itm_medium=search-suggestions-lokasi&itm_source=organic&quickLabel=Dekat+Sekolah","Dekat Sekolah","https://www.rumah123.com/jual/cari/?location=jawa-tengah&itm_medium=search-suggestions-lokasi&itm_source=organic&quickLabel=Dekat+Fasilitas+Kesehatan","Dekat Fasilitas Kesehatan","Rp 1,3 Miliar","Rp 6 Jutaan (Tenor 20 Tahun)","Rp 8 Jutaan (Tenor 15 Tahun)","https://www.rumah123.com/properti/solo-jebres/dijual-rumah-di-solo-jebres-dekat-kampus-uns-hos41367438/","Dijual Rumah di Solo Jebres Dekat Kampus Uns","Jebres, Solo","Rumah 2 lantai di Jebres, Solo.   Kategorinya adalah sebagai berikut:    - Kamar Tidur: 3   - Kamar Mandi: 3   - Sertifikat: SHM - Sertifikat Hak M...","3 + 1","[object Object]","3 + 1","[object Object]","98 m²","LT:","120 m²","LB:","https://pic.rumah123.com/r123/250x250-fit/photo/4400821/44008211758681176.jpg","Diperbarui 9 jam yang lalu oleh","Selvi Liem","+628123...","WhatsApp","1","[object Object]","https://pic.rumah123.com/r123/100x100-fit/logo/20190701123328_irea_solo.jpeg","","",""
"https://www.rumah123.com/portal-img/_next/image/?url=https%3A%2F%2Fpicture.rumah123.com%2Fr123-images%2F720x420-crop%2Fcustomer%2F4400821%2Fb33e925a81a2fde9c67b5ad1d63abd0a.jpg&w=3840&q=75","","","[object Object]","11","[object Object]","Tanah","","https://www.rumah123.com/jual/cari/?location=jawa-tengah&itm_medium=search-suggestions-lokasi&itm_source=organic&quickLabel=Dekat+Akses+Transportasi","Dekat Akses Transportasi","https://www.rumah123.com/jual/cari/?location=jawa-tengah&itm_medium=search-suggestions-lokasi&itm_source=organic&quickLabel=Dekat+Pusat+Perbelanjaan","Dekat Pusat Perbelanjaan","Rp 5,8 Miliar Total","Rp 28 Jutaan (Tenor 20 Tahun)","Rp 36 Jutaan (Tenor 15 Tahun)","https://www.rumah123.com/properti/solo-banjarsari/tanah-dan-bangunan-di-solo-kota-dekat-stasiun-balapan-las8989368/","Tanah dan Bangunan di Solo Kota Dekat Stasiun Balapan","Banjarsari, Solo","Tanah di Banjarsari, Solo.  For sale di wilayah yang nyaman. Dengan spesifikasinya adalah sebagai berikut:   - Sertifikat: SHM - Sertifikat Hak Mil...","","","","","897 m²","LT:","","","https://pic.rumah123.com/r123/250x250-fit/photo/4400821/44008211758681176.jpg","Diperbarui 10 jam yang lalu oleh","Selvi Liem","+628123...","WhatsApp","","","https://pic.rumah123.com/r123/100x100-fit/logo/20190701123328_irea_solo.jpeg","","",""
"https://www.rumah123.com/portal-img/_next/image/?url=https%3A%2F%2Fpicture.rumah123.com%2Fr123-images%2F720x420-crop%2Fcustomer%2F4400821%2F73f40c4802ff569eeb44aaa35868af0f.jpg&w=3840&q=75","","","[object Object]","8","[object Object]","Rumah","","https://www.rumah123.com/jual/cari/?location=jawa-tengah&itm_medium=search-suggestions-lokasi&itm_source=organic&quickLabel=Siap+Huni","Siap Huni","https://www.rumah123.com/jual/cari/?location=jawa-tengah&itm_medium=search-suggestions-lokasi&itm_source=organic&quickLabel=Bebas+Banjir","Bebas Banjir","Rp 1,35 Miliar","Rp 6 Jutaan (Tenor 20 Tahun)","Rp 8 Jutaan (Tenor 15 Tahun)","https://www.rumah123.com/properti/solo-solo-baru/dijual-rumah-solo-kota-siap-huni-dekat-stasiun-balapan-hos40173242/","Dijual Rumah Solo Kota Siap Huni Dekat Stasiun Balapan","Solo Baru, Solo","Cek segera rumah 3 lantai yang nyaman ini,  dijual dengan pemandangan asri yang menambah nilai estetika di lingkungan hunian. Rumah ini berada di a...","3","[object Object]","2","[object Object]","76 m²","LT:","154 m²","LB:","https://pic.rumah123.com/r123/250x250-fit/photo/4400821/44008211758681176.jpg","Diperbarui 10 jam yang lalu oleh","Selvi Liem","+628123...","WhatsApp","","","https://pic.rumah123.com/r123/100x100-fit/logo/20190701123328_irea_solo.jpeg","https://www.rumah123.com/jual/cari/?location=jawa-tengah&itm_medium=search-suggestions-lokasi&itm_source=organic&quickLabel=Dekat+Akses+Transportasi","Dekat Akses Transportasi",""
"https://www.rumah123.com/portal-img/_next/image/?url=https%3A%2F%2Fpicture.rumah123.com%2Fr123-images%2F720x420-crop%2Fcustomer%2F4400821%2F653a8c9505a0f1bc3611e826f8451db7.jpg&w=3840&q=75","","","[object Object]","32","[object Object]","Rumah","","https://www.rumah123.com/jual/cari/?location=jawa-tengah&itm_medium=search-suggestions-lokasi&itm_source=organic&quickLabel=Dekat+Akses+Transportasi","Dekat Akses Transportasi","https://www.rumah123.com/jual/cari/?location=jawa-tengah&itm_medium=search-suggestions-lokasi&itm_source=organic&quickLabel=Dekat+Fasilitas+Kesehatan","Dekat Fasilitas Kesehatan","Rp 5,9 Miliar","Rp 28 Jutaan (Tenor 20 Tahun)","Rp 37 Jutaan (Tenor 15 Tahun)","https://www.rumah123.com/properti/solo-banjarsari/rumah-dijual-di-solo-dekat-rs-dr-oen-solo-hos41527591/","Rumah Dijual di Solo Dekat Rs Dr Oen Solo","Banjarsari, Solo","Rumah 1 lantai di Banjarsari, Solo.  Dijual rumah di wilayah yang nyaman dengan pemandangan perkotaan. Properti 1 lantai bergaya modern ini berada ...","4","[object Object]","4","[object Object]","525 m²","LT:","450 m²","LB:","https://pic.rumah123.com/r123/250x250-fit/photo/4400821/44008211758681176.jpg","Diperbarui 10 jam yang lalu oleh","Selvi Liem","+628123...","WhatsApp","5","[object Object]","https://pic.rumah123.com/r123/100x100-fit/logo/20190701123328_irea_solo.jpeg","","",""
"https://www.rumah123.com/portal-img/_next/image/?url=https%3A%2F%2Fpicture.rumah123.com%2Fr123-images%2F720x420-crop%2Fcustomer%2F4400821%2Ff54452baeecef37fc8bb4a9136436721.jpg&w=3840&q=75","","","[object Object]","11","[object Object]","Rumah","","https://www.rumah123.com/jual/cari/?location=jawa-tengah&itm_medium=search-suggestions-lokasi&itm_source=organic&quickLabel=Siap+Huni","Siap Huni","https://www.rumah123.com/jual/cari/?location=jawa-tengah&itm_medium=search-suggestions-lokasi&itm_source=organic&quickLabel=Bebas+Banjir","Bebas Banjir","Rp 495 Juta","Rp 2 Jutaan (Tenor 20 Tahun)","Rp 3 Jutaan (Tenor 15 Tahun)","https://www.rumah123.com/properti/solo-jebres/dijual-rumah-solo-murah-dekat-taman-jaya-wijaya-hos40221555/","Dijual Rumah Solo Murah Dekat Taman Jaya Wijaya","Jebres, Solo","Kesempatan terbatas buat Anda dapatkan rumah strategis dengan return investasi tinggi di Jebres, Solo.  Rumah ini menawarkan lokasi yang strategis ...","2","[object Object]","1","[object Object]","72 m²","LT:","140 m²","LB:","https://pic.rumah123.com/r123/250x250-fit/photo/4400821/44008211758681176.jpg","Diperbarui 10 jam yang lalu oleh","Selvi Liem","+628123...","WhatsApp","","","https://pic.rumah123.com/r123/100x100-fit/logo/20190701123328_irea_solo.jpeg","https://www.rumah123.com/jual/cari/?location=jawa-tengah&itm_medium=search-suggestions-lokasi&itm_source=organic&quickLabel=Dekat+Akses+Transportasi","Dekat Akses Transportasi",""
"https://www.rumah123.com/portal-img/_next/image/?url=https%3A%2F%2Fpicture.rumah123.com%2Fr123-images%2F720x420-crop%2Fcustomer%2F4400821%2F0a8cf9c687eea259835d1c0113ba73bc.jpg&w=3840&q=75","","","[object Object]","11","[object Object]","Rumah","","https://www.rumah123.com/jual/cari/?location=jawa-tengah&itm_medium=search-suggestions-lokasi&itm_source=organic&quickLabel=Siap+Huni","Siap Huni","https://www.rumah123.com/jual/cari/?location=jawa-tengah&itm_medium=search-suggestions-lokasi&itm_source=organic&quickLabel=Bebas+Banjir","Bebas Banjir","Rp 3,6 Miliar","Rp 17 Jutaan (Tenor 20 Tahun)","Rp 22 Jutaan (Tenor 15 Tahun)","https://www.rumah123.com/properti/solo-solo-baru/rumah-solo-dijual-siap-huni-dekat-rs-orthopedi-hos40147536/","Rumah Solo Dijual Siap Huni Dekat Rs Orthopedi","Solo Baru, Solo","Rumah ini menawarkan kelengkapan fasilitas serta memiliki jumlah lantai 2 yang siap untuk segera Anda miliki, utamanya bagi Anda yang mencari hunia...","4 + 2","[object Object]","4 + 2","[object Object]","302 m²","LT:","550 m²","LB:","https://pic.rumah123.com/r123/250x250-fit/photo/4400821/44008211758681176.jpg","Diperbarui 10 jam yang lalu oleh","Selvi Liem","+628123...","WhatsApp","1 + 3","[object Object]","https://pic.rumah123.com/r123/100x100-fit/logo/20190701123328_irea_solo.jpeg","https://www.rumah123.com/jual/cari/?location=jawa-tengah&itm_medium=search-suggestions-lokasi&itm_source=organic&quickLabel=Dekat+Pusat+Perbelanjaan","Dekat Pusat Perbelanjaan",""
"https://www.rumah123.com/portal-img/_next/image/?url=https%3A%2F%2Fpicture.rumah123.com%2Fr123-images%2F720x420-crop%2Fcustomer%2F4400821%2Ff6d6606b43c409f08aec59853d8c8b77.jpg&w=3840&q=75","","","[object Object]","12","[object Object]","Rumah","","https://www.rumah123.com/jual/cari/?location=jawa-tengah&itm_medium=search-suggestions-lokasi&itm_source=organic&quickLabel=Siap+Huni","Siap Huni","https://www.rumah123.com/jual/cari/?location=jawa-tengah&itm_medium=search-suggestions-lokasi&itm_source=organic&quickLabel=Bebas+Banjir","Bebas Banjir","Rp 495 Juta","Rp 2 Jutaan (Tenor 20 Tahun)","Rp 3 Jutaan (Tenor 15 Tahun)","https://www.rumah123.com/properti/solo-jebres/dijual-rumah-solo-dekat-ringroad-mojosongo-hos40221657/","Dijual Rumah Solo Dekat Ringroad Mojosongo","Jebres, Solo","Rumah 1 lantai di Jebres, Solo.  Dijual rumah di wilayah yang tenang dengan pemandangan perkotaan. Properti 1 lantai bergaya minimalist modern ini ...","2","[object Object]","1","[object Object]","120 m²","LT:","90 m²","LB:","https://pic.rumah123.com/r123/250x250-fit/photo/4400821/44008211758681176.jpg","Diperbarui 10 jam yang lalu oleh","Selvi Liem","+628123...","WhatsApp","1","[object Object]","https://pic.rumah123.com/r123/100x100-fit/logo/20190701123328_irea_solo.jpeg","https://www.rumah123.com/jual/cari/?location=jawa-tengah&itm_medium=search-suggestions-lokasi&itm_source=organic&quickLabel=Dekat+Akses+Transportasi","Dekat Akses Transportasi",""
"https://www.rumah123.com/portal-img/_next/image/?url=https%3A%2F%2Fpicture.rumah123.com%2Fr123-images%2F720x420-crop%2Fcustomer%2F4400821%2F0ee6478d9dc01e1548497c551e7733f6.jpg&w=3840&q=75","","","[object Object]","11","[object Object]","Rumah","","https://www.rumah123.com/jual/cari/?location=jawa-tengah&itm_medium=search-suggestions-lokasi&itm_source=organic&quickLabel=Siap+Huni","Siap Huni","https://www.rumah123.com/jual/cari/?location=jawa-tengah&itm_medium=search-suggestions-lokasi&itm_source=organic&quickLabel=Bebas+Banjir","Bebas Banjir","Rp 1,25 Miliar","Rp 6 Jutaan (Tenor 20 Tahun)","Rp 7 Jutaan (Tenor 15 Tahun)","https://www.rumah123.com/properti/surakarta-banjarsari/rumah-solo-dijual-siap-huni-di-solo-jebres-hos40180996/","Rumah Solo Dijual Siap Huni Di Solo Jebres","Banjarsari, Surakarta","For sale rumah di wilayah yang tenang dengan pemandangan perkotaan. Properti 2 lantai bergaya modern ini berada di lingkungan yang mudah dijangkau....","4","[object Object]","3 + 1","[object Object]","147 m²","LT:","250 m²","LB:","https://pic.rumah123.com/r123/250x250-fit/photo/4400821/44008211758681176.jpg","Diperbarui 8 jam yang lalu oleh","Selvi Liem","+628123...","WhatsApp","1","[object Object]","https://pic.rumah123.com/r123/100x100-fit/logo/20190701123328_irea_solo.jpeg","https://www.rumah123.com/jual/cari/?location=jawa-tengah&itm_medium=search-suggestions-lokasi&itm_source=organic&quickLabel=Dekat+Akses+Transportasi","Dekat Akses Transportasi",""
"https://www.rumah123.com/portal-img/_next/image/?url=https%3A%2F%2Fpicture.rumah123.com%2Fr123-images%2F720x420-crop%2Fcustomer%2F4400821%2Ff970742b1142f3234d8249d8519f6ba4.jpg&w=3840&q=75","","","[object Object]","13","[object Object]","Ruko","","https://www.rumah123.com/jual/cari/?location=jawa-tengah&itm_medium=search-suggestions-lokasi&itm_source=organic&quickLabel=Siap+Huni","Siap Huni","https://www.rumah123.com/jual/cari/?location=jawa-tengah&itm_medium=search-suggestions-lokasi&itm_source=organic&quickLabel=Bebas+Banjir","Bebas Banjir","Rp 3 Miliar Total","Rp 14 Jutaan (Tenor 20 Tahun)","Rp 18 Jutaan (Tenor 15 Tahun)","https://www.rumah123.com/properti/solo-solo-baru/dijual-ruko-solo-baru-dekat-pakuwon-mall-shs9669503/","Dijual Ruko Solo Baru Dekat Pakuwon Mall","Solo Baru, Solo","Ruko Solo Baru Siap huni  Ruko ini menawarkan lokasi yang strategis serta memiliki nilai tepat yang siap untuk segera Anda miliki, utamanya bagi An...","2","[object Object]","","","111 m²","LT:","333 m²","LB:","https://pic.rumah123.com/r123/250x250-fit/photo/4400821/44008211758681176.jpg","Diperbarui 10 jam yang lalu oleh","Selvi Liem","+628123...","WhatsApp","","","https://pic.rumah123.com/r123/100x100-fit/logo/20190701123328_irea_solo.jpeg","https://www.rumah123.com/jual/cari/?location=jawa-tengah&itm_medium=search-suggestions-lokasi&itm_source=organic&quickLabel=Dekat+Pusat+Perbelanjaan","Dekat Pusat Perbelanjaan",""
"https://www.rumah123.com/portal-img/_next/image/?url=https%3A%2F%2Fpicture.rumah123.com%2Fr123-images%2F720x420-crop%2Fcustomer%2F4400821%2F560e5dce5947040bcb11166bb7265336.jpg&w=3840&q=75","","","[object Object]","14","[object Object]","Rumah","","https://www.rumah123.com/jual/cari/?location=jawa-tengah&itm_medium=search-suggestions-lokasi&itm_source=organic&quickLabel=Dekat+Sekolah","Dekat Sekolah","","","Rp 900 Juta","Rp 4 Jutaan (Tenor 20 Tahun)","Rp 5 Jutaan (Tenor 15 Tahun)","https://www.rumah123.com/properti/solo-banjarsari/dijual-rumah-solo-dekat-kampus-usb-hos40389902/","Rumah Solo Dijual Dekat Kampus Usb","Banjarsari, Solo","Rumah 1 lantai di Banjarsari, Solo.  For sale rumah di wilayah yang asri dengan pemandangan perkotaan. Properti 1 lantai bergaya minimalist modern ...","5","[object Object]","3","[object Object]","395 m²","LT:","200 m²","LB:","https://pic.rumah123.com/r123/250x250-fit/photo/4400821/44008211758681176.jpg","Diperbarui 10 jam yang lalu oleh","Selvi Liem","+628123...","WhatsApp","1 + 1","[object Object]","https://pic.rumah123.com/r123/100x100-fit/logo/20190701123328_irea_solo.jpeg","","",""
"https://www.rumah123.com/portal-img/_next/image/?url=https%3A%2F%2Fpicture.rumah123.com%2Fr123-images%2F720x420-crop%2Fcustomer%2F4400821%2F39b28abe87da31c2755dc62a73e6245d.jpg&w=3840&q=75","","","[object Object]","5","[object Object]","Tanah","","https://www.rumah123.com/jual/cari/?location=jawa-tengah&itm_medium=search-suggestions-lokasi&itm_source=organic&quickLabel=Bebas+Banjir","Bebas Banjir","https://www.rumah123.com/jual/cari/?location=jawa-tengah&itm_medium=search-suggestions-lokasi&itm_source=organic&quickLabel=Dekat+Sekolah","Dekat Sekolah","Rp 300 Juta Total","Rp 1 Jutaan (Tenor 20 Tahun)","Rp 1 Jutaan (Tenor 15 Tahun)","https://www.rumah123.com/properti/karanganyar-gondangrejo/tanah-dijual-di-solo-dekat-gor-utp-las8968651/","Tanah Dijual di Solo Dekat GOR UTP","Gondangrejo, Karanganyar","Tanah di Gondangrejo, Karanganyar.   - Sertifikat: SHM - Sertifikat Hak Milik   - Bebas Banjir.   - Dekat GOR UTP   - Dekat Jl Ring Road Mojosongo ...","","","","","300 m²","LT:","","","https://pic.rumah123.com/r123/250x250-fit/photo/4400821/44008211758681176.jpg","Diperbarui 7 jam yang lalu oleh","Selvi Liem","+628123...","WhatsApp","","","https://pic.rumah123.com/r123/100x100-fit/logo/20190701123328_irea_solo.jpeg","","",""
"https://www.rumah123.com/portal-img/_next/image/?url=https%3A%2F%2Fpicture.rumah123.com%2Fr123-images%2F720x420-crop%2Fcustomer%2F4400821%2F4a05722ae1c87e5020c88957f960d82e.jpg&w=3840&q=75","","","[object Object]","8","[object Object]","Apartemen","","https://www.rumah123.com/jual/cari/?location=jawa-tengah&itm_medium=search-suggestions-lokasi&itm_source=organic&quickLabel=Dekat+Pusat+Perbelanjaan","Dekat Pusat Perbelanjaan","https://www.rumah123.com/jual/cari/?location=jawa-tengah&itm_medium=search-suggestions-lokasi&itm_source=organic&quickLabel=Dekat+Sekolah","Dekat Sekolah","Rp 350 Juta","Rp 1 Jutaan (Tenor 20 Tahun)","Rp 2 Jutaan (Tenor 15 Tahun)","https://www.rumah123.com/properti/sukoharjo-kartasura/apartemen-solo-murah-dekat-kampus-ums-aps7498907/","Apartemen Solo Murah Dekat Kampus UMS","Kartasura, Sukoharjo","Dijual Apartemen di Solo Dekat Kampus UMS  Dengan spesifikasinya adalah sebagai berikut:   - Kamar Tidur: 1   - Kamar Mandi: 1   - Sertifikat: Stra...","1","[object Object]","1","[object Object]","24 m²","LB:","","","https://pic.rumah123.com/r123/250x250-fit/photo/4400821/44008211758681176.jpg","Diperbarui 8 jam yang lalu oleh","Selvi Liem","+628123...","WhatsApp","","","https://pic.rumah123.com/r123/100x100-fit/logo/20190701123328_irea_solo.jpeg","https://www.rumah123.com/jual/cari/?location=jawa-tengah&itm_medium=search-suggestions-lokasi&itm_source=organic&quickLabel=Dekat+Fasilitas+Kesehatan","Dekat Fasilitas Kesehatan",""
"https://www.rumah123.com/portal-img/_next/image/?url=https%3A%2F%2Fpicture.rumah123.com%2Fr123-images%2F720x420-crop%2Fcustomer%2F4400821%2F8061feecf1ffdea1f3d104db6fb8622f.jpg&w=3840&q=75","","","[object Object]","11","[object Object]","Rumah","","https://www.rumah123.com/jual/cari/?location=jawa-tengah&itm_medium=search-suggestions-lokasi&itm_source=organic&quickLabel=Siap+Huni","Siap Huni","https://www.rumah123.com/jual/cari/?location=jawa-tengah&itm_medium=search-suggestions-lokasi&itm_source=organic&quickLabel=Bebas+Banjir","Bebas Banjir","Rp 1,25 Miliar","Rp 6 Jutaan (Tenor 20 Tahun)","Rp 7 Jutaan (Tenor 15 Tahun)","https://www.rumah123.com/properti/solo-jebres/rumah-solo-dijual-dekat-taman-jaya-wijaya-hos40180912/","Rumah Solo Dijual Dekat Taman Jaya Wijaya","Jebres, Solo","Rumah 2 lantai di Jebres, Solo.  For sale rumah di wilayah yang asri dengan pemandangan perkotaan. Properti 2 lantai bergaya modern ini berada di l...","4","[object Object]","3 + 1","[object Object]","147 m²","LT:","250 m²","LB:","https://pic.rumah123.com/r123/250x250-fit/photo/4400821/44008211758681176.jpg","Diperbarui 10 jam yang lalu oleh","Selvi Liem","+628123...","WhatsApp","1","[object Object]","https://pic.rumah123.com/r123/100x100-fit/logo/20190701123328_irea_solo.jpeg","https://www.rumah123.com/jual/cari/?location=jawa-tengah&itm_medium=search-suggestions-lokasi&itm_source=organic&quickLabel=Dekat+Akses+Transportasi","Dekat Akses Transportasi",""
"https://www.rumah123.com/portal-img/_next/image/?url=https%3A%2F%2Fpicture.rumah123.com%2Fr123-images%2F720x420-crop%2Fcustomer%2F4400821%2F5b372d66df0b5035d7848dfb0ac22a91.jpg&w=3840&q=75","","","[object Object]","13","[object Object]","Rumah","","https://www.rumah123.com/jual/cari/?location=jawa-tengah&itm_medium=search-suggestions-lokasi&itm_source=organic&quickLabel=Siap+Huni","Siap Huni","https://www.rumah123.com/jual/cari/?location=jawa-tengah&itm_medium=search-suggestions-lokasi&itm_source=organic&quickLabel=Bebas+Banjir","Bebas Banjir","Rp 1 Miliar","Rp 4 Jutaan (Tenor 20 Tahun)","Rp 6 Jutaan (Tenor 15 Tahun)","https://www.rumah123.com/properti/solo-solo-baru/rumah-solo-dijual-area-luwes-gentan-hos40174098/","Rumah Solo Dijual Area Luwes Gentan","Solo Baru, Solo","Dijual rumah di wilayah yang asri dengan pemandangan perkotaan. Properti 1 lantai bergaya modern ini berada di lingkungan samping jalan.  Rincianny...","3 + 1","[object Object]","1 + 1","[object Object]","150 m²","LT:","120 m²","LB:","https://pic.rumah123.com/r123/250x250-fit/photo/4400821/44008211758681176.jpg","Diperbarui 10 jam yang lalu oleh","Selvi Liem","+628123...","WhatsApp","1","[object Object]","https://pic.rumah123.com/r123/100x100-fit/logo/20190701123328_irea_solo.jpeg","https://www.rumah123.com/jual/cari/?location=jawa-tengah&itm_medium=search-suggestions-lokasi&itm_source=organic&quickLabel=Dekat+Pusat+Perbelanjaan","Dekat Pusat Perbelanjaan",""
"https://www.rumah123.com/portal-img/_next/image/?url=https%3A%2F%2Fpicture.rumah123.com%2Fr123-images%2F720x420-crop%2Fcustomer%2F4400821%2Fab95c93db12327000f48f76649b62646.jpg&w=3840&q=75","","","[object Object]","21","[object Object]","Kost","","","","","","Rp 5,9 Miliar","Rp 28 Jutaan (Tenor 20 Tahun)","Rp 37 Jutaan (Tenor 15 Tahun)","https://www.rumah123.com/properti/solo-banjarsari/kost-solo-dijual-dekat-graha-saba-buana-kss262598/","Kost Solo Dijual Dekat Graha Saba Buana","Banjarsari, Solo","Kost di Banjarsari, Solo.  For sale di wilayah yang tenang. Dengan rinciannya adalah sebagai berikut:   - Kamar Tidur: 18   - Kamar Mandi: 20   - S...","18","[object Object]","20","[object Object]","150 m²","LT:","600 m²","LB:","https://pic.rumah123.com/r123/250x250-fit/photo/4400821/44008211758681176.jpg","Diperbarui 10 jam yang lalu oleh","Selvi Liem","+628123...","WhatsApp","","","https://pic.rumah123.com/r123/100x100-fit/logo/20190701123328_irea_solo.jpeg","","",""
"https://www.rumah123.com/portal-img/_next/image/?url=https%3A%2F%2Fpicture.rumah123.com%2Fr123-images%2F720x420-crop%2Fcustomer%2F4400821%2F5e243894160ae085c9e5be56ad6b316c.jpg&w=3840&q=75","","","[object Object]","7","[object Object]","Tanah","","https://www.rumah123.com/jual/cari/?location=jawa-tengah&itm_medium=search-suggestions-lokasi&itm_source=organic&quickLabel=Dekat+Fasilitas+Kesehatan","Dekat Fasilitas Kesehatan","","","Rp 450 Juta Total","Rp 2 Jutaan (Tenor 20 Tahun)","Rp 2 Jutaan (Tenor 15 Tahun)","https://www.rumah123.com/properti/sukoharjo-baki/dijual-tanah-dan-bangunan-di-solo-dekat-rs-oen-solo-baru-las9024012/","Dijual Tanah dan Bangunan di Solo Dekat RS Oen Solo Baru","Baki, Sukoharjo","Dijual Tanah di Baki, Sukoharjo.  For sale di wilayah yang tenang. Dengan kategorinya adalah sebagai berikut:   - Sertifikat: SHM - Sertifikat Hak ...","","","","","108 m²","LT:","","","https://pic.rumah123.com/r123/250x250-fit/photo/4400821/44008211758681176.jpg","Diperbarui 6 jam yang lalu oleh","Selvi Liem","+628123...","WhatsApp","","","https://pic.rumah123.com/r123/100x100-fit/logo/20190701123328_irea_solo.jpeg","","",""
"https://www.rumah123.com/portal-img/_next/image/?url=https%3A%2F%2Fpicture.rumah123.com%2Fr123-images%2F720x420-crop%2Fcustomer%2F4400821%2F905e38ac6786053633c9eb6b8ead5f1e.jpg&w=3840&q=75","","","[object Object]","8","[object Object]","Rumah","","https://www.rumah123.com/jual/cari/?location=jawa-tengah&itm_medium=search-suggestions-lokasi&itm_source=organic&quickLabel=Siap+Huni","Siap Huni","https://www.rumah123.com/jual/cari/?location=jawa-tengah&itm_medium=search-suggestions-lokasi&itm_source=organic&quickLabel=Bebas+Banjir","Bebas Banjir","Rp 1,9 Miliar","Rp 9 Jutaan (Tenor 20 Tahun)","Rp 11 Jutaan (Tenor 15 Tahun)","https://www.rumah123.com/properti/solo-banjarsari/dijual-rumah-di-solo-kota-dekat-kampus-utp-hos40339002/","Rumah Dijual di Solo Kota Dekat Kampus Utp","Banjarsari, Solo","Rumah Solo Kota Dekat Kampus UTP   - Kamar Tidur: 3   - Kamar Mandi: 3   - Sertifikat: SHM - Sertifikat Hak Milik   - Daya Listrik: 7700 watt   - A...","3","[object Object]","3","[object Object]","350 m²","LT:","182 m²","LB:","https://pic.rumah123.com/r123/250x250-fit/photo/4400821/44008211758681176.jpg","Diperbarui 10 jam yang lalu oleh","Selvi Liem","+628123...","WhatsApp","","","https://pic.rumah123.com/r123/100x100-fit/logo/20190701123328_irea_solo.jpeg","https://www.rumah123.com/jual/cari/?location=jawa-tengah&itm_medium=search-suggestions-lokasi&itm_source=organic&quickLabel=Dekat+Akses+Transportasi","Dekat Akses Transportasi",""
"https://www.rumah123.com/portal-img/_next/image/?url=https%3A%2F%2Fpicture.rumah123.com%2Fr123-images%2F720x420-crop%2Fcustomer%2F4400821%2F912005a051c3b6f3a90311c190490aa2.jpg&w=3840&q=85","","","[object Object]","5","[object Object]","Gudang","","https://www.rumah123.com/jual/cari/?location=jawa-tengah&itm_medium=search-suggestions-lokasi&itm_source=organic&quickLabel=Dekat+Pusat+Perbelanjaan","Dekat Pusat Perbelanjaan","https://www.rumah123.com/jual/cari/?location=jawa-tengah&itm_medium=search-suggestions-lokasi&itm_source=organic&quickLabel=Dekat+Fasilitas+Kesehatan","Dekat Fasilitas Kesehatan","Rp 3,5 Miliar Total","Rp 17 Jutaan (Tenor 20 Tahun)","Rp 22 Jutaan (Tenor 15 Tahun)","https://www.rumah123.com/properti/solo-solo-baru/dijual-gudang-di-solo-baru-dekat-pakuwon-mall-was9747710/","Dijual Gudang di Solo Baru Dekat Pakuwon Mall","Solo Baru, Solo","Gudang di Solo Baru, Solo.  Dengan spesifikasinya adalah sebagai berikut:   - Kamar Mandi: 1   - Sertifikat: SHM - Sertifikat Hak Milik   - Daya Li...","1","[object Object]","","","572 m²","LT:","200 m²","LB:","https://pic.rumah123.com/r123/250x250-fit/photo/4400821/44008211758681176.jpg","Diperbarui 10 jam yang lalu oleh","Selvi Liem","+628123...","WhatsApp","","","https://pic.rumah123.com/r123/100x100-fit/logo/20190701123328_irea_solo.jpeg","","",""
"https://www.rumah123.com/portal-img/_next/image/?url=https%3A%2F%2Fpicture.rumah123.com%2Fr123-images%2F720x420-crop%2Fcustomer%2F4400821%2Ffbacb3cb3694db94cb738598b5d153d6.jpg&w=3840&q=75","","","[object Object]","5","[object Object]","Tanah","","https://www.rumah123.com/jual/cari/?location=jawa-tengah&itm_medium=search-suggestions-lokasi&itm_source=organic&quickLabel=Dekat+Akses+Transportasi","Dekat Akses Transportasi","","","Rp 300 Juta Total","Rp 1 Jutaan (Tenor 20 Tahun)","Rp 1 Jutaan (Tenor 15 Tahun)","https://www.rumah123.com/properti/solo-colomadu/tanah-dijual-murah-di-solo-dekat-exit-tol-klodran-las9033703/","Tanah DIjual Murah di Solo Dekat Exit Tol Klodran","Colomadu, Solo","Tanah Murah Solo Dijual Dekat Lapangan Gedongan  Detail Properti ini adalah:   - Sertifikat: SHM - Sertifikat Hak Milik   - Luas Tanah 105m   - Leb...","","","","","105 m²","LT:","","","https://pic.rumah123.com/r123/250x250-fit/photo/4400821/44008211758681176.jpg","Diperbarui 9 jam yang lalu oleh","Selvi Liem","+628123...","WhatsApp","","","https://pic.rumah123.com/r123/100x100-fit/logo/20190701123328_irea_solo.jpeg","","",""
"https://www.rumah123.com/portal-img/_next/image/?url=https%3A%2F%2Fpicture.rumah123.com%2Fr123-images%2F720x420-crop%2Fcustomer%2F4400821%2F260432c89679cf41d163886d8394bff0.jpg&w=3840&q=75","","","[object Object]","6","[object Object]","Tanah","","https://www.rumah123.com/jual/cari/?location=jawa-tengah&itm_medium=search-suggestions-lokasi&itm_source=organic&quickLabel=Dekat+Pusat+Perbelanjaan","Dekat Pusat Perbelanjaan","","","Rp 400 Juta Total","Rp 1 Jutaan (Tenor 20 Tahun)","Rp 2 Jutaan (Tenor 15 Tahun)","https://www.rumah123.com/properti/sukoharjo-kartasura/tanah-dijual-di-solo-dekat-luwes-gentan-las9034832/","Tanah Dijual di Solo Dekat Luwes Gentan","Kartasura, Sukoharjo","Dijual Tanah Murah di Kartasura, Sukoharjo.  Dijual di wilayah yang tenang. Dengan rinciannya adalah sebagai berikut:   - Sertifikat: SHM - Sertifi...","","","","","143 m²","LT:","","","https://pic.rumah123.com/r123/250x250-fit/photo/4400821/44008211758681176.jpg","Diperbarui 10 jam yang lalu oleh","Selvi Liem","+628123...","WhatsApp","","","https://pic.rumah123.com/r123/100x100-fit/logo/20190701123328_irea_solo.jpeg","","",""
"https://www.rumah123.com/portal-img/_next/image/?url=https%3A%2F%2Fpicture.rumah123.com%2Fr123-images%2F720x420-crop%2Fcustomer%2F4400821%2F615a05a3f4835fb3c90b50199d13c212.jpg&w=3840&q=75","","","[object Object]","6","[object Object]","Rumah","","https://www.rumah123.com/jual/cari/?location=jawa-tengah&itm_medium=search-suggestions-lokasi&itm_source=organic&quickLabel=Dekat+Sekolah","Dekat Sekolah","","","Rp 2,1 Miliar","Rp 10 Jutaan (Tenor 20 Tahun)","Rp 13 Jutaan (Tenor 15 Tahun)","https://www.rumah123.com/properti/solo-banjarsari/dijual-rumah-solo-dekat-taman-balai-kambang-hos40538935/","Rumah Dijual di Solo Dekat Taman Balai Kambang","Banjarsari, Solo","Rumah 2 lantai di Banjarsari, Solo.  Kategorinya adalah sebagai berikut:    - Kamar Tidur: 4   - Kamar Mandi: 4   - Sertifikat: SHM - Sertifikat Ha...","4","[object Object]","4","[object Object]","206 m²","LT:","277 m²","LB:","https://pic.rumah123.com/r123/250x250-fit/photo/4400821/44008211758681176.jpg","Diperbarui 10 jam yang lalu oleh","Selvi Liem","+628123...","WhatsApp","1","[object Object]","https://pic.rumah123.com/r123/100x100-fit/logo/20190701123328_irea_solo.jpeg","","",""
"https://www.rumah123.com/portal-img/_next/image/?url=https%3A%2F%2Fpicture.rumah123.com%2Fr123-images%2F720x420-crop%2Fcustomer%2F4400821%2Fb752f3805eff713ec48a2d387394053a.jpg&w=3840&q=75","","","[object Object]","5","[object Object]","Rumah","","","","","","Rp 1,49 Miliar","Rp 7 Jutaan (Tenor 20 Tahun)","Rp 9 Jutaan (Tenor 15 Tahun)","https://www.rumah123.com/properti/solo-solo-baru/kost-dijual-di-solo-dekat-pusat-bisnis-solo-baru-hos41483462/","Kost Dijual di Solo Dekat Pusat Bisnis Solo Baru","Solo Baru, Solo","Rumah Kost di Solo Dekat Pabrik Batik Keris  Spesifikasi Utama Properti:    - Kamar Tidur: 9   - Kamar Mandi: 3   - Sertifikat: SHM - Sertifikat Ha...","9","[object Object]","3","[object Object]","238 m²","LT:","200 m²","LB:","https://pic.rumah123.com/r123/250x250-fit/photo/4400821/44008211758681176.jpg","Diperbarui 10 jam yang lalu oleh","Selvi Liem","+628123...","WhatsApp","","","https://pic.rumah123.com/r123/100x100-fit/logo/20190701123328_irea_solo.jpeg","","",""
"https://www.rumah123.com/portal-img/_next/image/?url=https%3A%2F%2Fpicture.rumah123.com%2Fr123-images%2F720x420-crop%2Fcustomer%2F4400821%2Fb35bb8eb3538ef962b9c340b1b50db7a.jpg&w=3840&q=75","","","[object Object]","7","[object Object]","Ruang Usaha","","https://www.rumah123.com/jual/cari/?location=jawa-tengah&itm_medium=search-suggestions-lokasi&itm_source=organic&quickLabel=Siap+Huni","Siap Huni","https://www.rumah123.com/jual/cari/?location=jawa-tengah&itm_medium=search-suggestions-lokasi&itm_source=organic&quickLabel=Bebas+Banjir","Bebas Banjir","Rp 2,85 Miliar Total","Rp 14 Jutaan (Tenor 20 Tahun)","Rp 17 Jutaan (Tenor 15 Tahun)","https://www.rumah123.com/properti/boyolali-banyudono/ruang-usaha-boyolali-dijual-dekat-alunalun-pengging-css9668390/","Ruang Usaha Boyolali Dijual Dekat Alun-Alun Pengging","Banyudono, Boyolali","Ruang usaha di Banyudono, Boyolali.  For sale di wilayah yang asri. Dengan kategorinya adalah sebagai berikut:   - Kamar Mandi: 2   - Sertifikat: S...","2","[object Object]","","","323 m²","LT:","250 m²","LB:","https://pic.rumah123.com/r123/250x250-fit/photo/4400821/44008211758681176.jpg","Diperbarui 7 jam yang lalu oleh","Selvi Liem","+628123...","WhatsApp","","","https://pic.rumah123.com/r123/100x100-fit/logo/20190701123328_irea_solo.jpeg","https://www.rumah123.com/jual/cari/?location=jawa-tengah&itm_medium=search-suggestions-lokasi&itm_source=organic&quickLabel=Dekat+Tempat+Wisata","Dekat Tempat Wisata",""
"https://www.rumah123.com/portal-img/_next/image/?url=https%3A%2F%2Fpicture.rumah123.com%2Fr123-images%2F720x420-crop%2Fcustomer%2F4400821%2F6d192a87fe62a6ce63ecd65c3c80a628.jpg&w=3840&q=75","","","[object Object]","16","[object Object]","Gudang","","","","","","Rp 39,5 Miliar Total","Rp 194 Jutaan (Tenor 20 Tahun)","Rp 248 Jutaan (Tenor 15 Tahun)","https://www.rumah123.com/properti/surakarta-jebres/gudang-solo-dijual-dekat-lawang-djoenjing-was10026068/","Gudang Solo Dijual Dekat Lawang Djoenjing","Jebres, Surakarta","Gudang di Jebres, Surakarta.  For sale di wilayah yang asri. Dengan kategorinya adalah sebagai berikut:   - Sertifikat: SHM - Sertifikat Hak Milik ...","","","","","2564 m²","LT:","1100 m²","LB:","https://pic.rumah123.com/r123/250x250-fit/photo/4400821/44008211758681176.jpg","Diperbarui 9 jam yang lalu oleh","Selvi Liem","+628123...","WhatsApp","","","https://pic.rumah123.com/r123/100x100-fit/logo/20190701123328_irea_solo.jpeg","","",""
"https://www.rumah123.com/portal-img/_next/image/?url=https%3A%2F%2Fpicture.rumah123.com%2Fr123-images%2F720x420-crop%2Fcustomer%2F4400821%2Fd935492700e97f464b8b142668d8d20e.jpg&w=3840&q=75","","","[object Object]","13","[object Object]","Rumah","","","","","","Rp 3,6 Miliar","Rp 17 Jutaan (Tenor 20 Tahun)","Rp 22 Jutaan (Tenor 15 Tahun)","https://www.rumah123.com/properti/solo-banjarsari/rumah-solo-siap-huni-dekat-kantor-kpu-hos40778203/","Rumah Solo Dijual Dekat Kantor Kpu","Banjarsari, Solo","Dijual Rumah di Banjarsari, Solo.  Spesifikasinya adalah sebagai berikut:    - Kamar Tidur: 4   - Kamar Mandi: 4   - Sertifikat: SHM - Sertifikat H...","4","[object Object]","4","[object Object]","382 m²","LT:","283 m²","LB:","https://pic.rumah123.com/r123/250x250-fit/photo/4400821/44008211758681176.jpg","Diperbarui 10 jam yang lalu oleh","Selvi Liem","+628123...","WhatsApp","1 + 1","[object Object]","https://pic.rumah123.com/r123/100x100-fit/logo/20190701123328_irea_solo.jpeg","","",""
"https://www.rumah123.com/portal-img/_next/image/?url=https%3A%2F%2Fpicture.rumah123.com%2Fr123-images%2F720x420-crop%2Fcustomer%2F4400821%2Fbbbb1460020f78a922c1a83192e2a773.jpg&w=3840&q=75","","","[object Object]","3","[object Object]","Tanah","","https://www.rumah123.com/jual/cari/?location=jawa-tengah&itm_medium=search-suggestions-lokasi&itm_source=organic&quickLabel=Dekat+Fasilitas+Kesehatan","Dekat Fasilitas Kesehatan","https://www.rumah123.com/jual/cari/?location=jawa-tengah&itm_medium=search-suggestions-lokasi&itm_source=organic&quickLabel=Cocok+untuk+kost","Cocok untuk kost","Rp 1,5 Miliar Total","Rp 7 Jutaan (Tenor 20 Tahun)","Rp 9 Jutaan (Tenor 15 Tahun)","https://www.rumah123.com/properti/solo-solo-baru/tanah-bonus-bangunan-dekat-pusat-bisnis-solo-baru-las8989376/","Tanah Bonus Bangunan Dekat Pusat Bisnis Solo Baru","Solo Baru, Solo","Tanah di Solo Baru, Solo.    - Sertifikat: SHM - Sertifikat Hak Milik   - LT 260m   - Bonus Bangunan 200m    - Dekat Kantor Bupati Sukoharjo   - De...","","","","","260 m²","LT:","","","https://pic.rumah123.com/r123/250x250-fit/photo/4400821/44008211758681176.jpg","Diperbarui 10 jam yang lalu oleh","Selvi Liem","+628123...","WhatsApp","","","https://pic.rumah123.com/r123/100x100-fit/logo/20190701123328_irea_solo.jpeg","","",""
"https://www.rumah123.com/portal-img/_next/image/?url=https%3A%2F%2Fpicture.rumah123.com%2Fr123-images%2F720x420-crop%2Fcustomer%2F4400821%2F7a1d7b8fa23c960a773f62ced43d0992.jpg&w=3840&q=75","","","","1","[object Object]","Rumah","","https://www.rumah123.com/jual/cari/?location=jawa-tengah&itm_medium=search-suggestions-lokasi&itm_source=organic&quickLabel=Dekat+Sekolah","Dekat Sekolah","https://www.rumah123.com/jual/cari/?location=jawa-tengah&itm_medium=search-suggestions-lokasi&itm_source=organic&quickLabel=Dekat+Fasilitas+Kesehatan","Dekat Fasilitas Kesehatan","Rp 330 Juta","Rp 1 Jutaan (Tenor 20 Tahun)","Rp 2 Jutaan (Tenor 15 Tahun)","https://www.rumah123.com/properti/surakarta-jebres/rumah-solo-dijual-dekat-uns-hos41530442/","Rumah Solo Dijual Dekat Uns","Jebres, Surakarta","Rumah 1 lantai di Jebres, Surakarta.  Rinciannya adalah sebagai berikut:    - Kamar Tidur: 2   - Kamar Mandi: 1   - Sertifikat: SHM - Sertifikat Ha...","2","[object Object]","1","[object Object]","67 m²","LT:","50 m²","LB:","https://pic.rumah123.com/r123/250x250-fit/photo/4400821/44008211758681176.jpg","Diperbarui 10 jam yang lalu oleh","Selvi Liem","+628123...","WhatsApp","1","[object Object]","https://pic.rumah123.com/r123/100x100-fit/logo/20190701123328_irea_solo.jpeg","","",""
"https://www.rumah123.com/portal-img/_next/image/?url=https%3A%2F%2Fpicture.rumah123.com%2Fr123-images%2F720x420-crop%2Fcustomer%2F4400821%2F6d4fa80aafed366e6a016c79f6a4d325.jpg&w=3840&q=75","","","[object Object]","10","[object Object]","Rumah","","https://www.rumah123.com/jual/cari/?location=jawa-tengah&itm_medium=search-suggestions-lokasi&itm_source=organic&quickLabel=Siap+Huni","Siap Huni","https://www.rumah123.com/jual/cari/?location=jawa-tengah&itm_medium=search-suggestions-lokasi&itm_source=organic&quickLabel=Bebas+Banjir","Bebas Banjir","Rp 365 Juta","Rp 1 Jutaan (Tenor 20 Tahun)","Rp 2 Jutaan (Tenor 15 Tahun)","https://www.rumah123.com/properti/solo-banjarsari/dijual-rumah-solo-dekat-bandara-adi-soemarmo-hos40250930/","Rumah Solo Dijual Dekat Bandara Adi Soemarmo","Banjarsari, Solo","Rumah Solo Dijual Dekat Exit Tol Klodran   Loaksi Dalam cluster Rinciannya adalah sebagai berikut:    - Kamar Tidur: 2   - Kamar Mandi: 1   - Serti...","2","[object Object]","1","[object Object]","63 m²","LT:","45 m²","LB:","https://pic.rumah123.com/r123/250x250-fit/photo/4400821/44008211758681176.jpg","Diperbarui 10 jam yang lalu oleh","Selvi Liem","+628123...","WhatsApp","1","[object Object]","https://pic.rumah123.com/r123/100x100-fit/logo/20190701123328_irea_solo.jpeg","https://www.rumah123.com/jual/cari/?location=jawa-tengah&itm_medium=search-suggestions-lokasi&itm_source=organic&quickLabel=Dekat+Akses+Transportasi","Dekat Akses Transportasi",""
"https://www.rumah123.com/portal-img/_next/image/?url=https%3A%2F%2Fpicture.rumah123.com%2Fr123-images%2F720x420-crop%2Fcustomer%2F4400821%2F0b0049729c82abc2f1f761e77d3ba9db.jpg&w=3840&q=75","","","[object Object]","10","[object Object]","Rumah","","https://www.rumah123.com/jual/cari/?location=jawa-tengah&itm_medium=search-suggestions-lokasi&itm_source=organic&quickLabel=Siap+Huni","Siap Huni","https://www.rumah123.com/jual/cari/?location=jawa-tengah&itm_medium=search-suggestions-lokasi&itm_source=organic&quickLabel=Bebas+Banjir","Bebas Banjir","Rp 725 Juta","Rp 3 Jutaan (Tenor 20 Tahun)","Rp 4 Jutaan (Tenor 15 Tahun)","https://www.rumah123.com/properti/solo-jebres/dijual-rumah-di-solo-dekat-ring-road-mojosongo-hos40271678/","Rumah Dijual di Solo Dekat Ring Road Mojosongo","Jebres, Solo","Dijual Rumah Solo Kota Siap Huni     - Kamar Tidur: 3   - Kamar Mandi: 1   - Sertifikat: SHM - Sertifikat Hak Milik   - Daya Listrik: 1300 watt   -...","3","[object Object]","1","[object Object]","94 m²","LT:","65 m²","LB:","https://pic.rumah123.com/r123/250x250-fit/photo/4400821/44008211758681176.jpg","Diperbarui 10 jam yang lalu oleh","Selvi Liem","+628123...","WhatsApp","1","[object Object]","https://pic.rumah123.com/r123/100x100-fit/logo/20190701123328_irea_solo.jpeg","https://www.rumah123.com/jual/cari/?location=jawa-tengah&itm_medium=search-suggestions-lokasi&itm_source=organic&quickLabel=Dekat+Akses+Transportasi","Dekat Akses Transportasi",""
"https://www.rumah123.com/portal-img/_next/image/?url=https%3A%2F%2Fpicture.rumah123.com%2Fr123-images%2F720x420-crop%2Fcustomer%2F4400821%2F98e8a1f61add565d9c399e3fb209a9d4.jpg&w=3840&q=75","","","[object Object]","13","[object Object]","Rumah","","https://www.rumah123.com/jual/cari/?location=jawa-tengah&itm_medium=search-suggestions-lokasi&itm_source=organic&quickLabel=Siap+Huni","Siap Huni","https://www.rumah123.com/jual/cari/?location=jawa-tengah&itm_medium=search-suggestions-lokasi&itm_source=organic&quickLabel=Bebas+Banjir","Bebas Banjir","Rp 650 Juta","Rp 3 Jutaan (Tenor 20 Tahun)","Rp 4 Jutaan (Tenor 15 Tahun)","https://www.rumah123.com/properti/sukoharjo-baki/dijual-rumah-di-solo-siap-huni-dekat-pakuwon-mall-hos40331445/","Rumah Dijual di Solo Siap Huni Dekat Pakuwon Mall","Baki, Sukoharjo","Rumah 2 lantai di Baki, Sukoharjo.  Dijual rumah di wilayah yang nyaman dengan pemandangan perkotaan. Properti 2 lantai bergaya minimalist modern i...","3","[object Object]","2","[object Object]","94 m²","LT:","184 m²","LB:","https://pic.rumah123.com/r123/250x250-fit/photo/4400821/44008211758681176.jpg","Diperbarui 10 jam yang lalu oleh","Selvi Liem","+628123...","WhatsApp","1","[object Object]","https://pic.rumah123.com/r123/100x100-fit/logo/20190701123328_irea_solo.jpeg","https://www.rumah123.com/jual/cari/?location=jawa-tengah&itm_medium=search-suggestions-lokasi&itm_source=organic&quickLabel=Dekat+Pusat+Perbelanjaan","Dekat Pusat Perbelanjaan",""
"https://www.rumah123.com/portal-img/_next/image/?url=https%3A%2F%2Fpicture.rumah123.com%2Fr123-images%2F720x420-crop%2Fcustomer%2F4400821%2Fb7953797ea7717e9fb00e53b77fbef03.jpg&w=3840&q=75","","","[object Object]","6","[object Object]","Rumah","","https://www.rumah123.com/jual/cari/?location=jawa-tengah&itm_medium=search-suggestions-lokasi&itm_source=organic&quickLabel=Siap+Huni","Siap Huni","https://www.rumah123.com/jual/cari/?location=jawa-tengah&itm_medium=search-suggestions-lokasi&itm_source=organic&quickLabel=Bebas+Banjir","Bebas Banjir","Rp 1,3 Miliar","Rp 6 Jutaan (Tenor 20 Tahun)","Rp 8 Jutaan (Tenor 15 Tahun)","https://www.rumah123.com/properti/sukoharjo-kartasura/diual-rumah-di-solo-dekat-bandara-adi-soemarmo-hos40271971/","Rumah Dijual di Solo Dekat Bandara Adi Soemarmo","Kartasura, Sukoharjo","Rumah Solo Siap Huni Dijual Dekat Bandara Adi Soemarmo    - Kamar Tidur: 2   - Kamar Mandi: 1   - Sertifikat: SHM - Sertifikat Hak Milik   - Daya L...","2","[object Object]","1","[object Object]","114 m²","LT:","100 m²","LB:","https://pic.rumah123.com/r123/250x250-fit/photo/4400821/44008211758681176.jpg","Diperbarui 10 jam yang lalu oleh","Selvi Liem","+628123...","WhatsApp","","","https://pic.rumah123.com/r123/100x100-fit/logo/20190701123328_irea_solo.jpeg","https://www.rumah123.com/jual/cari/?location=jawa-tengah&itm_medium=search-suggestions-lokasi&itm_source=organic&quickLabel=Dekat+Akses+Transportasi","Dekat Akses Transportasi",""
"https://www.rumah123.com/portal-img/_next/image/?url=https%3A%2F%2Fpicture.rumah123.com%2Fr123-images%2F720x420-crop%2Fcustomer%2F4400821%2Feac3c55ffa013de16edd119f24cd579b.jpg&w=3840&q=75","","","[object Object]","17","[object Object]","Rumah","","https://www.rumah123.com/jual/cari/?location=jawa-tengah&itm_medium=search-suggestions-lokasi&itm_source=organic&quickLabel=Siap+Huni","Siap Huni","https://www.rumah123.com/jual/cari/?location=jawa-tengah&itm_medium=search-suggestions-lokasi&itm_source=organic&quickLabel=Bebas+Banjir","Bebas Banjir","Rp 12,5 Miliar","Rp 61 Jutaan (Tenor 20 Tahun)","Rp 78 Jutaan (Tenor 15 Tahun)","https://www.rumah123.com/properti/solo-solo-baru/dijual-rumah-solo-dekat-stasiun-purwosari-hos40141096/","Rumah Solo Dijual Dekat Stasiun Purwosari","Solo Baru, Solo","Rumah bergaya modern di Solo Baru.  Temukan rumah 1 lantai yang nyaman ini,  dijual dengan pemandangan indah yang menambah nilai estetika di lingku...","5 + 1","[object Object]","3 + 1","[object Object]","630 m²","LT:","600 m²","LB:","https://pic.rumah123.com/r123/250x250-fit/photo/4400821/44008211758681176.jpg","Diperbarui 10 jam yang lalu oleh","Selvi Liem","+628123...","WhatsApp","3 + 3","[object Object]","https://pic.rumah123.com/r123/100x100-fit/logo/20190701123328_irea_solo.jpeg","https://www.rumah123.com/jual/cari/?location=jawa-tengah&itm_medium=search-suggestions-lokasi&itm_source=organic&quickLabel=Dekat+Akses+Transportasi","Dekat Akses Transportasi",""
"https://www.rumah123.com/portal-img/_next/image/?url=https%3A%2F%2Fpicture.rumah123.com%2Fr123-images%2F720x420-crop%2Fcustomer%2F4400821%2F64ce0a4a210556819d5ab4183ae1d98f.jpg&w=3840&q=75","","","[object Object]","11","[object Object]","Rumah","","https://www.rumah123.com/jual/cari/?location=jawa-tengah&itm_medium=search-suggestions-lokasi&itm_source=organic&quickLabel=Siap+Huni","Siap Huni","https://www.rumah123.com/jual/cari/?location=jawa-tengah&itm_medium=search-suggestions-lokasi&itm_source=organic&quickLabel=Bebas+Banjir","Bebas Banjir","Rp 3,6 Miliar","Rp 17 Jutaan (Tenor 20 Tahun)","Rp 22 Jutaan (Tenor 15 Tahun)","https://www.rumah123.com/properti/solo-banjarsari/dijual-rumah-solo-dekat-kampus-ums-hos40147667/","Rumah Dijual di Solo Dekat Kampus Ums","Banjarsari, Solo","Rumah bergaya modern di Banjarsari.  Cek segera rumah 2 lantai yang modern ini,  dijual dengan pemandangan indah yang menambah nilai estetika di li...","4 + 2","[object Object]","4 + 2","[object Object]","302 m²","LT:","550 m²","LB:","https://pic.rumah123.com/r123/250x250-fit/photo/4400821/44008211758681176.jpg","Diperbarui 10 jam yang lalu oleh","Selvi Liem","+628123...","WhatsApp","1 + 3","[object Object]","https://pic.rumah123.com/r123/100x100-fit/logo/20190701123328_irea_solo.jpeg","https://www.rumah123.com/jual/cari/?location=jawa-tengah&itm_medium=search-suggestions-lokasi&itm_source=organic&quickLabel=Dekat+Pusat+Perbelanjaan","Dekat Pusat Perbelanjaan",""
"https://www.rumah123.com/portal-img/_next/image/?url=https%3A%2F%2Fpicture.rumah123.com%2Fr123-images%2F720x420-crop%2Fcustomer%2F4400821%2Fe65ba488a02ad95c1f839333be0339ce.jpg&w=3840&q=75","","","[object Object]","16","[object Object]","Rumah","","https://www.rumah123.com/jual/cari/?location=jawa-tengah&itm_medium=search-suggestions-lokasi&itm_source=organic&quickLabel=Dekat+Tempat+Wisata","Dekat Tempat Wisata","","","Rp 550 Juta","Rp 2 Jutaan (Tenor 20 Tahun)","Rp 3 Jutaan (Tenor 15 Tahun)","https://www.rumah123.com/properti/solo-karanganyar/rumah-baru-di-solo-dekat-de-tasikmadoe-heritage-hos41483507/","Rumah Dijual di Solo Dekat De Tasikmadoe Heritage","Karanganyar, Solo","Rumah 2 lantai di Karanganyar, Solo.  For sale rumah di wilayah yang nyaman dengan pemandangan perkotaan. Properti 2 lantai bergaya minimalist mode...","3","[object Object]","2","[object Object]","60 m²","LT:","100 m²","LB:","https://pic.rumah123.com/r123/250x250-fit/photo/4400821/44008211758681176.jpg","Diperbarui 10 jam yang lalu oleh","Selvi Liem","+628123...","WhatsApp","1","[object Object]","https://pic.rumah123.com/r123/100x100-fit/logo/20190701123328_irea_solo.jpeg","","",""
"https://www.rumah123.com/portal-img/_next/image/?url=https%3A%2F%2Fpicture.rumah123.com%2Fr123-images%2F720x420-crop%2Fcustomer%2F4400821%2F1f69da708029313723143ffaba6b1a1a.jpg&w=3840&q=75","","","[object Object]","17","[object Object]","Rumah","","https://www.rumah123.com/jual/cari/?location=jawa-tengah&itm_medium=search-suggestions-lokasi&itm_source=organic&quickLabel=Siap+Huni","Siap Huni","https://www.rumah123.com/jual/cari/?location=jawa-tengah&itm_medium=search-suggestions-lokasi&itm_source=organic&quickLabel=Bebas+Banjir","Bebas Banjir","Rp 12,5 Miliar","Rp 61 Jutaan (Tenor 20 Tahun)","Rp 78 Jutaan (Tenor 15 Tahun)","https://www.rumah123.com/properti/surakarta-laweyan/dijual-rumah-mewah-solo-kota-dekat-solo-grand-mall-hos40122955/","Rumah Mewah Solo Kota Dekat Solo Grand Mall","Laweyan, Surakarta","For sale rumah di wilayah yang asri dengan pemandangan perkotaan. Properti 1 lantai bergaya modern glass house ini berada di lingkungan strategis. ...","5 + 1","[object Object]","3 + 1","[object Object]","630 m²","LT:","600 m²","LB:","https://pic.rumah123.com/r123/250x250-fit/photo/4400821/44008211758681176.jpg","Diperbarui 8 jam yang lalu oleh","Selvi Liem","+628123...","WhatsApp","3 + 3","[object Object]","https://pic.rumah123.com/r123/100x100-fit/logo/20190701123328_irea_solo.jpeg","https://www.rumah123.com/jual/cari/?location=jawa-tengah&itm_medium=search-suggestions-lokasi&itm_source=organic&quickLabel=Dekat+Akses+Transportasi","Dekat Akses Transportasi",""
"https://www.rumah123.com/portal-img/_next/image/?url=https%3A%2F%2Fpicture.rumah123.com%2Fr123-images%2F720x420-crop%2Fcustomer%2F4400821%2Ff4f18bbfb44daa9f0309f76b97ae316c.jpg&w=3840&q=75","","","[object Object]","10","[object Object]","Rumah","","https://www.rumah123.com/jual/cari/?location=jawa-tengah&itm_medium=search-suggestions-lokasi&itm_source=organic&quickLabel=Siap+Huni","Siap Huni","https://www.rumah123.com/jual/cari/?location=jawa-tengah&itm_medium=search-suggestions-lokasi&itm_source=organic&quickLabel=Bebas+Banjir","Bebas Banjir","Rp 1,35 Miliar","Rp 6 Jutaan (Tenor 20 Tahun)","Rp 8 Jutaan (Tenor 15 Tahun)","https://www.rumah123.com/properti/solo-banjarsari/dijual-rumah-solo-murah-dekat-pasar-legi-hos40172216/","Rumah Solo Dijual Dekat Pasar Legi","Banjarsari, Solo","Rumah ini menawarkan kelengkapan fasilitas serta memiliki nilai tepat yang siap untuk segera Anda miliki, utamanya bagi Anda yang mencari hunian di...","3","[object Object]","2","[object Object]","76 m²","LT:","154 m²","LB:","https://pic.rumah123.com/r123/250x250-fit/photo/4400821/44008211758681176.jpg","Diperbarui 10 jam yang lalu oleh","Selvi Liem","+628123...","WhatsApp","","","https://pic.rumah123.com/r123/100x100-fit/logo/20190701123328_irea_solo.jpeg","https://www.rumah123.com/jual/cari/?location=jawa-tengah&itm_medium=search-suggestions-lokasi&itm_source=organic&quickLabel=Dekat+Akses+Transportasi","Dekat Akses Transportasi",""
"https://www.rumah123.com/portal-img/_next/image/?url=https%3A%2F%2Fpicture.rumah123.com%2Fr123-images%2F720x420-crop%2Fcustomer%2F4400821%2F277326ce9c6f60529f2c5aeac2b27130.jpg&w=3840&q=75","","","[object Object]","6","[object Object]","Rumah","","https://www.rumah123.com/jual/cari/?location=jawa-tengah&itm_medium=search-suggestions-lokasi&itm_source=organic&quickLabel=Siap+Huni","Siap Huni","https://www.rumah123.com/jual/cari/?location=jawa-tengah&itm_medium=search-suggestions-lokasi&itm_source=organic&quickLabel=Bebas+Banjir","Bebas Banjir","Rp 1,5 Miliar","Rp 7 Jutaan (Tenor 20 Tahun)","Rp 9 Jutaan (Tenor 15 Tahun)","https://www.rumah123.com/properti/solo-solo-baru/dijual-rumah-solo-murah-dekat-exit-tol-klodran-hos40164296/","Rumah Solo Dijual Dekat Exit Tol Klodran","Solo Baru, Solo","Rumah 1 lantai di Solo Baru, Solo.  Dijual rumah di wilayah yang asri dengan pemandangan perkotaan. Properti 1 lantai bergaya minimalis ini berada ...","3","[object Object]","2","[object Object]","206 m²","LT:","150 m²","LB:","https://pic.rumah123.com/r123/250x250-fit/photo/4400821/44008211758681176.jpg","Diperbarui 10 jam yang lalu oleh","Selvi Liem","+628123...","WhatsApp","3","[object Object]","https://pic.rumah123.com/r123/100x100-fit/logo/20190701123328_irea_solo.jpeg","https://www.rumah123.com/jual/cari/?location=jawa-tengah&itm_medium=search-suggestions-lokasi&itm_source=organic&quickLabel=Dekat+Akses+Transportasi","Dekat Akses Transportasi",""
"https://www.rumah123.com/portal-img/_next/image/?url=https%3A%2F%2Fpicture.rumah123.com%2Fr123-images%2F720x420-crop%2Fcustomer%2F4400821%2Fd979bc0aa4c61e50b3ac01c88529594c.jpg&w=3840&q=85","https://www.rumah123.com/portal-img/_next/image/?url=https%3A%2F%2Fpicture.rumah123.com%2Fr123-images%2F720x420-crop%2Fcustomer%2F4400821%2F73f40c4802ff569eeb44aaa35868af0f.jpg&w=3840&q=75","https://www.rumah123.com/portal-img/_next/image/?url=https%3A%2F%2Fpicture.rumah123.com%2Fr123-images%2F720x420-crop%2Fcustomer%2F4400821%2F9d5617295213c548f2850803efacd122.jpg&w=3840&q=75","[object Object]","9","[object Object]","Rumah","","https://www.rumah123.com/jual/cari/?location=jawa-tengah&itm_medium=search-suggestions-lokasi&itm_source=organic&quickLabel=Siap+Huni","Siap Huni","https://www.rumah123.com/jual/cari/?location=jawa-tengah&itm_medium=search-suggestions-lokasi&itm_source=organic&quickLabel=Bebas+Banjir","Bebas Banjir","Rp 1,35 Miliar","Rp 6 Jutaan (Tenor 20 Tahun)","Rp 8 Jutaan (Tenor 15 Tahun)","https://www.rumah123.com/properti/surakarta-banjarsari/dijual-rumah-3-lantai-solo-dekat-stasiun-balapan-hos40172382/","Rumah Dijual Solo Dekat Stasiun Balapan","Banjarsari, Surakarta","Rumah bergaya minimalist modern di Banjarsari.  Temukan rumah 3 lantai yang asri ini,  dijual dengan pemandangan asri yang menambah nilai estetika ...","3","[object Object]","2","[object Object]","76 m²","LT:","154 m²","LB:","https://pic.rumah123.com/r123/250x250-fit/photo/4400821/44008211758681176.jpg","Diperbarui 10 jam yang lalu oleh","Selvi Liem","+628123...","WhatsApp","","","https://pic.rumah123.com/r123/100x100-fit/logo/20190701123328_irea_solo.jpeg","https://www.rumah123.com/jual/cari/?location=jawa-tengah&itm_medium=search-suggestions-lokasi&itm_source=organic&quickLabel=Dekat+Akses+Transportasi","Dekat Akses Transportasi",""
"https://www.rumah123.com/portal-img/_next/image/?url=https%3A%2F%2Fpicture.rumah123.com%2Fr123-images%2F720x420-crop%2Fcustomer%2F4400821%2F890c34d600471aad9092d4dee2d2cdae.jpg&w=3840&q=75","https://www.rumah123.com/portal-img/_next/image/?url=https%3A%2F%2Fpicture.rumah123.com%2Fr123-images%2F720x420-crop%2Fcustomer%2F4400821%2F0297f949feb69205905f82f2d2a76099.jpg&w=3840&q=75","https://www.rumah123.com/portal-img/_next/image/?url=https%3A%2F%2Fpicture.rumah123.com%2Fr123-images%2F720x420-crop%2Fcustomer%2F4400821%2F86b51b682169e0bdddb5b5e0289674a4.jpg&w=3840&q=75","[object Object]","12","[object Object]","Rumah","","https://www.rumah123.com/jual/cari/?location=jawa-tengah&itm_medium=search-suggestions-lokasi&itm_source=organic&quickLabel=Siap+Huni","Siap Huni","https://www.rumah123.com/jual/cari/?location=jawa-tengah&itm_medium=search-suggestions-lokasi&itm_source=organic&quickLabel=Bebas+Banjir","Bebas Banjir","Rp 1,2 Miliar","Rp 5 Jutaan (Tenor 20 Tahun)","Rp 7 Jutaan (Tenor 15 Tahun)","https://www.rumah123.com/properti/solo-jebres/dijual-rumah-solo-murah-area-mojosongo-jebres-hos40133110/","Rumah Solo Dijual Area Mojosongo Jebres","Jebres, Solo","Rumah bergaya modern di Jebres.  Dapatkan rumah 2 lantai yang asri ini,  dijual dengan pemandangan asri yang menambah nilai estetika di lingkungan ...","3","[object Object]","3","[object Object]","98 m²","LT:","150 m²","LB:","https://pic.rumah123.com/r123/250x250-fit/photo/4400821/44008211758681176.jpg","Diperbarui 10 jam yang lalu oleh","Selvi Liem","+628123...","WhatsApp","1","[object Object]","https://pic.rumah123.com/r123/100x100-fit/logo/20190701123328_irea_solo.jpeg","https://www.rumah123.com/jual/cari/?location=jawa-tengah&itm_medium=search-suggestions-lokasi&itm_source=organic&quickLabel=Dekat+Akses+Transportasi","Dekat Akses Transportasi",""
"https://www.rumah123.com/portal-img/_next/image/?url=https%3A%2F%2Fpicture.rumah123.com%2Fr123-images%2F720x420-crop%2Fcustomer%2F4400821%2Fab6a39f2bb1b054bd0587fdd04c65256.jpg&w=3840&q=75","https://www.rumah123.com/portal-img/_next/image/?url=https%3A%2F%2Fpicture.rumah123.com%2Fr123-images%2F720x420-crop%2Fcustomer%2F4400821%2Fa701a35f4374d6b7b9a8df74b0d9f06f.jpg&w=3840&q=75","https://www.rumah123.com/portal-img/_next/image/?url=https%3A%2F%2Fpicture.rumah123.com%2Fr123-images%2F720x420-crop%2Fcustomer%2F4400821%2Fdf50798d831a0731eab9e4f3c7c76509.jpg&w=3840&q=75","[object Object]","11","[object Object]","Rumah","","https://www.rumah123.com/jual/cari/?location=jawa-tengah&itm_medium=search-suggestions-lokasi&itm_source=organic&quickLabel=Siap+Huni","Siap Huni","https://www.rumah123.com/jual/cari/?location=jawa-tengah&itm_medium=search-suggestions-lokasi&itm_source=organic&quickLabel=Bebas+Banjir","Bebas Banjir","Rp 1,25 Miliar","Rp 6 Jutaan (Tenor 20 Tahun)","Rp 7 Jutaan (Tenor 15 Tahun)","https://www.rumah123.com/properti/solo-banjarsari/dijual-rumah-solo-dekat-ring-road-mojosongo-hos40180954/","Rumah Solo Dijual Dekat Ring Road Mojosongo","Banjarsari, Solo","Rumah ini menawarkan lokasi yang strategis serta memiliki jumlah lantai 2 yang siap untuk segera Anda miliki, utamanya bagi Anda yang mencari hunia...","4 + 1","[object Object]","3","[object Object]","147 m²","LT:","250 m²","LB:","https://pic.rumah123.com/r123/250x250-fit/photo/4400821/44008211758681176.jpg","Diperbarui 10 jam yang lalu oleh","Selvi Liem","+628123...","WhatsApp","1","[object Object]","https://pic.rumah123.com/r123/100x100-fit/logo/20190701123328_irea_solo.jpeg","https://www.rumah123.com/jual/cari/?location=jawa-tengah&itm_medium=search-suggestions-lokasi&itm_source=organic&quickLabel=Dekat+Akses+Transportasi","Dekat Akses Transportasi",""
"https://www.rumah123.com/portal-img/_next/image/?url=https%3A%2F%2Fpicture.rumah123.com%2Fr123-images%2F720x420-crop%2Fcustomer%2F4400821%2Fd00bcb41bf49b25ca32ce71fc5566198.jpg&w=3840&q=75","https://www.rumah123.com/portal-img/_next/image/?url=https%3A%2F%2Fpicture.rumah123.com%2Fr123-images%2F720x420-crop%2Fcustomer%2F4400821%2Ff7206bf1b59ab82783ade55c8bd5f2fc.jpg&w=3840&q=75","https://www.rumah123.com/portal-img/_next/image/?url=https%3A%2F%2Fpicture.rumah123.com%2Fr123-images%2F720x420-crop%2Fcustomer%2F4400821%2F40cbf6e9597c49a86e7029856b92500c.jpg&w=3840&q=75","[object Object]","15","[object Object]","Rumah","","https://www.rumah123.com/jual/cari/?location=jawa-tengah&itm_medium=search-suggestions-lokasi&itm_source=organic&quickLabel=Siap+Huni","Siap Huni","https://www.rumah123.com/jual/cari/?location=jawa-tengah&itm_medium=search-suggestions-lokasi&itm_source=organic&quickLabel=Bebas+Banjir","Bebas Banjir","Rp 1,75 Miliar","Rp 8 Jutaan (Tenor 20 Tahun)","Rp 11 Jutaan (Tenor 15 Tahun)","https://www.rumah123.com/properti/solo-solo-baru/dijual-rumah-solo-baru-dekat-pakuwon-mall-hos40164483/","Rumah Dijual di Solo Baru Dekat Pakuwon Mall","Solo Baru, Solo","Rumah ini menawarkan lokasi yang strategis serta memiliki jumlah lantai 1 yang siap untuk segera Anda miliki, utamanya bagi Anda yang mencari hunia...","3 + 1","[object Object]","1 + 1","[object Object]","246 m²","LT:","200 m²","LB:","https://pic.rumah123.com/r123/250x250-fit/photo/4400821/44008211758681176.jpg","Diperbarui 10 jam yang lalu oleh","Selvi Liem","+628123...","WhatsApp","1","[object Object]","https://pic.rumah123.com/r123/100x100-fit/logo/20190701123328_irea_solo.jpeg","https://www.rumah123.com/jual/cari/?location=jawa-tengah&itm_medium=search-suggestions-lokasi&itm_source=organic&quickLabel=Dekat+Pusat+Perbelanjaan","Dekat Pusat Perbelanjaan",""
"https://www.rumah123.com/portal-img/_next/image/?url=https%3A%2F%2Fpicture.rumah123.com%2Fr123-images%2F720x420-crop%2Fcustomer%2F4400821%2F13fe3c98dfabf8131fcf66eda0a3c527.jpg&w=3840&q=75","https://www.rumah123.com/portal-img/_next/image/?url=https%3A%2F%2Fpicture.rumah123.com%2Fr123-images%2F720x420-crop%2Fcustomer%2F4400821%2Fbba4547ba139c4a33d6793e6bed5dc77.jpg&w=3840&q=75","https://www.rumah123.com/portal-img/_next/image/?url=https%3A%2F%2Fpicture.rumah123.com%2Fr123-images%2F720x420-crop%2Fcustomer%2F4400821%2F1f69da708029313723143ffaba6b1a1a.jpg&w=3840&q=75","[object Object]","17","[object Object]","Rumah","","https://www.rumah123.com/jual/cari/?location=jawa-tengah&itm_medium=search-suggestions-lokasi&itm_source=organic&quickLabel=Siap+Huni","Siap Huni","https://www.rumah123.com/jual/cari/?location=jawa-tengah&itm_medium=search-suggestions-lokasi&itm_source=organic&quickLabel=Bebas+Banjir","Bebas Banjir","Rp 12,5 Miliar","Rp 61 Jutaan (Tenor 20 Tahun)","Rp 78 Jutaan (Tenor 15 Tahun)","https://www.rumah123.com/properti/solo-laweyan/dijual-rumah-mewah-solo-dekat-solo-grand-mall-hos40140988/","Rumah Mewah Dijual di Solo Dekat Solo Grand Mall","Laweyan, Solo","Rumah Mewah Solo Siap Huni  Dapatkan rumah 1 lantai yang asri ini,  dijual dengan pemandangan indah yang menambah nilai estetika di lingkungan huni...","5 + 1","[object Object]","3 + 1","[object Object]","630 m²","LT:","630 m²","LB:","https://pic.rumah123.com/r123/250x250-fit/photo/4400821/44008211758681176.jpg","Diperbarui 9 jam yang lalu oleh","Selvi Liem","+628123...","WhatsApp","3","[object Object]","https://pic.rumah123.com/r123/100x100-fit/logo/20190701123328_irea_solo.jpeg","https://www.rumah123.com/jual/cari/?location=jawa-tengah&itm_medium=search-suggestions-lokasi&itm_source=organic&quickLabel=Dekat+Akses+Transportasi","Dekat Akses Transportasi",""
"https://www.rumah123.com/portal-img/_next/image/?url=https%3A%2F%2Fpicture.rumah123.com%2Fr123-images%2F720x420-crop%2Fcustomer%2F4400821%2F51d8044347a8d81a12d695e31a29634e.jpg&w=3840&q=75","https://www.rumah123.com/portal-img/_next/image/?url=https%3A%2F%2Fpicture.rumah123.com%2Fr123-images%2F720x420-crop%2Fcustomer%2F4400821%2F04d6969bc7299c8a87ac107361c19b3e.jpg&w=3840&q=75","https://www.rumah123.com/portal-img/_next/image/?url=https%3A%2F%2Fpicture.rumah123.com%2Fr123-images%2F720x420-crop%2Fcustomer%2F4400821%2F7a2129fa392cbdf4d6e127f4882ca223.jpg&w=3840&q=75","[object Object]","11","[object Object]","Rumah","","https://www.rumah123.com/jual/cari/?location=jawa-tengah&itm_medium=search-suggestions-lokasi&itm_source=organic&quickLabel=Dekat+Pusat+Perbelanjaan","Dekat Pusat Perbelanjaan","","","Rp 1 Miliar","Rp 4 Jutaan (Tenor 20 Tahun)","Rp 6 Jutaan (Tenor 15 Tahun)","https://www.rumah123.com/properti/sukoharjo-baki/rumah-dijual-di-solo-dekats-gentan-hos41298431/","Rumah Dijual di Solo Dekat Luwes Gentan","Baki, Sukoharjo","Rumah 1 lantai di Baki, Sukoharjo. Spesifikasinya adalah sebagai berikut:    - Kamar Tidur: 3   - Kamar Mandi: 1   - Sertifikat: SHM - Sertifikat H...","3 + 1","[object Object]","1 + 1","[object Object]","150 m²","LT:","120 m²","LB:","https://pic.rumah123.com/r123/250x250-fit/photo/4400821/44008211758681176.jpg","Diperbarui 10 jam yang lalu oleh","Selvi Liem","+628123...","WhatsApp","1","[object Object]","https://pic.rumah123.com/r123/100x100-fit/logo/20190701123328_irea_solo.jpeg","","",""
"https://www.rumah123.com/portal-img/_next/image/?url=https%3A%2F%2Fpicture.rumah123.com%2Fr123-images%2F720x420-crop%2Fcustomer%2F4400821%2F6123e0376a5873ef81cca370b111b028.jpg&w=3840&q=75","https://www.rumah123.com/portal-img/_next/image/?url=https%3A%2F%2Fpicture.rumah123.com%2Fr123-images%2F720x420-crop%2Fcustomer%2F4400821%2F88fced21bd2d468127774c3a4a9ad77d.jpg&w=3840&q=75","https://www.rumah123.com/portal-img/_next/image/?url=https%3A%2F%2Fpicture.rumah123.com%2Fr123-images%2F720x420-crop%2Fcustomer%2F4400821%2F4befd4303da7042b61ab2b31f89b59df.jpg&w=3840&q=75","[object Object]","11","[object Object]","Rumah","","https://www.rumah123.com/jual/cari/?location=jawa-tengah&itm_medium=search-suggestions-lokasi&itm_source=organic&quickLabel=Siap+Huni","Siap Huni","https://www.rumah123.com/jual/cari/?location=jawa-tengah&itm_medium=search-suggestions-lokasi&itm_source=organic&quickLabel=Bebas+Banjir","Bebas Banjir","Rp 3,6 Miliar","Rp 17 Jutaan (Tenor 20 Tahun)","Rp 22 Jutaan (Tenor 15 Tahun)","https://www.rumah123.com/properti/solo-jebres/dijual-rumah-solo-2-lantai-dekat-transmart-pabelan-hos40147887/","Rumah Solo Dijual Dekat Transmart Pabelan","Jebres, Solo","Kesempatan terbatas buat Anda  Rumah ini menawarkan lokasi yang strategis serta memiliki nilai tepat yang siap untuk segera Anda miliki, utamanya b...","4 + 2","[object Object]","4 + 2","[object Object]","302 m²","LT:","550 m²","LB:","https://pic.rumah123.com/r123/250x250-fit/photo/4400821/44008211758681176.jpg","Diperbarui 10 jam yang lalu oleh","Selvi Liem","+628123...","WhatsApp","1 + 3","[object Object]","https://pic.rumah123.com/r123/100x100-fit/logo/20190701123328_irea_solo.jpeg","https://www.rumah123.com/jual/cari/?location=jawa-tengah&itm_medium=search-suggestions-lokasi&itm_source=organic&quickLabel=Dekat+Pusat+Perbelanjaan","Dekat Pusat Perbelanjaan",""
"https://www.rumah123.com/portal-img/_next/image/?url=https%3A%2F%2Fpicture.rumah123.com%2Fr123-images%2F720x420-crop%2Fcustomer%2F4400821%2Flisting%2Fkss267472%2Fenhanced%2F54ea771642b3bfb743549c32db1b2272.jpg&w=3840&q=75","https://www.rumah123.com/portal-img/_next/image/?url=https%3A%2F%2Fpicture.rumah123.com%2Fr123-images%2F720x420-crop%2Fcustomer%2F4400821%2Flisting%2Fkss267472%2Fenhanced%2F3ac05311b40222cd65e5b72d1d737e91.jpg&w=3840&q=75","https://www.rumah123.com/portal-img/_next/image/?url=https%3A%2F%2Fpicture.rumah123.com%2Fr123-images%2F720x420-crop%2Fcustomer%2F4400821%2Flisting%2Fkss267472%2Fenhanced%2F2391515c40c57044b6e76e3902dcaba1.jpg&w=3840&q=75","[object Object]","5","[object Object]","Kost","","","","","","Rp 900 Juta","Rp 4 Jutaan (Tenor 20 Tahun)","Rp 5 Jutaan (Tenor 15 Tahun)","https://www.rumah123.com/properti/karanganyar-gondangrejo/kost-solo-dijual-dekat-ringroad-mojosongo-kss267472/","Kost Solo Dijual Dekat Ringroad Mojosongo","Gondangrejo, Karanganyar","Dijual Rumah Kost Di Solo  Spesifikasi Utama Properti:   - Kamar Tidur: 12   - Kamar Mandi: 5   - Sertifikat: SHM - Sertifikat Hak Milik  Selling P...","12","[object Object]","5","[object Object]","75 m²","LT:","150 m²","LB:","https://pic.rumah123.com/r123/250x250-fit/photo/4400821/44008211758681176.jpg","Diperbarui 10 jam yang lalu oleh","Selvi Liem","+628123...","WhatsApp","2","[object Object]","https://pic.rumah123.com/r123/100x100-fit/logo/20190701123328_irea_solo.jpeg","","",""
"https://www.rumah123.com/portal-img/_next/image/?url=https%3A%2F%2Fpicture.rumah123.com%2Fr123-images%2F720x420-crop%2Fcustomer%2F4400821%2F5a03540c01d3a1abb5ac9e4ebd2f3064.jpg&w=3840&q=75","https://www.rumah123.com/portal-img/_next/image/?url=https%3A%2F%2Fpicture.rumah123.com%2Fr123-images%2F720x420-crop%2Fcustomer%2F4400821%2F36e213b3498479eaa341062e621f7c3e.jpg&w=3840&q=75","https://www.rumah123.com/portal-img/_next/image/?url=https%3A%2F%2Fpicture.rumah123.com%2Fr123-images%2F720x420-crop%2Fcustomer%2F4400821%2Fb9a0be259c20ef9a30b825fa8ca8ddf0.jpg&w=3840&q=75","[object Object]","4","[object Object]","Tanah","","https://www.rumah123.com/jual/cari/?location=jawa-tengah&itm_medium=search-suggestions-lokasi&itm_source=organic&quickLabel=Bebas+Banjir","Bebas Banjir","https://www.rumah123.com/jual/cari/?location=jawa-tengah&itm_medium=search-suggestions-lokasi&itm_source=organic&quickLabel=Dekat+Akses+Transportasi","Dekat Akses Transportasi","Rp 7,5 Miliar Total","Rp 36 Jutaan (Tenor 20 Tahun)","Rp 47 Jutaan (Tenor 15 Tahun)","https://www.rumah123.com/properti/solo-laweyan/dijual-tanah-solo-dekat-rs-jih-solo-las8964844/","Dijual Tanah Solo Dekat Rs Jih Solo","Laweyan, Solo","Tanah di Laweyan, Solo.  dijual Tanah di wilayah yang asri. Dengan spesifikasinya adalah sebagai berikut:   - Sertifikat: SHM - Sertifikat Hak Mili...","","","","","1257 m²","LT:","","","https://pic.rumah123.com/r123/250x250-fit/photo/4400821/44008211758681176.jpg","Diperbarui 10 jam yang lalu oleh","Selvi Liem","+628123...","WhatsApp","","","https://pic.rumah123.com/r123/100x100-fit/logo/20190701123328_irea_solo.jpeg","https://www.rumah123.com/jual/cari/?location=jawa-tengah&itm_medium=search-suggestions-lokasi&itm_source=organic&quickLabel=Dekat+Pusat+Perbelanjaan","Dekat Pusat Perbelanjaan",""
"https://www.rumah123.com/portal-img/_next/image/?url=https%3A%2F%2Fpicture.rumah123.com%2Fr123-images%2F720x420-crop%2Fcustomer%2F766707%2Fe38f970a4c84a6b6f070072f107a8fbf.jpg&w=3840&q=75","https://www.rumah123.com/portal-img/_next/image/?url=https%3A%2F%2Fpicture.rumah123.com%2Fr123-images%2F720x420-crop%2Fcustomer%2F766707%2F4a09c34ecb20c369f1d5723cde586de8.jpg&w=3840&q=75","https://www.rumah123.com/portal-img/_next/image/?url=https%3A%2F%2Fpicture.rumah123.com%2Fr123-images%2F720x420-crop%2Fcustomer%2F766707%2Fd6cfc6ed848cd03ecd0fe2ed03de06dd.png&w=3840&q=75","[object Object]","11","[object Object]","Pabrik","","https://www.rumah123.com/jual/cari/?location=jawa-tengah&itm_medium=search-suggestions-lokasi&itm_source=organic&quickLabel=Dekat+Akses+Transportasi","Dekat Akses Transportasi","","","Rp 17,5 Miliar Total","Rp 85 Jutaan (Tenor 20 Tahun)","Rp 110 Jutaan (Tenor 15 Tahun)","https://www.rumah123.com/properti/klaten-klaten-utara/pabrik-cor-besi-di-kab-klaten-jawa-tengah-fas10016080/","Pabrik Cor Besi - di Kab. Klaten - Jawa Tengah","Klaten Utara, Klaten","Dijual Pabrik Cor Besi Lokasi di Kab. Klaten - Jawa Tengah  UMK Kab.Klaten 2026 Rp 2.538.691 Populasi Penduduk di Kab. Klaten 2025 = 1.300.000 jiwa...","5","[object Object]","","","4620 m²","LT:","4000 m²","LB:","https://pic.rumah123.com/r123/250x250-fit/photo/766707/7667071575081739.jpg","Diperbarui 10 jam yang lalu oleh","Dicky Yogya","+628180...","WhatsApp","","","https://pic.rumah123.com/r123/100x100-fit/logo/20191128120540_temu_property.jpeg","","",""
"https://www.rumah123.com/portal-img/_next/image/?url=https%3A%2F%2Fpicture.rumah123.com%2Fr123-images%2F720x420-crop%2Fcustomer%2F766707%2Flisting%2Flas9221222%2Fenhanced%2F2cd2174c7aad957db79e2645d1925e24.jpg&w=3840&q=75","https://www.rumah123.com/portal-img/_next/image/?url=https%3A%2F%2Fpicture.rumah123.com%2Fr123-images%2F720x420-crop%2Fcustomer%2F766707%2Flisting%2Flas9221222%2Fenhanced%2F3ceed737a8c8aa4a3643b4017fba2122.jpg&w=3840&q=75","https://www.rumah123.com/portal-img/_next/image/?url=https%3A%2F%2Fpicture.rumah123.com%2Fr123-images%2F720x420-crop%2Fcustomer%2F766707%2Flisting%2Flas9221222%2Fenhanced%2F1f9b314725738e6cbc91ea1d9b308e9f.jpg&w=3840&q=75","[object Object]","5","[object Object]","Tanah","","https://www.rumah123.com/jual/cari/?location=jawa-tengah&itm_medium=search-suggestions-lokasi&itm_source=organic&quickLabel=Dekat+Akses+Transportasi","Dekat Akses Transportasi","","","Rp 73,3 Miliar Total","Rp 360 Jutaan (Tenor 20 Tahun)","Rp 461 Jutaan (Tenor 15 Tahun)","https://www.rumah123.com/properti/pemalang-pemalang/tanah-industri-siap-bangun-sudah-diurug-padat-dan-dipagar-tembok-keliling-las9221222/","Tanah Industri Siap Bangun Sudah Diurug Padat dan Dipagar Tembok Keliling","Pemalang, Pemalang","Tanah Industri Siap Bangun  Alamat : Jl. Raya Pantura - Kabupaten Pemalang - Jawa Tengah  Luas Tanah        : 48.896 m2 Lebar Tanah       : ...","","","","","48896 m²","LT:","","","https://pic.rumah123.com/r123/250x250-fit/photo/766707/7667071575081739.jpg","Diperbarui 10 jam yang lalu oleh","Dicky Yogya","+628180...","WhatsApp","","","https://pic.rumah123.com/r123/100x100-fit/logo/20191128120540_temu_property.jpeg","","",""
"https://www.rumah123.com/portal-img/_next/image/?url=https%3A%2F%2Fpicture.rumah123.com%2Fr123-images%2F720x420-crop%2Fcustomer%2F1221202%2F106e135baa2a784f2d8e3f9ee6e49a95.jpg&w=3840&q=75","https://www.rumah123.com/portal-img/_next/image/?url=https%3A%2F%2Fpicture.rumah123.com%2Fr123-images%2F720x420-crop%2Fcustomer%2F1221202%2F274e660912c5a00f0e440567f94b64ef.jpg&w=3840&q=75","https://www.rumah123.com/portal-img/_next/image/?url=https%3A%2F%2Fpicture.rumah123.com%2Fr123-images%2F720x420-crop%2Fcustomer%2F1221202%2Fee779b721385b0a5f60c71c49ec7540e.jpg&w=3840&q=75","[object Object]","4","[object Object]","Rumah","","https://www.rumah123.com/jual/cari/?location=jawa-tengah&itm_medium=search-suggestions-lokasi&itm_source=organic&quickLabel=Siap+Huni","Siap Huni","","","Rp 7 Miliar","Rp 34 Jutaan (Tenor 20 Tahun)","Rp 44 Jutaan (Tenor 15 Tahun)","https://www.rumah123.com/properti/semarang-semarang-tengah/dijual-rumah-hook-siap-huni-seroja-pusat-tengah-kota-semarang-lokasi-strategis-dekat-simpang-lima-hos39170289/","Dijual Cepat Rumah Hook Siap Huni Seroja Pusat Tengah Kota Semarang Lokasi Strategis Dekat Simpang Lima","Semarang Tengah, Semarang","Dijual Cepat Rumah Hook Siap Huni Seroja   Pusat Tengah Kota Semarang   Lokasi Strategis dekat Simpang Lima  Turun Harga 7,5M Jadi 7M Nego  Info Su...","5","[object Object]","3","[object Object]","340 m²","LT:","250 m²","LB:","https://picture.rumah123.com/r123-images/250x250-fit/customer/1221202/b1b4808586900a53dfb5a35dfcecf8ac.png","Diperbarui 10 jam yang lalu oleh","Leim Odin","+628128...","WhatsApp","1 + 1","[object Object]","https://pic.rumah123.com/r123/100x100-fit/logo/20181023032120_galaxy_malang_kota.png","","",""
"https://www.rumah123.com/portal-img/_next/image/?url=https%3A%2F%2Fpicture.rumah123.com%2Fr123-images%2F720x420-crop%2Fcustomer%2F1200616%2F2023-08-14-01-26-13-2241289a-9b64-444b-bacd-62d5bf7f3b67.jpg&w=3840&q=75","","","","1","[object Object]","Rumah","","","","","","Rp 1,3 Miliar","Rp 6 Jutaan (Tenor 20 Tahun)","Rp 8 Jutaan (Tenor 15 Tahun)","https://www.rumah123.com/properti/semarang-tanah-mas/di-jual-rumah-hitung-tanah-di-tanah-mas-raya-hos14479182/","Di Jual Rumah Hitung Tanah, di Tanah Mas Raya","Tanah Mas, Semarang","Jalan lebar  Rumah dibawah jalan  Hitung tanah","3 + 1","[object Object]","1 + 1","[object Object]","240 m²","LT:","200 m²","LB:","https://pic.rumah123.com/r123/250x250-fit/photo/1200616/12006161584430814.jpg","Diperbarui 7 jam yang lalu oleh","Karen  Fong","+628953...","WhatsApp","1","[object Object]","https://pic.rumah123.com/r123/100x100-fit/logo/11318_logosubcomp.jpg","","",""
"https://www.rumah123.com/portal-img/_next/image/?url=https%3A%2F%2Fpicture.rumah123.com%2Fr123-images%2F720x420-crop%2Fcustomer%2F1200616%2F2024-08-05-15-13-24-32d0c471-a790-41dd-84f2-d1381c373048.jpg&w=3840&q=75","https://www.rumah123.com/portal-img/_next/image/?url=https%3A%2F%2Fpicture.rumah123.com%2Fr123-images%2F720x420-crop%2Fcustomer%2F1200616%2F2024-08-05-15-12-10-e274acca-5899-4794-af1a-e7fa7466029d.jpg&w=3840&q=75","https://www.rumah123.com/portal-img/_next/image/?url=https%3A%2F%2Fpicture.rumah123.com%2Fr123-images%2F720x420-crop%2Fcustomer%2F1200616%2F2024-08-05-15-12-11-9953364f-7926-4825-ae39-a37f27b6c29d.jpg&w=3840&q=75","[object Object]","5","[object Object]","Rumah","","","","","","Rp 2,95 Miliar","Rp 14 Jutaan (Tenor 20 Tahun)","Rp 18 Jutaan (Tenor 15 Tahun)","https://www.rumah123.com/properti/semarang-candi-golf/di-jual-rumah-di-candi-golf-semarang-atas-hos17777572/","di jual rumah di Candi golf Semarang atas","Candi Golf, Semarang","jalan lebar  cluster  lingkungan nyaman dekat sekolahan international","2 + 1","[object Object]","2 + 1","[object Object]","200 m²","LT:","180 m²","LB:","https://pic.rumah123.com/r123/250x250-fit/photo/1200616/12006161584430814.jpg","Diperbarui 8 jam yang lalu oleh","Karen  Fong","+628953...","WhatsApp","","","https://pic.rumah123.com/r123/100x100-fit/logo/11318_logosubcomp.jpg","","",""
"https://www.rumah123.com/portal-img/_next/image/?url=https%3A%2F%2Fpicture.rumah123.com%2Fr123-images%2F720x420-crop%2Fcustomer%2F1200616%2F50c07ee39123d8f8aafac5b6fb019034.jpg&w=3840&q=75","https://www.rumah123.com/portal-img/_next/image/?url=https%3A%2F%2Fpicture.rumah123.com%2Fr123-images%2F720x420-crop%2Fcustomer%2F1200616%2Fe19e4d5d56ce35cb0eb426d920d376c1.jpg&w=3840&q=75","https://www.rumah123.com/portal-img/_next/image/?url=https%3A%2F%2Fpicture.rumah123.com%2Fr123-images%2F720x420-crop%2Fcustomer%2F1200616%2F67302bbf1d389ce12e1ba286d84cb4fa.jpg&w=3840&q=75","[object Object]","5","[object Object]","Rumah","","","","","","Rp 1,4 Miliar","Rp 6 Jutaan (Tenor 20 Tahun)","Rp 8 Jutaan (Tenor 15 Tahun)","https://www.rumah123.com/properti/semarang-gajah-mungkur/di-jual-rumah-di-gajah-mungkur-semarang-selatan-hos19466850/","Di Jual Rumah Di Gajah Mungkur Semarang Selatan","Gajah Mungkur, Semarang","Jalan sisipan mobil  ada toko kecil  Dr jalan raya 5 menit","4","[object Object]","2","[object Object]","220 m²","LT:","170 m²","LB:","https://pic.rumah123.com/r123/250x250-fit/photo/1200616/12006161584430814.jpg","Diperbarui 3 jam yang lalu oleh","Karen  Fong","+628953...","WhatsApp","1","[object Object]","https://pic.rumah123.com/r123/100x100-fit/logo/11318_logosubcomp.jpg","","",""
"https://www.rumah123.com/portal-img/_next/image/?url=https%3A%2F%2Fpicture.rumah123.com%2Fr123-images%2F720x420-crop%2Fcustomer%2F1200616%2F1bc29af869c3d6badcfb1b89bf07f6a4.jpg&w=3840&q=75","https://www.rumah123.com/portal-img/_next/image/?url=https%3A%2F%2Fpicture.rumah123.com%2Fr123-images%2F720x420-crop%2Fcustomer%2F1200616%2Fba74c8c3daa55511e4f8e665dfb3d72f.jpg&w=3840&q=75","https://www.rumah123.com/portal-img/_next/image/?url=https%3A%2F%2Fpicture.rumah123.com%2Fr123-images%2F720x420-crop%2Fcustomer%2F1200616%2F8e7c9d8e8f61ba569a8358b00fba4342.jpg&w=3840&q=75","[object Object]","11","[object Object]","Rumah","","https://www.rumah123.com/jual/cari/?location=jawa-tengah&itm_medium=search-suggestions-lokasi&itm_source=organic&quickLabel=Dekat+Sekolah","Dekat Sekolah","","","Rp 4 Miliar","Rp 19 Jutaan (Tenor 20 Tahun)","Rp 25 Jutaan (Tenor 15 Tahun)","https://www.rumah123.com/properti/semarang-semarang-tengah/di-jual-rumah-dan-kos-di-tengah-kota-erlangga-hos41309126/","Di Jual Rumah dan Kos di Tengah Kota Erlangga","Semarang Tengah, Semarang","Jalan sisipan  dekat kampus undip bawah  tengah kota  daerah","7","[object Object]","4","[object Object]","180 m²","LT:","240 m²","LB:","https://pic.rumah123.com/r123/250x250-fit/photo/1200616/12006161584430814.jpg","Diperbarui 11 jam yang lalu oleh","Karen  Fong","+628953...","WhatsApp","1","[object Object]","https://pic.rumah123.com/r123/100x100-fit/logo/11318_logosubcomp.jpg","","",""
"https://www.rumah123.com/portal-img/_next/image/?url=https%3A%2F%2Fpicture.rumah123.com%2Fr123-images%2F720x420-crop%2Fcustomer%2F4388368%2Fe64bf670c4f318f3505941a455f53bc9.jpg&w=3840&q=75","https://www.rumah123.com/portal-img/_next/image/?url=https%3A%2F%2Fpicture.rumah123.com%2Fr123-images%2F720x420-crop%2Fcustomer%2F4388368%2F5a5726240c261beb27773cee4c9a4e83.jpg&w=3840&q=75","https://www.rumah123.com/portal-img/_next/image/?url=https%3A%2F%2Fpicture.rumah123.com%2Fr123-images%2F720x420-crop%2Fcustomer%2F4388368%2F66c1c15b69d84c9bb0e0c7c4b3118d86.jpg&w=3840&q=75","[object Object]","6","[object Object]","Rumah","","https://www.rumah123.com/jual/cari/?location=jawa-tengah&itm_medium=search-suggestions-lokasi&itm_source=organic&quickLabel=Dekat+Akses+Transportasi","Dekat Akses Transportasi","https://www.rumah123.com/jual/cari/?location=jawa-tengah&itm_medium=search-suggestions-lokasi&itm_source=organic&quickLabel=Dekat+Sekolah","Dekat Sekolah","Rp 603 Juta","Rp 2 Jutaan (Tenor 20 Tahun)","Rp 3 Jutaan (Tenor 15 Tahun)","https://www.rumah123.com/properti/sukoharjo-tawangsari/dekat-kampus-uad-6-rumah-mewah-murah-hos41266104/","Dekat Kampus Uad 6; Rumah Mewah Murah","Tawangsari, Sukoharjo","PROMO LEBARAN PROMO LEBARAN CLUSTER MULYA TAWANGSARI 2  Spesifikasi Bangunan : - Luas Bangunan 70m2 - Luas Tanah mulai 114m2 - SHM Pekarangan - 3 K...","3","[object Object]","2","[object Object]","114 m²","LT:","70 m²","LB:","https://picture.rumah123.com/r123-images/250x250-fit/customer/4388368/a96ec59c5c778b3ebfc0dac4c58eabb2.jpg","Diperbarui 11 jam yang lalu oleh","Dhiani KS","+628895...","WhatsApp","1","[object Object]","https://pic.rumah123.com/r123/100x100-fit/logo/nologo.jpg","","",""
"https://www.rumah123.com/portal-img/_next/image/?url=https%3A%2F%2Fpicture.rumah123.com%2Fr123-images%2F720x420-crop%2Fcustomer%2F1200616%2F59b7d7c86a87cc09953ff908e56fceb0.jpg&w=3840&q=75","https://www.rumah123.com/portal-img/_next/image/?url=https%3A%2F%2Fpicture.rumah123.com%2Fr123-images%2F720x420-crop%2Fcustomer%2F1200616%2F2e6e1e52c51f2fb4cec487895bea7458.jpg&w=3840&q=75","https://www.rumah123.com/portal-img/_next/image/?url=https%3A%2F%2Fpicture.rumah123.com%2Fr123-images%2F720x420-crop%2Fcustomer%2F1200616%2F157abdebd8b3ca100ad7b2d0fa110a1e.jpg&w=3840&q=75","[object Object]","5","[object Object]","Rumah","","","","","","Rp 1,6 Miliar","Rp 7 Jutaan (Tenor 20 Tahun)","Rp 10 Jutaan (Tenor 15 Tahun)","https://www.rumah123.com/properti/semarang-banyumanik/di-jual-rumah-di-gombel-permai-semarang-atas-hos38855777/","Di Jual Rumah Di Gombel Permai Semarang Atas","Banyumanik, Semarang","Jalan lebar  pam  hadap utara  pln 2200","5","[object Object]","4","[object Object]","168 m²","LT:","300 m²","LB:","https://pic.rumah123.com/r123/250x250-fit/photo/1200616/12006161584430814.jpg","Diperbarui 10 jam yang lalu oleh","Karen  Fong","+628953...","WhatsApp","1 + 1","[object Object]","https://pic.rumah123.com/r123/100x100-fit/logo/11318_logosubcomp.jpg","","",""
"https://www.rumah123.com/portal-img/_next/image/?url=https%3A%2F%2Fpicture.rumah123.com%2Fr123-images%2F720x420-crop%2Fcustomer%2F1200616%2F2b6c4ee56926dba60a41132e8b11047a.jpg&w=3840&q=75","https://www.rumah123.com/portal-img/_next/image/?url=https%3A%2F%2Fpicture.rumah123.com%2Fr123-images%2F720x420-crop%2Fcustomer%2F1200616%2F00063e156b8c0bdc8dfabe790f5c3cf0.jpg&w=3840&q=75","https://www.rumah123.com/portal-img/_next/image/?url=https%3A%2F%2Fpicture.rumah123.com%2Fr123-images%2F720x420-crop%2Fcustomer%2F1200616%2F240f3377c60166964a5720a30438aaf3.jpg&w=3840&q=75","[object Object]","10","[object Object]","Rumah","","","","","","Rp 2,7 Miliar","Rp 13 Jutaan (Tenor 20 Tahun)","Rp 17 Jutaan (Tenor 15 Tahun)","https://www.rumah123.com/properti/semarang-semarang-tengah/di-jual-rumah-tengah-kota-semarang-hos39300126/","Di Jual Rumah Tengah Kota Semarang","Semarang Tengah, Semarang","Dekat polda  tengah kota  5 menit ke simpang 5  carport bisa 2 mobil  ada halaman belakang  rumah nyaman","3","[object Object]","2","[object Object]","215 m²","LT:","150 m²","LB:","https://pic.rumah123.com/r123/250x250-fit/photo/1200616/12006161584430814.jpg","Diperbarui 11 jam yang lalu oleh","Karen  Fong","+628953...","WhatsApp","2","[object Object]","https://pic.rumah123.com/r123/100x100-fit/logo/11318_logosubcomp.jpg","","",""
"https://www.rumah123.com/portal-img/_next/image/?url=https%3A%2F%2Fpicture.rumah123.com%2Fr123-images%2F720x420-crop%2Fcustomer%2F1200616%2F31fac220c4bf6b4f9d5da0dba8790111.png&w=3840&q=75","https://www.rumah123.com/portal-img/_next/image/?url=https%3A%2F%2Fpicture.rumah123.com%2Fr123-images%2F720x420-crop%2Fcustomer%2F1200616%2Fe3fc8ef8aabc0d40e023e5bba31d6bd0.jpg&w=3840&q=75","https://www.rumah123.com/portal-img/_next/image/?url=https%3A%2F%2Fpicture.rumah123.com%2Fr123-images%2F720x420-crop%2Fcustomer%2F1200616%2Fa174a95a40da8f80e95d663287b75ba1.jpg&w=3840&q=75","[object Object]","9","[object Object]","Rumah","","","","","","Rp 3 Miliar","Rp 14 Jutaan (Tenor 20 Tahun)","Rp 18 Jutaan (Tenor 15 Tahun)","https://www.rumah123.com/properti/semarang-semarang-tengah/di-jual-rumah-di-tengah-kota-samarang-daerah-mugas-dalam-hos40723611/","Di Jual Rumah di Tengah Kota Samarang Daerah Mugas Dalam","Semarang Tengah, Semarang","Jalan lebar  dekat mesjid  tengah kota  bisa utk kos","7","[object Object]","7","[object Object]","135 m²","LT:","250 m²","LB:","https://pic.rumah123.com/r123/250x250-fit/photo/1200616/12006161584430814.jpg","Diperbarui 11 jam yang lalu oleh","Karen  Fong","+628953...","WhatsApp","1","[object Object]","https://pic.rumah123.com/r123/100x100-fit/logo/11318_logosubcomp.jpg","","",""
"https://www.rumah123.com/portal-img/_next/image/?url=https%3A%2F%2Fpicture.rumah123.com%2Fr123-images%2F720x420-crop%2Fcustomer%2F4350530%2F9a5570baf3712934fc4ff80175718f1e.jpg&w=3840&q=85","https://www.rumah123.com/portal-img/_next/image/?url=https%3A%2F%2Fpicture.rumah123.com%2Fr123-images%2F720x420-crop%2Fcustomer%2F2168096%2F0b7ee41133a4a3244d506bfb8b5e94b9.jpg&w=3840&q=75","https://www.rumah123.com/portal-img/_next/image/?url=https%3A%2F%2Fpicture.rumah123.com%2Fr123-images%2F720x420-crop%2Fcustomer%2F2168095%2F6f13eac2daccb82de8d6d066cad5965f.jpg&w=3840&q=75","[object Object]","19","[object Object]","Rumah","","https://www.rumah123.com/jual/cari/?location=jawa-tengah&itm_medium=search-suggestions-lokasi&itm_source=organic&quickLabel=Bisa+Nego","Bisa Nego","https://www.rumah123.com/jual/cari/?location=jawa-tengah&itm_medium=search-suggestions-lokasi&itm_source=organic&quickLabel=Siap+Huni","Siap Huni","Rp 469 Juta","Rp 2 Jutaan (Tenor 20 Tahun)","Rp 2 Jutaan (Tenor 15 Tahun)","https://www.rumah123.com/properti/semarang-mijen/rumah-mewah-minimalis-modern-tipe-36-mijen-hos39082644/","Rumah Mewah Minimalis Modern Tipe 36 Mijen","Mijen, Semarang","Rumah bergaya minimalist modern di Mijen.  Miliki rumah 1 lantai yang asri ini,  dijual dengan pemandangan asri yang menambah nilai estetika di lin...","2","[object Object]","1","[object Object]","93 m²","LT:","36 m²","LB:","https://picture.rumah123.com/r123-images/250x250-fit/customer/4350530/c935160a464e4c533c67bbc75a761412.jpg","Diperbarui 8 jam yang lalu oleh","Bagus","+628564...","WhatsApp","1","[object Object]","https://pic.rumah123.com/r123/100x100-fit/logo/20250228105356_pt_mikroland_property_development.jpeg","https://www.rumah123.com/jual/cari/?location=jawa-tengah&itm_medium=search-suggestions-lokasi&itm_source=organic&quickLabel=Bebas+Banjir","Bebas Banjir",""
"https://www.rumah123.com/portal-img/_next/image/?url=https%3A%2F%2Fpicture.rumah123.com%2Fr123-images%2F720x420-crop%2Fcustomer%2F2168093%2F6cc590d40554473f9668d7e91f78eb9d.jpg&w=3840&q=75","https://www.rumah123.com/portal-img/_next/image/?url=https%3A%2F%2Fpicture.rumah123.com%2Fr123-images%2F720x420-crop%2Fcustomer%2F2168093%2F1923275afe034b0d7442cf3be33445cc.jpg&w=3840&q=75","https://www.rumah123.com/portal-img/_next/image/?url=https%3A%2F%2Fpicture.rumah123.com%2Fr123-images%2F720x420-crop%2Fcustomer%2F4350530%2F53fbfcf59b8d989ba044fc6ee6d926b2.jpg&w=3840&q=75","[object Object]","7","[object Object]","Rumah","","https://www.rumah123.com/jual/cari/?location=jawa-tengah&itm_medium=search-suggestions-lokasi&itm_source=organic&quickLabel=DP+0%25","DP 0%","https://www.rumah123.com/jual/cari/?location=jawa-tengah&itm_medium=search-suggestions-lokasi&itm_source=organic&quickLabel=Bebas+Banjir","Bebas Banjir","Rp 1,35 Miliar","Rp 6 Jutaan (Tenor 20 Tahun)","Rp 8 Jutaan (Tenor 15 Tahun)","https://www.rumah123.com/properti/semarang-semarang-barat/rumah-di-jual-tipe-88120m2-2-lantai-beranda-bali-payon-amartha-kota-semarang-hanya-10juta-sampai-serah-terima-unit-hos39082691/","RUMAH DI JUAL TIPE 88/120m2 ( 2 LANTAI ) | BERANDA BALI PAYON AMARTHA KOTA SEMARANG | HANYA 10JUTA SAMPAI SERAH TERIMA UNIT","Semarang Barat, Semarang","Kesempatan terbatas buat Anda dapatkan rumah strategis dengan return investasi tinggi di Semarang Barat, Semarang.  Rumah ini menawarkan kelengkapa...","4","[object Object]","4","[object Object]","120 m²","LT:","88 m²","LB:","https://picture.rumah123.com/r123-images/250x250-fit/customer/4350530/c935160a464e4c533c67bbc75a761412.jpg","Diperbarui 11 jam yang lalu oleh","Bagus","+628564...","WhatsApp","2","[object Object]","https://pic.rumah123.com/r123/100x100-fit/logo/20250228105356_pt_mikroland_property_development.jpeg","https://www.rumah123.com/jual/cari/?location=jawa-tengah&itm_medium=search-suggestions-lokasi&itm_source=organic&quickLabel=Dekat+Akses+Transportasi","Dekat Akses Transportasi",""
"https://www.rumah123.com/portal-img/_next/image/?url=https%3A%2F%2Fpicture.rumah123.com%2Fr123-images%2F720x420-crop%2Fcustomer%2F4350530%2F94c2cd4438390933440962062d1b58c2.jpg&w=3840&q=75","https://www.rumah123.com/portal-img/_next/image/?url=https%3A%2F%2Fpicture.rumah123.com%2Fr123-images%2F720x420-crop%2Fcustomer%2F2168092%2Fabc88e2eaa48ce7fe5a7024790799038.jpg&w=3840&q=75","https://www.rumah123.com/portal-img/_next/image/?url=https%3A%2F%2Fpicture.rumah123.com%2Fr123-images%2F720x420-crop%2Fcustomer%2F2168092%2F5d8473e8baa00f53b73f574b03d1481f.jpg&w=3840&q=75","[object Object]","12","[object Object]","Rumah","","https://www.rumah123.com/jual/cari/?location=jawa-tengah&itm_medium=search-suggestions-lokasi&itm_source=organic&quickLabel=Siap+Huni","Siap Huni","https://www.rumah123.com/jual/cari/?location=jawa-tengah&itm_medium=search-suggestions-lokasi&itm_source=organic&quickLabel=Bebas+Banjir","Bebas Banjir","Rp 980 Juta","Rp 4 Jutaan (Tenor 20 Tahun)","Rp 6 Jutaan (Tenor 15 Tahun)","https://www.rumah123.com/properti/semarang-tembalang/rumah-2-lantai-dekat-dengan-pusat-kota-semarang-perumahan-beranda-bali-kedungmundu-hos39082694/","Rumah 2 Lantai Dekat Dengan Pusat Kota Semarang Perumahan Beranda Bali Kedungmundu","Tembalang, Semarang","Kesempatan terbatas buat Anda dapatkan rumah strategis dengan return investasi tinggi di Tembalang, Semarang.  Rumah ini menawarkan kelengkapan fas...","3","[object Object]","2","[object Object]","91 m²","LT:","83 m²","LB:","https://picture.rumah123.com/r123-images/250x250-fit/customer/4350530/c935160a464e4c533c67bbc75a761412.jpg","Diperbarui 11 jam yang lalu oleh","Bagus","+628564...","WhatsApp","1","[object Object]","https://pic.rumah123.com/r123/100x100-fit/logo/20250228105356_pt_mikroland_property_development.jpeg","https://www.rumah123.com/jual/cari/?location=jawa-tengah&itm_medium=search-suggestions-lokasi&itm_source=organic&quickLabel=Dekat+Sekolah","Dekat Sekolah",""
"https://www.rumah123.com/portal-img/_next/image/?url=https%3A%2F%2Fpicture.rumah123.com%2Fr123-images%2F720x420-crop%2Fcustomer%2F4350530%2F96a8eb9cd41756d0d5f9fd02b0293ecf.jpg&w=3840&q=75","https://www.rumah123.com/portal-img/_next/image/?url=https%3A%2F%2Fpicture.rumah123.com%2Fr123-images%2F720x420-crop%2Fcustomer%2F2168092%2F23aadf603c865b82fb1b1b41845e0445.jpg&w=3840&q=75","https://www.rumah123.com/portal-img/_next/image/?url=https%3A%2F%2Fpicture.rumah123.com%2Fr123-images%2F720x420-crop%2Fcustomer%2F2168092%2Faabc0687a8d347429fedfa925bfafdb7.jpg&w=3840&q=75","[object Object]","12","[object Object]","Rumah","","https://www.rumah123.com/jual/cari/?location=jawa-tengah&itm_medium=search-suggestions-lokasi&itm_source=organic&quickLabel=Bebas+Banjir","Bebas Banjir","https://www.rumah123.com/jual/cari/?location=jawa-tengah&itm_medium=search-suggestions-lokasi&itm_source=organic&quickLabel=Dekat+Sekolah","Dekat Sekolah","Rp 999 Juta","Rp 4 Jutaan (Tenor 20 Tahun)","Rp 6 Jutaan (Tenor 15 Tahun)","https://www.rumah123.com/properti/semarang-ngaliyan/rumah-di-perumahan-beranda-bali-payon-amartha-harga-promo-free-ppn-975jt-hos39082697/","Rumah Di Perumahan Beranda Bali Payon Amartha Harga Promo Free Ppn 975jt","Ngaliyan, Semarang","Rumah 1 lantai di Ngaliyan, Semarang.  Dijual rumah di wilayah yang asri dengan pemandangan view laut jawa. Properti 1 lantai ini berada di lingkun...","2","[object Object]","1","[object Object]","120 m²","LT:","48 m²","LB:","https://picture.rumah123.com/r123-images/250x250-fit/customer/4350530/c935160a464e4c533c67bbc75a761412.jpg","Diperbarui 9 jam yang lalu oleh","Bagus","+628564...","WhatsApp","2","[object Object]","https://pic.rumah123.com/r123/100x100-fit/logo/20250228105356_pt_mikroland_property_development.jpeg","","",""
"https://www.rumah123.com/portal-img/_next/image/?url=https%3A%2F%2Fpicture.rumah123.com%2Fr123-images%2F720x420-crop%2Fcustomer%2F4350530%2Fff65ea6f76b805fcacdfbb7f73bef12f.jpg&w=3840&q=75","https://www.rumah123.com/portal-img/_next/image/?url=https%3A%2F%2Fpicture.rumah123.com%2Fr123-images%2F720x420-crop%2Fcustomer%2F2168092%2F44c1f713e7d8af651bfbc1cc4e427e40.jpg&w=3840&q=75","https://www.rumah123.com/portal-img/_next/image/?url=https%3A%2F%2Fpicture.rumah123.com%2Fr123-images%2F720x420-crop%2Fcustomer%2F4350530%2F28d9bf83abb8b506d40e7594e60ad209.jpg&w=3840&q=75","[object Object]","8","[object Object]","Rumah","","https://www.rumah123.com/jual/cari/?location=jawa-tengah&itm_medium=search-suggestions-lokasi&itm_source=organic&quickLabel=Dekat+Pusat+Perbelanjaan","Dekat Pusat Perbelanjaan","https://www.rumah123.com/jual/cari/?location=jawa-tengah&itm_medium=search-suggestions-lokasi&itm_source=organic&quickLabel=Dekat+Fasilitas+Kesehatan","Dekat Fasilitas Kesehatan","Rp 1,1 Miliar","Rp 5 Jutaan (Tenor 20 Tahun)","Rp 6 Jutaan (Tenor 15 Tahun)","https://www.rumah123.com/properti/semarang-ngaliyan/rumah-2-lantai-harga-terjangkau-dekat-citraland-bsb-city-semarang-hos39082746/","Rumah 2 Lantai Harga Terjangkau Dekat Citraland Bsb City Semarang","Ngaliyan, Semarang","Perumahan ubud lonjaten harga terjangkau dekat dg bsb city semarang -- 7 menit ke uptown mall bsb city -- 10 menit ke Rs permata medika -- 5 menit ...","3","[object Object]","3","[object Object]","139 m²","LT:","95 m²","LB:","https://picture.rumah123.com/r123-images/250x250-fit/customer/4350530/c935160a464e4c533c67bbc75a761412.jpg","Diperbarui 11 jam yang lalu oleh","Bagus","+628564...","WhatsApp","1","[object Object]","https://pic.rumah123.com/r123/100x100-fit/logo/20250228105356_pt_mikroland_property_development.jpeg","","",""
"https://www.rumah123.com/portal-img/_next/image/?url=https%3A%2F%2Fpicture.rumah123.com%2Fr123-images%2F720x420-crop%2Fcustomer%2F4350530%2F9a5570baf3712934fc4ff80175718f1e.jpg&w=3840&q=75","https://www.rumah123.com/portal-img/_next/image/?url=https%3A%2F%2Fpicture.rumah123.com%2Fr123-images%2F720x420-crop%2Fcustomer%2F2168096%2F441dc48be0dfc7babe79dcdad12d776d.jpg&w=3840&q=75","https://www.rumah123.com/portal-img/_next/image/?url=https%3A%2F%2Fpicture.rumah123.com%2Fr123-images%2F720x420-crop%2Fcustomer%2F2168096%2Fc3a11374817b388a1ef30eee61de7a6f.jpg&w=3840&q=75","[object Object]","19","[object Object]","Rumah","","https://www.rumah123.com/jual/cari/?location=jawa-tengah&itm_medium=search-suggestions-lokasi&itm_source=organic&quickLabel=DP+0%25","DP 0%","https://www.rumah123.com/jual/cari/?location=jawa-tengah&itm_medium=search-suggestions-lokasi&itm_source=organic&quickLabel=Siap+Huni","Siap Huni","Rp 355 Juta","Rp 1 Jutaan (Tenor 20 Tahun)","Rp 2 Jutaan (Tenor 15 Tahun)","https://www.rumah123.com/properti/semarang-semarang-barat/rumah-di-cluster-taman-kayangan-bsb-mijen-all-in-5-juta-tanpa-dp-biaya-biaya-hos39082543/","Rumah Di Cluster Taman Kayangan Bsb Mijen All In 5 Juta Tanpa Dp & Biaya Biaya","Semarang Barat, Semarang","Taman Kayangan - Hunian Nyaman dengan Pemandangan Memukau  Hunian eksklusif dengan lingkungan asri dan lokasi strategis untuk kenyamanan hidup Anda...","1","[object Object]","1","[object Object]","60 m²","LT:","23 m²","LB:","https://picture.rumah123.com/r123-images/250x250-fit/customer/4350530/c935160a464e4c533c67bbc75a761412.jpg","Diperbarui 11 jam yang lalu oleh","Bagus","+628564...","WhatsApp","2","[object Object]","https://pic.rumah123.com/r123/100x100-fit/logo/20250228105356_pt_mikroland_property_development.jpeg","https://www.rumah123.com/jual/cari/?location=jawa-tengah&itm_medium=search-suggestions-lokasi&itm_source=organic&quickLabel=Dekat+Fasilitas+Kesehatan","Dekat Fasilitas Kesehatan",""
"https://www.rumah123.com/portal-img/_next/image/?url=https%3A%2F%2Fpicture.rumah123.com%2Fr123-images%2F720x420-crop%2Fcustomer%2F2168093%2F5765fd83f8e03ff156edb1a42fa75f21.jpg&w=3840&q=75","https://www.rumah123.com/portal-img/_next/image/?url=https%3A%2F%2Fpicture.rumah123.com%2Fr123-images%2F720x420-crop%2Fcustomer%2F2168093%2F09c79fc9bb0ccdea8afc2d9ba9a5690d.jpg&w=3840&q=75","https://www.rumah123.com/portal-img/_next/image/?url=https%3A%2F%2Fpicture.rumah123.com%2Fr123-images%2F720x420-crop%2Fcustomer%2F2168093%2F7736b6a225a497558e0a656f1d9d28c9.jpg&w=3840&q=75","[object Object]","10","[object Object]","Tanah","","","","","","Rp 840 Juta Total","Rp 4 Jutaan (Tenor 20 Tahun)","Rp 5 Jutaan (Tenor 15 Tahun)","https://www.rumah123.com/properti/semarang-semarang-barat/jual-tanahkavling-di-kota-semarang-perumahan-beranda-bali-payon-amartha-nego-sampai-deal-las8731740/","JUAL TANAH/KAVLING DI KOTA SEMARANG | PERUMAHAN BERANDA BALI PAYON AMARTHA | NEGO SAMPAI DEAL","Semarang Barat, Semarang","Perumahan","","","","","120 m²","LT:","","","https://picture.rumah123.com/r123-images/250x250-fit/customer/4350530/c935160a464e4c533c67bbc75a761412.jpg","Diperbarui 11 jam yang lalu oleh","Bagus","+628564...","WhatsApp","","","https://pic.rumah123.com/r123/100x100-fit/logo/20250228105356_pt_mikroland_property_development.jpeg","","",""
"https://www.rumah123.com/portal-img/_next/image/?url=https%3A%2F%2Fpicture.rumah123.com%2Fr123-images%2F720x420-crop%2Fcustomer%2F4350530%2F96a8eb9cd41756d0d5f9fd02b0293ecf.jpg&w=3840&q=75","https://www.rumah123.com/portal-img/_next/image/?url=https%3A%2F%2Fpicture.rumah123.com%2Fr123-images%2F720x420-crop%2Fcustomer%2F2168096%2F2f38012affe5f84ec635c93ed8abd599.jpg&w=3840&q=75","https://www.rumah123.com/portal-img/_next/image/?url=https%3A%2F%2Fpicture.rumah123.com%2Fr123-images%2F720x420-crop%2Fcustomer%2F2168096%2F3813779758000d400a345e7cf0b32a39.jpg&w=3840&q=75","[object Object]","17","[object Object]","Rumah","","https://www.rumah123.com/jual/cari/?location=jawa-tengah&itm_medium=search-suggestions-lokasi&itm_source=organic&quickLabel=DP+0%25","DP 0%","https://www.rumah123.com/jual/cari/?location=jawa-tengah&itm_medium=search-suggestions-lokasi&itm_source=organic&quickLabel=Siap+Huni","Siap Huni","Rp 1,66 Miliar","Rp 8 Jutaan (Tenor 20 Tahun)","Rp 10 Jutaan (Tenor 15 Tahun)","https://www.rumah123.com/properti/semarang-semarang-barat/promo-rumah-all-in-10-juta-perumahan-beranda-bali-payon-amartha-ngaliyan-semarang-hos39084513/","PROMO RUMAH ALL IN 10 JUTA - PERUMAHAN Beranda Bali Payon Amartha Ngaliyan SEMARANG","Semarang Barat, Semarang","Rumah di Semarang Barat.  Temukan rumah 2 lantai yang nyaman ini,  dijual dengan pemandangan asri yang menambah nilai estetika di lingkungan hunian...","3 + 1","[object Object]","3 + 1","[object Object]","150 m²","LT:","88 m²","LB:","https://picture.rumah123.com/r123-images/250x250-fit/customer/4350530/c935160a464e4c533c67bbc75a761412.jpg","Diperbarui 11 jam yang lalu oleh","Bagus","+628564...","WhatsApp","2","[object Object]","https://pic.rumah123.com/r123/100x100-fit/logo/20250228105356_pt_mikroland_property_development.jpeg","https://www.rumah123.com/jual/cari/?location=jawa-tengah&itm_medium=search-suggestions-lokasi&itm_source=organic&quickLabel=Bebas+Banjir","Bebas Banjir",""
"https://www.rumah123.com/portal-img/_next/image/?url=https%3A%2F%2Fpicture.rumah123.com%2Fr123-images%2F720x420-crop%2Fcustomer%2F71783%2Ffc167a5210a461d4451240222e8f5a02.jpg&w=3840&q=75","https://www.rumah123.com/portal-img/_next/image/?url=https%3A%2F%2Fpicture.rumah123.com%2Fr123-images%2F720x420-crop%2Fcustomer%2F71783%2F8a82f0226e1d6643ff97507a44f0aced.jpg&w=3840&q=75","https://www.rumah123.com/portal-img/_next/image/?url=https%3A%2F%2Fpicture.rumah123.com%2Fr123-images%2F720x420-crop%2Fcustomer%2F71783%2Fed811a2d8a69bda47672cb19b71c10da.jpg&w=3840&q=75","[object Object]","3","[object Object]","Tanah","","https://www.rumah123.com/jual/cari/?location=jawa-tengah&itm_medium=search-suggestions-lokasi&itm_source=organic&quickLabel=Dekat+Sekolah","Dekat Sekolah","","","Rp 16,2 Miliar Total","Rp 79 Jutaan (Tenor 20 Tahun)","Rp 102 Jutaan (Tenor 15 Tahun)","https://www.rumah123.com/properti/semarang-gunung-pati/jual-cepat-bu-tanah-di-gunung-pati-semarang-jawa-tengah-lebar-60m-blakange-bsb-teras-bali-las4125521/","Jual Cepat .. BU.. tanah di gunung Pati Semarang jawa tengah lebar 60m, blakange BSB teras bali","Gunung Pati, Semarang","Jual tanah di gunung Pati Semarang jawa tengah lebar 60m, blakange BSB teras bali, 5 manit dari lakers 2, 8 menit dari taman pelangi dan ivy park l...","","","","","13000 m²","LT:","","","","Diperbarui 1 jam yang lalu oleh","Denny Property Semarang","+628562...","WhatsApp","","","https://pic.rumah123.com/r123/100x100-fit/logo/20240130021107_peduli_property.jpeg","","",""
"https://www.rumah123.com/portal-img/_next/image/?url=https%3A%2F%2Fpicture.rumah123.com%2Fr123-images%2F720x420-crop%2Fcustomer%2F71783%2F60d7c2ba895b0ca44c40a6c03deb30ba.jpg&w=3840&q=75","https://www.rumah123.com/portal-img/_next/image/?url=https%3A%2F%2Fpicture.rumah123.com%2Fr123-images%2F720x420-crop%2Fcustomer%2F71783%2Fa607c3009b017739c1d228469ad5d591.jpg&w=3840&q=75","https://www.rumah123.com/portal-img/_next/image/?url=https%3A%2F%2Fpicture.rumah123.com%2Fr123-images%2F720x420-crop%2Fcustomer%2F71783%2F61422ec2e3ed0e3860f973995c49b778.jpg&w=3840&q=75","[object Object]","5","[object Object]","Tanah","","https://www.rumah123.com/jual/cari/?location=jawa-tengah&itm_medium=search-suggestions-lokasi&itm_source=organic&quickLabel=Cocok+untuk+kost","Cocok untuk kost","","","Rp 3,97 Miliar Total","Rp 19 Jutaan (Tenor 20 Tahun)","Rp 25 Jutaan (Tenor 15 Tahun)","https://www.rumah123.com/properti/semarang-semarang-selatan/dijual-cepat-tanah-strategis-di-jl-karang-bendo-tlagabodas-las4311657/","Dijual Cepat Tanah Strategis Di Jl Karang Bendo, Tlagabodas","Semarang Selatan, Semarang","Dijual cepat tanah strategis di Jl Karangbendo, Tlagabodas SHM LT : 530m2 (20mx26m) hadap Selatan . . harga 7.5jt/m Negotiable .","","","","","530 m²","LT:","","","","Diperbarui 10 jam yang lalu oleh","Denny Property Semarang","+628562...","WhatsApp","","","https://pic.rumah123.com/r123/100x100-fit/logo/20240130021107_peduli_property.jpeg","","",""
"https://www.rumah123.com/portal-img/_next/image/?url=https%3A%2F%2Fpicture.rumah123.com%2Fr123-images%2F720x420-crop%2Fcustomer%2F71783%2F4c590fa3520504b360043e4b0fda7981.jpg&w=3840&q=75","https://www.rumah123.com/portal-img/_next/image/?url=https%3A%2F%2Fpicture.rumah123.com%2Fr123-images%2F720x420-crop%2Fcustomer%2F71783%2Fe9526f36bfec1443ccefed5f36d83d9d.jpg&w=3840&q=75","https://www.rumah123.com/portal-img/_next/image/?url=https%3A%2F%2Fpicture.rumah123.com%2Fr123-images%2F720x420-crop%2Fcustomer%2F71783%2Fda18a3a95ab07f75e16e19c0fc686bd9.jpg&w=3840&q=75","[object Object]","6","[object Object]","Tanah","","","","","","Rp 38,8 Miliar Total","Rp 190 Jutaan (Tenor 20 Tahun)","Rp 244 Jutaan (Tenor 15 Tahun)","https://www.rumah123.com/properti/semarang-semarang-selatan/jual-cepat-tanah-di-jl-sultan-agung-raya-semarang-luas-970m-shm-las9023211/","Jual/sewa Tanah Di Jl Sultan Agung Raya Semarang Luas 970m, Shm","Semarang Selatan, Semarang","Jual tanah di JL Sultan Agung Raya Semarang  Luas 970m, SHM, bagus Dan strategis untuk usaha anda . . Harga 40jt/m 650jt/tahun Negotiable  . . Mina...","","","","","970 m²","LT:","","","","Diperbarui 12 jam yang lalu oleh","Denny Property Semarang","+628562...","WhatsApp","","","https://pic.rumah123.com/r123/100x100-fit/logo/20240130021107_peduli_property.jpeg","","",""
"https://www.rumah123.com/portal-img/_next/image/?url=https%3A%2F%2Fpicture.rumah123.com%2Fr123-images%2F720x420-crop%2Fcustomer%2F71783%2F288d4221e30b4247497f7eb021ff6ff6.jpg&w=3840&q=75","https://www.rumah123.com/portal-img/_next/image/?url=https%3A%2F%2Fpicture.rumah123.com%2Fr123-images%2F720x420-crop%2Fcustomer%2F71783%2Ffb6407d24f00dd8b95cbf8df7cba9a14.jpg&w=3840&q=75","https://www.rumah123.com/portal-img/_next/image/?url=https%3A%2F%2Fpicture.rumah123.com%2Fr123-images%2F720x420-crop%2Fcustomer%2F71783%2F2441866e79e2caa2709f01b918c5eceb.jpg&w=3840&q=75","[object Object]","4","[object Object]","Tanah","","","","","","Rp 28,5 Miliar Total","Rp 140 Jutaan (Tenor 20 Tahun)","Rp 179 Jutaan (Tenor 15 Tahun)","https://www.rumah123.com/properti/semarang-majapahit/jual-cepat-property-di-jl-majapahit-raya-luas-1900m-las8852019/","Jual Cepat Property Di Jl Majapahit Raya Luas 1900m","Majapahit, Semarang","Property Di JL Majapahit Raya  Luas 1900m  Lebar 12m Ngantong Lebar Blakang 30m SHM  . . Harga 15jt/m Negotiable  . . Minat Telp 0856266xxxx  Berte...","","","","","1900 m²","LT:","","","","Diperbarui 11 jam yang lalu oleh","Denny Property Semarang","+628562...","WhatsApp","","","https://pic.rumah123.com/r123/100x100-fit/logo/20240130021107_peduli_property.jpeg","","",""
"https://www.rumah123.com/portal-img/_next/image/?url=https%3A%2F%2Fpicture.rumah123.com%2Fr123-images%2F720x420-crop%2Fcustomer%2F71783%2F356e8b7defc7bed5c9d70bfbd488d876.jpg&w=3840&q=75","https://www.rumah123.com/portal-img/_next/image/?url=https%3A%2F%2Fpicture.rumah123.com%2Fr123-images%2F720x420-crop%2Fcustomer%2F71783%2F2024-04-28-03-18-08-899f0811-2b35-49ad-b5ba-73373f31bd93.jpg&w=3840&q=75","https://www.rumah123.com/portal-img/_next/image/?url=https%3A%2F%2Fpicture.rumah123.com%2Fr123-images%2F720x420-crop%2Fcustomer%2F71783%2F2024-04-28-03-18-08-3091edaa-2c96-496d-9ae7-0eb7b0f9bab2.jpg&w=3840&q=75","[object Object]","6","[object Object]","Ruko","","https://www.rumah123.com/jual/cari/?location=jawa-tengah&itm_medium=search-suggestions-lokasi&itm_source=organic&quickLabel=Siap+Huni","Siap Huni","https://www.rumah123.com/jual/cari/?location=jawa-tengah&itm_medium=search-suggestions-lokasi&itm_source=organic&quickLabel=Dekat+Sekolah","Dekat Sekolah","Rp 3,8 Miliar Total","Rp 18 Jutaan (Tenor 20 Tahun)","Rp 23 Jutaan (Tenor 15 Tahun)","https://www.rumah123.com/properti/semarang-semarang-tengah/dijual-cepet-bu2-ruko-jejeran-3-lantai-di-jl-sriwijaya-raya-semarang-shs4127827/","Dijual/Sewa, Premium Property,2 Ruko Jejeran, 3 Lantai di Jl Sriwijaya Raya Semarang","Semarang Tengah, Semarang","Dijual cepet... BU..2 Ruko jejeran, 3 lantai di JL Sriwijaya Raya Semarang luas per ruko 107 (fisik nya 157m) SHM, bagus dan siap pakai . . Harga 3...","3","[object Object]","1","[object Object]","107 m²","LT:","250 m²","LB:","","Diperbarui 11 jam yang lalu oleh","Denny Property Semarang","+628562...","WhatsApp","","","https://pic.rumah123.com/r123/100x100-fit/logo/20240130021107_peduli_property.jpeg","","",""
"https://www.rumah123.com/portal-img/_next/image/?url=https%3A%2F%2Fpicture.rumah123.com%2Fr123-images%2F720x420-crop%2Fcustomer%2F71783%2Ff01b199841bbaa129ca92fbd66cc249e.jpg&w=3840&q=75","https://www.rumah123.com/portal-img/_next/image/?url=https%3A%2F%2Fpicture.rumah123.com%2Fr123-images%2F720x420-crop%2Fcustomer%2F71783%2F0a337ebb8246e7122e1e195a029ab5e5.jpg&w=3840&q=75","https://www.rumah123.com/portal-img/_next/image/?url=https%3A%2F%2Fpicture.rumah123.com%2Fr123-images%2F720x420-crop%2Fcustomer%2F71783%2F004f6062a49e073df022386ebf24568a.jpg&w=3840&q=75","[object Object]","4","[object Object]","Rumah","","","","","","Rp 10 Miliar","Rp 49 Jutaan (Tenor 20 Tahun)","Rp 62 Jutaan (Tenor 15 Tahun)","https://www.rumah123.com/properti/semarang-semarang-tengah/dijual-cepat-property-di-jl-cendrawasih-1-semarang-hos39751273/","Dijual Cepat Property Di Jl Cendrawasih 1 Semarang","Semarang Tengah, Semarang","Dijual cepat property di JL Cendrawasih 1 (Depan tiger and crane ada gang masuk) Semarang, Luas 817m Lebar 20m Ngantong . . Harga 10M Negotiable  ....","1","[object Object]","1","[object Object]","817 m²","LT:","600 m²","LB:","","Diperbarui 12 jam yang lalu oleh","Denny Property Semarang","+628562...","WhatsApp","2 + 1","[object Object]","https://pic.rumah123.com/r123/100x100-fit/logo/20240130021107_peduli_property.jpeg","","",""
"https://www.rumah123.com/portal-img/_next/image/?url=https%3A%2F%2Fpicture.rumah123.com%2Fr123-images%2F720x420-crop%2Fcustomer%2F71783%2F83861f0cfb6aca2817137d417fb4cdf5.jpg&w=3840&q=75","https://www.rumah123.com/portal-img/_next/image/?url=https%3A%2F%2Fpicture.rumah123.com%2Fr123-images%2F720x420-crop%2Fcustomer%2F71783%2Fb3b56629da0b9c2d4b4303915ef2254b.jpg&w=3840&q=75","https://www.rumah123.com/portal-img/_next/image/?url=https%3A%2F%2Fpicture.rumah123.com%2Fr123-images%2F720x420-crop%2Fcustomer%2F71783%2F6ab0dc1330669938fa5eafd3e5d2a3ff.jpg&w=3840&q=75","[object Object]","8","[object Object]","Rumah","","","","","","Rp 2,75 Miliar","Rp 13 Jutaan (Tenor 20 Tahun)","Rp 17 Jutaan (Tenor 15 Tahun)","https://www.rumah123.com/properti/semarang-simpang-lima/dijual-cepat-bu-rumah-di-jl-singosari-semarang-hos19153534/","Dijual Cepat Bu.. Rumah di Jl Singosari Semarang","Simpang Lima, Semarang","Dijual rumah di JL Singosari Semarang Semarang.SHM,  luas 233M Harga 2.75M Negotiable . . .  . . Minat ?? Telp : 0856266xxxx . . Bertempat ditempat...","4","[object Object]","2","[object Object]","233 m²","LT:","250 m²","LB:","","Diperbarui 12 jam yang lalu oleh","Denny Property Semarang","+628562...","WhatsApp","1 + 1","[object Object]","https://pic.rumah123.com/r123/100x100-fit/logo/20240130021107_peduli_property.jpeg","","",""
"https://www.rumah123.com/portal-img/_next/image/?url=https%3A%2F%2Fpicture.rumah123.com%2Fr123-images%2F720x420-crop%2Fcustomer%2F71783%2Flisting%2Fhos16985671%2Fenhanced%2F7473473319eb4f78b18050499a8cb52b.png&w=3840&q=75","https://www.rumah123.com/portal-img/_next/image/?url=https%3A%2F%2Fpicture.rumah123.com%2Fr123-images%2F720x420-crop%2Fcustomer%2F71783%2Flisting%2Fhos16985671%2Fenhanced%2F2024-04-30-04-07-02-6652600e-4cc3-4cdb-bfa9-fda6f5f444b2.jpg&w=3840&q=75","https://www.rumah123.com/portal-img/_next/image/?url=https%3A%2F%2Fpicture.rumah123.com%2Fr123-images%2F720x420-crop%2Fcustomer%2F71783%2Flisting%2Fhos16985671%2Fenhanced%2F2024-04-30-04-06-02-d6be7a56-5b99-4dc3-a970-d27baa869d6d.jpg&w=3840&q=75","[object Object]","7","[object Object]","Rumah","","https://www.rumah123.com/jual/cari/?location=jawa-tengah&itm_medium=search-suggestions-lokasi&itm_source=organic&quickLabel=Dekat+Sekolah","Dekat Sekolah","","","Rp 1,7 Miliar","Rp 8 Jutaan (Tenor 20 Tahun)","Rp 10 Jutaan (Tenor 15 Tahun)","https://www.rumah123.com/properti/semarang-tlogosari/dijual-cepet-burumah-di-di-jl-tlogosari-raya-semarang-hos16985671/","Dijual Cepet.... Bu...Rumah di di Jl Tlogosari Raya Semarang","Tlogosari, Semarang","Dijual rumah di  di Jl Tlogosari raya Semarang, luas 240m(8x30m) bangunan 240m, harga 1.7M....  . Deket dengan kampus Sekolahan  Dll","3 + 1","[object Object]","2 + 1","[object Object]","240 m²","LT:","240 m²","LB:","","Diperbarui 12 jam yang lalu oleh","Denny Property Semarang","+628562...","WhatsApp","1 + 1","[object Object]","https://pic.rumah123.com/r123/100x100-fit/logo/20240130021107_peduli_property.jpeg","","",""
"https://www.rumah123.com/portal-img/_next/image/?url=https%3A%2F%2Fpicture.rumah123.com%2Fr123-images%2F720x420-crop%2Fcustomer%2F71783%2F426fea067953295faacb60bfce40d115.jpg&w=3840&q=75","https://www.rumah123.com/portal-img/_next/image/?url=https%3A%2F%2Fpicture.rumah123.com%2Fr123-images%2F720x420-crop%2Fcustomer%2F71783%2F5ac5d4bc67dbc0a51a41d8e97795b2dc.jpg&w=3840&q=75","https://www.rumah123.com/portal-img/_next/image/?url=https%3A%2F%2Fpicture.rumah123.com%2Fr123-images%2F720x420-crop%2Fcustomer%2F71783%2F47d8645f641317e44a6afa710de49bed.jpg&w=3840&q=75","[object Object]","5","[object Object]","Ruko","","","","","","Rp 2,5 Miliar Total","Rp 12 Jutaan (Tenor 20 Tahun)","Rp 15 Jutaan (Tenor 15 Tahun)","https://www.rumah123.com/properti/semarang-ngaliyan/dijual-cepat-bu-ruko-di-ngaliyan-raya-semarang-shs4610669/","Dijual Cepat .. Bu.. Ruko Di Ngaliyan Raya Semarang","Ngaliyan, Semarang","Ruko Di Ngaliyan Square Lokasi Samping BCA Hadap Jalan Ngaliyan Raya Luas tanah 95 m² Luas bangunan 5 x 16 (2 Lantai) Listrik 4400 Air artetis Ama...","2","[object Object]","","","95 m²","LT:","150 m²","LB:","","Diperbarui 11 jam yang lalu oleh","Denny Property Semarang","+628562...","WhatsApp","","","https://pic.rumah123.com/r123/100x100-fit/logo/20240130021107_peduli_property.jpeg","","",""
"https://www.rumah123.com/portal-img/_next/image/?url=https%3A%2F%2Fpicture.rumah123.com%2Fr123-images%2F720x420-crop%2Fcustomer%2F1262588%2F2024-06-24-11-40-59-48a1e2f1-251d-4441-9914-520cd1d63d8a.jpg&w=3840&q=75","https://www.rumah123.com/portal-img/_next/image/?url=https%3A%2F%2Fpicture.rumah123.com%2Fr123-images%2F720x420-crop%2Fcustomer%2F1262588%2F2024-06-24-11-43-05-b25e2993-604c-4e9f-9e73-a1b4c97da27a.jpg&w=3840&q=75","https://www.rumah123.com/portal-img/_next/image/?url=https%3A%2F%2Fpicture.rumah123.com%2Fr123-images%2F720x420-crop%2Fcustomer%2F1262588%2F2024-06-24-11-43-06-5b820fab-74b9-480d-b6fb-b05f7ee328d7.jpg&w=3840&q=75","[object Object]","8","[object Object]","Rumah","","https://www.rumah123.com/jual/cari/?location=jawa-tengah&itm_medium=search-suggestions-lokasi&itm_source=organic&quickLabel=Bebas+Banjir","Bebas Banjir","https://www.rumah123.com/jual/cari/?location=jawa-tengah&itm_medium=search-suggestions-lokasi&itm_source=organic&quickLabel=Dekat+Sekolah","Dekat Sekolah","Rp 650 Juta","Rp 3 Jutaan (Tenor 20 Tahun)","Rp 4 Jutaan (Tenor 15 Tahun)","https://www.rumah123.com/properti/semarang-tembalang/dijual-rumah-dekat-ke-kampus-unimus-sendang-mulyo-tembalang-smg-hos17371254/","Dijual Rumah Dekat Ke Kampus Unimus Sendang Mulyo Tembalang Smg","Tembalang, Semarang","Dijual Rumah di Sendang Mulyo Tembalang  Lokasi Bebas Banjir,dekat Ke RSUD Wongsonegoro Ketileng,dekat Kampus UNIMUS, dekat ke KAMPUS UNDIP, Dekat ...","2","[object Object]","1","[object Object]","160 m²","LT:","80 m²","LB:","https://picture.rumah123.com/r123-images/250x250-fit/customer/1262588/2e5a69a596ec02a0687a0f7b9b39ade0.jpg","Diperbarui 11 jam yang lalu oleh","Maya","+628966...","WhatsApp","1","[object Object]","https://pic.rumah123.com/r123/100x100-fit/logo/20201202052029_hepi_property.jpeg","","",""
"https://www.rumah123.com/portal-img/_next/image/?url=https%3A%2F%2Fpicture.rumah123.com%2Fr123-images%2F720x420-crop%2Fcustomer%2F4400822%2Flisting%2Fhos41605148%2Fenhanced%2F3122a9e2cb8ea44878567e1cf31dd4d1.jpg&w=3840&q=75","https://www.rumah123.com/portal-img/_next/image/?url=https%3A%2F%2Fpicture.rumah123.com%2Fr123-images%2F720x420-crop%2Fcustomer%2F4400822%2Flisting%2Fhos41605148%2Fenhanced%2Fc7913f558ca0ab94c7eb140c0a2cbd45.jpg&w=3840&q=75","https://www.rumah123.com/portal-img/_next/image/?url=https%3A%2F%2Fpicture.rumah123.com%2Fr123-images%2F720x420-crop%2Fcustomer%2F4400822%2Flisting%2Fhos41605148%2Fenhanced%2F97787ff21607550ab37946af3b8c5003.jpg&w=3840&q=75","[object Object]","7","[object Object]","Rumah","","https://www.rumah123.com/jual/cari/?location=jawa-tengah&itm_medium=search-suggestions-lokasi&itm_source=organic&quickLabel=Bisa+Nego","Bisa Nego","https://www.rumah123.com/jual/cari/?location=jawa-tengah&itm_medium=search-suggestions-lokasi&itm_source=organic&quickLabel=Siap+Huni","Siap Huni","Rp 925 Juta","Rp 4 Jutaan (Tenor 20 Tahun)","Rp 5 Jutaan (Tenor 15 Tahun)","https://www.rumah123.com/properti/solo-colomadu/rumah-dijual-di-solo-colomadu-dekat-lapangan-baturan-hos41605148/","Rumah Dijual di Solo Colomadu Dekat Lapangan Baturan","Colomadu, Solo","Rumah 1,5 lantai di Baturan, Colomadu, Solo.  Dijual rumah di wilayah berada di lingkungan strategis. Kategorinya adalah sebagai berikut:    - Kama...","2","[object Object]","2","[object Object]","120 m²","LT:","100 m²","LB:","https://pic.rumah123.com/r123/250x250-fit/photo/4400822/44008221759118782.jpg","Diperbarui 10 jam yang lalu oleh","Samuel Handoko","+628139...","WhatsApp","1","[object Object]","https://pic.rumah123.com/r123/100x100-fit/logo/20190701123328_irea_solo.jpeg","https://www.rumah123.com/jual/cari/?location=jawa-tengah&itm_medium=search-suggestions-lokasi&itm_source=organic&quickLabel=Bebas+Banjir","Bebas Banjir",""
"https://www.rumah123.com/portal-img/_next/image/?url=https%3A%2F%2Fpicture.rumah123.com%2Fr123-images%2F720x420-crop%2Fcustomer%2F4400822%2F97bb8af21e37839ac044074273b0ad5b.jpg&w=3840&q=75","","","","1","[object Object]","Ruang Usaha","","https://www.rumah123.com/jual/cari/?location=jawa-tengah&itm_medium=search-suggestions-lokasi&itm_source=organic&quickLabel=Bisa+Nego","Bisa Nego","https://www.rumah123.com/jual/cari/?location=jawa-tengah&itm_medium=search-suggestions-lokasi&itm_source=organic&quickLabel=Siap+Huni","Siap Huni","Rp 2 Miliar Total","Rp 9 Jutaan (Tenor 20 Tahun)","Rp 12 Jutaan (Tenor 15 Tahun)","https://www.rumah123.com/properti/solo-banjarsari/ruang-usaha-3-lantai-dijual-murah-dekat-balaikota-solo-css9724436/","Ruko Ruang Usaha Dijual Dekat Balaikota Solo","Banjarsari, Solo","Ruko di Setabelan, Banjarsari, Solo.  Dengan spesifikasinya adalah sebagai berikut:   - Kamar Mandi: 2   - Sertifikat: SHM - Sertifikat Hak Milik  ...","2","[object Object]","","","45 m²","LT:","80 m²","LB:","https://pic.rumah123.com/r123/250x250-fit/photo/4400822/44008221759118782.jpg","Diperbarui 10 jam yang lalu oleh","Samuel Handoko","+628139...","WhatsApp","","","https://pic.rumah123.com/r123/100x100-fit/logo/20190701123328_irea_solo.jpeg","https://www.rumah123.com/jual/cari/?location=jawa-tengah&itm_medium=search-suggestions-lokasi&itm_source=organic&quickLabel=Bebas+Banjir","Bebas Banjir",""
"https://www.rumah123.com/portal-img/_next/image/?url=https%3A%2F%2Fpicture.rumah123.com%2Fr123-images%2F720x420-crop%2Fcustomer%2F4400822%2Flisting%2Fhos41605162%2Fenhanced%2Ff5cd406a5c43a4b23518fb71b25910bd.jpg&w=3840&q=85","","","[object Object]","7","[object Object]","Rumah","","https://www.rumah123.com/jual/cari/?location=jawa-tengah&itm_medium=search-suggestions-lokasi&itm_source=organic&quickLabel=Bisa+Nego","Bisa Nego","https://www.rumah123.com/jual/cari/?location=jawa-tengah&itm_medium=search-suggestions-lokasi&itm_source=organic&quickLabel=Siap+Huni","Siap Huni","Rp 800 Juta","Rp 3 Jutaan (Tenor 20 Tahun)","Rp 5 Jutaan (Tenor 15 Tahun)","https://www.rumah123.com/properti/sukoharjo-baki/rumah-dijual-di-solo-baki-dekat-pakuwon-mall-hos41605162/","Rumah Dijual di Solo Baki Dekat Pakuwon Mall","Baki, Sukoharjo","Rumah 1 lantai di Kudu, Baki, Sukoharjo.  For sale rumah di wilayah berada di lingkungan yang mudah dijangkau. Kategorinya adalah sebagai berikut: ...","2","[object Object]","1","[object Object]","72 m²","LT:","45 m²","LB:","https://pic.rumah123.com/r123/250x250-fit/photo/4400822/44008221759118782.jpg","Diperbarui 10 jam yang lalu oleh","Samuel Handoko","+628139...","WhatsApp","1","[object Object]","https://pic.rumah123.com/r123/100x100-fit/logo/20190701123328_irea_solo.jpeg","https://www.rumah123.com/jual/cari/?location=jawa-tengah&itm_medium=search-suggestions-lokasi&itm_source=organic&quickLabel=Bebas+Banjir","Bebas Banjir",""
"https://www.rumah123.com/portal-img/_next/image/?url=https%3A%2F%2Fpicture.rumah123.com%2Fr123-images%2F720x420-crop%2Fcustomer%2F4400822%2Flisting%2Fhos41578140%2Fenhanced%2F3122a9e2cb8ea44878567e1cf31dd4d1.jpg&w=3840&q=75","","","[object Object]","7","[object Object]","Rumah","","https://www.rumah123.com/jual/cari/?location=jawa-tengah&itm_medium=search-suggestions-lokasi&itm_source=organic&quickLabel=Bisa+Nego","Bisa Nego","https://www.rumah123.com/jual/cari/?location=jawa-tengah&itm_medium=search-suggestions-lokasi&itm_source=organic&quickLabel=Siap+Huni","Siap Huni","Rp 925 Juta","Rp 4 Jutaan (Tenor 20 Tahun)","Rp 5 Jutaan (Tenor 15 Tahun)","https://www.rumah123.com/properti/solo-colomadu/rumah-dijual-di-solo-colomadu-dekat-lapangan-baturan-hos41578140/","Rumah Dijual di Solo Colomadu Dekat Lapangan Baturan","Colomadu, Solo","Rumah 1,5 lantai di Baturan, Colomadu, Solo.  Dijual rumah di wilayah berada di lingkungan strategis. Kategorinya adalah sebagai berikut:    - Kama...","2","[object Object]","2","[object Object]","120 m²","LT:","100 m²","LB:","https://pic.rumah123.com/r123/250x250-fit/photo/4400822/44008221759118782.jpg","Diperbarui 12 jam yang lalu oleh","Samuel Handoko","+628139...","WhatsApp","1","[object Object]","https://pic.rumah123.com/r123/100x100-fit/logo/20190701123328_irea_solo.jpeg","https://www.rumah123.com/jual/cari/?location=jawa-tengah&itm_medium=search-suggestions-lokasi&itm_source=organic&quickLabel=Bebas+Banjir","Bebas Banjir",""
"https://www.rumah123.com/portal-img/_next/image/?url=https%3A%2F%2Fpicture.rumah123.com%2Fr123-images%2F720x420-crop%2Fcustomer%2F71926%2F8e8ace33b84439041a13037b268df978.jpg&w=3840&q=75","","","[object Object]","15","[object Object]","Rumah","","https://www.rumah123.com/jual/cari/?location=jawa-tengah&itm_medium=search-suggestions-lokasi&itm_source=organic&quickLabel=Bisa+Nego","Bisa Nego","https://www.rumah123.com/jual/cari/?location=jawa-tengah&itm_medium=search-suggestions-lokasi&itm_source=organic&quickLabel=Siap+Huni","Siap Huni","Rp 10 Miliar","Rp 49 Jutaan (Tenor 20 Tahun)","Rp 62 Jutaan (Tenor 15 Tahun)","https://www.rumah123.com/properti/solo-colomadu/rumah-mewah-di-solo-barat-dekat-edupark-ums-solo-hos40491684/","Rumah Mewah di Solo Barat Dekat Edupark UMS Solo","Colomadu, Solo","Rumah di Paulan, Colomadu, Solo.  Dapatkan rumah 1 lantai yang modern ini berada di wilayah yang mudah dijangkau serta menawarkan lingkungan fasili...","3 + 1","[object Object]","2 + 1","[object Object]","1235 m²","LT:","350 m²","LB:","https://pic.rumah123.com/r123/250x250-fit/photo/71926/719261741943742.jpg","Diperbarui 12 jam yang lalu oleh","SUSANTO ERA","+628510...","WhatsApp","4","[object Object]","https://pic.rumah123.com/r123/100x100-fit/logo/20190701123328_irea_solo.jpeg","https://www.rumah123.com/jual/cari/?location=jawa-tengah&itm_medium=search-suggestions-lokasi&itm_source=organic&quickLabel=Bebas+Banjir","Bebas Banjir",""
"https://www.rumah123.com/portal-img/_next/image/?url=https%3A%2F%2Fpicture.rumah123.com%2Fr123-images%2F720x420-crop%2Fcustomer%2F4418986%2Flisting%2Fhos41583603%2Fenhanced%2F484a8c4f0561125a898d3b8707c36c39.jpg&w=3840&q=75","","","[object Object]","2","[object Object]","Rumah","","https://www.rumah123.com/jual/cari/?location=jawa-tengah&itm_medium=search-suggestions-lokasi&itm_source=organic&quickLabel=Bebas+Banjir","Bebas Banjir","","","Rp 2,6 Miliar","Rp 12 Jutaan (Tenor 20 Tahun)","Rp 16 Jutaan (Tenor 15 Tahun)","https://www.rumah123.com/properti/semarang-semarang-selatan/rumah-di-semarang-selatan-hos41583603/","Rumah di Semarang Selatan","Semarang Selatan, Semarang","DIJUAL RUMAH CLUSTER HUNIAN AMAN DAN NYAMAN ONE GATE SYSTEM 24JAM , LOKASI DI SEMARANG ATAS BEBAS BANJIR. AKSES JALAN PERUMAHAN SANGAT LEBAR BISA 2...","4","[object Object]","3","[object Object]","266 m²","LT:","154 m²","LB:","","Diperbarui 12 jam yang lalu oleh","Anto","+628564...","WhatsApp","1 + 1","[object Object]","https://pic.rumah123.com/r123/100x100-fit/logo/20250312093118_gadingpro_semarang.png","","",""
"https://www.rumah123.com/portal-img/_next/image/?url=https%3A%2F%2Fpicture.rumah123.com%2Fr123-images%2F720x420-crop%2Fcustomer%2F1819989%2Fa07e9a37c45ae50a21be51b1f44e2d90.jpg&w=3840&q=75","","","[object Object]","15","[object Object]","Rumah","","https://www.rumah123.com/jual/cari/?location=jawa-tengah&itm_medium=search-suggestions-lokasi&itm_source=organic&quickLabel=Siap+Huni","Siap Huni","","","Rp 2 Miliar","Rp 9 Jutaan (Tenor 20 Tahun)","Rp 12 Jutaan (Tenor 15 Tahun)","https://www.rumah123.com/properti/semarang-bsb-city/new-type-delavera-citraland-bsb-city-free-ajbbphtb-hos40800447/","New Type Delavera @Citraland Bsb City Free Ajb+Bphtb","BSB City, Semarang","RUMAH 2 LANTAI SIAP HUNI | CITRALAND BSB CITY SEMARANG  Miliki hunian modern di kawasan premium Cluster Serena Hill - Citraland BSB City Semarang. ...","3","[object Object]","2","[object Object]","120 m²","LT:","77 m²","LB:","https://picture.rumah123.com/r123-images/250x250-fit/customer/1819989/a1409baa76ff382cdda6ecea56e532a3.png","Diperbarui 10 jam yang lalu oleh","STEPHANUS AGUS DARDJITO","+628587...","WhatsApp","2","[object Object]","","","",""
"https://www.rumah123.com/portal-img/_next/image/?url=https%3A%2F%2Fpicture.rumah123.com%2Fr123-images%2F720x420-crop%2Fcustomer%2F1197759%2Fd5492137f306063f42cbe607cc307478.jpg&w=3840&q=75","","","[object Object]","13","[object Object]","Rumah","","https://www.rumah123.com/jual/cari/?location=jawa-tengah&itm_medium=search-suggestions-lokasi&itm_source=organic&quickLabel=Bebas+Banjir","Bebas Banjir","","","Rp 2,5 Miliar","Rp 12 Jutaan (Tenor 20 Tahun)","Rp 15 Jutaan (Tenor 15 Tahun)","https://www.rumah123.com/properti/pemalang-pemalang/rumah-lama-di-tengah-kota-pemalang-jawa-tenga-hitung-tanah-hos40772849/","Rumah Lama di Tengah Kota Pemalang Jawa Tenga Hitung Tanah","Pemalang, Pemalang","Dijual Rumah Lama di Tengah Kota Pemalang Jawa Tengah Hitung Tanah. Lokasi sangat strategis di Jl. Muria sekitar 50m ke Jl. Pemuda Raya Pemalamg. D...","6","[object Object]","4","[object Object]","395 m²","LT:","300 m²","LB:","https://pic.rumah123.com/r123/250x250-fit/photo/1197759/11977591583827090.jpg","Diperbarui 10 jam yang lalu oleh","Adi P.","+628131...","WhatsApp","1","[object Object]","","","",""
"https://www.rumah123.com/portal-img/_next/image/?url=https%3A%2F%2Fpicture.rumah123.com%2Fr123-images%2F720x420-crop%2Fcustomer%2F1197759%2F2024-07-07-05-10-09-fddd6cbb-0fcc-49a1-a2e9-de708c06f624.jpg&w=3840&q=75","","","[object Object]","15","[object Object]","Ruko","","https://www.rumah123.com/jual/cari/?location=jawa-tengah&itm_medium=search-suggestions-lokasi&itm_source=organic&quickLabel=Bebas+Banjir","Bebas Banjir","","","Rp 10 Miliar Total","Rp 49 Jutaan (Tenor 20 Tahun)","Rp 62 Jutaan (Tenor 15 Tahun)","https://www.rumah123.com/properti/pemalang-pemalang/tiga-ruko-gandeng-di-jl-jenderal-sudirman-pemalang-jawa-tengah-shs4242644/","Tiga Ruko Gandeng Di Jl. Jenderal Sudirman Pemalang Jawa Tengah","Pemalang, Pemalang","Lokasi di Jalan Jenderal Sudirman Pemalang, merupakan Jalan Utama di Pusat Kota Pemalang. Pusat Bisnis, Pusat Perdagangan, Pusat Perkantoran dan ya...","6","[object Object]","6","[object Object]","300 m²","LT:","500 m²","LB:","https://pic.rumah123.com/r123/250x250-fit/photo/1197759/11977591583827090.jpg","Diperbarui 12 jam yang lalu oleh","Adi P.","+628131...","WhatsApp","","","","","",""
"https://www.rumah123.com/portal-img/_next/image/?url=https%3A%2F%2Fpicture.rumah123.com%2Fr123-images%2F720x420-crop%2Fcustomer%2F1197759%2F2024-07-07-06-46-03-9f73345d-aa62-458f-bbf4-4a2e4344fb9b.jpg&w=3840&q=75","","","[object Object]","15","[object Object]","Ruko","","https://www.rumah123.com/jual/cari/?location=jawa-tengah&itm_medium=search-suggestions-lokasi&itm_source=organic&quickLabel=Bebas+Banjir","Bebas Banjir","https://www.rumah123.com/jual/cari/?location=jawa-tengah&itm_medium=search-suggestions-lokasi&itm_source=organic&quickLabel=Dekat+Sekolah","Dekat Sekolah","Rp 3,5 Miliar Total","Rp 17 Jutaan (Tenor 20 Tahun)","Rp 22 Jutaan (Tenor 15 Tahun)","https://www.rumah123.com/properti/pemalang-pemalang/dua-ruko-gandeng-dua-lantai-di-pemalang-jawa-tengah-shs4242683/","Dua Ruko Gandeng Dua Lantai di Pemalang Jawa Tengah","Pemalang, Pemalang","Lokasi sangat strategis di Jl. Dr. Cipto Mangunkusumo Kali Gelang Pemalang Jawa Tengah. Dekat Stadion Mochtar, rumah sakit, sekolah, perkantoran, p...","5","[object Object]","6","[object Object]","210 m²","LT:","420 m²","LB:","https://pic.rumah123.com/r123/250x250-fit/photo/1197759/11977591583827090.jpg","Diperbarui 12 jam yang lalu oleh","Adi P.","+628131...","WhatsApp","","","","https://www.rumah123.com/jual/cari/?location=jawa-tengah&itm_medium=search-suggestions-lokasi&itm_source=organic&quickLabel=Dekat+Fasilitas+Kesehatan","Dekat Fasilitas Kesehatan",""
"https://www.rumah123.com/portal-img/_next/image/?url=https%3A%2F%2Fpicture.rumah123.com%2Fr123-images%2F720x420-crop%2Fcustomer%2F2122527%2Fbaede35d5d9126ad25e18b40caece43a.jpg&w=3840&q=75","","","[object Object]","8","[object Object]","Ruko","","https://www.rumah123.com/jual/cari/?location=jawa-tengah&itm_medium=search-suggestions-lokasi&itm_source=organic&quickLabel=Dekat+Pusat+Perbelanjaan","Dekat Pusat Perbelanjaan","https://www.rumah123.com/jual/cari/?location=jawa-tengah&itm_medium=search-suggestions-lokasi&itm_source=organic&quickLabel=Dekat+Fasilitas+Kesehatan","Dekat Fasilitas Kesehatan","Rp 1,9 Miliar Total","Rp 9 Jutaan (Tenor 20 Tahun)","Rp 11 Jutaan (Tenor 15 Tahun)","https://www.rumah123.com/properti/solo-solo-baru/ruko-solo-dijual-area-solo-baru-sukoharjo-shs10014639/","Ruko Solo Dijual, Area Solo Baru, Sukoharjo","Solo Baru, Solo","Dekat Pasar Harjodaksino Solo DekatThe Park Mall Solo Baru Dekat Pakuwon Mall Solo Baru Dekat RS Dr Oen Solo Baru Dekat RS Indriati Solo Baru Dekat...","1","[object Object]","","","65 m²","LT:","110 m²","LB:","https://picture.rumah123.com/r123-images/250x250-fit/customer/2122527/cec1b36d613ba33f155828c02d4c88cb.jpg","Diperbarui 10 jam yang lalu oleh","Deny Agung","+628783...","WhatsApp","","","https://pic.rumah123.com/r123/100x100-fit/logo/20211102033949_era_irea_solo_baru.png","","",""
"https://www.rumah123.com/portal-img/_next/image/?url=https%3A%2F%2Fpicture.rumah123.com%2Fr123-images%2F720x420-crop%2Fcustomer%2F2122527%2F1b91982fa009b9be6c3f6fe2eb6fad73.jpg&w=3840&q=75","","","[object Object]","11","[object Object]","Apartemen","","https://www.rumah123.com/jual/cari/?location=jawa-tengah&itm_medium=search-suggestions-lokasi&itm_source=organic&quickLabel=Dekat+Akses+Transportasi","Dekat Akses Transportasi","https://www.rumah123.com/jual/cari/?location=jawa-tengah&itm_medium=search-suggestions-lokasi&itm_source=organic&quickLabel=Dekat+Pusat+Perbelanjaan","Dekat Pusat Perbelanjaan","Rp 580 Juta","Rp 2 Jutaan (Tenor 20 Tahun)","Rp 3 Jutaan (Tenor 15 Tahun)","https://www.rumah123.com/properti/solo-banjarsari/apartemen-solo-dijual-murah-full-furnished-aps7661206/","Apartemen Solo Dijual Murah Full Furnished","Banjarsari, Solo","Dekat Mall Solo Paragon Dekat RS Kasih Ibu Solo Dekat Stasiun Purwosari Solo Dekat Stasiun Solo Balapan Dekat RS Brayat Minulya Solo Dekat Stadion ...","1","[object Object]","","","30 m²","LB:","","","https://picture.rumah123.com/r123-images/250x250-fit/customer/2122527/cec1b36d613ba33f155828c02d4c88cb.jpg","Diperbarui 12 jam yang lalu oleh","Deny Agung","+628783...","WhatsApp","","","https://pic.rumah123.com/r123/100x100-fit/logo/20211102033949_era_irea_solo_baru.png","https://www.rumah123.com/jual/cari/?location=jawa-tengah&itm_medium=search-suggestions-lokasi&itm_source=organic&quickLabel=Dekat+Fasilitas+Kesehatan","Dekat Fasilitas Kesehatan",""
"https://www.rumah123.com/portal-img/_next/image/?url=https%3A%2F%2Fpicture.rumah123.com%2Fr123-images%2F720x420-crop%2Fcustomer%2F2122527%2F8b2b27b30c1a3db105a7bd5c874ef662.jpg&w=3840&q=75","","","[object Object]","5","[object Object]","Ruko","","https://www.rumah123.com/jual/cari/?location=jawa-tengah&itm_medium=search-suggestions-lokasi&itm_source=organic&quickLabel=Dekat+Akses+Transportasi","Dekat Akses Transportasi","https://www.rumah123.com/jual/cari/?location=jawa-tengah&itm_medium=search-suggestions-lokasi&itm_source=organic&quickLabel=Dekat+Tempat+Ibadah","Dekat Tempat Ibadah","Rp 1,6 Miliar Total","Rp 7 Jutaan (Tenor 20 Tahun)","Rp 10 Jutaan (Tenor 15 Tahun)","https://www.rumah123.com/properti/solo-banjarsari/ruko-solo-dijual-murah-shs10019049/","Ruko Solo Dijual Murah","Banjarsari, Solo","Dekat Pasar Mebel Ngemplak Solo Dekat Stasiun Balapan Solo Dekat Terminal Tirtonadi Solo Dekat Masjid Raya Sheikh Zayed Solo","2","[object Object]","","","86 m²","LT:","117 m²","LB:","https://picture.rumah123.com/r123-images/250x250-fit/customer/2122527/cec1b36d613ba33f155828c02d4c88cb.jpg","Diperbarui 12 jam yang lalu oleh","Deny Agung","+628783...","WhatsApp","","","https://pic.rumah123.com/r123/100x100-fit/logo/20211102033949_era_irea_solo_baru.png","","",""
"https://www.rumah123.com/portal-img/_next/image/?url=https%3A%2F%2Fpicture.rumah123.com%2Fr123-images%2F720x420-crop%2Fcustomer%2F2122527%2F629f17224c5c41a16b84d7d8624c6530.jpg&w=3840&q=75","","","[object Object]","11","[object Object]","Ruko","","https://www.rumah123.com/jual/cari/?location=jawa-tengah&itm_medium=search-suggestions-lokasi&itm_source=organic&quickLabel=Dekat+Pusat+Perbelanjaan","Dekat Pusat Perbelanjaan","https://www.rumah123.com/jual/cari/?location=jawa-tengah&itm_medium=search-suggestions-lokasi&itm_source=organic&quickLabel=Dekat+Fasilitas+Kesehatan","Dekat Fasilitas Kesehatan","Rp 3,5 Miliar Total","Rp 17 Jutaan (Tenor 20 Tahun)","Rp 22 Jutaan (Tenor 15 Tahun)","https://www.rumah123.com/properti/solo-solo-baru/ruko-solo-dijual-dekat-pakuwon-mall-solo-baru-sukoharjo-shs10014770/","Ruko Solo Dijual Dekat Pakuwon Mall Solo Baru, Sukoharjo","Solo Baru, Solo","Dekat Pakuwon Mall Solo Baru Dekat The Park Mall Solo Baru Dekat Sekolah Kalam Kudus Solo Baru Dekat RS Indriati Solo Baru Dekat RS Dr Oen Solo Bar...","2","[object Object]","","","154 m²","LT:","227 m²","LB:","https://picture.rumah123.com/r123-images/250x250-fit/customer/2122527/cec1b36d613ba33f155828c02d4c88cb.jpg","Diperbarui 12 jam yang lalu oleh","Deny Agung","+628783...","WhatsApp","","","https://pic.rumah123.com/r123/100x100-fit/logo/20211102033949_era_irea_solo_baru.png","","",""
"https://www.rumah123.com/portal-img/_next/image/?url=https%3A%2F%2Fpicture.rumah123.com%2Fr123-images%2F720x420-crop%2Fcustomer%2F2122527%2F730860518db9a602249b7366cb6a3100.jpg&w=3840&q=75","","","[object Object]","14","[object Object]","Rumah","","https://www.rumah123.com/jual/cari/?location=jawa-tengah&itm_medium=search-suggestions-lokasi&itm_source=organic&quickLabel=Dekat+Sekolah","Dekat Sekolah","https://www.rumah123.com/jual/cari/?location=jawa-tengah&itm_medium=search-suggestions-lokasi&itm_source=organic&quickLabel=Dekat+Tempat+Ibadah","Dekat Tempat Ibadah","Rp 1,9 Miliar","Rp 9 Jutaan (Tenor 20 Tahun)","Rp 11 Jutaan (Tenor 15 Tahun)","https://www.rumah123.com/properti/solo-banjarsari/rumah-solo-dijual-area-kadipiro-banjarsari-surakarta-hos41474317/","Rumah Solo Dijual Area Kadipiro, Banjarsari, Surakarta","Banjarsari, Solo","Dekat kampus UTP Dekat Kampus AUB Dekat Kampus USB Dekat Intheos Dekat Masjid Raya Sheikh Zayed","3","[object Object]","3","[object Object]","350 m²","LT:","182 m²","LB:","https://picture.rumah123.com/r123-images/250x250-fit/customer/2122527/cec1b36d613ba33f155828c02d4c88cb.jpg","Diperbarui 12 jam yang lalu oleh","Deny Agung","+628783...","WhatsApp","","","https://pic.rumah123.com/r123/100x100-fit/logo/20211102033949_era_irea_solo_baru.png","","",""
"https://www.rumah123.com/portal-img/_next/image/?url=https%3A%2F%2Fpicture.rumah123.com%2Fr123-images%2F720x420-crop%2Fcustomer%2F2122527%2F9d2a0a3f424e333081e7e080ebd4ed36.jpg&w=3840&q=75","","","[object Object]","11","[object Object]","Rumah","","https://www.rumah123.com/jual/cari/?location=jawa-tengah&itm_medium=search-suggestions-lokasi&itm_source=organic&quickLabel=Siap+Huni","Siap Huni","https://www.rumah123.com/jual/cari/?location=jawa-tengah&itm_medium=search-suggestions-lokasi&itm_source=organic&quickLabel=Dekat+Pusat+Perbelanjaan","Dekat Pusat Perbelanjaan","Rp 1,4 Miliar","Rp 6 Jutaan (Tenor 20 Tahun)","Rp 8 Jutaan (Tenor 15 Tahun)","https://www.rumah123.com/properti/solo-solo-baru/jual-rumah-siap-huni-dekat-the-park-mall-di-solo-baru-hos39803386/","Rumah Solo Dijual Siap Huni Dekat The Park Mall di Solo Bar,","Solo Baru, Solo","Dekat Pakuwon Mall Solo Baru Dekat The Park Mall Solo Baru Dekat RS Indriati Solo Baru Dekat RS Dr Oen Solo Baru Dekat Sekolah Al Azhar Dekat Sekol...","3","[object Object]","2","[object Object]","100 m²","LT:","80 m²","LB:","https://picture.rumah123.com/r123-images/250x250-fit/customer/2122527/cec1b36d613ba33f155828c02d4c88cb.jpg","Diperbarui 12 jam yang lalu oleh","Deny Agung","+628783...","WhatsApp","1","[object Object]","https://pic.rumah123.com/r123/100x100-fit/logo/20211102033949_era_irea_solo_baru.png","https://www.rumah123.com/jual/cari/?location=jawa-tengah&itm_medium=search-suggestions-lokasi&itm_source=organic&quickLabel=Dekat+Fasilitas+Kesehatan","Dekat Fasilitas Kesehatan",""
"https://www.rumah123.com/portal-img/_next/image/?url=https%3A%2F%2Fpicture.rumah123.com%2Fr123-images%2F720x420-crop%2Fcustomer%2F2122527%2Fea4f7f3da779ca79d81918ccd3ef33aa.jpg&w=3840&q=75","","","[object Object]","8","[object Object]","Ruang Usaha","","https://www.rumah123.com/jual/cari/?location=jawa-tengah&itm_medium=search-suggestions-lokasi&itm_source=organic&quickLabel=Dekat+Pusat+Perbelanjaan","Dekat Pusat Perbelanjaan","https://www.rumah123.com/jual/cari/?location=jawa-tengah&itm_medium=search-suggestions-lokasi&itm_source=organic&quickLabel=Dekat+Fasilitas+Kesehatan","Dekat Fasilitas Kesehatan","Rp 5,5 Miliar Total","Rp 27 Jutaan (Tenor 20 Tahun)","Rp 34 Jutaan (Tenor 15 Tahun)","https://www.rumah123.com/properti/solo-solo-baru/rumah-dan-gudang-solo-dijual-dekat-pakuwon-mall-solo-baru-css10029135/","Rumah dan Gudang Solo Dijual Dekat Pakuwon Mall Solo Baru","Solo Baru, Solo","Dekat Pakuwon Mall Solo Baru Dekat The Park Mall Solo Baru Dekat RS Indriati Solo Baru Dekat RS Dr Oen Solo Baru Dekat Sekolah Al Azhar Solo Baru","2","[object Object]","","","493 m²","LT:","350 m²","LB:","https://picture.rumah123.com/r123-images/250x250-fit/customer/2122527/cec1b36d613ba33f155828c02d4c88cb.jpg","Diperbarui 12 jam yang lalu oleh","Deny Agung","+628783...","WhatsApp","","","https://pic.rumah123.com/r123/100x100-fit/logo/20211102033949_era_irea_solo_baru.png","","",""
"https://www.rumah123.com/portal-img/_next/image/?url=https%3A%2F%2Fpicture.rumah123.com%2Fr123-images%2F720x420-crop%2Fcustomer%2F2122527%2F617ee80c6e9d7237bc586391c34285d5.jpg&w=3840&q=75","","","[object Object]","17","[object Object]","Kost","","https://www.rumah123.com/jual/cari/?location=jawa-tengah&itm_medium=search-suggestions-lokasi&itm_source=organic&quickLabel=Bisa+Nego","Bisa Nego","https://www.rumah123.com/jual/cari/?location=jawa-tengah&itm_medium=search-suggestions-lokasi&itm_source=organic&quickLabel=Siap+Huni","Siap Huni","Rp 12 Miliar","Rp 58 Jutaan (Tenor 20 Tahun)","Rp 75 Jutaan (Tenor 15 Tahun)","https://www.rumah123.com/properti/solo-banjarsari/kost-aktif-dan-penuh-kss155229/","Rumah Kost Solo Dijual, Aktif dan Penuh","Banjarsari, Solo","Kost di Jebres.  Dapatkan kost 3 lantai yang modern ini,  dijual menawarkan lingkungan fasilitas yang lengkap, cocok untuk Anda yang menginginkan h...","66","[object Object]","66","[object Object]","440 m²","LT:","950 m²","LB:","https://picture.rumah123.com/r123-images/250x250-fit/customer/2122527/cec1b36d613ba33f155828c02d4c88cb.jpg","Diperbarui 12 jam yang lalu oleh","Deny Agung","+628783...","WhatsApp","","","https://pic.rumah123.com/r123/100x100-fit/logo/20211102033949_era_irea_solo_baru.png","https://www.rumah123.com/jual/cari/?location=jawa-tengah&itm_medium=search-suggestions-lokasi&itm_source=organic&quickLabel=Bebas+Banjir","Bebas Banjir",""
"https://www.rumah123.com/portal-img/_next/image/?url=https%3A%2F%2Fpicture.rumah123.com%2Fr123-images%2F720x420-crop%2Fcustomer%2F2122527%2Fe35af63e73a3a20de57b3a3b50d96668.jpg&w=3840&q=75","","","[object Object]","9","[object Object]","Rumah","","https://www.rumah123.com/jual/cari/?location=jawa-tengah&itm_medium=search-suggestions-lokasi&itm_source=organic&quickLabel=Dekat+Pusat+Perbelanjaan","Dekat Pusat Perbelanjaan","https://www.rumah123.com/jual/cari/?location=jawa-tengah&itm_medium=search-suggestions-lokasi&itm_source=organic&quickLabel=Dekat+Fasilitas+Kesehatan","Dekat Fasilitas Kesehatan","Rp 800 Juta","Rp 3 Jutaan (Tenor 20 Tahun)","Rp 5 Jutaan (Tenor 15 Tahun)","https://www.rumah123.com/properti/solo-solo-baru/rumah-solo-dijual-dekat-rs-indriati-solo-baru-hos41537647/","Rumah Solo Dijual Dekat Rs Indriati Solo Baru","Solo Baru, Solo","Dekat RS Indriati Solo Baru Dekat RS Dr Oen Soli Baru Dekat Sekolah Al Azhar Solo Baru Dekat The Park Mall Solo Baru Dekat Pakuwon Mall Solo Baru","3","[object Object]","2","[object Object]","129 m²","LT:","90 m²","LB:","https://picture.rumah123.com/r123-images/250x250-fit/customer/2122527/cec1b36d613ba33f155828c02d4c88cb.jpg","Diperbarui 12 jam yang lalu oleh","Deny Agung","+628783...","WhatsApp","1","[object Object]","https://pic.rumah123.com/r123/100x100-fit/logo/20211102033949_era_irea_solo_baru.png","","",""
"https://www.rumah123.com/portal-img/_next/image/?url=https%3A%2F%2Fpicture.rumah123.com%2Fr123-images%2F720x420-crop%2Fcustomer%2F2122527%2F9bd3abc634842c3fe781f6a2f9e87af1.jpg&w=3840&q=75","","","[object Object]","4","[object Object]","Tanah","","https://www.rumah123.com/jual/cari/?location=jawa-tengah&itm_medium=search-suggestions-lokasi&itm_source=organic&quickLabel=Dekat+Akses+Transportasi","Dekat Akses Transportasi","https://www.rumah123.com/jual/cari/?location=jawa-tengah&itm_medium=search-suggestions-lokasi&itm_source=organic&quickLabel=Dekat+Fasilitas+Kesehatan","Dekat Fasilitas Kesehatan","Rp 2,38 Miliar Total","Rp 11 Jutaan (Tenor 20 Tahun)","Rp 14 Jutaan (Tenor 15 Tahun)","https://www.rumah123.com/properti/solo-banjarsari/tanah-solo-dijual-cepat-butuh-uang-dekat-rs-brayat-minulya-surakarta-las9191035/","Tanah Solo Dijual Cepat Butuh Uang Dekat Rs Brayat Minulya, Surakarta","Banjarsari, Solo","Dekat RS Brayat Minulya Solo Dekat Terminal Tirtonadi Solo Dekat Stadion Manahan Solo Dekat Masjid Raya Sheikh Zayed","","","","","433 m²","LT:","","","https://picture.rumah123.com/r123-images/250x250-fit/customer/2122527/cec1b36d613ba33f155828c02d4c88cb.jpg","Diperbarui 12 jam yang lalu oleh","Deny Agung","+628783...","WhatsApp","","","https://pic.rumah123.com/r123/100x100-fit/logo/20211102033949_era_irea_solo_baru.png","https://www.rumah123.com/jual/cari/?location=jawa-tengah&itm_medium=search-suggestions-lokasi&itm_source=organic&quickLabel=Dekat+Tempat+Ibadah","Dekat Tempat Ibadah",""
"https://www.rumah123.com/portal-img/_next/image/?url=https%3A%2F%2Fpicture.rumah123.com%2Fr123-images%2F720x420-crop%2Fcustomer%2F2122527%2F51a2748f711c897d79d813decf235b9e.jpg&w=3840&q=75","","","[object Object]","8","[object Object]","Gudang","","https://www.rumah123.com/jual/cari/?location=jawa-tengah&itm_medium=search-suggestions-lokasi&itm_source=organic&quickLabel=Bisa+Nego","Bisa Nego","https://www.rumah123.com/jual/cari/?location=jawa-tengah&itm_medium=search-suggestions-lokasi&itm_source=organic&quickLabel=Siap+Huni","Siap Huni","Rp 30 Miliar Total","Rp 147 Jutaan (Tenor 20 Tahun)","Rp 188 Jutaan (Tenor 15 Tahun)","https://www.rumah123.com/properti/surakarta-solo-baru/gudang-istimewa-akses-kontainer-was9660428/","Gudang Dijual di Solo, Istimewa Akses Kontainer","Solo Baru, Surakarta","Gudang di Solo Baru.  Miliki gudang yang nyaman ini,  dijual menghadirkan lingkungan fasilitas yang lengkap, cocok untuk Anda yang menginginkan hun...","7","[object Object]","","","5898 m²","LT:","3240 m²","LB:","https://picture.rumah123.com/r123-images/250x250-fit/customer/2122527/cec1b36d613ba33f155828c02d4c88cb.jpg","Diperbarui 12 jam yang lalu oleh","Deny Agung","+628783...","WhatsApp","","","https://pic.rumah123.com/r123/100x100-fit/logo/20211102033949_era_irea_solo_baru.png","https://www.rumah123.com/jual/cari/?location=jawa-tengah&itm_medium=search-suggestions-lokasi&itm_source=organic&quickLabel=Bebas+Banjir","Bebas Banjir",""
"https://www.rumah123.com/portal-img/_next/image/?url=https%3A%2F%2Fpicture.rumah123.com%2Fr123-images%2F720x420-crop%2Fcustomer%2F2122527%2Ff96f610f05e727832976c2fdedf1025e.jpg&w=3840&q=75","","","[object Object]","18","[object Object]","Rumah","","https://www.rumah123.com/jual/cari/?location=jawa-tengah&itm_medium=search-suggestions-lokasi&itm_source=organic&quickLabel=Bisa+Nego","Bisa Nego","https://www.rumah123.com/jual/cari/?location=jawa-tengah&itm_medium=search-suggestions-lokasi&itm_source=organic&quickLabel=Siap+Huni","Siap Huni","Rp 10,8 Miliar","Rp 53 Jutaan (Tenor 20 Tahun)","Rp 67 Jutaan (Tenor 15 Tahun)","https://www.rumah123.com/properti/solo-laweyan/rumah-bonus-ruang-usaha-dijual-area-solo-pusat-hos39933560/","Rumah Solo Dijual Bonus Ruang Usaha Area Solo Kota","Laweyan, Solo","Rumah 1 lantai di Laweyan, Solo.  Dijual rumah di wilayah yang nyaman dengan pemandangan Lokasi dipusat kota. Properti 1 lantai ini berada di lingk...","5","[object Object]","4","[object Object]","1450 m²","LT:","1500 m²","LB:","https://picture.rumah123.com/r123-images/250x250-fit/customer/2122527/cec1b36d613ba33f155828c02d4c88cb.jpg","Diperbarui 10 jam yang lalu oleh","Deny Agung","+628783...","WhatsApp","3 + 4","[object Object]","https://pic.rumah123.com/r123/100x100-fit/logo/20211102033949_era_irea_solo_baru.png","https://www.rumah123.com/jual/cari/?location=jawa-tengah&itm_medium=search-suggestions-lokasi&itm_source=organic&quickLabel=Bebas+Banjir","Bebas Banjir",""
"https://www.rumah123.com/portal-img/_next/image/?url=https%3A%2F%2Fpicture.rumah123.com%2Fr123-images%2F720x420-crop%2Fcustomer%2F2122527%2Fd2c6f24e8d13297007dfba84469c11eb.jpg&w=3840&q=85","","","[object Object]","15","[object Object]","Kost","","https://www.rumah123.com/jual/cari/?location=jawa-tengah&itm_medium=search-suggestions-lokasi&itm_source=organic&quickLabel=Dekat+Sekolah","Dekat Sekolah","https://www.rumah123.com/jual/cari/?location=jawa-tengah&itm_medium=search-suggestions-lokasi&itm_source=organic&quickLabel=Dekat+Fasilitas+Kesehatan","Dekat Fasilitas Kesehatan","Rp 2,8 Miliar","Rp 13 Jutaan (Tenor 20 Tahun)","Rp 17 Jutaan (Tenor 15 Tahun)","https://www.rumah123.com/properti/sukoharjo-kartasura/rumah-kost-solo-dijual-dekat-ums-surakarta-kss263452/","Rumah Kost Solo Dijual Dekat Ums Surakarta","Kartasura, Sukoharjo","Dekat UMS Solo Dekat Pondok Assalam Solo Dekat Goro Assalam Solo Dekat RSI Yarsis Solo  Dekat RS Ortopedi Solo Dekat RS UNS Solo","20","[object Object]","5","[object Object]","400 m²","LT:","700 m²","LB:","https://picture.rumah123.com/r123-images/250x250-fit/customer/2122527/cec1b36d613ba33f155828c02d4c88cb.jpg","Diperbarui 11 jam yang lalu oleh","Deny Agung","+628783...","WhatsApp","1","[object Object]","https://pic.rumah123.com/r123/100x100-fit/logo/20211102033949_era_irea_solo_baru.png","","",""
"https://www.rumah123.com/portal-img/_next/image/?url=https%3A%2F%2Fpicture.rumah123.com%2Fr123-images%2F720x420-crop%2Fcustomer%2F2122527%2F87d870db736b822f91b8f4d3d5e30224.jpg&w=3840&q=75","","","[object Object]","15","[object Object]","Rumah","","https://www.rumah123.com/jual/cari/?location=jawa-tengah&itm_medium=search-suggestions-lokasi&itm_source=organic&quickLabel=Bisa+Nego","Bisa Nego","https://www.rumah123.com/jual/cari/?location=jawa-tengah&itm_medium=search-suggestions-lokasi&itm_source=organic&quickLabel=Siap+Huni","Siap Huni","Rp 1,75 Miliar","Rp 8 Jutaan (Tenor 20 Tahun)","Rp 11 Jutaan (Tenor 15 Tahun)","https://www.rumah123.com/properti/solo-solo-baru/jual-rumah-siap-huni-dekat-rs-indriati-di-solo-baru-hos39757363/","Rumah Solo Dijual Siap Huni Dekat Rs Indriati di Solo Baru","Solo Baru, Solo","Rumah di Solo Baru.  Temukan rumah 1 lantai yang modern ini,  dijual dengan pemandangan asri yang menambah nilai estetika di lingkungan hunian. Rum...","3","[object Object]","1","[object Object]","246 m²","LT:","200 m²","LB:","https://picture.rumah123.com/r123-images/250x250-fit/customer/2122527/cec1b36d613ba33f155828c02d4c88cb.jpg","Diperbarui 12 jam yang lalu oleh","Deny Agung","+628783...","WhatsApp","1","[object Object]","https://pic.rumah123.com/r123/100x100-fit/logo/20211102033949_era_irea_solo_baru.png","https://www.rumah123.com/jual/cari/?location=jawa-tengah&itm_medium=search-suggestions-lokasi&itm_source=organic&quickLabel=Bebas+Banjir","Bebas Banjir",""
"https://www.rumah123.com/portal-img/_next/image/?url=https%3A%2F%2Fpicture.rumah123.com%2Fr123-images%2F720x420-crop%2Fcustomer%2F2122527%2F6847c5114e455be4bf0e1b4209499ae4.jpg&w=3840&q=75","","","[object Object]","13","[object Object]","Kost","","https://www.rumah123.com/jual/cari/?location=jawa-tengah&itm_medium=search-suggestions-lokasi&itm_source=organic&quickLabel=Dekat+Pusat+Perbelanjaan","Dekat Pusat Perbelanjaan","https://www.rumah123.com/jual/cari/?location=jawa-tengah&itm_medium=search-suggestions-lokasi&itm_source=organic&quickLabel=Dekat+Landmark","Dekat Landmark","Rp 5,9 Miliar","Rp 28 Jutaan (Tenor 20 Tahun)","Rp 37 Jutaan (Tenor 15 Tahun)","https://www.rumah123.com/properti/solo-banjarsari/rumah-kost-solo-dijual-stadion-manahan-solo-kss262463/","Rumah Kost Solo Dijual Stadion Manahan Solo","Banjarsari, Solo","Dekat Stadion Manahan Solo Dekat Graha Saba Buana Solo Dekat Mall Solo Paragon","18","[object Object]","20","[object Object]","150 m²","LT:","600 m²","LB:","https://picture.rumah123.com/r123-images/250x250-fit/customer/2122527/cec1b36d613ba33f155828c02d4c88cb.jpg","Diperbarui 12 jam yang lalu oleh","Deny Agung","+628783...","WhatsApp","1","[object Object]","https://pic.rumah123.com/r123/100x100-fit/logo/20211102033949_era_irea_solo_baru.png","","",""
"https://www.rumah123.com/portal-img/_next/image/?url=https%3A%2F%2Fpicture.rumah123.com%2Fr123-images%2F720x420-crop%2Fcustomer%2F2122527%2Fd8351a2f1fc2bbd5d6d7d43e2507a561.jpg&w=3840&q=75","","","[object Object]","12","[object Object]","Ruko","","https://www.rumah123.com/jual/cari/?location=jawa-tengah&itm_medium=search-suggestions-lokasi&itm_source=organic&quickLabel=Siap+Huni","Siap Huni","https://www.rumah123.com/jual/cari/?location=jawa-tengah&itm_medium=search-suggestions-lokasi&itm_source=organic&quickLabel=Bebas+Banjir","Bebas Banjir","Rp 5,5 Miliar Total","Rp 27 Jutaan (Tenor 20 Tahun)","Rp 34 Jutaan (Tenor 15 Tahun)","https://www.rumah123.com/properti/solo-mojosongo/dijual-ruko-2-lantai-area-strategus-di-solo-mojosongo-shs9492099/","Dijual Ruko di Solo, 2 Lantai Area Strategis di Solo Mojosongo","mojosongo, Solo","Kesempatan terbatas buat Anda dapatkan ruko strategis dengan return investasi tinggi di mojosongo, Solo.  Ruko ini menawarkan lokasi yang strategis...","6","[object Object]","","","572 m²","LT:","876 m²","LB:","https://picture.rumah123.com/r123-images/250x250-fit/customer/2122527/cec1b36d613ba33f155828c02d4c88cb.jpg","Diperbarui 12 jam yang lalu oleh","Deny Agung","+628783...","WhatsApp","","","https://pic.rumah123.com/r123/100x100-fit/logo/20211102033949_era_irea_solo_baru.png","https://www.rumah123.com/jual/cari/?location=jawa-tengah&itm_medium=search-suggestions-lokasi&itm_source=organic&quickLabel=Dekat+Sekolah","Dekat Sekolah",""
"https://www.rumah123.com/portal-img/_next/image/?url=https%3A%2F%2Fpicture.rumah123.com%2Fr123-images%2F720x420-crop%2Fcustomer%2F2122527%2F2b51730e2d5701591b5b5ef8b9822235.jpg&w=3840&q=75","","","[object Object]","8","[object Object]","Rumah","","https://www.rumah123.com/jual/cari/?location=jawa-tengah&itm_medium=search-suggestions-lokasi&itm_source=organic&quickLabel=Bisa+Nego","Bisa Nego","https://www.rumah123.com/jual/cari/?location=jawa-tengah&itm_medium=search-suggestions-lokasi&itm_source=organic&quickLabel=Siap+Huni","Siap Huni","Rp 350 Juta","Rp 1 Jutaan (Tenor 20 Tahun)","Rp 2 Jutaan (Tenor 15 Tahun)","https://www.rumah123.com/properti/sukoharjo-baki/jual-rumah-minimalis-murah-area-baki-sukoharjo-hos40047021/","Rumah Solo Dijual, Minimalis Murah Area Baki Sukoharjo","Baki, Sukoharjo","Rumah di Baki.  Miliki rumah 1 lantai yang nyaman ini. Rumah ini berada di area strategis serta menawarkan lingkungan fasilitas yang lengkap, cocok...","2","[object Object]","1","[object Object]","67 m²","LT:","50 m²","LB:","https://picture.rumah123.com/r123-images/250x250-fit/customer/2122527/cec1b36d613ba33f155828c02d4c88cb.jpg","Diperbarui 12 jam yang lalu oleh","Deny Agung","+628783...","WhatsApp","1","[object Object]","https://pic.rumah123.com/r123/100x100-fit/logo/20211102033949_era_irea_solo_baru.png","https://www.rumah123.com/jual/cari/?location=jawa-tengah&itm_medium=search-suggestions-lokasi&itm_source=organic&quickLabel=Bebas+Banjir","Bebas Banjir",""
"https://www.rumah123.com/portal-img/_next/image/?url=https%3A%2F%2Fpicture.rumah123.com%2Fr123-images%2F720x420-crop%2Fcustomer%2F2122527%2Fe3be7bda810558e7a92f7aa943227886.jpg&w=3840&q=75","","","[object Object]","8","[object Object]","Tanah","","https://www.rumah123.com/jual/cari/?location=jawa-tengah&itm_medium=search-suggestions-lokasi&itm_source=organic&quickLabel=Dekat+Pusat+Perbelanjaan","Dekat Pusat Perbelanjaan","https://www.rumah123.com/jual/cari/?location=jawa-tengah&itm_medium=search-suggestions-lokasi&itm_source=organic&quickLabel=Dekat+Sekolah","Dekat Sekolah","Rp 1,95 Miliar Total","Rp 9 Jutaan (Tenor 20 Tahun)","Rp 12 Jutaan (Tenor 15 Tahun)","https://www.rumah123.com/properti/surakarta-solo-baru/dijual-murah-tanah-di-lingkungan-elit-solo-baru-las8983549/","Tanah Solo Dijual Murah di Sektor 1 Solo Baru","Solo Baru, Surakarta",". Dekat Universitas Sugeng Hartono . Dekat Universitas Veteran Bangun Nusantara (Sukoharjo) . Dekat RS Dr. Oen Solo Baru . Dekat RS Indriati Solo B...","","","","","218 m²","LT:","","","https://picture.rumah123.com/r123-images/250x250-fit/customer/2122527/cec1b36d613ba33f155828c02d4c88cb.jpg","Diperbarui 12 jam yang lalu oleh","Deny Agung","+628783...","WhatsApp","","","https://pic.rumah123.com/r123/100x100-fit/logo/20211102033949_era_irea_solo_baru.png","https://www.rumah123.com/jual/cari/?location=jawa-tengah&itm_medium=search-suggestions-lokasi&itm_source=organic&quickLabel=Dekat+Fasilitas+Kesehatan","Dekat Fasilitas Kesehatan",""
"https://www.rumah123.com/portal-img/_next/image/?url=https%3A%2F%2Fpicture.rumah123.com%2Fr123-images%2F720x420-crop%2Fcustomer%2F2122527%2Ff0e174615bdccf377026b997d568ab49.jpg&w=3840&q=75","","","[object Object]","16","[object Object]","Rumah","","https://www.rumah123.com/jual/cari/?location=jawa-tengah&itm_medium=search-suggestions-lokasi&itm_source=organic&quickLabel=Bisa+Nego","Bisa Nego","https://www.rumah123.com/jual/cari/?location=jawa-tengah&itm_medium=search-suggestions-lokasi&itm_source=organic&quickLabel=Siap+Huni","Siap Huni","Rp 7 Miliar","Rp 34 Jutaan (Tenor 20 Tahun)","Rp 44 Jutaan (Tenor 15 Tahun)","https://www.rumah123.com/properti/solo-banjarsari/jual-rumah-cluster-mewah-2-lantai-di-solo-area-rumah-jokowi-hos39754416/","Rumah Solo Dijual, Cluster Mewah 2 Lantai di Solo Area Rumah Jokowi","Banjarsari, Solo","Kesempatan terbatas buat Anda dapatkan rumah nyaman dengan return investasi tinggi di Banjarsari, Solo.  Rumah ini menawarkan lokasi yang strategis...","5 + 1","[object Object]","5 + 1","[object Object]","295 m²","LT:","400 m²","LB:","https://picture.rumah123.com/r123-images/250x250-fit/customer/2122527/cec1b36d613ba33f155828c02d4c88cb.jpg","Diperbarui 12 jam yang lalu oleh","Deny Agung","+628783...","WhatsApp","1 + 1","[object Object]","https://pic.rumah123.com/r123/100x100-fit/logo/20211102033949_era_irea_solo_baru.png","https://www.rumah123.com/jual/cari/?location=jawa-tengah&itm_medium=search-suggestions-lokasi&itm_source=organic&quickLabel=Bebas+Banjir","Bebas Banjir",""
"https://www.rumah123.com/portal-img/_next/image/?url=https%3A%2F%2Fpicture.rumah123.com%2Fr123-images%2F720x420-crop%2Fcustomer%2F2122527%2F5a03540c01d3a1abb5ac9e4ebd2f3064.jpg&w=3840&q=75","","","[object Object]","5","[object Object]","Tanah","","https://www.rumah123.com/jual/cari/?location=jawa-tengah&itm_medium=search-suggestions-lokasi&itm_source=organic&quickLabel=Bisa+Nego","Bisa Nego","https://www.rumah123.com/jual/cari/?location=jawa-tengah&itm_medium=search-suggestions-lokasi&itm_source=organic&quickLabel=Siap+Huni","Siap Huni","Rp 2,95 Miliar Total","Rp 14 Jutaan (Tenor 20 Tahun)","Rp 18 Jutaan (Tenor 15 Tahun)","https://www.rumah123.com/properti/solo-laweyan/dijual-tanah-murah-di-solo-kota-dekat-superindo-jajar-las8962396/","Tanah Solo Dijual Murah di Solo Kota Dekat Superindo Jajar","Laweyan, Solo","Tanah di Jajar, Laweyan, Solo.  Miliki tanah  ini,  dijual menawarkan lingkungan fasilitas yang lengkap, cocok untuk Anda yang menginginkan tanah s...","","","","","399 m²","LT:","","","https://picture.rumah123.com/r123-images/250x250-fit/customer/2122527/cec1b36d613ba33f155828c02d4c88cb.jpg","Diperbarui 12 jam yang lalu oleh","Deny Agung","+628783...","WhatsApp","","","https://pic.rumah123.com/r123/100x100-fit/logo/20211102033949_era_irea_solo_baru.png","https://www.rumah123.com/jual/cari/?location=jawa-tengah&itm_medium=search-suggestions-lokasi&itm_source=organic&quickLabel=Bebas+Banjir","Bebas Banjir",""
"https://www.rumah123.com/portal-img/_next/image/?url=https%3A%2F%2Fpicture.rumah123.com%2Fr123-images%2F720x420-crop%2Fcustomer%2F2122527%2F3d343e5bd9c04e5cf7bc50e2560d0750.jpg&w=3840&q=75","","","[object Object]","12","[object Object]","Rumah","","https://www.rumah123.com/jual/cari/?location=jawa-tengah&itm_medium=search-suggestions-lokasi&itm_source=organic&quickLabel=Bisa+Nego","Bisa Nego","https://www.rumah123.com/jual/cari/?location=jawa-tengah&itm_medium=search-suggestions-lokasi&itm_source=organic&quickLabel=Siap+Huni","Siap Huni","Rp 5,75 Miliar","Rp 28 Jutaan (Tenor 20 Tahun)","Rp 36 Jutaan (Tenor 15 Tahun)","https://www.rumah123.com/properti/sukoharjo-kartasura/jual-rumah-dan-ruang-usaha-dekat-kampus-uin-di-kartasura-solo-hos40047915/","Rumah Solo Dijual, Ada Ruang Usaha Dekat Kampus Uin di Kartasura","Kartasura, Sukoharjo","Kesempatan terbatas buat Anda dapatkan rumah nyaman dengan return investasi tinggi di Kartasura, Sukoharjo.  Rumah ini menawarkan lokasi yang strat...","4","[object Object]","3","[object Object]","500 m²","LT:","450 m²","LB:","https://picture.rumah123.com/r123-images/250x250-fit/customer/2122527/cec1b36d613ba33f155828c02d4c88cb.jpg","Diperbarui 12 jam yang lalu oleh","Deny Agung","+628783...","WhatsApp","4","[object Object]","https://pic.rumah123.com/r123/100x100-fit/logo/20211102033949_era_irea_solo_baru.png","https://www.rumah123.com/jual/cari/?location=jawa-tengah&itm_medium=search-suggestions-lokasi&itm_source=organic&quickLabel=Bebas+Banjir","Bebas Banjir",""
"https://www.rumah123.com/portal-img/_next/image/?url=https%3A%2F%2Fpicture.rumah123.com%2Fr123-images%2F720x420-crop%2Fcustomer%2F2122527%2Fc29306cc3a3a1bf199629af7251a5ff4.jpg&w=3840&q=75","","","[object Object]","14","[object Object]","Gudang","","https://www.rumah123.com/jual/cari/?location=jawa-tengah&itm_medium=search-suggestions-lokasi&itm_source=organic&quickLabel=Dekat+Akses+Transportasi","Dekat Akses Transportasi","https://www.rumah123.com/jual/cari/?location=jawa-tengah&itm_medium=search-suggestions-lokasi&itm_source=organic&quickLabel=Dekat+Sekolah","Dekat Sekolah","Rp 6,5 Miliar Total","Rp 31 Jutaan (Tenor 20 Tahun)","Rp 40 Jutaan (Tenor 15 Tahun)","https://www.rumah123.com/properti/solo-mojosongo/gudang-solo-dijual-murah-butuh-uang-gudang-di-mojosongo-dekat-exit-tol-ngemplak-dan-ring-road-mojosongo-solo-was9711110/","Gudang Solo Dijual Murah Butuh Uang Gudang di Mojosongo Dekat Exit Tol Ngemplak dan Ring Road Mojosongo, Solo","mojosongo, Solo",". Dekat Exit Tol Ngemplak . Dekat Ring Road Mojosongo . Dekat Universitas Setia Budi . Dekat Rumah Sakit Umum Daerah dr. Moewardi . Dekat Rs Dr Oen...","11","[object Object]","","","1577 m²","LT:","2000 m²","LB:","https://picture.rumah123.com/r123-images/250x250-fit/customer/2122527/cec1b36d613ba33f155828c02d4c88cb.jpg","Diperbarui 12 jam yang lalu oleh","Deny Agung","+628783...","WhatsApp","","","https://pic.rumah123.com/r123/100x100-fit/logo/20211102033949_era_irea_solo_baru.png","https://www.rumah123.com/jual/cari/?location=jawa-tengah&itm_medium=search-suggestions-lokasi&itm_source=organic&quickLabel=Dekat+Fasilitas+Kesehatan","Dekat Fasilitas Kesehatan",""
"https://www.rumah123.com/portal-img/_next/image/?url=https%3A%2F%2Fpicture.rumah123.com%2Fr123-images%2F720x420-crop%2Fcustomer%2F2122527%2F920cbfa28667811ff9d5c5674c1dc672.jpg&w=3840&q=75","","","[object Object]","12","[object Object]","Rumah","","https://www.rumah123.com/jual/cari/?location=jawa-tengah&itm_medium=search-suggestions-lokasi&itm_source=organic&quickLabel=Bisa+Nego","Bisa Nego","https://www.rumah123.com/jual/cari/?location=jawa-tengah&itm_medium=search-suggestions-lokasi&itm_source=organic&quickLabel=Siap+Huni","Siap Huni","Rp 1,9 Miliar","Rp 9 Jutaan (Tenor 20 Tahun)","Rp 11 Jutaan (Tenor 15 Tahun)","https://www.rumah123.com/properti/solo-grogol/jual-rumah-2-lantai-dekat-pusat-bisnis-di-sukoharjo-hos39594448/","Rumah Solo Dijual, 2 Lantai Dekat Pusat Bisnis di Sukoharjo","Grogol, Solo","Rumah 2 lantai di Grogol, Solo.  For sale rumah di wilayah yang tenang dengan pemandangan Dipinggiran kota. Properti 2 lantai ini berada di lingkun...","4 + 1","[object Object]","3","[object Object]","368 m²","LT:","353 m²","LB:","https://picture.rumah123.com/r123-images/250x250-fit/customer/2122527/cec1b36d613ba33f155828c02d4c88cb.jpg","Diperbarui 7 jam yang lalu oleh","Deny Agung","+628783...","WhatsApp","1 + 1","[object Object]","https://pic.rumah123.com/r123/100x100-fit/logo/20211102033949_era_irea_solo_baru.png","https://www.rumah123.com/jual/cari/?location=jawa-tengah&itm_medium=search-suggestions-lokasi&itm_source=organic&quickLabel=Bebas+Banjir","Bebas Banjir",""
"https://www.rumah123.com/portal-img/_next/image/?url=https%3A%2F%2Fpicture.rumah123.com%2Fr123-images%2F720x420-crop%2Fcustomer%2F2122527%2Fdfa0d2cc327566b7aac008b7ef57a38a.jpg&w=3840&q=75","","","[object Object]","6","[object Object]","Tanah","","https://www.rumah123.com/jual/cari/?location=jawa-tengah&itm_medium=search-suggestions-lokasi&itm_source=organic&quickLabel=Bisa+Nego","Bisa Nego","https://www.rumah123.com/jual/cari/?location=jawa-tengah&itm_medium=search-suggestions-lokasi&itm_source=organic&quickLabel=Bebas+Banjir","Bebas Banjir","Rp 3,6 Miliar Total","Rp 17 Jutaan (Tenor 20 Tahun)","Rp 22 Jutaan (Tenor 15 Tahun)","https://www.rumah123.com/properti/boyolali-boyolali-kota/jual-tanah-akses-kontainer-area-kebonbimo-boyolali-las8899207/","Tanah Boyolali Dijual, Akses Kontainer Area Kebonbimo Boyolali","Boyolali Kota, Boyolali","Tanah di Boyolali Kota, Boyolali.  For sale di wilayah yang nyaman. Dengan spesifikasinya adalah sebagai berikut:   - Sertifikat: SHM - Sertifikat ...","","","","","2778 m²","LT:","","","https://picture.rumah123.com/r123-images/250x250-fit/customer/2122527/cec1b36d613ba33f155828c02d4c88cb.jpg","Diperbarui 9 jam yang lalu oleh","Deny Agung","+628783...","WhatsApp","","","https://pic.rumah123.com/r123/100x100-fit/logo/20211102033949_era_irea_solo_baru.png","https://www.rumah123.com/jual/cari/?location=jawa-tengah&itm_medium=search-suggestions-lokasi&itm_source=organic&quickLabel=Cocok+untuk+kost","Cocok untuk kost",""
"https://www.rumah123.com/portal-img/_next/image/?url=https%3A%2F%2Fpicture.rumah123.com%2Fr123-images%2F720x420-crop%2Fcustomer%2F2122527%2F3f6e0fba4ffb9e6a070dfa2b34d66ed4.jpg&w=3840&q=75","","","[object Object]","9","[object Object]","Rumah","","https://www.rumah123.com/jual/cari/?location=jawa-tengah&itm_medium=search-suggestions-lokasi&itm_source=organic&quickLabel=Bisa+Nego","Bisa Nego","https://www.rumah123.com/jual/cari/?location=jawa-tengah&itm_medium=search-suggestions-lokasi&itm_source=organic&quickLabel=Siap+Huni","Siap Huni","Rp 1,2 Miliar","Rp 5 Jutaan (Tenor 20 Tahun)","Rp 7 Jutaan (Tenor 15 Tahun)","https://www.rumah123.com/properti/solo-solo-baru/jual-rumah-dekat-rs-indriati-di-solo-baru-hos40004441/","Rumah Solo Dijual Dekat Rs Indriati di Solo Baru","Solo Baru, Solo","Rumah di Solo Baru.  Spesifikasi Utama Properti:    - Kamar Tidur: 2   - Kamar Mandi: 2   - Sertifikat: SHM - Sertifikat Hak Milik   - Daya Listrik...","2","[object Object]","2 + 1","[object Object]","128 m²","LT:","104 m²","LB:","https://picture.rumah123.com/r123-images/250x250-fit/customer/2122527/cec1b36d613ba33f155828c02d4c88cb.jpg","Diperbarui 12 jam yang lalu oleh","Deny Agung","+628783...","WhatsApp","1","[object Object]","https://pic.rumah123.com/r123/100x100-fit/logo/20211102033949_era_irea_solo_baru.png","https://www.rumah123.com/jual/cari/?location=jawa-tengah&itm_medium=search-suggestions-lokasi&itm_source=organic&quickLabel=Bebas+Banjir","Bebas Banjir",""
"https://www.rumah123.com/portal-img/_next/image/?url=https%3A%2F%2Fpicture.rumah123.com%2Fr123-images%2F720x420-crop%2Fcustomer%2F2122527%2F344f5633891cb65971e32099dcb200ae.jpg&w=3840&q=75","","","[object Object]","9","[object Object]","Tanah","","https://www.rumah123.com/jual/cari/?location=jawa-tengah&itm_medium=search-suggestions-lokasi&itm_source=organic&quickLabel=Dekat+Pusat+Perbelanjaan","Dekat Pusat Perbelanjaan","https://www.rumah123.com/jual/cari/?location=jawa-tengah&itm_medium=search-suggestions-lokasi&itm_source=organic&quickLabel=Dekat+Sekolah","Dekat Sekolah","Rp 5,59 Miliar Total","Rp 27 Jutaan (Tenor 20 Tahun)","Rp 35 Jutaan (Tenor 15 Tahun)","https://www.rumah123.com/properti/solo-banjarsari/dijual-murah-tanah-bonus-bangunan-di-badran-purwosari-laweyan-solo-las8983540/","Tanah Solo Dijual Murah, Bonus Bangunan di Badran, Purwosari, Laweyan, Surakarta","Banjarsari, Solo",". Dekat Universitas Islam Batik Surakarta (UNIBA) . Dekat Universitas Nahdlatul Ulama Surakarta (UNU Surakarta) . Dekat Universitas Pignatelli Trip...","","","","","799 m²","LT:","","","https://picture.rumah123.com/r123-images/250x250-fit/customer/2122527/cec1b36d613ba33f155828c02d4c88cb.jpg","Diperbarui 12 jam yang lalu oleh","Deny Agung","+628783...","WhatsApp","","","https://pic.rumah123.com/r123/100x100-fit/logo/20211102033949_era_irea_solo_baru.png","https://www.rumah123.com/jual/cari/?location=jawa-tengah&itm_medium=search-suggestions-lokasi&itm_source=organic&quickLabel=Dekat+Fasilitas+Kesehatan","Dekat Fasilitas Kesehatan",""
"https://www.rumah123.com/portal-img/_next/image/?url=https%3A%2F%2Fpicture.rumah123.com%2Fr123-images%2F720x420-crop%2Fcustomer%2F2122527%2F633b00150164fd78e50674a6210a2b8e.jpg&w=3840&q=75","","","[object Object]","10","[object Object]","Rumah","","https://www.rumah123.com/jual/cari/?location=jawa-tengah&itm_medium=search-suggestions-lokasi&itm_source=organic&quickLabel=Dekat+Pusat+Perbelanjaan","Dekat Pusat Perbelanjaan","","","Rp 375 Juta","Rp 1 Jutaan (Tenor 20 Tahun)","Rp 2 Jutaan (Tenor 15 Tahun)","https://www.rumah123.com/properti/sukoharjo-baki/jual-rumah-murah-di-baki-sukoharjo-dekat-luwes-gentan-hos39543892/","Rumah Solo Dijual Murah di Baki Sukoharjo Dekat Luwes Gentan","Baki, Sukoharjo","Membeli rumah yang berada kota Sukoharjo adalah sebuah Impian Dengan lokasi strategis Dekat dengan Luwes Gentan. Rumah ini memiliki Luas Tanah 90 m...","3","[object Object]","1","[object Object]","90 m²","LT:","90 m²","LB:","https://picture.rumah123.com/r123-images/250x250-fit/customer/2122527/cec1b36d613ba33f155828c02d4c88cb.jpg","Diperbarui 12 jam yang lalu oleh","Deny Agung","+628783...","WhatsApp","1","[object Object]","https://pic.rumah123.com/r123/100x100-fit/logo/20211102033949_era_irea_solo_baru.png","","",""
"https://www.rumah123.com/portal-img/_next/image/?url=https%3A%2F%2Fpicture.rumah123.com%2Fr123-images%2F720x420-crop%2Fcustomer%2F2122527%2F3f82db186bc007722d2aab8b5878a03f.jpg&w=3840&q=75","","","[object Object]","10","[object Object]","Rumah","","https://www.rumah123.com/jual/cari/?location=jawa-tengah&itm_medium=search-suggestions-lokasi&itm_source=organic&quickLabel=Bisa+Nego","Bisa Nego","https://www.rumah123.com/jual/cari/?location=jawa-tengah&itm_medium=search-suggestions-lokasi&itm_source=organic&quickLabel=Siap+Huni","Siap Huni","Rp 2,6 Miliar","Rp 12 Jutaan (Tenor 20 Tahun)","Rp 16 Jutaan (Tenor 15 Tahun)","https://www.rumah123.com/properti/solo-laweyan/rumah-dijual-di-solo-kota-dekat-solo-square-mall-hos40294003/","Rumah Dijual di Solo Kota Dekat Solo Square Mall","Laweyan, Solo","Rumah di Jajar, Laweyan, Solo.  Dijual rumah di wilayah yang tenang. Properti 1 lantai ini berada di lingkungan yang mudah dijangkau.  Kategorinya ...","3 + 1","[object Object]","3 + 1","[object Object]","180 m²","LT:","180 m²","LB:","https://picture.rumah123.com/r123-images/250x250-fit/customer/2122527/cec1b36d613ba33f155828c02d4c88cb.jpg","Diperbarui 12 jam yang lalu oleh","Deny Agung","+628783...","WhatsApp","1","[object Object]","https://pic.rumah123.com/r123/100x100-fit/logo/20211102033949_era_irea_solo_baru.png","https://www.rumah123.com/jual/cari/?location=jawa-tengah&itm_medium=search-suggestions-lokasi&itm_source=organic&quickLabel=Bebas+Banjir","Bebas Banjir",""
"https://www.rumah123.com/portal-img/_next/image/?url=https%3A%2F%2Fpicture.rumah123.com%2Fr123-images%2F720x420-crop%2Fcustomer%2F2122527%2F552bcff83e8bbe505ecb5c37d3be6285.jpg&w=3840&q=75","","","[object Object]","11","[object Object]","Rumah","","https://www.rumah123.com/jual/cari/?location=jawa-tengah&itm_medium=search-suggestions-lokasi&itm_source=organic&quickLabel=Bisa+Nego","Bisa Nego","https://www.rumah123.com/jual/cari/?location=jawa-tengah&itm_medium=search-suggestions-lokasi&itm_source=organic&quickLabel=Siap+Huni","Siap Huni","Rp 5,7 Miliar","Rp 28 Jutaan (Tenor 20 Tahun)","Rp 35 Jutaan (Tenor 15 Tahun)","https://www.rumah123.com/properti/sukoharjo-kartasura/jual-rumah-mewah-siap-huni-di-kartasura-sukoharjo-hos40046915/","Rumah Mewah Solo Dijual, Siap Huni di Kartasura Sukoharjo","Kartasura, Sukoharjo","Rumah 2 lantai di Kartasura, Sukoharjo.  Dijual rumah di wilayah yang nyaman. Properti 2 lantai ini berada di lingkungan strategis.  Kategorinya ad...","4","[object Object]","4","[object Object]","910 m²","LT:","460 m²","LB:","https://picture.rumah123.com/r123-images/250x250-fit/customer/2122527/cec1b36d613ba33f155828c02d4c88cb.jpg","Diperbarui 12 jam yang lalu oleh","Deny Agung","+628783...","WhatsApp","1","[object Object]","https://pic.rumah123.com/r123/100x100-fit/logo/20211102033949_era_irea_solo_baru.png","https://www.rumah123.com/jual/cari/?location=jawa-tengah&itm_medium=search-suggestions-lokasi&itm_source=organic&quickLabel=Bebas+Banjir","Bebas Banjir",""
"https://www.rumah123.com/portal-img/_next/image/?url=https%3A%2F%2Fpicture.rumah123.com%2Fr123-images%2F720x420-crop%2Fcustomer%2F2122527%2Fa8fdbbed71a24d6e7b980fb5bfefd27b.jpg&w=3840&q=75","","","[object Object]","15","[object Object]","Rumah","","https://www.rumah123.com/jual/cari/?location=jawa-tengah&itm_medium=search-suggestions-lokasi&itm_source=organic&quickLabel=Dekat+Akses+Transportasi","Dekat Akses Transportasi","https://www.rumah123.com/jual/cari/?location=jawa-tengah&itm_medium=search-suggestions-lokasi&itm_source=organic&quickLabel=Dekat+Pusat+Perbelanjaan","Dekat Pusat Perbelanjaan","Rp 5,4 Miliar","Rp 26 Jutaan (Tenor 20 Tahun)","Rp 33 Jutaan (Tenor 15 Tahun)","https://www.rumah123.com/properti/solo-gentan/rumah-solo-dijual-dekatluwes-gentan-sukoharjo-hos41434604/","Rumah Solo Dijual, Dekat Luwes Gentan, Sukoharjo","Gentan, Solo","Dekat Luwes Gentan Dekat Stasiun Purwosari, Solo Dekat Pasar jongke, Solo Dekat RS Kasih Ibu, Solo Dekat RS Panti Waluyo, Solo Dekat Mall Solo Squa...","4","[object Object]","4","[object Object]","402 m²","LT:","625 m²","LB:","https://picture.rumah123.com/r123-images/250x250-fit/customer/2122527/cec1b36d613ba33f155828c02d4c88cb.jpg","Diperbarui 12 jam yang lalu oleh","Deny Agung","+628783...","WhatsApp","","","https://pic.rumah123.com/r123/100x100-fit/logo/20211102033949_era_irea_solo_baru.png","https://www.rumah123.com/jual/cari/?location=jawa-tengah&itm_medium=search-suggestions-lokasi&itm_source=organic&quickLabel=Dekat+Sekolah","Dekat Sekolah",""
"https://www.rumah123.com/portal-img/_next/image/?url=https%3A%2F%2Fpicture.rumah123.com%2Fr123-images%2F720x420-crop%2Fcustomer%2F2122527%2F495b04fc439f493711a79151f77f51b4.jpg&w=3840&q=75","","","[object Object]","15","[object Object]","Rumah","","https://www.rumah123.com/jual/cari/?location=jawa-tengah&itm_medium=search-suggestions-lokasi&itm_source=organic&quickLabel=Dekat+Sekolah","Dekat Sekolah","https://www.rumah123.com/jual/cari/?location=jawa-tengah&itm_medium=search-suggestions-lokasi&itm_source=organic&quickLabel=Dekat+Fasilitas+Kesehatan","Dekat Fasilitas Kesehatan","Rp 1,02 Miliar","Rp 5 Jutaan (Tenor 20 Tahun)","Rp 6 Jutaan (Tenor 15 Tahun)","https://www.rumah123.com/properti/sukoharjo-mojolaban/dijual-rumah-baru-harga-murah-dekat-uns-solo-hos40395945/","Dijual Rumah Baru Harga Murah Dekat Uns, Solo","Mojolaban, Sukoharjo",". Dekat Universitas Sebelas Maret (UNS) . Dekat Universitas Setia Budi (USB) . Dekat RSUD Dr. Moewardi . Dekat RS Hermina Solo . Dekat RS Kardiolog...","3","[object Object]","3","[object Object]","84 m²","LT:","95 m²","LB:","https://picture.rumah123.com/r123-images/250x250-fit/customer/2122527/cec1b36d613ba33f155828c02d4c88cb.jpg","Diperbarui 12 jam yang lalu oleh","Deny Agung","+628783...","WhatsApp","1","[object Object]","https://pic.rumah123.com/r123/100x100-fit/logo/20211102033949_era_irea_solo_baru.png","","",""
"https://www.rumah123.com/portal-img/_next/image/?url=https%3A%2F%2Fpicture.rumah123.com%2Fr123-images%2F720x420-crop%2Fcustomer%2F2122527%2F74de36183ac5d8dafc2169c435e3f160.jpg&w=3840&q=75","","","[object Object]","15","[object Object]","Kost","","https://www.rumah123.com/jual/cari/?location=jawa-tengah&itm_medium=search-suggestions-lokasi&itm_source=organic&quickLabel=Dekat+Pusat+Perbelanjaan","Dekat Pusat Perbelanjaan","https://www.rumah123.com/jual/cari/?location=jawa-tengah&itm_medium=search-suggestions-lokasi&itm_source=organic&quickLabel=Dekat+Sekolah","Dekat Sekolah","Rp 7,5 Miliar","Rp 36 Jutaan (Tenor 20 Tahun)","Rp 47 Jutaan (Tenor 15 Tahun)","https://www.rumah123.com/properti/solo-jebres/rumah-kost-dijual-di-solo-dekat-uns-solo-kss250557/","Rumah Kost Dijual di Solo, Dekat Uns Solo","Jebres, Solo","Dekat UNS Solo Dekat RS Kardiologi Emirates Indonesia Dekat ISI Solo Dekat Taman Safari Jurug Solo Dekat Superindo Dekat RS Dr Moewardi Solo Dekat ...","18","[object Object]","18","[object Object]","450 m²","LT:","600 m²","LB:","https://picture.rumah123.com/r123-images/250x250-fit/customer/2122527/cec1b36d613ba33f155828c02d4c88cb.jpg","Diperbarui 10 jam yang lalu oleh","Deny Agung","+628783...","WhatsApp","","","https://pic.rumah123.com/r123/100x100-fit/logo/20211102033949_era_irea_solo_baru.png","https://www.rumah123.com/jual/cari/?location=jawa-tengah&itm_medium=search-suggestions-lokasi&itm_source=organic&quickLabel=Dekat+Fasilitas+Kesehatan","Dekat Fasilitas Kesehatan",""
"https://www.rumah123.com/portal-img/_next/image/?url=https%3A%2F%2Fpicture.rumah123.com%2Fr123-images%2F720x420-crop%2Fcustomer%2F2122527%2Fbf26e67798bb36262e446fec9b180ac0.jpg&w=3840&q=85","https://www.rumah123.com/portal-img/_next/image/?url=https%3A%2F%2Fpicture.rumah123.com%2Fr123-images%2F720x420-crop%2Fcustomer%2F2122527%2Fc1394fac74b415f9e11d70a3e6b4a5f0.jpg&w=3840&q=75","https://www.rumah123.com/portal-img/_next/image/?url=https%3A%2F%2Fpicture.rumah123.com%2Fr123-images%2F720x420-crop%2Fcustomer%2F2122527%2F1f9bb10ebd0937dec4a538a4943175a4.jpg&w=3840&q=75","[object Object]","5","[object Object]","Tanah","","","","","","Rp 3,25 Miliar Total","Rp 15 Jutaan (Tenor 20 Tahun)","Rp 20 Jutaan (Tenor 15 Tahun)","https://www.rumah123.com/properti/sukoharjo-baki/tanah-solo-dijual-dekat-solobaru-las9194473/","Tanah Solo Dijual Dekat Solo.baru","Baki, Sukoharjo","Dekat Solo Baru Area Gudang & Pabrik Akses kontainer","","","","","2400 m²","LT:","","","https://picture.rumah123.com/r123-images/250x250-fit/customer/2122527/cec1b36d613ba33f155828c02d4c88cb.jpg","Diperbarui 12 jam yang lalu oleh","Deny Agung","+628783...","WhatsApp","","","https://pic.rumah123.com/r123/100x100-fit/logo/20211102033949_era_irea_solo_baru.png","","",""
"https://www.rumah123.com/portal-img/_next/image/?url=https%3A%2F%2Fpicture.rumah123.com%2Fr123-images%2F720x420-crop%2Fcustomer%2F2122527%2Fc7bb7a9fb1e38ce2c37cf69944fe41d2.jpg&w=3840&q=75","https://www.rumah123.com/portal-img/_next/image/?url=https%3A%2F%2Fpicture.rumah123.com%2Fr123-images%2F720x420-crop%2Fcustomer%2F2122527%2F2d0a8663e28ac7c2fa96bd85429be2eb.jpg&w=3840&q=75","https://www.rumah123.com/portal-img/_next/image/?url=https%3A%2F%2Fpicture.rumah123.com%2Fr123-images%2F720x420-crop%2Fcustomer%2F2122527%2F237ff0057460815ac3e747b0a0d1bf4c.jpg&w=3840&q=75","[object Object]","8","[object Object]","Pabrik","","https://www.rumah123.com/jual/cari/?location=jawa-tengah&itm_medium=search-suggestions-lokasi&itm_source=organic&quickLabel=Bisa+Nego","Bisa Nego","https://www.rumah123.com/jual/cari/?location=jawa-tengah&itm_medium=search-suggestions-lokasi&itm_source=organic&quickLabel=Siap+Huni","Siap Huni","Rp 30 Miliar Total","Rp 147 Jutaan (Tenor 20 Tahun)","Rp 188 Jutaan (Tenor 15 Tahun)","https://www.rumah123.com/properti/solo-solo-baru/gudang-atau-pabrik-akses-kontainer-fas9660443/","Gudang Solo Dijual Ijin Industri, Akses Kontainer","Solo Baru, Solo","Pabrik di Solo Baru, Solo.  Dijual di wilayah yang nyaman. Dengan rinciannya adalah sebagai berikut:   - Kamar Mandi: 7   - Sertifikat: SHM - Serti...","7","[object Object]","","","5898 m²","LT:","3240 m²","LB:","https://picture.rumah123.com/r123-images/250x250-fit/customer/2122527/cec1b36d613ba33f155828c02d4c88cb.jpg","Diperbarui 12 jam yang lalu oleh","Deny Agung","+628783...","WhatsApp","","","https://pic.rumah123.com/r123/100x100-fit/logo/20211102033949_era_irea_solo_baru.png","https://www.rumah123.com/jual/cari/?location=jawa-tengah&itm_medium=search-suggestions-lokasi&itm_source=organic&quickLabel=Bebas+Banjir","Bebas Banjir",""
"https://www.rumah123.com/portal-img/_next/image/?url=https%3A%2F%2Fpicture.rumah123.com%2Fr123-images%2F720x420-crop%2Fcustomer%2F2122527%2Fda340858c0973ec1abae14427a803071.jpg&w=3840&q=75","https://www.rumah123.com/portal-img/_next/image/?url=https%3A%2F%2Fpicture.rumah123.com%2Fr123-images%2F720x420-crop%2Fcustomer%2F2122527%2F2f518eac7c4c11e9c5f576fcc2764494.jpg&w=3840&q=75","https://www.rumah123.com/portal-img/_next/image/?url=https%3A%2F%2Fpicture.rumah123.com%2Fr123-images%2F720x420-crop%2Fcustomer%2F2122527%2Feccd29adacdc716839c07c3f759c22de.jpg&w=3840&q=75","[object Object]","15","[object Object]","Ruang Usaha","","https://www.rumah123.com/jual/cari/?location=jawa-tengah&itm_medium=search-suggestions-lokasi&itm_source=organic&quickLabel=Bisa+Nego","Bisa Nego","https://www.rumah123.com/jual/cari/?location=jawa-tengah&itm_medium=search-suggestions-lokasi&itm_source=organic&quickLabel=Siap+Huni","Siap Huni","Rp 90 Miliar Total","Rp 442 Jutaan (Tenor 20 Tahun)","Rp 566 Jutaan (Tenor 15 Tahun)","https://www.rumah123.com/properti/solo-laweyan/ruang-usaha-besar-cocok-perkantoran-parkiran-luas-css9641696/","Ruang Usaha Solo Dijual, Cocok untuk Perkantoran Parkiran Luas","Laweyan, Solo","Ruang usaha di Sriwedari, SLaweyan.  Temukan ruang usaha yang modern ini,  dijual menghadirkan lingkungan fasilitas yang lengkap, cocok untuk Anda ...","1","[object Object]","","","4413 m²","LT:","4192 m²","LB:","https://picture.rumah123.com/r123-images/250x250-fit/customer/2122527/cec1b36d613ba33f155828c02d4c88cb.jpg","Diperbarui 12 jam yang lalu oleh","Deny Agung","+628783...","WhatsApp","","","https://pic.rumah123.com/r123/100x100-fit/logo/20211102033949_era_irea_solo_baru.png","https://www.rumah123.com/jual/cari/?location=jawa-tengah&itm_medium=search-suggestions-lokasi&itm_source=organic&quickLabel=Bebas+Banjir","Bebas Banjir",""
"https://www.rumah123.com/portal-img/_next/image/?url=https%3A%2F%2Fpicture.rumah123.com%2Fr123-images%2F720x420-crop%2Fcustomer%2F2122527%2F64dd9c5ff748ff6cb9af12e46d6c8069.jpg&w=3840&q=75","https://www.rumah123.com/portal-img/_next/image/?url=https%3A%2F%2Fpicture.rumah123.com%2Fr123-images%2F720x420-crop%2Fcustomer%2F2122527%2Fc29af642af5a32b530959c86c49eeff0.jpg&w=3840&q=75","https://www.rumah123.com/portal-img/_next/image/?url=https%3A%2F%2Fpicture.rumah123.com%2Fr123-images%2F720x420-crop%2Fcustomer%2F2122527%2Fb62a8043aa51ea5bdef95572ecc304c9.jpg&w=3840&q=75","[object Object]","6","[object Object]","Tanah","","https://www.rumah123.com/jual/cari/?location=jawa-tengah&itm_medium=search-suggestions-lokasi&itm_source=organic&quickLabel=Bisa+Nego","Bisa Nego","https://www.rumah123.com/jual/cari/?location=jawa-tengah&itm_medium=search-suggestions-lokasi&itm_source=organic&quickLabel=Siap+Huni","Siap Huni","Rp 1,1 Miliar Total","Rp 5 Jutaan (Tenor 20 Tahun)","Rp 6 Jutaan (Tenor 15 Tahun)","https://www.rumah123.com/properti/sukoharjo-kartasura/jual-tanah-status-kering-area-kampus-politeknik-kartasura-solo-las8899449/","Tanah Solo Dijual Status Kering Area Kampus Politeknik Kartasura Solo","Kartasura, Sukoharjo","Tanah di Kartasura.  Miliki tanah yang asri ini,  dijual menghadirkan lingkungan fasilitas yang lengkap, cocok untuk Anda yang menginginkan hunian ...","","","","","210 m²","LT:","","","https://picture.rumah123.com/r123-images/250x250-fit/customer/2122527/cec1b36d613ba33f155828c02d4c88cb.jpg","Diperbarui 12 jam yang lalu oleh","Deny Agung","+628783...","WhatsApp","","","https://pic.rumah123.com/r123/100x100-fit/logo/20211102033949_era_irea_solo_baru.png","https://www.rumah123.com/jual/cari/?location=jawa-tengah&itm_medium=search-suggestions-lokasi&itm_source=organic&quickLabel=Bebas+Banjir","Bebas Banjir",""
"https://www.rumah123.com/portal-img/_next/image/?url=https%3A%2F%2Fpicture.rumah123.com%2Fr123-images%2F720x420-crop%2Fcustomer%2F2122527%2Fe6d64f966136b8aee6583dce215c4443.jpg&w=3840&q=75","https://www.rumah123.com/portal-img/_next/image/?url=https%3A%2F%2Fpicture.rumah123.com%2Fr123-images%2F720x420-crop%2Fcustomer%2F2122527%2Fd11a6979d9cc1ad6b491bb230e4e056f.jpg&w=3840&q=75","https://www.rumah123.com/portal-img/_next/image/?url=https%3A%2F%2Fpicture.rumah123.com%2Fr123-images%2F720x420-crop%2Fcustomer%2F2122527%2Ff11405decff3b7cf169d6b561a8b4566.jpg&w=3840&q=75","[object Object]","9","[object Object]","Ruko","","https://www.rumah123.com/jual/cari/?location=jawa-tengah&itm_medium=search-suggestions-lokasi&itm_source=organic&quickLabel=Bisa+Nego","Bisa Nego","https://www.rumah123.com/jual/cari/?location=jawa-tengah&itm_medium=search-suggestions-lokasi&itm_source=organic&quickLabel=Siap+Huni","Siap Huni","Rp 2 Miliar Total","Rp 9 Jutaan (Tenor 20 Tahun)","Rp 12 Jutaan (Tenor 15 Tahun)","https://www.rumah123.com/properti/solo-banjarsari/jual-ruko-2-lantai-bagus-dekat-stadion-manahan-di-solo-shs9550200/","Ruko Solo Dijual 2 Lantai Bagus Dekat Stadion Manahan di Solo","Banjarsari, Solo","Ruko di Banjarsari.  Temukan ruko yang asri ini,  dijual menghadirkan lingkungan fasilitas yang lengkap, cocok untuk Anda yang menginginkan hunian ...","2","[object Object]","","","107 m²","LT:","195 m²","LB:","https://picture.rumah123.com/r123-images/250x250-fit/customer/2122527/cec1b36d613ba33f155828c02d4c88cb.jpg","Diperbarui 12 jam yang lalu oleh","Deny Agung","+628783...","WhatsApp","","","https://pic.rumah123.com/r123/100x100-fit/logo/20211102033949_era_irea_solo_baru.png","https://www.rumah123.com/jual/cari/?location=jawa-tengah&itm_medium=search-suggestions-lokasi&itm_source=organic&quickLabel=Bebas+Banjir","Bebas Banjir",""
"https://www.rumah123.com/portal-img/_next/image/?url=https%3A%2F%2Fpicture.rumah123.com%2Fr123-images%2F720x420-crop%2Fcustomer%2F2122527%2Fb117f22b6f88187373b60e36b174e5b3.jpg&w=3840&q=75","https://www.rumah123.com/portal-img/_next/image/?url=https%3A%2F%2Fpicture.rumah123.com%2Fr123-images%2F720x420-crop%2Fcustomer%2F2122527%2Fa60807f34f4b0244cc01d29d2d368821.jpg&w=3840&q=75","https://www.rumah123.com/portal-img/_next/image/?url=https%3A%2F%2Fpicture.rumah123.com%2Fr123-images%2F720x420-crop%2Fcustomer%2F2122527%2Fde1997eeff52e9232368c5b08aadea00.jpg&w=3840&q=75","[object Object]","29","[object Object]","Rumah","","https://www.rumah123.com/jual/cari/?location=jawa-tengah&itm_medium=search-suggestions-lokasi&itm_source=organic&quickLabel=Bisa+Nego","Bisa Nego","https://www.rumah123.com/jual/cari/?location=jawa-tengah&itm_medium=search-suggestions-lokasi&itm_source=organic&quickLabel=Siap+Huni","Siap Huni","Rp 2,9 Miliar","Rp 14 Jutaan (Tenor 20 Tahun)","Rp 18 Jutaan (Tenor 15 Tahun)","https://www.rumah123.com/properti/solo-solo-baru/rumah-solo-dijual-modern-2-lantai-dekat-dr-oen-solo-baru-hos40294277/","Rumah Solo Dijual, Modern 2 Lantai Dekat Dr Oen Solo Baru","Solo Baru, Solo","Rumah 2 lantai di Solo Baru, Solo.  Properti 2 lantai ini berada di lingkungan yang mudah dijangkau.  Rinciannya adalah sebagai berikut:    - Kamar...","4","[object Object]","4","[object Object]","240 m²","LT:","300 m²","LB:","https://picture.rumah123.com/r123-images/250x250-fit/customer/2122527/cec1b36d613ba33f155828c02d4c88cb.jpg","Diperbarui 12 jam yang lalu oleh","Deny Agung","+628783...","WhatsApp","1 + 2","[object Object]","https://pic.rumah123.com/r123/100x100-fit/logo/20211102033949_era_irea_solo_baru.png","https://www.rumah123.com/jual/cari/?location=jawa-tengah&itm_medium=search-suggestions-lokasi&itm_source=organic&quickLabel=Bebas+Banjir","Bebas Banjir",""
"https://www.rumah123.com/portal-img/_next/image/?url=https%3A%2F%2Fpicture.rumah123.com%2Fr123-images%2F720x420-crop%2Fcustomer%2F2122527%2F515a4f969b6f037f634b20671e797b24.jpg&w=3840&q=75","https://www.rumah123.com/portal-img/_next/image/?url=https%3A%2F%2Fpicture.rumah123.com%2Fr123-images%2F720x420-crop%2Fcustomer%2F2122527%2Fe45f559cb748b20f832c1c87c09910d7.jpg&w=3840&q=75","https://www.rumah123.com/portal-img/_next/image/?url=https%3A%2F%2Fpicture.rumah123.com%2Fr123-images%2F720x420-crop%2Fcustomer%2F2122527%2F02b524302944ea3666b834f2ede100d3.jpg&w=3840&q=75","[object Object]","9","[object Object]","Rumah","","https://www.rumah123.com/jual/cari/?location=jawa-tengah&itm_medium=search-suggestions-lokasi&itm_source=organic&quickLabel=Bisa+Nego","Bisa Nego","https://www.rumah123.com/jual/cari/?location=jawa-tengah&itm_medium=search-suggestions-lokasi&itm_source=organic&quickLabel=Siap+Huni","Siap Huni","Rp 4 Miliar","Rp 19 Jutaan (Tenor 20 Tahun)","Rp 25 Jutaan (Tenor 15 Tahun)","https://www.rumah123.com/properti/solo-laweyan/jual-rumah-dekat-solo-grand-mall-di-solo-kota-hos40086780/","Rumah Solo Dijual Dekat Solo Grand Mall di Solo Kota","Laweyan, Solo","Kesempatan terbatas buat Anda dapatkan rumah nyaman dengan return investasi tinggi di Laweyan, Solo.  Rumah ini menawarkan kelengkapan fasilitas se...","6","[object Object]","5","[object Object]","406 m²","LT:","300 m²","LB:","https://picture.rumah123.com/r123-images/250x250-fit/customer/2122527/cec1b36d613ba33f155828c02d4c88cb.jpg","Diperbarui 12 jam yang lalu oleh","Deny Agung","+628783...","WhatsApp","1 + 3","[object Object]","https://pic.rumah123.com/r123/100x100-fit/logo/20211102033949_era_irea_solo_baru.png","https://www.rumah123.com/jual/cari/?location=jawa-tengah&itm_medium=search-suggestions-lokasi&itm_source=organic&quickLabel=Bebas+Banjir","Bebas Banjir",""
"https://www.rumah123.com/portal-img/_next/image/?url=https%3A%2F%2Fpicture.rumah123.com%2Fr123-images%2F720x420-crop%2Fcustomer%2F2122527%2Ffb7b730c9e59c4b5ca3f2982316a0229.jpg&w=3840&q=75","https://www.rumah123.com/portal-img/_next/image/?url=https%3A%2F%2Fpicture.rumah123.com%2Fr123-images%2F720x420-crop%2Fcustomer%2F2122527%2F2d1f6a1b7d49e8143f327feb83ffce8f.jpg&w=3840&q=75","https://www.rumah123.com/portal-img/_next/image/?url=https%3A%2F%2Fpicture.rumah123.com%2Fr123-images%2F720x420-crop%2Fcustomer%2F2122527%2Ff12e55d8585db7ea8c83a47425be62c0.jpg&w=3840&q=75","[object Object]","5","[object Object]","Tanah","","https://www.rumah123.com/jual/cari/?location=jawa-tengah&itm_medium=search-suggestions-lokasi&itm_source=organic&quickLabel=Bisa+Nego","Bisa Nego","https://www.rumah123.com/jual/cari/?location=jawa-tengah&itm_medium=search-suggestions-lokasi&itm_source=organic&quickLabel=Bebas+Banjir","Bebas Banjir","Rp 4,35 Miliar Total","Rp 21 Jutaan (Tenor 20 Tahun)","Rp 27 Jutaan (Tenor 15 Tahun)","https://www.rumah123.com/properti/solo-colomadu/jual-tanah-siap-bangun-dekat-exit-tol-klodran-karanganyar-las8889412/","Tanah Solo Dijual Siap Bangun Dekat Exit Tol Klodran Karanganyar","Colomadu, Solo","Tanah di Colomadu, Solo.  For sale di wilayah yang tenang. Dengan spesifikasinya adalah sebagai berikut:   - Sertifikat: SHM - Sertifikat Hak Milik...","","","","","1728 m²","LT:","","","https://picture.rumah123.com/r123-images/250x250-fit/customer/2122527/cec1b36d613ba33f155828c02d4c88cb.jpg","Diperbarui 12 jam yang lalu oleh","Deny Agung","+628783...","WhatsApp","","","https://pic.rumah123.com/r123/100x100-fit/logo/20211102033949_era_irea_solo_baru.png","https://www.rumah123.com/jual/cari/?location=jawa-tengah&itm_medium=search-suggestions-lokasi&itm_source=organic&quickLabel=Dekat+Akses+Transportasi","Dekat Akses Transportasi",""
"https://www.rumah123.com/portal-img/_next/image/?url=https%3A%2F%2Fpicture.rumah123.com%2Fr123-images%2F720x420-crop%2Fcustomer%2F2122527%2Fac759fdba91a3252183fd81152522b4f.jpg&w=3840&q=75","https://www.rumah123.com/portal-img/_next/image/?url=https%3A%2F%2Fpicture.rumah123.com%2Fr123-images%2F720x420-crop%2Fcustomer%2F2122527%2F1cd4b4cdb64fd633df6340e08d78509f.jpg&w=3840&q=75","https://www.rumah123.com/portal-img/_next/image/?url=https%3A%2F%2Fpicture.rumah123.com%2Fr123-images%2F720x420-crop%2Fcustomer%2F2122527%2F89cef0133c7ad3ae4712cc8689f1bfa2.jpg&w=3840&q=75","[object Object]","13","[object Object]","Rumah","","https://www.rumah123.com/jual/cari/?location=jawa-tengah&itm_medium=search-suggestions-lokasi&itm_source=organic&quickLabel=Siap+Huni","Siap Huni","https://www.rumah123.com/jual/cari/?location=jawa-tengah&itm_medium=search-suggestions-lokasi&itm_source=organic&quickLabel=Dekat+Pusat+Perbelanjaan","Dekat Pusat Perbelanjaan","Rp 1,1 Miliar","Rp 5 Jutaan (Tenor 20 Tahun)","Rp 6 Jutaan (Tenor 15 Tahun)","https://www.rumah123.com/properti/sukoharjo-kartasura/jual-rumah-siap-huni-di-kartasura-dekat-rs-karima-hos39545178/","Rumah Solo Dijual, Siap Huni di Kartasura Dekat Rs Karima Utama","Kartasura, Sukoharjo","Membeli rumah yang berada kota Sukoharjo adalah sebuah Impian Dengan lokasi strategis Dekat dengan RS Karima. Rumah ini memiliki Luas Tanah 150 m2 ...","3","[object Object]","3","[object Object]","150 m²","LT:","235 m²","LB:","https://picture.rumah123.com/r123-images/250x250-fit/customer/2122527/cec1b36d613ba33f155828c02d4c88cb.jpg","Diperbarui 12 jam yang lalu oleh","Deny Agung","+628783...","WhatsApp","1","[object Object]","https://pic.rumah123.com/r123/100x100-fit/logo/20211102033949_era_irea_solo_baru.png","https://www.rumah123.com/jual/cari/?location=jawa-tengah&itm_medium=search-suggestions-lokasi&itm_source=organic&quickLabel=Dekat+Fasilitas+Kesehatan","Dekat Fasilitas Kesehatan",""
"https://www.rumah123.com/portal-img/_next/image/?url=https%3A%2F%2Fpicture.rumah123.com%2Fr123-images%2F720x420-crop%2Fcustomer%2F2122527%2F115c774a0cf2b11cdcc11572ae31b878.jpg&w=3840&q=75","https://www.rumah123.com/portal-img/_next/image/?url=https%3A%2F%2Fpicture.rumah123.com%2Fr123-images%2F720x420-crop%2Fcustomer%2F2122527%2Fefb1db96cbb8642d23c26e1240f3c77f.jpg&w=3840&q=75","https://www.rumah123.com/portal-img/_next/image/?url=https%3A%2F%2Fpicture.rumah123.com%2Fr123-images%2F720x420-crop%2Fcustomer%2F2122527%2Fc83a58effe2fd114a898a673b228bb1d.jpg&w=3840&q=75","[object Object]","10","[object Object]","Rumah","","https://www.rumah123.com/jual/cari/?location=jawa-tengah&itm_medium=search-suggestions-lokasi&itm_source=organic&quickLabel=Bisa+Nego","Bisa Nego","https://www.rumah123.com/jual/cari/?location=jawa-tengah&itm_medium=search-suggestions-lokasi&itm_source=organic&quickLabel=Siap+Huni","Siap Huni","Rp 900 Juta","Rp 4 Jutaan (Tenor 20 Tahun)","Rp 5 Jutaan (Tenor 15 Tahun)","https://www.rumah123.com/properti/solo-solo-baru/dijual-rumah-murah-dekat-pusat-bisnis-solo-baru-siap-huni-hos40236686/","Rumah Solo Dijual Murah Dekat Pusat Bisnis Solo Baru Siap Huni","Solo Baru, Solo","Rumah di Solo Baru.  Cek segera rumah 1 lantai yang nyaman ini. Rumah ini berada di area yang mudah dijangkau serta menghadirkan lingkungan fasilit...","3","[object Object]","2","[object Object]","104 m²","LT:","104 m²","LB:","https://picture.rumah123.com/r123-images/250x250-fit/customer/2122527/cec1b36d613ba33f155828c02d4c88cb.jpg","Diperbarui 12 jam yang lalu oleh","Deny Agung","+628783...","WhatsApp","1","[object Object]","https://pic.rumah123.com/r123/100x100-fit/logo/20211102033949_era_irea_solo_baru.png","https://www.rumah123.com/jual/cari/?location=jawa-tengah&itm_medium=search-suggestions-lokasi&itm_source=organic&quickLabel=Bebas+Banjir","Bebas Banjir",""
"https://www.rumah123.com/portal-img/_next/image/?url=https%3A%2F%2Fpicture.rumah123.com%2Fr123-images%2F720x420-crop%2Fcustomer%2F2122527%2Faf9b21592d407dc13261313383ac186e.jpg&w=3840&q=75","https://www.rumah123.com/portal-img/_next/image/?url=https%3A%2F%2Fpicture.rumah123.com%2Fr123-images%2F720x420-crop%2Fcustomer%2F2122527%2Fce58981190e03ab869f65b0e6096f5fe.jpg&w=3840&q=75","https://www.rumah123.com/portal-img/_next/image/?url=https%3A%2F%2Fpicture.rumah123.com%2Fr123-images%2F720x420-crop%2Fcustomer%2F2122527%2F493e38d3484c8a8002b5a86548898fe4.jpg&w=3840&q=75","[object Object]","6","[object Object]","Rumah","","https://www.rumah123.com/jual/cari/?location=jawa-tengah&itm_medium=search-suggestions-lokasi&itm_source=organic&quickLabel=Dekat+Akses+Transportasi","Dekat Akses Transportasi","https://www.rumah123.com/jual/cari/?location=jawa-tengah&itm_medium=search-suggestions-lokasi&itm_source=organic&quickLabel=Dekat+Pusat+Perbelanjaan","Dekat Pusat Perbelanjaan","Rp 500 Juta","Rp 2 Jutaan (Tenor 20 Tahun)","Rp 3 Jutaan (Tenor 15 Tahun)","https://www.rumah123.com/properti/solo-banjarsari/rumah-solo-dijual-dekat-mall-solo-paragon-surakarta-hos41488297/","Rumah Solo Dijual Dekat Mall Solo Paragon, Surakarta","Banjarsari, Solo","Dekat Mall Solo Paragon Dekat RS Kasih Ibu Solo Dekat RS Brayat Minulya Solo Dekat Neo Solo Grand Mall Dekat Stasiun Purwosari Solo Dekat Stadion M...","4","[object Object]","1","[object Object]","76 m²","LT:","100 m²","LB:","https://picture.rumah123.com/r123-images/250x250-fit/customer/2122527/cec1b36d613ba33f155828c02d4c88cb.jpg","Diperbarui 12 jam yang lalu oleh","Deny Agung","+628783...","WhatsApp","1","[object Object]","https://pic.rumah123.com/r123/100x100-fit/logo/20211102033949_era_irea_solo_baru.png","https://www.rumah123.com/jual/cari/?location=jawa-tengah&itm_medium=search-suggestions-lokasi&itm_source=organic&quickLabel=Dekat+Fasilitas+Kesehatan","Dekat Fasilitas Kesehatan",""
"https://www.rumah123.com/portal-img/_next/image/?url=https%3A%2F%2Fpicture.rumah123.com%2Fr123-images%2F720x420-crop%2Fcustomer%2F2122527%2Fa30e40b5b1d3d7270aaa58b18fb60a4e.jpg&w=3840&q=75","https://www.rumah123.com/portal-img/_next/image/?url=https%3A%2F%2Fpicture.rumah123.com%2Fr123-images%2F720x420-crop%2Fcustomer%2F2122527%2Fad16812efff24b194649f16ed471427e.jpg&w=3840&q=75","https://www.rumah123.com/portal-img/_next/image/?url=https%3A%2F%2Fpicture.rumah123.com%2Fr123-images%2F720x420-crop%2Fcustomer%2F2122527%2F5b6622b0b5c64d012c30f97c497ccf54.jpg&w=3840&q=75","[object Object]","8","[object Object]","Kost","","https://www.rumah123.com/jual/cari/?location=jawa-tengah&itm_medium=search-suggestions-lokasi&itm_source=organic&quickLabel=Bisa+Nego","Bisa Nego","https://www.rumah123.com/jual/cari/?location=jawa-tengah&itm_medium=search-suggestions-lokasi&itm_source=organic&quickLabel=Siap+Huni","Siap Huni","Rp 3,5 Miliar","Rp 17 Jutaan (Tenor 20 Tahun)","Rp 22 Jutaan (Tenor 15 Tahun)","https://www.rumah123.com/properti/solo-laweyan/jual-rumah-kost-dekat-solo-square-di-solo-pusat-kss148169/","Rumah Kost Solo Dijual Dekat Solo Square di Solo Pusat","Laweyan, Solo","Kesempatan terbatas buat Anda dapatkan kost strategis dengan return investasi tinggi di Laweyan, Solo.  Kost ini menawarkan lokasi yang strategis s...","11","[object Object]","4","[object Object]","382 m²","LT:","382 m²","LB:","https://picture.rumah123.com/r123-images/250x250-fit/customer/2122527/cec1b36d613ba33f155828c02d4c88cb.jpg","Diperbarui 12 jam yang lalu oleh","Deny Agung","+628783...","WhatsApp","1","[object Object]","https://pic.rumah123.com/r123/100x100-fit/logo/20211102033949_era_irea_solo_baru.png","https://www.rumah123.com/jual/cari/?location=jawa-tengah&itm_medium=search-suggestions-lokasi&itm_source=organic&quickLabel=Bebas+Banjir","Bebas Banjir",""
"https://www.rumah123.com/portal-img/_next/image/?url=https%3A%2F%2Fpicture.rumah123.com%2Fr123-images%2F720x420-crop%2Fcustomer%2F2122527%2Fde21980b19ef3ce4c4e418256e835371.jpg&w=3840&q=75","https://www.rumah123.com/portal-img/_next/image/?url=https%3A%2F%2Fpicture.rumah123.com%2Fr123-images%2F720x420-crop%2Fcustomer%2F2122527%2Fe5f025006aee533b925fec9c849fbbcf.jpg&w=3840&q=75","https://www.rumah123.com/portal-img/_next/image/?url=https%3A%2F%2Fpicture.rumah123.com%2Fr123-images%2F720x420-crop%2Fcustomer%2F2122527%2Fb76434224a946d35c1784e2e6fd52be5.jpg&w=3840&q=75","[object Object]","7","[object Object]","Tanah","","https://www.rumah123.com/jual/cari/?location=jawa-tengah&itm_medium=search-suggestions-lokasi&itm_source=organic&quickLabel=Bisa+Nego","Bisa Nego","https://www.rumah123.com/jual/cari/?location=jawa-tengah&itm_medium=search-suggestions-lokasi&itm_source=organic&quickLabel=Bebas+Banjir","Bebas Banjir","Rp 1,2 Miliar Total","Rp 5 Jutaan (Tenor 20 Tahun)","Rp 7 Jutaan (Tenor 15 Tahun)","https://www.rumah123.com/properti/solo-solo-baru/tanah-murah-dekat-lotte-mart-las8942250/","Tanah Solo Dijual Murah Dekat Lotte Mart, Solo","Solo Baru, Solo","Tanah di Solo Baru.  Dapatkan tanah menawarkan lingkungan fasilitas yang lengkap, cocok untuk Anda yang menginginkan tanah strategis.  Spesifikasi ...","","","","","300 m²","LT:","","","https://picture.rumah123.com/r123-images/250x250-fit/customer/2122527/cec1b36d613ba33f155828c02d4c88cb.jpg","Diperbarui 12 jam yang lalu oleh","Deny Agung","+628783...","WhatsApp","","","https://pic.rumah123.com/r123/100x100-fit/logo/20211102033949_era_irea_solo_baru.png","https://www.rumah123.com/jual/cari/?location=jawa-tengah&itm_medium=search-suggestions-lokasi&itm_source=organic&quickLabel=Dekat+Pusat+Perbelanjaan","Dekat Pusat Perbelanjaan",""
"https://www.rumah123.com/portal-img/_next/image/?url=https%3A%2F%2Fpicture.rumah123.com%2Fr123-images%2F720x420-crop%2Fcustomer%2F2122527%2Fba38c45cce05aa479a76b0ccc78afe80.jpg&w=3840&q=75","https://www.rumah123.com/portal-img/_next/image/?url=https%3A%2F%2Fpicture.rumah123.com%2Fr123-images%2F720x420-crop%2Fcustomer%2F2122527%2F7af999f2ca6f62c12fe7647b00ddadf1.jpg&w=3840&q=75","https://www.rumah123.com/portal-img/_next/image/?url=https%3A%2F%2Fpicture.rumah123.com%2Fr123-images%2F720x420-crop%2Fcustomer%2F2122527%2Fd3e95f4cd811d8356f99617d579dc524.jpg&w=3840&q=75","[object Object]","8","[object Object]","Rumah","","https://www.rumah123.com/jual/cari/?location=jawa-tengah&itm_medium=search-suggestions-lokasi&itm_source=organic&quickLabel=Dekat+Akses+Transportasi","Dekat Akses Transportasi","https://www.rumah123.com/jual/cari/?location=jawa-tengah&itm_medium=search-suggestions-lokasi&itm_source=organic&quickLabel=Dekat+Pusat+Perbelanjaan","Dekat Pusat Perbelanjaan","Rp 2,5 Miliar","Rp 12 Jutaan (Tenor 20 Tahun)","Rp 15 Jutaan (Tenor 15 Tahun)","https://www.rumah123.com/properti/solo-banjarsari/rumah-solo-dijual-dekat-mall-solo-paragon-surakarta-hos41488156/","Rumah Solo Dijual Dekat Mall Solo Paragon, Surakarta","Banjarsari, Solo","Dekat Mall Solo Paragon Dekat Stadion Manahan Solo Dekat RS Kasih Ibu Solo Dekat Neo Solo Grand Mall Dekat RS Brayat Minulya Solo Dekat Stasiun Pur...","3","[object Object]","2","[object Object]","155 m²","LT:","150 m²","LB:","https://picture.rumah123.com/r123-images/250x250-fit/customer/2122527/cec1b36d613ba33f155828c02d4c88cb.jpg","Diperbarui 12 jam yang lalu oleh","Deny Agung","+628783...","WhatsApp","1 + 1","[object Object]","https://pic.rumah123.com/r123/100x100-fit/logo/20211102033949_era_irea_solo_baru.png","https://www.rumah123.com/jual/cari/?location=jawa-tengah&itm_medium=search-suggestions-lokasi&itm_source=organic&quickLabel=Dekat+Fasilitas+Kesehatan","Dekat Fasilitas Kesehatan",""
"https://www.rumah123.com/portal-img/_next/image/?url=https%3A%2F%2Fpicture.rumah123.com%2Fr123-images%2F720x420-crop%2Fcustomer%2F2122527%2F54076922c2be2b4d70a0939d5a391633.jpg&w=3840&q=75","https://www.rumah123.com/portal-img/_next/image/?url=https%3A%2F%2Fpicture.rumah123.com%2Fr123-images%2F720x420-crop%2Fcustomer%2F2122527%2Ffa784f3a42125cfbe4afc1a347bb6156.jpg&w=3840&q=75","https://www.rumah123.com/portal-img/_next/image/?url=https%3A%2F%2Fpicture.rumah123.com%2Fr123-images%2F720x420-crop%2Fcustomer%2F2122527%2Fad6f9575077d0c81c70f93d5f57ec459.jpg&w=3840&q=75","[object Object]","7","[object Object]","Tanah","","https://www.rumah123.com/jual/cari/?location=jawa-tengah&itm_medium=search-suggestions-lokasi&itm_source=organic&quickLabel=Dekat+Sekolah","Dekat Sekolah","https://www.rumah123.com/jual/cari/?location=jawa-tengah&itm_medium=search-suggestions-lokasi&itm_source=organic&quickLabel=Dekat+Fasilitas+Kesehatan","Dekat Fasilitas Kesehatan","Rp 1,2 Miliar Total","Rp 5 Jutaan (Tenor 20 Tahun)","Rp 7 Jutaan (Tenor 15 Tahun)","https://www.rumah123.com/properti/sukoharjo-kartasura/tanah-solo-dijual-area-ums-gonilan-kartasura-sukoharjo-las9194549/","Tanah Solo Dijual Area Ums, Gonilan, Kartasura, Sukoharjo","Kartasura, Sukoharjo","Dekat UMS Solo Dekat Pondok Assalam Solo Dekat Goro Assalam Solo Dekat RS Ortopedi Solo Dekat RS UNS Solo Dekat RSI Yarsis Solo","","","","","310 m²","LT:","","","https://picture.rumah123.com/r123-images/250x250-fit/customer/2122527/cec1b36d613ba33f155828c02d4c88cb.jpg","Diperbarui 12 jam yang lalu oleh","Deny Agung","+628783...","WhatsApp","","","https://pic.rumah123.com/r123/100x100-fit/logo/20211102033949_era_irea_solo_baru.png","","",""
"https://www.rumah123.com/portal-img/_next/image/?url=https%3A%2F%2Fpicture.rumah123.com%2Fr123-images%2F720x420-crop%2Fcustomer%2F2122527%2F9f17970b38f18485384ec5201ef071e1.jpg&w=3840&q=75","https://www.rumah123.com/portal-img/_next/image/?url=https%3A%2F%2Fpicture.rumah123.com%2Fr123-images%2F720x420-crop%2Fcustomer%2F2122527%2F6b944ee2815aa83eab40901a3acc6e69.jpg&w=3840&q=75","https://www.rumah123.com/portal-img/_next/image/?url=https%3A%2F%2Fpicture.rumah123.com%2Fr123-images%2F720x420-crop%2Fcustomer%2F2122527%2Fe5253536f44522c7f761ca6d723e0901.jpg&w=3840&q=75","[object Object]","10","[object Object]","Rumah","","https://www.rumah123.com/jual/cari/?location=jawa-tengah&itm_medium=search-suggestions-lokasi&itm_source=organic&quickLabel=Bisa+Nego","Bisa Nego","https://www.rumah123.com/jual/cari/?location=jawa-tengah&itm_medium=search-suggestions-lokasi&itm_source=organic&quickLabel=Siap+Huni","Siap Huni","Rp 760 Juta","Rp 3 Jutaan (Tenor 20 Tahun)","Rp 4 Jutaan (Tenor 15 Tahun)","https://www.rumah123.com/properti/solo-colomadu/rumah-siap-pakai-dekat-de-tjolomadoe-hos40125217/","Rumah Solo Dijual, Siap Pakai Dekat De Tjolomadoe","Colomadu, Solo","Rumah di Colomadu.  Dapatkan rumah 1 lantai Rumah ini berada di area yang mudah dijangkau serta menghadirkan lingkungan fasilitas yang lengkap, coc...","4","[object Object]","2","[object Object]","128 m²","LT:","100 m²","LB:","https://picture.rumah123.com/r123-images/250x250-fit/customer/2122527/cec1b36d613ba33f155828c02d4c88cb.jpg","Diperbarui 12 jam yang lalu oleh","Deny Agung","+628783...","WhatsApp","1","[object Object]","https://pic.rumah123.com/r123/100x100-fit/logo/20211102033949_era_irea_solo_baru.png","https://www.rumah123.com/jual/cari/?location=jawa-tengah&itm_medium=search-suggestions-lokasi&itm_source=organic&quickLabel=Bebas+Banjir","Bebas Banjir",""
"https://www.rumah123.com/portal-img/_next/image/?url=https%3A%2F%2Fpicture.rumah123.com%2Fr123-images%2F720x420-crop%2Fcustomer%2F2122527%2Fe5528cd0b72dbb40ef26496f393e7de4.jpg&w=3840&q=75","https://www.rumah123.com/portal-img/_next/image/?url=https%3A%2F%2Fpicture.rumah123.com%2Fr123-images%2F720x420-crop%2Fcustomer%2F2122527%2F810205ba19ac45347815d2a5ab54fa5d.jpg&w=3840&q=75","https://www.rumah123.com/portal-img/_next/image/?url=https%3A%2F%2Fpicture.rumah123.com%2Fr123-images%2F720x420-crop%2Fcustomer%2F2122527%2F56ca9a86c6b5388b40e377f23e1dac3c.jpg&w=3840&q=75","[object Object]","9","[object Object]","Rumah","","https://www.rumah123.com/jual/cari/?location=jawa-tengah&itm_medium=search-suggestions-lokasi&itm_source=organic&quickLabel=Dekat+Akses+Transportasi","Dekat Akses Transportasi","https://www.rumah123.com/jual/cari/?location=jawa-tengah&itm_medium=search-suggestions-lokasi&itm_source=organic&quickLabel=Dekat+Pusat+Perbelanjaan","Dekat Pusat Perbelanjaan","Rp 3,5 Miliar","Rp 17 Jutaan (Tenor 20 Tahun)","Rp 22 Jutaan (Tenor 15 Tahun)","https://www.rumah123.com/properti/solo-banjarsari/rumah-solo-dijual-dekat-pasar-gede-solo-hos41488180/","Rumah Solo Dijual Dekat Pasar Gede Solo","Banjarsari, Solo","Dekat Pasar Gede Solo Dekat Pasar Klewer Solo Dekat Balai Kota Solo Dekat Stasiun Balapan Solo Dekat Pasar Ledoksari Solo Dekat Pasar Legi Solo Dek...","1","[object Object]","3","[object Object]","236 m²","LT:","450 m²","LB:","https://picture.rumah123.com/r123-images/250x250-fit/customer/2122527/cec1b36d613ba33f155828c02d4c88cb.jpg","Diperbarui 12 jam yang lalu oleh","Deny Agung","+628783...","WhatsApp","1 + 1","[object Object]","https://pic.rumah123.com/r123/100x100-fit/logo/20211102033949_era_irea_solo_baru.png","https://www.rumah123.com/jual/cari/?location=jawa-tengah&itm_medium=search-suggestions-lokasi&itm_source=organic&quickLabel=Dekat+Sekolah","Dekat Sekolah",""
"https://www.rumah123.com/portal-img/_next/image/?url=https%3A%2F%2Fpicture.rumah123.com%2Fr123-images%2F720x420-crop%2Fcustomer%2F2122527%2F3a14a52223b4affc3e565cea5d9a5a9c.jpg&w=3840&q=75","https://www.rumah123.com/portal-img/_next/image/?url=https%3A%2F%2Fpicture.rumah123.com%2Fr123-images%2F720x420-crop%2Fcustomer%2F2122527%2Fc8712db070b2bbefa1fe4d65cd2343dd.jpg&w=3840&q=75","https://www.rumah123.com/portal-img/_next/image/?url=https%3A%2F%2Fpicture.rumah123.com%2Fr123-images%2F720x420-crop%2Fcustomer%2F2122527%2Fb339a9d4384a22004424574ffda6391c.jpg&w=3840&q=75","[object Object]","13","[object Object]","Ruko","","https://www.rumah123.com/jual/cari/?location=jawa-tengah&itm_medium=search-suggestions-lokasi&itm_source=organic&quickLabel=Bisa+Nego","Bisa Nego","https://www.rumah123.com/jual/cari/?location=jawa-tengah&itm_medium=search-suggestions-lokasi&itm_source=organic&quickLabel=Siap+Huni","Siap Huni","Rp 3 Miliar Total","Rp 14 Jutaan (Tenor 20 Tahun)","Rp 18 Jutaan (Tenor 15 Tahun)","https://www.rumah123.com/properti/solo-solo-baru/ruko-strategis-di-jalan-ir-soekarno-solo-baru-shs9641759/","Ruko Solo Dijual, Strategis di Jalan Ir Soekarno Solo Baru","Solo Baru, Solo","Ruko di Solo Baru, Solo.  Dijual di wilayah yang tenang. Dengan kategorinya adalah sebagai berikut:   - Kamar Mandi: 2   - Kamar Tidur: 3   - Serti...","2","[object Object]","","","111 m²","LT:","333 m²","LB:","https://picture.rumah123.com/r123-images/250x250-fit/customer/2122527/cec1b36d613ba33f155828c02d4c88cb.jpg","Diperbarui 12 jam yang lalu oleh","Deny Agung","+628783...","WhatsApp","","","https://pic.rumah123.com/r123/100x100-fit/logo/20211102033949_era_irea_solo_baru.png","https://www.rumah123.com/jual/cari/?location=jawa-tengah&itm_medium=search-suggestions-lokasi&itm_source=organic&quickLabel=Bebas+Banjir","Bebas Banjir",""
"https://www.rumah123.com/portal-img/_next/image/?url=https%3A%2F%2Fpicture.rumah123.com%2Fr123-images%2F720x420-crop%2Fcustomer%2F2122527%2Fd16e9e9d920a632b3c8f5d530e8a0335.jpg&w=3840&q=75","https://www.rumah123.com/portal-img/_next/image/?url=https%3A%2F%2Fpicture.rumah123.com%2Fr123-images%2F720x420-crop%2Fcustomer%2F2122527%2F3024607db96a88fd3a5037e86c3dad89.jpg&w=3840&q=75","https://www.rumah123.com/portal-img/_next/image/?url=https%3A%2F%2Fpicture.rumah123.com%2Fr123-images%2F720x420-crop%2Fcustomer%2F2122527%2Ff43d6363c7f444cd15c4c9e4ce071097.jpg&w=3840&q=75","[object Object]","10","[object Object]","Rumah","","https://www.rumah123.com/jual/cari/?location=jawa-tengah&itm_medium=search-suggestions-lokasi&itm_source=organic&quickLabel=Siap+Huni","Siap Huni","https://www.rumah123.com/jual/cari/?location=jawa-tengah&itm_medium=search-suggestions-lokasi&itm_source=organic&quickLabel=Dekat+Akses+Transportasi","Dekat Akses Transportasi","Rp 4,4 Miliar","Rp 21 Jutaan (Tenor 20 Tahun)","Rp 27 Jutaan (Tenor 15 Tahun)","https://www.rumah123.com/properti/solo-banjarsari/dijual-rumah-mewah-area-stasiun-solo-balapan-hos39252556/","Dijual Rumah Mewah di Solo Area Stasiun Solo Balapan","Banjarsari, Solo","Rumah di Banjarsari.  Dapatkan rumah 2 lantai yang mewah ini. Rumah ini berada di wilayah yang mudah dijangkau serta menawarkan lingkungan fasilita...","4 + 1","[object Object]","5 + 1","[object Object]","363 m²","LT:","363 m²","LB:","https://picture.rumah123.com/r123-images/250x250-fit/customer/2122527/cec1b36d613ba33f155828c02d4c88cb.jpg","Diperbarui 12 jam yang lalu oleh","Deny Agung","+628783...","WhatsApp","1 + 1","[object Object]","https://pic.rumah123.com/r123/100x100-fit/logo/20211102033949_era_irea_solo_baru.png","","",""
"https://www.rumah123.com/portal-img/_next/image/?url=https%3A%2F%2Fpicture.rumah123.com%2Fr123-images%2F720x420-crop%2Fcustomer%2F2122527%2F90bdab28bf8f3b9f28ab0dbfe12ecd8f.jpg&w=3840&q=75","https://www.rumah123.com/portal-img/_next/image/?url=https%3A%2F%2Fpicture.rumah123.com%2Fr123-images%2F720x420-crop%2Fcustomer%2F2122527%2Fbc6adc3ab565a1766e3726b1c416f048.jpg&w=3840&q=75","https://www.rumah123.com/portal-img/_next/image/?url=https%3A%2F%2Fpicture.rumah123.com%2Fr123-images%2F720x420-crop%2Fcustomer%2F2122527%2F03d812864c32b0b0525063a771c6d918.jpg&w=3840&q=75","[object Object]","11","[object Object]","Ruko","","https://www.rumah123.com/jual/cari/?location=jawa-tengah&itm_medium=search-suggestions-lokasi&itm_source=organic&quickLabel=Dekat+Pusat+Perbelanjaan","Dekat Pusat Perbelanjaan","https://www.rumah123.com/jual/cari/?location=jawa-tengah&itm_medium=search-suggestions-lokasi&itm_source=organic&quickLabel=Dekat+Fasilitas+Kesehatan","Dekat Fasilitas Kesehatan","Rp 3 Miliar Total","Rp 14 Jutaan (Tenor 20 Tahun)","Rp 18 Jutaan (Tenor 15 Tahun)","https://www.rumah123.com/properti/solo-solo-baru/ruko-solo-dijual-area-bisnis-solo-baru-sukoharjo-shs10010715/","Ruko Solo Dijual, Area Bisnis Solo Baru, Sukoharjo","Solo Baru, Solo","Dekat The Park Mall Solo Baru Dekat Pakuwon  Mall Solo Baeu Dekat RS Indriati Solo Baru Dekat RS Dr Oen Solo Baru","3","[object Object]","","","129 m²","LT:","225 m²","LB:","https://picture.rumah123.com/r123-images/250x250-fit/customer/2122527/cec1b36d613ba33f155828c02d4c88cb.jpg","Diperbarui 12 jam yang lalu oleh","Deny Agung","+628783...","WhatsApp","","","https://pic.rumah123.com/r123/100x100-fit/logo/20211102033949_era_irea_solo_baru.png","","",""